{"1": {"6": 106.69449999999999, "2": 194.01800000000003}}