{"CHH": {"DIH": 122.8326, "KOB": 82.02467899999999}, "CHW": {"HFC": 119.2171220260052}}