{"DIS": {"SUN": 198.58217930466327}, "DIH": {"KAT": 132.88, "HIK": 333.0186672149299, "CHH": 118.8}}