{"HKU": {"SYP": 111.50284900062533, "KET": 95.16757115718744}}