{"HOK": {"KOW": 154.04472677803656}, "HOM": {"YMT": 39.04071171046003, "HUH": 121.37719584000001, "TKW": 45.9294, "WHA": 84.75807338168238}}