{"HUH": {"MKK": 188.3160528963404, "ETS": 205.70000000000002}}