{"JOR": {"TST": 113.36644154999999, "YMT": 72.9392513988893}}