{"KAT": {"SUW": 122.56947999999997, "DIH": 136.65513122832002}}