{"LOW": {"SHS": 261.7533201024686}, "LOP": {"YUL": 138.6, "TIS": 173.90155338871207}, "LOF": {"WTS": 0.0}}