{"MEF": {"LAK": 131.4148620565972, "NAC": 173.14641099928238, "TWW": 330.62928051957067, "LCK": 126.40776093220002}}