{"NAC": {"MEF": 173.17784829852272, "LAK": 297.3209870239808, "OLY": 121.06974000000002}}