{"NAC": {"MEF": 173.1743183221526, "LAK": 297.31823535759713, "OLY": 117.20648940000001, "AUS": 223.95048281911943}}