{"NAC": {"MEF": 173.1743183221526, "LAK": 297.3198712272233, "OLY": 121.06974000000002}}