{"PRE": {"MOK": 127.66974000000002, "SKM": 106.92, "SSP": 118.20599999999999}}