{"SHT": {"TAW": 95.35381673400005, "FOT": 155.96456137546923}, "SHW": {"SYP": 125.62680534800003, "CEN": 112.98553199999996}, "SHM": {"TSH": 216.41058246145818, "CIO": 132.0}, "SHS": {"LOW": 261.75348133959744, "LMC": 525.2480401950227, "FAN": 125.74764289374912}}