{"TAW": {"SHT": 113.35328153223797, "KOT": 320.5998908546809, "HIK": 116.39424059999999, "CKT": 132.0}, "TAP": {"UNI": 430.11984191616193, "TWO": 92.19041087593544}, "TAK": {"SWH": 47.41441584, "QUB": 131.40223154519998}}