{"TKO": {"TIK": 84.69763015626488, "LHP": 128.59550100483844, "HAH": 197.80199999999996}, "TKW": {"SUW": 132.0}}