{"TKO": {"TIK": 90.42908950797751, "LHP": 128.5913561648254, "HAH": 157.14415268199997}, "TKW": {"SUW": 132.88, "HOM": 132.0}}