{"KOT": {"MKK": 137.99808715560704, "TAW": 320.61763057163387, "SKM": 143.0, "LOF": 104.50000000000003}, "KOW": {"TSY": 661.6556606057515, "HOK": 177.73491757241842, "OLY": 121.78949084458546}}