{"LET": {"WCH": 145.6146717949906, "SOH": 104.02426207213898}}