{"MOS": {"HEO": 158.40000000000003, "WKS": 167.2839990956997}, "MOK": {"YMT": 114.40000000000002, "PRE": 79.66899380255617}}