{"NOP": {"FOH": 100.04868950000002, "QUB": 111.20014499999999}}