{"NTK": {"KOB": 124.69173311000004, "KWT": 126.02683100000004}}