{"TAW": {"CKT": 143.0, "SHT": 17.6, "KOT": 320.6334607893466}, "TAK": {"QUB": 117.7, "SWH": 107.8}, "TAP": {"UNI": 430.12725955667185, "TWO": 146.3}}