{"TKO": {"LHP": 128.59191944894255}, "TKW": {"HOM": 138.60000000000002, "SUW": 132.0}}