{"HUH": {"EXC": 178.51234717715448, "MKK": 144.7253881530445, "HOM": 97.32937664054, "ETS": 101.89476000000002}}