{"K17-U030": {"K17-U040": 46.695470904265036}, "K14-D020": {"K14-D030": 13.85793059640568}, "K18-D020": {"K18-D030": 78.15502076415613}, "K14-D010": {"K14-D020": 238.197749928357}, "K17-D010": {"K17-D020": 153.314344375258}, "K17-D020": {"K17-D030": 82.04609301802023}, "K18-U010": {"K18-U020": 221.69020794806005}, "K12-U020": {"K12-U030": 218.7636309652295}, "K12-D020": {"K12-D030": 308.9712278204282}, "K12-U010": {"K12-U020": 254.68127567370652}, "K17-U020": {"K17-U030": 179.32033801149822}, "K12-D030": {"K12-D040": 16.0259055}, "K17-U010": {"K17-U020": 258.61935000000005}, "K18-U020": {"K18-U030": 52.15014980707137}, "K18-D010": {"K18-D020": 247.05954567535565}, "K12-D010": {"K12-D020": 166.85341053928522}}