{"K17-U030": {"K17-U040": 48.538089825795154}, "K14-D020": {"K14-D030": 14.04462875742613}, "K18-D020": {"K18-D030": 77.32666759647319}, "K14-D010": {"K14-D020": 238.00284383674048}, "K17-D010": {"K17-D020": 256.1667897691966}, "K17-D020": {"K17-D030": 69.6497469195897}, "K18-U010": {"K18-U020": 227.29387796097657}, "K12-U020": {"K12-U030": 219.97191855251918}, "K12-D020": {"K12-D030": 312.2233169218668}, "K12-U010": {"K12-U020": 242.50179268514609}, "K17-U020": {"K17-U030": 172.63832841986454}, "K12-D030": {"K12-D040": 14.868668938695}, "K17-U010": {"K17-U020": 254.62996553500003}, "K18-U020": {"K18-U030": 57.582555218170214}, "K18-D010": {"K18-D020": 242.7211720050177}, "K12-D010": {"K12-D020": 167.1207727860196}}