{"LAK": {"TSY": 180.95036493340567, "NAC": 297.317389580654, "MEF": 126.00680315882747, "KWF": 48.708000000000006}, "LAT": {"KWT": 11.6028, "YAT": 3.564}}