{"NAC": {"LAK": 297.3231701221058, "MEF": 173.18177049448954, "OLY": 132.0, "AUS": 223.93069956113527}}