{"PRE": {"MOK": 38.21993104001136, "SSP": 40.105161811266, "SKM": 35.57881541967}}