{"QUB": {"YAT": 249.64913885413839, "TAK": 99.80519999999999, "NOP": 56.05420580909407}}