{"SHT": {"FOT": 155.98726948978165, "TAW": 198.00000000000003}, "SHS": {"FAN": 125.72964287584118}, "SHW": {"SYP": 0.0}}