{"SKM": {"PRE": 0.0, "KOT": 66.0}, "SKW": {"HFC": 59.07330000000002, "SWH": 6.6000000000000005}}