{"SKM": {"PRE": 16.81960082703943, "KOT": 69.9110115216212}, "SKW": {"HFC": 58.74961948670648, "SWH": 36.11035096940513}}