{"SUW": {"KAT": 0.6930000000000002, "TKW": 0.0}, "SUN": {"DIS": 198.58189057189685, "TUC": 823.8745927943104, "TSY": 690.6355419441308}}