{"SUW": {"KAT": 0.6930000000000002, "TKW": 0.0}, "SUN": {"DIS": 198.58217930466327, "TUC": 823.8769488442643, "TSY": 690.6326004179786}}