{"SWH": {"TAK": 20.130072579319997, "SKW": 16.30562680758}}