{"TIK": {"YAT": 141.4216911029687, "TKO": 41.692031095996214}, "TIS": {"LOP": 173.90976714657384, "SIH": 389.43683470831286}, "TIH": {"CAB": 119.35, "FOH": 13.332000000000003}}