{"TSY": {"KOW": 661.6556606057515, "SUN": 690.6302177817952, "LAK": 180.95036493340567, "AIR": 1467.4416308990608}, "TST": {"JOR": 31.867}, "TSW": {"TWH": 66.0}, "TSH": {"HEO": 0.0, "SHM": 216.38983882450867}}