{"YAT": {"LAT": 44.097570000000005, "QUB": 249.66096677372153, "TIK": 141.42155330589975}}