{"CHW": {"HFC": 119.46000000000001}, "CHH": {"KOB": 198.00000000000003, "DIH": 132.0}}