{"HIK": {"DIH": 333.09145192889775, "TAW": 139.88139000000004}}