{"HUH": {"EXC": 199.66551209595985, "HOM": 120.9031410048, "MKK": 188.35304295031156, "ETS": 191.40000000000003}}