{"K18-U020": {"K18-U030": 62.33325553746488}, "K17-U020": {"K17-U030": 123.52070388349443}, "K17-D020": {"K17-D030": 13.731003930782748}, "K17-U030": {"K17-U040": 24.084111785136333}, "K18-D020": {"K18-D030": 31.412796134399535}, "K18-U010": {"K18-U020": 273.0422303313761}, "K12-D010": {"K12-D020": 205.23041000000003}, "K12-U020": {"K12-U030": 207.61004000000003}, "K12-D020": {"K12-D030": 304.70000000000005}, "K17-D010": {"K17-D020": 227.22402211963725}, "K18-D010": {"K18-D020": 223.08755867607988}, "K17-U010": {"K17-U020": 76.96602221}, "K12-D030": {"K12-D040": 13.8138}}