{"K66-D100": {"K66-D110": 23.1}, "K66-U190": {"K66-U200": 67.10000000000001}, "K66-D200": {"K66-D210": 97.9}, "K65-U120": {"K65-U130": 236.50000000000003}, "K66-D010": {"K66-D020": 16.5}, "K68-U170": {"K68-D010": 138.60000000000002}, "K68-U020": {"K68-U030": 39.6}, "K65-D090": {"K65-D100": 59.400000000000006}, "K65-U190": {"K65-U200": 27.500000000000004}, "K65-D160": {"K65-D170": 118.80000000000001}, "K68-D050": {"K68-D060": 42.900000000000006}, "K65-U090": {"K65-U100": 55.00000000000001}, "K66-U040": {"K66-U050": 129.8}, "K66-U090": {"K66-U100": 59.400000000000006}, "K66-D230": {"K66-D240": 92.4}, "K65-D120": {"K65-D130": 62.7}, "K65-D170": {"K65-D180": 81.4}, "K65-D150": {"K65-D160": 92.4}, "K65-U050": {"K65-U060": 123.20000000000002}}