{"K66-D100": {"K66-D110": 23.716}, "K66-U190": {"K66-U200": 68.07284000000001}, "K66-D200": {"K66-D210": 100.91774000000001}, "K65-U120": {"K65-U130": 229.3324}, "K66-D010": {"K66-D020": 16.39}, "K68-U170": {"K68-D010": 139.92000000000002}, "K68-U020": {"K68-U030": 38.263247}, "K65-D090": {"K65-D100": 63.56427000000001}, "K65-U190": {"K65-U200": 28.6}, "K65-D160": {"K65-D170": 120.23000000000002}, "K68-D050": {"K68-D060": 41.910000000000004}, "K65-U090": {"K65-U100": 56.5697}, "K66-U040": {"K66-U050": 125.78414805}, "K66-U090": {"K66-U100": 53.726749999999996}, "K66-D230": {"K66-D240": 91.3}, "K65-D120": {"K65-D130": 61.502540000000025}, "K65-D170": {"K65-D180": 81.77432999999999}, "K65-D150": {"K65-D160": 96.17573996689998}, "K65-U050": {"K65-U060": 112.36541030000004}, "K65-U010": {"K65-U020": 251.71300000000002}, "K65-D030": {"K65-D040": 51.33253400000001}, "K66-U060": {"K66-U070": 157.56329599999998}, "K68-U130": {"K68-U140": 122.48719999999999}, "K68-D070": {"K68-D080": 203.56600000000003}, "K65-D070": {"K65-D080": 93.54398899999998}, "K66-U130": {"K66-U140": 57.536435000000004}, "K65-D040": {"K65-D050": 60.33365030000001}, "K68-D010": {"K68-D020": 48.47260000000001}, "K65-U150": {"K65-U160": 56.46861000000001}, "K65-U100": {"K65-U110": 126.28000000000002}, "K68-U080": {"K68-U090": 51.370000000000005}, "K68-D040": {"K68-D050": 97.06400000000002}, "K66-D190": {"K66-D200": 64.92090000000002}, "K66-U120": {"K66-U130": 62.194930600000006}, "K66-D130": {"K66-D140": 30.252211000000006}, "K68-D120": {"K68-D130": 137.5}, "K65-U180": {"K65-U190": 80.99080000000001}, "K65-D080": {"K65-D090": 52.40608999999999}, "K66-U140": {"K66-U150": 53.67450000000001}, "K66-U070": {"K66-U080": 178.14500000000004}, "K68-U030": {"K68-U040": 24.2044}, "K68-D110": {"K68-D120": 84.98149}, "K66-U080": {"K66-U090": 155.54000000000002}, "K66-D150": {"K66-D160": 81.6332}, "K65-D060": {"K65-D070": 57.519000000000005}, "K66-D080": {"K66-D090": 42.328}, "K66-U210": {"K66-U220": 49.50000000000001}, "K68-D100": {"K68-D110": 91.41044000000002}, "K68-U070": {"K68-U080": 38.72}, "K65-U220": {"K65-U230": 70.84}, "K65-U080": {"K65-U090": 125.64200000000001}, "K66-U100": {"K66-U110": 59.63870000000001}, "K68-U090": {"K68-U100": 106.81000000000002}, "K65-D010": {"K65-D020": 42.9}, "K66-D050": {"K66-D060": 27.221722000000007}, "K66-U110": {"K66-U120": 42.900000000000006}, "K68-D060": {"K68-D070": 97.32030000000002}, "K65-D130": {"K65-D140": 79.24290000000002}, "K66-U160": {"K66-U170": 46.885300000000015}, "K68-U050": {"K68-U060": 45.1}, "K66-U150": {"K66-U160": 58.5673}, "K68-D190": {"K68-D200": 43.8079829}, "K65-U140": {"K65-U150": 109.62600000000002}, "K65-U060": {"K65-U070": 50.16440000000001}, "K66-D170": {"K66-D180": 183.8617}, "K65-D110": {"K65-D120": 127.73970000000004}, "K68-U040": {"K68-U050": 46.75000000000001}, "K65-U160": {"K65-U170": 60.107346200000016}, "K66-D040": {"K66-D050": 15.983000000000004}, "K66-U180": {"K66-U190": 53.1168}, "K65-U030": {"K65-U040": 98.56660000000002}, "K66-D120": {"K66-D130": 48.510000000000005}, "K65-U040": {"K65-U050": 90.354}, "K68-D030": {"K68-D040": 74.58}, "K65-D180": {"K65-D190": 100.46971}, "K65-U020": {"K65-U030": 123.34189999999998}, "K66-U020": {"K66-U030": 160.3239}, "K65-U070": {"K65-U080": 65.87130000000002}, "K66-D110": {"K66-D120": 27.500000000000004}, "K65-D140": {"K65-D150": 89.21000000000001}, "K65-U110": {"K65-U120": 93.43938999999997}, "K65-D050": {"K65-D060": 59.2735}, "K66-D180": {"K66-D190": 62.24900000000001}, "K68-D130": {"K68-D140": 61.01700000000001}, "K68-D200": {"K68-U011": 82.17}, "K66-U170": {"K66-U180": 35.61019}, "K68-D150": {"K68-D160": 31.900000000000002}, "K66-D020": {"K66-D030": 62.7}, "K65-U170": {"K65-U180": 47.190000000000005}, "K65-D020": {"K65-D030": 70.532}, "K66-D210": {"K66-D220": 121.22550000000004}, "K68-U060": {"K68-U070": 49.50000000000001}, "K66-D090": {"K66-D100": 28.600000000000005}, "K68-D180": {"K68-D190": 35.2}, "K68-D170": {"K68-D180": 39.87929}, "K66-D030": {"K66-D040": 58.37700000000001}, "K65-D100": {"K65-D110": 193.25822999999997}, "K66-D070": {"K66-D080": 35.64}, "K66-D160": {"K66-D170": 99.00000000000001}, "K66-D060": {"K66-D070": 26.400000000000002}, "K65-U210": {"K65-U220": 83.60000000000001}, "K66-D140": {"K66-D150": 86.28400000000002}, "K66-U050": {"K66-U060": 40.028999999999996}, "K68-U140": {"K68-U150": 29.919999999999998}, "K68-U110": {"K68-U120": 186.56}, "K68-D020": {"K68-D030": 71.72}, "K66-U030": {"K66-U040": 146.3}, "K68-U120": {"K68-U130": 124.85}, "K68-D090": {"K68-D100": 131.8229}, "K65-U130": {"K65-U140": 28.6}, "K66-U010": {"K66-U020": 113.30000000000001}, "K66-U200": {"K66-U210": 40.7}, "K65-U200": {"K65-U210": 45.1}, "K66-D220": {"K66-D230": 89.10000000000001}}