{"K73-U080": {"K73-U110": 151.48186865393546, "K73-U090": 285.155208899}, "K75P-U020": {"K75P-U030": 99.00000000000001}, "K76-U010": {"K76-U020": 12.452000000000002}, "K75P-D060": {"K75P-D070": 164.041856}, "K73-U050": {"K73-U060": 82.50843967904999}, "K73-U040": {"K73-U050": 86.62291000000002, "K73-U060": 184.8}, "K76-D010": {"K76-D020": 170.46999712774624}, "K75P-D020": {"K75P-D030": 45.32000000000001}, "K75P-U040": {"K75P-U050": 110.99000000000001}, "K73-D010": {"K73-D020": 79.09}, "K75P-U060": {"K75P-U070": 26.213000000000005}, "K73-U060": {"K73-U070": 109.16506533203122}, "K75P-U070": {"K75P-U080": 112.70600000000005}, "K75P-U030": {"K75P-U040": 59.664}, "K75P-D070": {"K75P-D080": 79.75000000000001}, "K73-U070": {"K73-U080": 143.48161553000003}, "K73-D110": {"K73-D120": 81.19099999999999}, "K76-D030": {"K76-D040": 84.62660566767003}, "K73-D080": {"K73-D090": 277.673}, "K73-U090": {"K73-U100": 98.71220502000001}, "K75P-U090": {"K75P-U100": 39.061}, "K75A-D010": {"K75A-D020": 152.48035000000004}, "K75P-U110": {"K75P-U120": 78.1759}, "K76-U030": {"K76-U040": 163.08542665805479}, "K73-D070": {"K73-D080": 149.127}, "K75P-D050": {"K75P-D060": 69.0965}, "K73-D040": {"K73-D050": 77.44}, "K75P-U120": {"K75P-U130": 64.12461}, "K75P-U100": {"K75P-U110": 61.98621000000001}, "K73-D150": {"K73-D160": 51.39981}, "K76-U040": {"K76-U050": 137.632}, "K73-U110": {"K73-U120": 197.450286}, "K75P-U140": {"K75P-D010": 130.86700000000002}, "K75A-D090": {"K75A-D100": 17.199600000000004}, "K73-D120": {"K73-D130": 94.05880000000002}, "K73-D030": {"K73-D040": 113.96000000000001}, "K76-D020": {"K76-D030": 127.78479999999999}, "K75A-U030": {"K75A-D010": 224.15800000000004}, "K75P-D030": {"K75P-D040": 106.18300000000002}, "K75A-D030": {"K75A-D040": 46.970000000000006}, "K75P-U080": {"K75P-U090": 48.83153000000001}, "K75P-U130": {"K75P-U140": 29.700000000000003}, "K75P-D010": {"K75P-D020": 107.80000000000001}, "K73-U100": {"K73-U110": 240.50400000000005}, "K75A-D060": {"K75A-D070": 14.3}, "K75A-U010": {"K75A-U020": 44.77}, "K75A-D050": {"K75A-D060": 66.242}, "K75A-D070": {"K75A-D080": 27.5}, "K75A-U020": {"K75A-U030": 163.61399999999998}, "K75A-D110": {"K75A-U011": 124.41000000000001}, "K75A-D040": {"K75A-D050": 48.400000000000006}, "K75P-D040": {"K75P-D050": 148.5}, "K73-U030": {"K73-U040": 80.19729014000002}, "K73-D020": {"K73-D030": 64.98910000000001}, "K73-D140": {"K73-D150": 179.74}, "K73-D130": {"K73-D140": 135.3}, "K76-U020": {"K76-U030": 149.32225}, "K75P-D080": {"K75P-U011": 119.9}, "K75P-U050": {"K75P-U060": 180.4}, "K73-D090": {"K73-D100": 80.63000000000001}, "K75A-D100": {"K75A-D110": 104.61000000000001}, "K73-U020": {"K73-U030": 172.81}, "K75A-D020": {"K75A-D030": 17.16}, "K74-D020": {"K74-D030": 145.03112256127426}, "K73-U010": {"K73-U020": 69.30000000000001}}