{"K73-U080": {"K73-U110": 151.48186865393546, "K73-U090": 296.439}, "K75P-U020": {"K75P-U030": 99.00000000000001}, "K76-U010": {"K76-U020": 11.88}, "K75P-D060": {"K75P-D070": 163.06400000000002}, "K73-U050": {"K73-U060": 82.9439105}, "K73-U040": {"K73-U050": 85.69000000000001, "K73-U060": 184.8}, "K76-D010": {"K76-D020": 170.46999712774624}, "K75P-D020": {"K75P-D030": 46.2}, "K75P-U040": {"K75P-U050": 111.10000000000001}, "K73-D010": {"K73-D020": 79.2}, "K75P-U060": {"K75P-U070": 26.070000000000004}, "K73-U060": {"K73-U070": 105.69613999999999}, "K75P-U070": {"K75P-U080": 113.74000000000004}, "K75P-U030": {"K75P-U040": 53.46}, "K75P-D070": {"K75P-D080": 78.10000000000001}, "K73-U070": {"K73-U080": 135.3}, "K73-D110": {"K73-D120": 88.0}, "K76-D030": {"K76-D040": 91.55487000000002}, "K73-D080": {"K73-D090": 276.1}, "K73-U090": {"K73-U100": 103.4}, "K75P-U090": {"K75P-U100": 38.39}, "K75A-D010": {"K75A-D020": 151.25000000000003}, "K75P-U110": {"K75P-U120": 81.29}, "K76-U030": {"K76-U040": 163.08542665805479}, "K73-D070": {"K73-D080": 149.60000000000002}, "K75P-D050": {"K75P-D060": 63.800000000000004}, "K73-D040": {"K73-D050": 77.0}, "K75P-U120": {"K75P-U130": 64.78999999999999}, "K75P-U100": {"K75P-U110": 63.8}, "K73-D150": {"K73-D160": 51.601}, "K76-U040": {"K76-U050": 137.28}, "K73-U110": {"K73-U120": 181.06}, "K75P-U140": {"K75P-D010": 128.70000000000002}, "K75A-D090": {"K75A-D100": 14.960000000000003}, "K73-D120": {"K73-D130": 89.10000000000001}, "K73-D030": {"K73-D040": 115.50000000000001}, "K76-D020": {"K76-D030": 124.08000000000001}, "K75A-U030": {"K75A-D010": 224.4}, "K75P-D030": {"K75P-D040": 106.7}, "K75A-D030": {"K75A-D040": 46.2}, "K75P-U080": {"K75P-U090": 46.970000000000006}}