{"MEF": {"LAK": 125.9965283174981, "LCK": 132.88, "NAC": 173.1743183221526, "TWW": 351.8880006414452}}