{"SHS": {"FAN": 125.75155783483658, "LMC": 525.2483976192904, "LOW": 261.75423840078696}, "SHT": {"TAW": 136.68661248, "FOT": 155.96284503906435}, "SHM": {"TSH": 216.41058246145818, "CIO": 132.594}, "SHW": {"SYP": 190.35357, "CEN": 84.43599999999999}}