{"TIK": {"TKO": 125.71748484615789, "YAT": 141.4214727228185}, "TIH": {"CAB": 132.0, "FOH": 122.82600000000002}, "TIS": {"SIH": 389.43683470831286, "LOP": 173.90976714657384}}