{"TIK": {"TKO": 148.78169493726, "YAT": 141.42091387207415}, "TIH": {"CAB": 132.0, "FOH": 135.3}, "TIS": {"SIH": 389.4590189027987, "LOP": 173.90587641916562}}