{"TIK": {"TKO": 160.866290046, "YAT": 141.4205937615855}, "TIH": {"CAB": 132.0, "FOH": 135.3}, "TIS": {"SIH": 389.4590189027987, "LOP": 173.90155338871207}}