{"TWO": {"FAN": 412.63144065407084, "TAP": 114.48179359152076}, "TWH": {"KWH": 170.64737626794002, "TSW": 72.11632700776326}, "TWW": {"KSR": 676.8151433327166, "MEF": 341.29920057730067}}