{"CSW": {"SSP": 134.176153254, "LCK": 94.05814000000002}}