{"DIH": {"CHH": 129.65211001347, "KAT": 183.41158120868215, "HIK": 333.0601204961454, "WTS": 131.440021042}, "DIS": {"SUN": 198.58233387484285}}