{"HUH": {"EXC": 199.67042598332088, "ETS": 192.65400000000005, "HOM": 180.73770000000002, "MKK": 188.35304295031156}}