{"JOR": {"YMT": 120.44944040853063, "TST": 118.35360645352948}}