{"KOW": {"HOK": 177.739317513848, "TSY": 661.658528418209, "OLY": 121.80248403036558}, "KOT": {"TAW": 320.61763057163387, "MKK": 137.9956652795833, "LOF": 120.05400000000002}, "KOB": {"CHH": 32.89, "NTK": 132.0}}