{"LOW": {"SHS": 261.7527207161598}, "LOF": {"KOT": 132.0, "WTS": 121.00000000000001}, "LOP": {"YUL": 132.0, "TIS": 173.90155338871207}}