{"MEF": {"LAK": 125.99872117716559, "NAC": 173.1711413434195, "TWW": 351.8337472079667, "LCK": 123.15580860000003}}