{"MKK": {"KOT": 147.1867970178938, "HUH": 175.98181257764026}}