{"MOK": {"YMT": 127.48819025814744, "PRE": 112.35420616725665}, "MOS": {"HEO": 138.09051874200003, "WKS": 165.05886181365233}}