{"PRE": {"MOK": 132.1075349269434, "SSP": 130.56338732455922, "SKM": 123.81300194999999}}