{"SHM": {"CIO": 127.09400000000002, "TSH": 216.41288731000813}, "SHS": {"LMC": 525.2492693770793, "LOW": 261.7529418919195, "FAN": 125.74341099939}, "SHT": {"TAW": 112.915374, "FOT": 155.95338250642394}, "SHW": {"SYP": 198.00000000000003, "CEN": 132.0}}