{"SKM": {"KOT": 199.21000000000004, "PRE": 132.0}, "SKW": {"HFC": 174.83400000000003, "SWH": 131.34}}