{"SUN": {"DIS": 198.58197479945662, "TUC": 823.8732149873198, "TSY": 690.6326004179786}, "SUW": {"TKW": 138.05}}