{"TIK": {"YAT": 141.4205937615855, "TKO": 123.87148667027256}, "TIH": {"CAB": 132.0, "FOH": 132.0}, "TIS": {"LOP": 173.90155338871207}}