{"TKO": {"TIK": 121.86054860475636, "LHP": 128.5945093025237, "HAH": 121.30799999999999}, "TKW": {"HOM": 132.0}}