{"WCH": {"LET": 174.89325189088999, "OCP": 131.8961935349916}}