{"YAT": {"LAT": 158.72474085274854, "TIK": 143.87208707168037, "QUB": 257.28963266064613}}