{"YAT": {"LAT": 192.06000000000003, "TIK": 141.42128370077606, "QUB": 249.66096677372153}}