{"1": {"2": 293.56777999999997, "6": 405.16199492999993}}