{"EXC": {"HUH": 199.66153184719738, "ADM": 64.52258051365102}}