{"K65-D070": {"K65-D080": 128.7050576769346}, "K65A-U040": {"K65A-U050": 107.41042640583233}, "K65-D120": {"K65-D130": 71.72928509056487}, "K65A-U120": {"K65A-U130": 100.74341455256584}, "K65A-D040": {"K65A-D050": 65.7744792192623}, "K68-D200": {"K68-U011": 76.34577789699999}, "K68-U120": {"K68-U130": 150.05922213690005}, "K66-D010": {"K66-D020": 95.58173084986849}, "K65-D170": {"K65-D180": 78.70821402760738}, "K65-D150": {"K65-D160": 123.78765125072225}, "K65A-D010": {"K65A-D020": 49.82995881968735}, "K65-D040": {"K65-D050": 59.990861401179984}, "K65-U110": {"K65-U120": 109.27937963734307}, "K65A-D050": {"K65A-D060": 56.20284299606781}, "K65A-D080": {"K65A-D090": 67.51786593386853}, "K66-D090": {"K66-D100": 52.67486271204301}, "K65-D090": {"K65-D100": 117.03099348243613}, "K66-U170": {"K66-U180": 28.02801356828983}, "K65-U010": {"K65-U020": 228.4298288879444}, "K65A-U100": {"K65A-U110": 80.0373745116082}, "K65-U210": {"K65-U220": 75.97375837136414}, "K65-D080": {"K65-D090": 69.88647782679203}, "K65A-U080": {"K65A-U090": 62.783196345042896}, "K66-U190": {"K66-U200": 57.384667618460796}, "K65A-U060": {"K65A-U070": 49.885732057591206}, "K65-D010": {"K65-D020": 39.50918765362285}, "K65A-U030": {"K65A-U040": 37.751749576015634}, "K66-U130": {"K66-U140": 50.213881771910245}, "K65-U070": {"K65-U080": 63.364194066528775}, "K66-D040": {"K66-D050": 55.75292628250138}, "K65-U220": {"K65-U230": 77.54424445128423}, "K68-U040": {"K68-U050": 53.17147}, "K65-U060": {"K65-U070": 35.7198665120882}, "K65-D060": {"K65-D070": 84.22417832664951}, "K65A-D030": {"K65A-D040": 71.06871026476144}, "K65A-U110": {"K65A-U120": 79.40406068709638}, "K65A-U050": {"K65A-U060": 47.80008119249011}, "K66-D210": {"K66-D220": 161.55003622134018}, "K65-D160": {"K65-D170": 141.0485830721208}, "K66-D160": {"K66-D170": 130.53595604230108}, "K65A-D070": {"K65A-D080": 121.78719737437086}, "K68-U140": {"K68-U150": 47.43914285000001}, "K66-U050": {"K66-U060": 42.00791191955393}, "K65-D030": {"K65-D040": 66.37002270772811}, "K65A-D060": {"K65A-D070": 89.70609772462964}, "K66-D120": {"K66-D130": 55.086346520999996}, "K66-U010": {"K66-U020": 142.83963930781277}, "K66-D070": {"K66-D080": 58.53812011727531}, "K65A-U010": {"K65A-U020": 48.59828444822857}, "K66-U120": {"K66-U130": 46.54073843997458}, "K68-D150": {"K68-D160": 86.54284221980001}, "K66-U160": {"K66-U170": 43.46088655631}, "K66-D130": {"K66-D140": 46.6178016874534}, "K65A-D020": {"K65A-D030": 80.05144211436925}, "K66-D020": {"K66-D030": 71.8119649382425}, "K66-D180": {"K66-D190": 77.28437006254974}, "K65-D140": {"K65-D150": 123.49440426460156}, "K68-D040": {"K68-D050": 113.18943398400002}, "K66-U100": {"K66-U110": 87.41963004688328}, "K66-U180": {"K66-U190": 48.19658337450237}, "K65A-D090": {"K65A-D100": 116.2565279332384}, "K68-U110": {"K68-U120": 209.30717655650005}, "K68-U100": {"K68-U110": 169.26889340740007}, "K66-U090": {"K66-U100": 48.770437473935075}, "K66-D220": {"K66-D230": 81.22673590753958}, "K68-D010": {"K68-D020": 42.8581879}, "K65-D110": {"K65-D120": 128.52498375975784}, "K66-U030": {"K66-U040": 144.0757978}, "K66-U210": {"K66-U220": 55.211080532121784}, "K65-U170": {"K65-U180": 36.7735765986758}, "K66-D050": {"K66-D060": 57.40176483840518}, "K65-U200": {"K65-U210": 59.604454067266694}, "K65-U130": {"K65-U140": 26.42728689822019}, "K66-D230": {"K66-D240": 88.30597273869556}, "K65-U050": {"K65-U060": 107.94722684607089}, "K68-U070": {"K68-U080": 23.936101088020003}, "K68-D060": {"K68-D070": 83.79915975355684}, "K66-U110": {"K66-U120": 34.79710346687762}, "K65-D130": {"K65-D140": 104.05052029694176}, "K68-D190": {"K68-D200": 63.249199302875354}, "K66-D200": {"K66-D210": 128.2309288861764}, "K65-U040": {"K65-U050": 77.97217183355691}, "K65-D050": {"K65-D060": 52.54472319120953}, "K68-D100": {"K68-D110": 92.50700800000001}, "K66-U080": {"K66-U090": 167.68664001797998}, "K65-U020": {"K65-U030": 121.46338530697135}, "K68-U130": {"K68-U140": 149.89319177960002}, "K68-D030": {"K68-D040": 99.00206032060001}, "K68-U160": {"K68-U170": 69.8341785944759}, "K65-U100": {"K65-U110": 135.50815669922503}, "K65-U150": {"K65-U160": 48.98063996680769}, "K66-U140": {"K66-U150": 40.08346444758936}, "K68-D090": {"K68-D100": 176.7315242774939}, "K68-U020": {"K68-U030": 29.229747452290002}, "K65-U030": {"K65-U040": 76.72253438320482}, "K65A-U090": {"K65A-U100": 65.3950965269771}, "K65A-D100": {"K65A-D110": 239.5315791655267}, "K65-D180": {"K65-D190": 117.52143837570767}, "K65A-U020": {"K65A-U030": 237.28306548160216}, "K68-D140": {"K68-D150": 51.88474584150001}, "K65-U180": {"K65-U190": 67.38359615554859}, "K66-U060": {"K66-U070": 128.104193760272}, "K66-D060": {"K66-D070": 50.46063137963793}, "K68-U170": {"K68-D010": 181.87661000200004}, "K66-U040": {"K66-U050": 118.24671833364812}, "K66-D170": {"K66-D180": 169.528403}, "K68-D160": {"K68-D170": 75.4307463723}, "K68-D020": {"K68-D030": 87.33755800000002}, "K65-U160": {"K65-U170": 50.449665635279004}, "K68-U010": {"K68-U020": 104.37543000000001}, "K65A-U070": {"K65A-U080": 47.4642909510141}, "K65-D100": {"K65-D110": 221.99232247001652}, "K66-U150": {"K66-U160": 44.19950598821826}, "K65-U120": {"K65-U130": 196.48297178484}, "K68-D120": {"K68-D130": 174.47100000000003}, "K68-D080": {"K68-D090": 73.469303}, "K65-U080": {"K65-U090": 150.89901696}, "K68-U050": {"K68-U060": 44.6434595011696}, "K68-D050": {"K68-D060": 68.88079}, "K65-D020": {"K65-D030": 76.81432681365007}, "K66-D030": {"K66-D040": 84.76090055681433}, "K66-U200": {"K66-U210": 43.96584865832132}, "K66-D110": {"K66-D120": 47.27296534070331}, "K66-D100": {"K66-D110": 58.29775490363299}, "K68-U150": {"K68-U160": 98.6941817213}, "K68-D170": {"K68-D180": 63.673412000000006}, "K68-U060": {"K68-U070": 118.75972414000003}, "K66-D190": {"K66-D200": 82.59196245899591}, "K68-U030": {"K68-U040": 28.510802762180013}, "K66-D150": {"K66-D160": 96.5700523565116}, "K66-U070": {"K66-U080": 147.06418103927007}, "K65-U190": {"K65-U200": 55.67594429837}, "K66-D140": {"K66-D150": 114.54320772700001}, "K65-U140": {"K65-U150": 90.6201116919452}, "K68-D070": {"K68-D080": 173.557076}, "K68-U090": {"K68-U100": 167.18435800000003}, "K65-U090": {"K65-U100": 54.75149011302301}, "K68-D180": {"K68-D190": 57.081842780000024}, "K68-D110": {"K68-D120": 100.20549}, "K66-D080": {"K66-D090": 66.658736}, "K68-D130": {"K68-D140": 54.42123648499999}, "K66-U020": {"K66-U030": 207.54441202200002}, "K68-U080": {"K68-U090": 27.375800000000005}}