{"LOF": {"WTS": 112.86000000000001, "KOT": 0.0}, "LOP": {"YUL": 141.9}, "LOW": {"SHS": 261.7527207161598}}