{"OCP": {"ADM": 287.6706842533904, "WCH": 132.72171}}