{"QUB": {"NOP": 41.35217949139974, "TAK": 131.10899999999998, "YAT": 249.64793578218018}}