{"TIK": {"TKO": 16.462630381062766, "YAT": 141.42138318606155}, "TIS": {"SIH": 389.4508328531729, "LOP": 173.90976714657384}, "TIH": {"CAB": 13.888908000000004, "FOH": 139.70000000000002}}