{"UNI": {"TAP": 430.1233820084075, "FOT": 186.42286683380604}}