{"WCH": {"OCP": 81.74166000000001, "LET": 99.87784675}}