{"AIR": {"TSY": 685.6271782386016, "AWE": 124.39718476352293}}