{"DIS": {"SUN": 198.58229851414376}, "DIH": {"HIK": 333.0324963105838, "WTS": 127.18860000000002, "CHH": 25.080000000000002, "KAT": 198.00000000000003}}