{"FOT": {"SHT": 155.95753280625766, "UNI": 186.44057747554112}, "FOH": {"NOP": 132.0, "TIH": 126.59460000000004}}