{"FOT": {"SHT": 155.98328234194557, "UNI": 186.42626160790937}, "FOH": {"NOP": 132.0, "TIH": 125.4}}