{"HIK": {"DIH": 320.0635195093783, "TAW": 181.08420000000004}}