{"HOK": {"KOW": 177.72150059192217}, "HOM": {"YMT": 17.820000000000004, "HUH": 132.0}}