{"K76-D020": {"K76-D030": 127.35081652286212}, "K73-U050": {"K73-U060": 100.63661242317696}, "K73-D020": {"K73-D030": 110.95590000000004}, "K76-D030": {"K76-D040": 51.76084634972441}, "K75P-D040": {"K75P-D050": 165.31648177550002}, "K74-D020": {"K74-D030": 145.02965482723556}, "K75P-U100": {"K75P-U110": 64.4591662}, "K73-U110": {"K73-U120": 179.20805284692855}, "K73-U100": {"K73-U110": 202.2997222422}, "K74-D060": {"K74-D070": 116.75400000000002}, "K75P-D020": {"K75P-D030": 38.975765675000005}, "K74-U090": {"K74-U100": 230.54900000000004}, "K75P-U010": {"K75P-U020": 102.82129000000002}, "K73-U060": {"K73-U070": 129.7109070515347}, "K75A-U030": {"K75A-D010": 231.61491540000003}, "K75P-D070": {"K75P-D080": 104.99259175570003}, "K73-U080": {"K73-U110": 151.48968149919992, "K73-U090": 263.24287346854055}, "K75P-D010": {"K75P-D020": 136.27071288600004}, "K74-U080": {"K74-U090": 223.58050000000003}, "K73-U030": {"K73-U040": 80.63244655400003}, "K76-U010": {"K76-U020": 7.664381976395316}, "K75A-D110": {"K75A-U011": 137.28000000000003}, "K73-D150": {"K73-D160": 49.134019}, "K76-D010": {"K76-D020": 170.42625640989752}, "K74-D100": {"K74-D110": 82.0171}, "K73-D110": {"K73-D120": 78.45362800000001}, "K75P-D080": {"K75P-U011": 148.74737900000002}, "K75P-D050": {"K75P-D060": 85.51228097136998}, "K74-U007": {"K74-U010": 237.699}, "K76-U030": {"K76-U040": 163.09547488311813}, "K73-D050": {"K73-D070": 111.25400000000002}, "K75P-U110": {"K75P-U120": 84.77318410000001}, "K73-U090": {"K73-U100": 154.23920119410005}, "K75A-D030": {"K75A-D040": 44.5975915}, "K73-U010": {"K73-U020": 67.496099}, "K73-U070": {"K73-U080": 153.1431528192715}, "K75P-U090": {"K75P-U100": 44.71280000000001}, "K76-U020": {"K76-U030": 152.29980692465574}, "K75A-D050": {"K75A-D060": 73.9463366444}, "K75P-U120": {"K75P-U130": 64.09972920999999}, "K75P-U030": {"K75P-U040": 104.98290000000001}, "K73-D040": {"K73-D050": 81.9488461}, "K74-D010": {"K74-D020": 150.36780000000002}, "K75P-U050": {"K75P-U060": 146.63000000000002}, "K75A-D080": {"K75A-D090": 117.65413000000001}, "K73-U040": {"K73-U060": 195.24943042, "K73-U050": 112.393840262}, "K74-D080": {"K74-D090": 148.9521}, "K75P-D060": {"K75P-D070": 173.22612999999998}, "K73-D140": {"K73-D150": 176.08800000000002}, "K74-U040": {"K74-U050": 242.10999999999999}, "K75P-U080": {"K75P-U090": 46.498661000000006}, "K74-U100": {"K74-D010": 132.0}, "K74-U060": {"K74-U070": 111.10000000000002}, "K75P-U040": {"K75P-U050": 99.858}, "K75A-D020": {"K75A-D030": 18.469}, "K75A-D010": {"K75A-D020": 204.07178220000003}, "K75P-U070": {"K75P-U080": 118.84400000000001}, "K75A-U010": {"K75A-U020": 48.1756}, "K75P-U140": {"K75P-D010": 142.75503}, "K75P-U020": {"K75P-U030": 107.83231909999999}, "K74-U030": {"K74-U040": 305.063}, "K74-D090": {"K74-U011": 78.749}, "K73-D120": {"K73-D130": 102.92137460000001}, "K76-U040": {"K76-U050": 183.44069550400002}, "K75A-D040": {"K75A-D050": 51.27299100000001}, "K74-D110": {"K74-U002": 179.157}, "K73-D070": {"K73-D080": 145.7595821}, "K73-D030": {"K73-D040": 114.862}, "K75P-U130": {"K75P-U140": 49.1051}, "K74-U011": {"K74-D100": 178.63997799999999}, "K73-D130": {"K73-D140": 145.29152000000002}, "K73-D100": {"K73-D110": 191.4}, "K73-D090": {"K73-D100": 85.4293}, "K73-U020": {"K73-U030": 184.325537}, "K74-D040": {"K74-D050": 72.336}, "K74-D070": {"K74-D080": 278.08000000000004}, "K74-U010": {"K74-U020": 191.77400000000003}, "K75A-D070": {"K75A-D080": 42.170370000000005}, "K74-U001": {"K74-U004": 177.15500000000003}, "K74-D050": {"K74-D060": 94.38000000000002}, "K75P-U060": {"K75P-U070": 23.822766}, "K75A-U020": {"K75A-U030": 145.8544153}, "K74-U050": {"K74-U060": 250.8}, "K75A-D100": {"K75A-D110": 88.506}, "K75A-D090": {"K75A-D100": 57.09359920000001}, "K74-U004": {"K74-U007": 85.349}, "K75P-D030": {"K75P-D040": 116.26188200000001}, "K73-D080": {"K73-D090": 241.80838}, "K73-D010": {"K73-D020": 63.800000000000004}, "K75A-D060": {"K75A-D070": 40.7}, "K74-U020": {"K74-U030": 124.30000000000001}}