{"KOW": {"HOK": 177.72858480328063, "TSY": 661.6628994172299, "OLY": 121.82228769715432}, "KOT": {"MKK": 137.9909267884821, "LOF": 23.98, "TAW": 320.627041658852}, "KOB": {"NTK": 132.0, "CHH": 198.00000000000003}}