{"KOW": {"HOK": 177.74210020787103, "TSY": 507.71971274947316, "OLY": 130.38123744085516}, "KOT": {"MKK": 142.2471391373928, "LOF": 81.04236797579999, "TAW": 235.8151801717046, "SKM": 124.57057469999998}, "KOB": {"NTK": 117.41257993405343, "CHH": 181.37946556000006}}