{"LAK": {"TSY": 180.95036493340567, "NAC": 297.32039976252946, "MEF": 126.01845691417293, "KWF": 190.3}, "LAT": {"YAT": 132.0, "KWT": 132.0}}