{"LET": {"WCH": 151.61302623975968, "SOH": 112.88908792801922}}