{"MKK": {"KOT": 145.87717600860393, "HUH": 181.84351145843533}}