{"SHS": {"FAN": 125.72964287584118, "LMC": 525.2467114984994, "LOW": 261.7527207161598}, "SHT": {"FOT": 155.98328234194557}, "SHW": {"CEN": 132.0, "SYP": 144.54000000000002}, "SHM": {"TSH": 216.41829374487838, "CIO": 66.0}}