{"SUN": {"DIS": 198.58232017538364, "TSY": 690.6282878464866, "TUC": 823.8810620499144}, "SUW": {"KAT": 126.5}}