{"SUN": {"DIS": 198.58233181862767, "TSY": 690.6267245988868, "TUC": 823.8810620499144}, "SUW": {"KAT": 127.05, "TKW": 132.0}}