{"TSY": {"AIR": 563.972745093716, "KOW": 451.86604494938365, "SUN": 570.2629013045757, "LAK": 182.53501334113542}, "TSW": {"TWH": 48.32083101630597}, "TST": {"ADM": 188.4662346782772, "JOR": 113.112742778664}, "TSH": {"SHM": 212.75085494205777, "HEO": 133.46632970000002}}