{"TWO": {"TAP": 136.78467, "FAN": 412.63497693968077}, "TWH": {"KWH": 165.23430000000002, "TSW": 92.92999882054679}, "TWW": {"MEF": 351.8484498884394, "KSR": 712.0168259252408}}