{"UNI": {"TAP": 313.7260549953777, "FOT": 190.52980380682231}}