{"WCH": {"OCP": 133.19459999999998, "LET": 198.00000000000003}}