{"HOK": {"KOW": 137.83248198191444}, "HOM": {"YMT": 157.71027999999998, "TKW": 148.26685999999995, "WHA": 84.26858790396588, "HUH": 127.0}}