{"HOK": {"KOW": 177.74210021774792}, "HOM": {"YMT": 162.8, "TKW": 154.0, "WHA": 84.26858790396588}}