{"MKK": {"KOT": 149.70375673720227, "HUH": 305.0692670390497}}