{"NTK": {"KOB": 126.02683100000004, "KWT": 124.47425309360867}}