{"SHT": {"TAW": 177.1, "FOT": 155.96284503906435}, "SHS": {"FAN": 125.74637801019529, "LMC": 525.2490088147881, "LOW": 261.75493247375704}, "SHW": {"CEN": 111.1, "SYP": 119.90000000000002}, "SHM": {"CIO": 134.20000000000002, "TSH": 216.38983882450867}}