{"TKO": {"TIK": 317.32084860088116, "HAH": 138.006, "LHP": 128.59191944894255}, "TKW": {"HOM": 138.6, "SUW": 132.0}}