{"TST": {"ADM": 176.37930547626007, "JOR": 133.0886688433931}, "TSY": {"AIR": 1467.4435564718665, "SUN": 690.6200722034837, "LAK": 180.9776269043095, "KOW": 661.6501893924922}, "TSW": {"TWH": 114.40000000000002}, "TSH": {"HEO": 126.50000000000003, "SHM": 216.38983882450867}}