{"UNI": {"FOT": 190.92999062738522, "TAP": 416.4170615552788}}