{"DIS": {"SUN": 198.58233387484285}, "DIH": {"HIK": 333.0842843020536, "CHH": 120.96000000624, "WTS": 131.78136367269002, "KAT": 189.41043}}