{"EXC": {"HUH": 199.68398205118183, "ADM": 73.2934272009704}}