{"FOT": {"UNI": 186.41909486258012, "SHT": 155.98328234194557}, "FOH": {"TIH": 132.0, "NOP": 132.0}}