{"HOK": {"KOW": 177.73323275435294}, "HOM": {"TKW": 132.0, "YMT": 191.40000000000003}}