{"K52A-U140": {"K52A-U150": 160.3674785197398}, "K54-D020": {"K54-D030": 132.83763902433583}, "K53-D100": {"K53-D110": 52.800000000000004}, "K52-nU280": {"K52-nU290": 37.400000000000006}, "K53-D050": {"K53-D060": 58.96}, "K52A-D010": {"K52A-D020": 277.2164422563302}, "K53-D070": {"K53-D080": 45.1}, "K51-U220": {"K51-U230": 53.68000000000001}, "K52A-D060": {"K52A-D070": 129.34768316859828}, "K51-D250": {"K51-D260": 136.4}, "K53-U120": {"K53-U130": 53.900000000000006}, "K53-D010": {"K53-D015": 79.2}, "K53-D020": {"K53-D030": 85.80000000000001}, "K53-U080": {"K53-U090": 56.1}, "K53-U060": {"K53-U070": 59.400000000000006}, "K53-U110": {"K53-U120": 78.10000000000001}, "K52-nU250": {"K52-nU260": 56.1}, "K53-D060": {"K53-D070": 94.60000000000001}, "K53-U100": {"K53-U110": 51.7}, "K52A-U170": {"K52A-U180": 275.3750320785301}}