{"K76-D010": {"K76-D020": 170.46999712774624}, "K73-D140": {"K73-D150": 149.60000000000002}}