{"KWH": {"TWH": 132.0, "KWF": 132.08909999999997}, "KWF": {"KWH": 125.598, "LAK": 136.8114}, "KWT": {"NTK": 126.95099999999998, "LAT": 136.4}}