{"SUN": {"DIS": 198.58233387484285, "TUC": 823.8868594411235, "TSY": 613.2807417966549}, "SUW": {"KAT": 126.62133000000001, "TKW": 134.11792254000002}}