{"SWH": {"TAK": 101.28676671584397, "SKW": 128.51748385735826}}