{"TAW": {"KOT": 320.6218421631514, "SHT": 253.77000000000004}, "TAP": {"UNI": 430.12651630859375}, "TAK": {"SWH": 132.0, "QUB": 132.0}}