{"TIS": {"LOP": 173.90155338871207, "SIH": 389.45901890279873}, "TIK": {"TKO": 174.599049306, "YAT": 141.42091387207415}, "TIH": {"FOH": 132.0}}