{"WTS": {"LOF": 123.45756517980601, "DIH": 115.72234648692897}}