{"YMT": {"MOK": 114.64860000000002, "HOM": 198.00000000000003, "JOR": 132.0}}