{"YMT": {"MOK": 126.06000000000002, "HOM": 198.00000000000003, "JOR": 132.0}}