{"HOK": {"KOW": 140.62426336857516}, "HOM": {"TKW": 152.6, "YMT": 159.988, "WHA": 84.60494126390023}}