{"HOK": {"KOW": 177.73959578424873}, "HOM": {"TKW": 154.0, "YMT": 162.8, "WHA": 75.41665712999864}}