{"HUH": {"MKK": 138.0588365416667, "EXC": 202.9929654382349, "ETS": 497.2, "HOM": 136.40000000000003}}