{"HUH": {"MKK": 188.35084269997748, "EXC": 199.6678397268151, "ETS": 497.2, "HOM": 136.40000000000003}}