{"TST": {"JOR": 133.1, "ADM": 176.37166539437624}, "TSY": {"KOW": 661.6528062241968, "SUN": 690.6313463989347, "AIR": 1467.4416308990608, "LAK": 180.95036493340567}, "TSH": {"SHM": 216.4154482528414, "HEO": 126.50000000000003}, "TSW": {"TWH": 114.40000000000002}}