{"TST": {"JOR": 133.1, "ADM": 176.36866840760382}, "TSY": {"KOW": 661.6594549835729, "SUN": 690.6339937724717, "AIR": 1467.4406215650697, "LAK": 180.92629365878497}, "TSH": {"SHM": 216.4154482528414, "HEO": 126.50000000000001}, "TSW": {"TWH": 114.40000000000002}}