{"UNI": {"TAP": 430.1209426513827, "FOT": 186.4345414619474}}