{"YAT": {"QUB": 249.66298453786126, "TIK": 141.42105034022984, "LAT": 155.10000000000002}}