{"FOT": {"UNI": 186.44057747554112, "SHT": 155.95991010381204}, "FOH": {"TIH": 121.93170000000002, "NOP": 132.0}}