{"FOT": {"UNI": 186.42931690460236, "SHT": 155.970941720678}, "FOH": {"TIH": 119.57000000000001, "NOP": 132.0}}