{"FOT": {"UNI": 161.5110760438881, "SHT": 166.05210608636034}, "FOH": {"TIH": 119.29972160255701, "NOP": 116.94418724100004}}