{"KOT": {"MKK": 137.9956652795833, "TAW": 320.63008229961264, "SKM": 132.0, "LOF": 132.0}, "KOW": {"TSY": 661.656943991437, "HOK": 177.73323275435294, "OLY": 121.82868609035286}, "KOB": {"NTK": 132.0, "CHH": 198.00000000000003}}