{"NTK": {"KOB": 126.7633120152, "KWT": 73.327250237505}}