{"OCP": {"ADM": 287.6319691474291, "WCH": 141.49270604529832}}