{"PRE": {"MOK": 126.65400000000002, "SSP": 132.0, "SKM": 73.68900000000001}}