{"SHT": {"FOT": 155.96284503906435, "TAW": 132.0}, "SHS": {"LOW": 261.7536264530134, "LMC": 525.2483976192904, "FAN": 125.74764289374912}, "SHM": {"TSH": 216.4154482528414, "CIO": 120.05400000000002}, "SHW": {"SYP": 138.6, "CEN": 0.0}}