{"SSP": {"PRE": 125.47883999999999, "CSW": 126.72318741516001}}