{"TIK": {"TKO": 106.4396464143249, "YAT": 141.42199757780037}, "TIH": {"CAB": 132.0}, "TIS": {"LOP": 173.9447836932477, "SIH": 389.3771584065412}}