{"TKO": {"TIK": 80.33507974800001, "LHP": 128.59550100483844, "HAH": 72.47459999999998}, "TKW": {"HOM": 139.04}}