{"TWW": {"MEF": 351.8337472079667, "KSR": 712.0168259252407}, "TWO": {"FAN": 412.63889855427516, "TAP": 180.64860000000004}, "TWH": {"KWH": 204.23700000000002, "TSW": 70.90758755928813}}