{"WCH": {"LET": 190.12325706000004, "OCP": 117.45123180390601}}