{"FOT": {"UNI": 186.44057747554112, "SHT": 155.9586588945729}, "FOH": {"TIH": 119.46000000000001}}