{"HFC": {"SKW": 127.72319999999999, "CHW": 103.91093124034106}}