{"K12-D030": {"K12-D040": 12.849097654556918}, "K12-D020": {"K12-D030": 309.44775459801565}, "K12-U020": {"K12-U030": 199.62093650651667}, "K12-D010": {"K12-D020": 193.92511261407572}, "K12-U010": {"K12-U020": 312.01871470000003}}