{"K73-D130": {"K73-D140": 156.22200000000004}, "K75A-D020": {"K75A-D030": 27.848271110000006}, "K73-U030": {"K73-U040": 89.321660307}, "K73-U080": {"K73-U090": 287.63342548731896, "K73-U110": 151.48968149919992}, "K73-U090": {"K73-U100": 102.14462669802151}, "K75P-D050": {"K75P-D060": 77.16209599999999}, "K73-U040": {"K73-U050": 98.9379543947601, "K73-U060": 182.38839080000002}, "K75P-U120": {"K75P-U130": 58.47033533}, "K75A-D080": {"K75A-D090": 70.24600000000001}, "K76-D010": {"K76-D020": 170.4273618288534}, "K73-U100": {"K73-U110": 245.37419019025}, "K76-D030": {"K76-D040": 75.0749980886468}, "K75A-U010": {"K75A-U020": 36.5981}, "K73-D110": {"K73-D120": 105.92838300000001}, "K73-U110": {"K73-U120": 207.72497552151657}, "K73-U070": {"K73-U080": 151.96330092751256}, "K75A-U020": {"K75A-U030": 126.66215859000003}, "K75A-U030": {"K75A-D010": 227.161517}, "K75P-U040": {"K75P-U050": 97.65799999999999}, "K75P-U090": {"K75P-U100": 37.35266859093001}, "K76-U040": {"K76-U050": 178.33939075906522}, "K74-D020": {"K74-D030": 145.02965482723556}, "K75P-U060": {"K75P-U070": 23.043285012}, "K75A-D040": {"K75A-D050": 46.186811}, "K73-U060": {"K73-U070": 134.40027581680997}, "K75P-U100": {"K75P-U110": 60.8642314379}, "K76-U010": {"K76-U020": 11.445713948042075}, "K73-D070": {"K73-D080": 156.8787}, "K75A-D110": {"K75A-U011": 162.64248000000003}, "K73-D010": {"K73-D020": 80.15246690000001}, "K75P-D010": {"K75P-D020": 132.46250600000002}, "K75A-D050": {"K75A-D060": 64.572116213}, "K73-U050": {"K73-U060": 102.46695833000001}, "K75P-D020": {"K75P-D030": 24.23025}, "K73-D140": {"K73-D150": 196.86260000000004}, "K75P-U080": {"K75P-U090": 45.032383}, "K75P-D060": {"K75P-D070": 177.90224309330003}, "K75P-U130": {"K75P-U140": 34.87883409999999}, "K75P-D030": {"K75P-D040": 107.10939498972796}, "K73-D030": {"K73-D040": 109.878934}, "K73-D090": {"K73-D100": 92.32740000000001}, "K75P-U010": {"K75P-U020": 93.81031000000002}, "K75P-U030": {"K75P-U040": 117.04}, "K75A-D100": {"K75A-D110": 101.89839}, "K73-U020": {"K73-U030": 187.90254999999996}, "K76-U020": {"K76-U030": 141.15551435052575}, "K75P-D040": {"K75P-D050": 169.68864}, "K73-D020": {"K73-D030": 79.365737}, "K73-D100": {"K73-D110": 205.7759}, "K76-U030": {"K76-U040": 163.09347520195044}, "K75P-U070": {"K75P-U080": 120.35649439}, "K73-D040": {"K73-D050": 84.24290599999999}, "K73-D050": {"K73-D070": 108.57247500000001}, "K75A-D010": {"K75A-D020": 208.8889}, "K76-D020": {"K76-D030": 141.69339279710562}, "K75A-D070": {"K75A-D080": 34.397000000000006}, "K75P-U050": {"K75P-U060": 168.19}, "K75A-D090": {"K75A-D100": 36.30124168}, "K75P-D080": {"K75P-U011": 133.21}, "K73-D120": {"K73-D130": 86.60024999999999}, "K75P-D070": {"K75P-D080": 92.30185800000001}, "K75P-U140": {"K75P-D010": 151.018472}, "K75A-D030": {"K75A-D040": 48.719}, "K75P-U110": {"K75P-U120": 83.95420000000001}, "K73-D150": {"K73-D160": 41.470000000000006}, "K75A-D060": {"K75A-D070": 39.6}, "K75P-U020": {"K75P-U030": 117.7}, "K73-U010": {"K73-U020": 71.5}, "K73-D080": {"K73-D090": 289.3}}