{"K73-D130": {"K73-D140": 153.02820844359698}, "K75A-D020": {"K75A-D030": 25.00647499135751}, "K73-U030": {"K73-U040": 90.58054916604894}, "K73-U080": {"K73-U090": 287.06597244836473, "K73-U110": 151.5009441366561}, "K73-U090": {"K73-U100": 105.87225861118773}, "K75P-D050": {"K75P-D060": 81.81870014064701}, "K73-U040": {"K73-U050": 101.15315607525936, "K73-U060": 200.81744054604837}, "K75P-U120": {"K75P-U130": 66.41096302314521}, "K75A-D080": {"K75A-D090": 67.78025480855254}, "K76-D010": {"K76-D020": 170.41630764185714}, "K73-U100": {"K73-U110": 210.40499191505927}, "K76-D030": {"K76-D040": 71.87721307308168}, "K75A-U010": {"K75A-U020": 45.5924034268487}, "K73-D110": {"K73-D120": 98.38133887201494}, "K73-U110": {"K73-U120": 226.55803345551013}, "K73-U070": {"K73-U080": 155.85181033924636}, "K75A-U020": {"K75A-U030": 141.7108559261792}, "K75A-U030": {"K75A-D010": 238.10828516072388}, "K75P-U040": {"K75P-U050": 93.7354086032311}, "K75P-U090": {"K75P-U100": 42.891278347208036}, "K76-U040": {"K76-U050": 175.61180730046857}, "K74-D020": {"K74-D030": 145.02455711372968}, "K75P-U060": {"K75P-U070": 28.845522690601378}, "K75A-D040": {"K75A-D050": 51.06514485422402}, "K73-U060": {"K73-U070": 129.34928488430387}, "K75P-U100": {"K75P-U110": 58.411491780238386}, "K76-U010": {"K76-U020": 14.34850871695492}, "K73-D070": {"K73-D080": 161.49401418459234}, "K75A-D110": {"K75A-U011": 162.78032723872258}, "K73-D010": {"K73-D020": 78.75403017750418}, "K75P-D010": {"K75P-D020": 137.09531132081182}, "K75A-D050": {"K75A-D060": 72.97269815941691}, "K73-U050": {"K73-U060": 87.83184266882104}, "K75P-D020": {"K75P-D030": 31.496644918228917}, "K73-D140": {"K73-D150": 194.66537745449037}, "K75P-U080": {"K75P-U090": 44.108423620030884}, "K75P-D060": {"K75P-D070": 194.4435099264675}, "K75P-U130": {"K75P-U140": 33.767909092423125}, "K75P-D030": {"K75P-D040": 103.68684682985449}, "K73-D030": {"K73-D040": 112.15544448766869}, "K73-D090": {"K73-D100": 85.43163207897064}, "K75P-U010": {"K75P-U020": 87.7258299227137}, "K75P-U030": {"K75P-U040": 128.66238709207445}, "K75A-D100": {"K75A-D110": 95.27466453946752}, "K73-U020": {"K73-U030": 182.32921951019497}, "K76-U020": {"K76-U030": 158.80990671787086}, "K75P-D040": {"K75P-D050": 162.1555877089993}, "K73-D020": {"K73-D030": 97.775447404545}, "K73-D100": {"K73-D110": 188.92762097059415}, "K76-U030": {"K76-U040": 163.10085353714337}, "K75P-U070": {"K75P-U080": 120.5524754328776}, "K73-D040": {"K73-D050": 80.99261718697619}, "K73-D050": {"K73-D070": 101.3131336569763}, "K75A-D010": {"K75A-D020": 195.43209039632842}, "K76-D020": {"K76-D030": 125.9727738796621}, "K75A-D070": {"K75A-D080": 40.30773132564964}, "K75P-U050": {"K75P-U060": 178.99950138258367}, "K75A-D090": {"K75A-D100": 39.49211205435343}, "K75P-D080": {"K75P-U011": 136.66279110266686}, "K73-D120": {"K73-D130": 98.82981820188392}, "K75P-D070": {"K75P-D080": 83.96996515451626}, "K75P-U140": {"K75P-D010": 145.68986219544846}, "K75A-D030": {"K75A-D040": 49.28171915474757}, "K75P-U110": {"K75P-U120": 81.12637322975161}, "K73-D150": {"K73-D160": 54.16109874383885}, "K75A-D060": {"K75A-D070": 36.169698370880624}, "K75P-U020": {"K75P-U030": 118.2199139697198}, "K73-U010": {"K73-U020": 66.46856300586083}, "K73-D080": {"K73-D090": 272.9190622782525}}