{"KF1": {"KF3": 686.7722160801948, "KF5": 767.8871499168306}, "KF2": {"KF4": 1022.6260813371853}, "KF3": {"KF1": 686.7722385584797}, "KF4": {"KF6": 250.95801559603166, "KF2": 1022.6260323792565}, "KF6": {"KF4": 250.9580358461629}, "KF5": {"KF1": 767.8871502768282}}