{"LAK": {"MEF": 126.00069475086632, "TSY": 180.94021573780213, "NAC": 297.32039976252946, "KWF": 24.05700000000001}, "LAT": {"YAT": 14.190000000000001, "KWT": 132.0}}