{"LAK": {"MEF": 126.01718177204343, "TSY": 180.9775835580829, "NAC": 297.3151605398364, "KWF": 115.24097976433715}, "LAT": {"YAT": 78.58612592681042, "KWT": 130.32537461523575}}