{"NAC": {"AUS": 223.92850142135927, "MEF": 173.1817704944895, "LAK": 297.3250597337123, "OLY": 83.886}}