{"PRE": {"SSP": 132.12974939999998, "SKM": 133.1, "MOK": 76.72566}}