{"SUN": {"DIS": 198.5823215453296, "TSY": 690.6254583683307, "TUC": 823.8816551506455}, "SUW": {"KAT": 120.05400000000002, "TKW": 132.0}}