{"TIK": {"TKO": 115.1627586913553, "YAT": 141.42185030209822}, "TIH": {"CAB": 132.0, "FOH": 132.0}, "TIS": {"SIH": 389.43683470831286, "LOP": 173.9447836932477}}