{"TKO": {"LHP": 128.59823683960403, "TIK": 132.85463399999998, "HAH": 132.0}}