{"TSY": {"KOW": 661.6628994172299, "AIR": 1467.4409150614324, "LAK": 180.94021573780213, "SUN": 690.6313463989347}, "TST": {"ADM": 176.36743963073937, "JOR": 118.8}, "TSH": {"SHM": 216.38983882450867}}