{"TWW": {"MEF": 351.8337472079667, "KSR": 712.0270948595771}, "TWO": {"FAN": 412.6374703343299, "TAP": 122.87583704}, "TWH": {"KWH": 143.286}}