{"WAC": {"ADM": 128.6284701486041, "CAB": 165.6962490938615}}