{"1": {"6": 141.4065609, "2": 60.279451099999996}}