{"CIO": {"STW": 31.954195679999998, "SHM": 82.79107656000001}}