{"FOT": {"UNI": 186.45677454982612, "SHT": 155.94751935040566}, "FOH": {"TIH": 31.500532827664394, "NOP": 90.54075411511151}}