{"HOK": {"KOW": 177.7407692591551}, "HOM": {"TKW": 132.0, "HUH": 13.2, "YMT": 66.0, "WHA": 75.01486178382267}}