{"K14-D020": {"K14-D030": 14.879755078621699}, "K17-U030": {"K17-U040": 74.40283917309205}, "K12-D030": {"K12-D040": 16.41054532131534}, "K12-D020": {"K12-D030": 174.97131403046862}, "K14-D010": {"K14-D020": 321.4178409542136}, "K12-U020": {"K12-U030": 171.21356567355116}, "K18-U020": {"K18-U030": 58.170913870139806}, "K17-D010": {"K17-D020": 183.3020527007674}, "K12-U010": {"K12-U020": 193.78626260855134}, "K17-U020": {"K17-U030": 172.31461997037277}, "K17-D020": {"K17-D030": 72.9225451223309}, "K18-D010": {"K18-D020": 222.47526947591004}, "K17-U010": {"K17-U020": 207.3261254085543}, "K12-D010": {"K12-D020": 152.20089663224383}, "K18-D020": {"K18-D030": 94.87527680021817}, "K18-U010": {"K18-U020": 249.96458530219653}}