{"K51A-D140": {"K51A-D150": 75.30303}, "K58-D070": {"K58-D080": 105.26285}, "K51-U040": {"K51-U050": 123.75000000000003}, "K58-U040": {"K58-U050": 127.8583141}, "K52-nU160": {"K52-nU170": 55.995940000000004}, "K51A-U020": {"K51A-U030": 168.971}, "K54-D030": {"K54-D040": 67.63240000000002}, "K51-U140": {"K51-U150": 42.79536690000001}, "K51A-D010": {"K51A-D020": 55.762575000000005}, "K58-D020": {"K58-D030": 131.7525}, "K58-U160": {"K58-U170": 132.45089000000002}, "K52-nU210": {"K52-nU220": 84.7583}, "K51-U020": {"K51-U030": 176.838068}, "K51A-U090": {"K51A-U100": 133.18140000000002}, "K53-U090": {"K53-U100": 121.69221339000003}, "K58-D160": {"K58-D170": 228.8}, "K52-nD070": {"K52-nD080": 123.20000000000002}, "K52A-U120": {"K52A-U130": 88.86900000000001}, "K53-D010": {"K53-D015": 110.63233499999998}, "K51-D230": {"K51-D240": 84.21490000000001}, "K51-U210": {"K51-U220": 26.334000000000003}, "K53-D050": {"K53-D060": 92.24258999999999}, "K53-U060": {"K53-U070": 81.96102926532402}, "K54-D040": {"K54-D050": 156.2391667573}, "K51A-U140": {"K51A-U150": 68.31000000000002}, "K52-nD220": {"K52-nD230": 149.1347}, "K52A-D090": {"K52A-D100": 54.967000000000006}, "K54-U060": {"K54-U070": 244.066713}, "K58-D140": {"K58-D150": 27.436199999999996}, "K53-U020": {"K53-U030": 163.97109891800002}, "K52A-D020": {"K52A-D030": 22.759000000000004}, "K51A-D210": {"K51A-D220": 98.93906000000001}, "K51A-D120": {"K51A-D140": 135.64100000000002}, "K51A-D260": {"K51A-D270": 60.77500000000001}, "K52A-U140": {"K52A-U150": 160.36478188814678}, "K58-D030": {"K58-D040": 32.642236000000004}, "K58-D200": {"K58-D210": 67.21000000000001}, "K51A-U010": {"K51A-U020": 58.053599999999996}, "K53-U010": {"K53-U020": 243.74468909060607}, "K53-U030": {"K53-U040": 200.1241}, "K51A-D150": {"K51A-D160": 128.16595}, "K53-D020": {"K53-D030": 111.7127}, "K54-D060": {"K54-D070": 160.87324}, "K51-D040": {"K51-D050": 54.83787760000001}, "K52-nU270": {"K52-nU280": 160.36478188814678}, "K52A-D160": {"K52A-D170": 150.075948}, "K51A-D180": {"K51A-D190": 120.505}, "K58-D180": {"K58-D190": 289.91380000000004}, "K58-D010": {"K58-D020": 19.11468581}, "K51-U110": {"K51-U120": 133.30900000000003}, "K51-U060": {"K51-U070": 312.40000000000003}, "K58-D050": {"K58-D060": 194.33700000000005}, "K51A-U160": {"K51A-U170": 71.62100000000001}, "K52-nU260": {"K52-nU270": 99.33000000000001}, "K53-U110": {"K53-U120": 100.46014208199742}, "K53-U040": {"K53-U050": 139.16876962993612}, "K52A-D120": {"K52A-D130": 39.259}, "K51-U220": {"K51-U230": 72.1248}, "K52A-D110": {"K52A-D120": 254.65}, "K53-U100": {"K53-U110": 82.21335470996998}, "K52-nD120": {"K52-nD130": 39.6891}, "K52-nU180": {"K52-nU190": 75.70788280000001}, "K53-U070": {"K53-U080": 57.4411056357225}, "K52A-U130": {"K52A-U140": 105.77600000000002}, "K53-D100": {"K53-D110": 77.51920000000001}, "K52-nD020": {"K52-nD030": 38.8322}, "K51-D110": {"K51-D120": 78.32681780000001}, "K52-nD130": {"K52-nD140": 96.69000000000001}, "K54-U020": {"K54-U030": 198.690987}, "K51A-D040": {"K51A-D050": 116.48889999999999}, "K53-D120": {"K53-D130": 80.01433}, "K58-U070": {"K58-U080": 126.48357150000001}, "K51A-U220": {"K51A-U230": 89.87000000000002}, "K52A-U080": {"K52A-U090": 96.57043000000002}, "K52-nU230": {"K52-nU240": 107.822}, "K52-nD280": {"K52-nD290": 70.0931}, "K58-D110": {"K58-D120": 167.09}, "K53-U140": {"K53-D010": 82.73003977492331}, "K51-D160": {"K51-D170": 69.3}, "K53-D140": {"K53-D150": 93.5825286}, "K53-U080": {"K53-U090": 74.2187398787472}, "K51A-D190": {"K51A-D200": 175.12000000000003}, "K52-nD240": {"K52-nD250": 177.023}, "K53-D015": {"K53-D020": 53.292028900000005}, "K53-D030": {"K53-D040": 85.80000000000001}, "K53-D090": {"K53-D100": 62.08509982400003}, "K51-D180": {"K51-D190": 139.436}, "K58-U026": {"K58-U030": 125.99400000000003}, "K58-U020": {"K58-U023": 165.9614}, "K52-nD270": {"K52-nD280": 100.10000000000001}, "K53-D180": {"K53-D190": 77.737}, "K51A-U150": {"K51A-U160": 106.4080875}, "K52-nU040": {"K52-nU050": 71.39000000000001}, "K52-nU250": {"K52-nU260": 101.79950000000001}, "K58-U080": {"K58-U090": 83.39881000000001}, "K53-U130": {"K53-U140": 65.54724}, "K51-U170": {"K51-U180": 83.36569999999999}, "K52-nD060": {"K52-nD070": 129.34768316859828}, "K58-D100": {"K58-D110": 178.09}, "K52-nU190": {"K52-nU200": 150.414}, "K52-nU050": {"K52-nU060": 285.20799999999997}, "K52A-U030": {"K52A-U040": 24.200000000000003}, "K53-U050": {"K53-U060": 133.95247965000001}, "K52-nD140": {"K52-nD150": 128.93980000000002}, "K54-U030": {"K54-U040": 141.29278462200003}, "K51A-D090": {"K51A-D100": 77.12122000000001}, "K51-D250": {"K51-D260": 30.261000000000003}, "K53-D080": {"K53-D090": 62.817700000000016}, "K58-D080": {"K58-D090": 111.85526000000002}, "K53-D110": {"K53-D120": 193.38000000000002}, "K51-D090": {"K51-D100": 101.06800000000001}, "K51A-U120": {"K51A-U130": 133.79124000000002}, "K51-U100": {"K51-U110": 205.81}, "K52-nD160": {"K52-nD170": 172.48}, "K51-D240": {"K51-D250": 134.04380000000003}, "K51A-U030": {"K51A-U040": 67.87}, "K52-nD290": {"K52-nD300": 99.11000000000001}, "K54-U040": {"K54-U050": 165.44}, "K51A-D240": {"K51A-D250": 75.1498}, "K54-U010": {"K54-U020": 123.75000000000003}, "K51-D220": {"K51-D230": 305.8}, "K51A-U240": {"K51A-U250": 60.96200000000001}, "K51A-D170": {"K51A-D180": 202.77400000000003}, "K52-nU020": {"K52-nU030": 102.87640000000002}, "K52-nD150": {"K52-nD160": 150.93760000000003}, "K58-U170": {"K58-U180": 203.14448000000002}, "K58-U180": {"K58-U190": 134.596}, "K51-U130": {"K51-U140": 79.8941}, "K52-nU290": {"K52-nU300": 25.443}, "K51A-U190": {"K51A-U200": 58.124}, "K51-U080": {"K51-U090": 189.85450000000003}, "K52-nD200": {"K52-nD210": 126.78957499999999}, "K52A-U010": {"K52A-U015": 406.307}, "K52A-U170": {"K52A-U180": 275.37054778116794}, "K51A-U110": {"K51A-U120": 124.32420000000002}, "K51A-U230": {"K51A-U240": 39.79756}, "K53-U120": {"K53-U130": 63.8231226182}, "K51A-U060": {"K51A-U070": 333.19000000000005}, "K51-D030": {"K51-D040": 7.249}, "K53-D060": {"K53-D070": 153.30149999999998}, "K52A-U150": {"K52A-U160": 48.7179}, "K52A-U040": {"K52A-U050": 146.85}, "K51A-U100": {"K51A-U110": 219.4852}, "K51-U050": {"K51-U060": 302.72}, "K52A-U015": {"K52A-U020": 159.62870000000004}, "K51A-U210": {"K51A-U220": 84.65599999999999}, "K51A-U180": {"K51A-U190": 83.82000000000001}, "K52-nU010": {"K52-nU020": 31.409400000000005}, "K51-D260": {"K51-D270": 71.324}, "K52-nD260": {"K52-nD270": 74.47}, "K58-D196": {"K58-D200": 121.55}, "K54-U070": {"K54-D010": 154.0374}, "K51-D170": {"K51-D180": 135.07670000000002}, "K58-U050": {"K58-U060": 71.06}, "K52A-U100": {"K52A-U110": 96.14000000000001}, "K58-U110": {"K58-U120": 201.872}, "K51A-D110": {"K51A-D120": 63.84664}, "K58-U090": {"K58-U100": 234.3}, "K52-nD090": {"K52-nD100": 32.29710000000001}, "K52-nD110": {"K52-nD120": 170.96948000000003}, "K58-U060": {"K58-U070": 201.37700000000004}, "K52A-D030": {"K52A-D040": 26.354899999999997}, "K52A-U060": {"K52A-U070": 151.984987}, "K51A-D160": {"K51A-D170": 265.1}, "K52A-D010": {"K52A-D020": 277.218239332859}, "K52A-D150": {"K52A-D160": 132.0}, "K58-U023": {"K58-U026": 62.37899470000001}, "K52A-D060": {"K52A-D070": 129.34768316859828}, "K52-nD230": {"K52-nD240": 171.6}, "K58-D150": {"K58-D160": 77.66}, "K52A-U070": {"K52A-U080": 108.02000000000001}, "K52-nD170": {"K52-nD180": 153.35100000000003}, "K52-nU140": {"K52-nU150": 224.29000000000002}, "K52-nU280": {"K52-nU290": 33.8932}, "K51-U240": {"K51-U250": 121.11000000000001}, "K58-D170": {"K58-D180": 154.99}, "K53-D040": {"K53-D050": 105.60000000000001}, "K52-nU200": {"K52-nU210": 116.68470000000005}, "K51A-U040": {"K51A-U050": 147.29000000000002}, "K51A-D070": {"K51A-D080": 89.10000000000001}, "K52-nU090": {"K52-nU100": 159.50000000000003}, "K52A-U050": {"K52A-U060": 70.51}, "K58-U200": {"K58-U210": 61.91350000000001}, "K58-U120": {"K58-U130": 174.40500000000003}, "K52A-D170": {"K52A-D180": 145.20000000000002}, "K53-D130": {"K53-D140": 109.04563999999998}, "K58-U150": {"K58-U160": 160.2381},