{"K65A-D090": {"K65A-D100": 127.79135490000003}, "K65A-D070": {"K65A-D080": 153.59167318}, "K66-D050": {"K66-D060": 58.88519999999998}, "K65-U180": {"K65-U190": 78.89090000000002}, "K65-D060": {"K65-D070": 99.1221416658}, "K68-U160": {"K68-U170": 72.38000000000001}, "K65A-U080": {"K65A-U090": 75.82289771231999}, "K66-U200": {"K66-U210": 55.64244359519999}, "K65A-D010": {"K65A-D020": 55.50168140000001}, "K65A-D030": {"K65A-D040": 86.32680903000002}, "K65A-D080": {"K65A-D090": 70.02082776997}, "K65A-D040": {"K65A-D050": 70.62141955}, "K65-U170": {"K65-U180": 56.403095100000016}, "K65-U150": {"K65-U160": 46.2}, "K65-D140": {"K65-D150": 114.9873648}, "K65A-U020": {"K65A-U030": 223.61563268}, "K65-U060": {"K65-U070": 48.607536999999994}, "K65-D110": {"K65-D120": 135.363239}, "K65-D120": {"K65-D130": 69.6421}, "K66-U050": {"K66-U060": 64.6052}, "K68-D170": {"K68-D180": 69.8412}, "K65-U140": {"K65-U150": 120.82143590000001}, "K66-D090": {"K66-D100": 64.572134}, "K66-U170": {"K66-U180": 35.70670883999999}, "K68-D090": {"K68-D100": 158.829}, "K65-U210": {"K65-U220": 83.60000000000001}, "K65A-U050": {"K65A-U060": 49.99229747094001}, "K68-D130": {"K68-D140": 61.49000000000001}, "K65A-U060": {"K65A-U070": 46.189}, "K66-D140": {"K66-D150": 118.95980800000002}, "K68-D100": {"K68-D110": 103.25480000000002}, "K65A-D050": {"K65A-D060": 64.22460000000001}, "K66-D060": {"K66-D070": 55.784557400000004}, "K65-U220": {"K65-U230": 89.30062899999999}, "K65-D150": {"K65-D160": 128.37000000000003}, "K66-D150": {"K66-D160": 108.08930000000001}, "K68-U100": {"K68-U110": 208.33582}, "K66-U020": {"K66-U030": 225.9156966}, "K66-U120": {"K66-U130": 52.329969945000016}, "K65-D130": {"K65-D140": 144.374032}, "K65-U120": {"K65-U130": 221.076361}, "K65-U080": {"K65-U090": 202.37800000000001}, "K66-U130": {"K66-U140": 56.407681000000004}, "K66-D210": {"K66-D220": 151.55470000000005}, "K66-U160": {"K66-U170": 47.509}, "K66-U210": {"K66-U220": 58.15260000000001}, "K66-D030": {"K66-D040": 89.43}, "K65-D100": {"K65-D110": 276.729266}, "K66-D200": {"K66-D210": 159.642187078}, "K65-U160": {"K65-U170": 50.71560999999999}, "K65-D020": {"K65-D030": 91.79149650000001}, "K65-U110": {"K65-U120": 115.81471000000002}, "K68-D030": {"K68-D040": 113.79500000000003}, "K65-D180": {"K65-D190": 129.79137380000003}, "K65A-D020": {"K65A-D030": 88.22400400000001}, "K66-U080": {"K66-U090": 192.6144}, "K65A-U090": {"K65A-U100": 72.724146}, "K65A-U070": {"K65A-U080": 49.74371692400001}, "K66-D070": {"K66-D080": 30.5888}, "K65-D080": {"K65-D090": 73.85768499999998}, "K65-U050": {"K65-U060": 143.68200000000004}, "K65-D010": {"K65-D020": 49.89534000000001}, "K65-U130": {"K65-U140": 57.80500000000001}, "K66-D190": {"K66-D200": 93.5}, "K68-D160": {"K68-D170": 90.29999000000001}, "K65A-D060": {"K65A-D070": 106.01258800000001}, "K68-D120": {"K68-D130": 224.26800000000003}, "K66-U140": {"K66-U150": 55.14285920000001}, "K68-D020": {"K68-D030": 90.53}, "K65A-D100": {"K65A-D110": 302.39}, "K66-U180": {"K66-U190": 56.1}, "K65-D160": {"K65-D170": 150.8255122}, "K68-D110": {"K68-D120": 100.66298000000002}, "K68-U090": {"K68-U100": 166.65}, "K66-D160": {"K66-D170": 147.4}, "K65-U030": {"K65-U040": 87.76548}, "K68-D040": {"K68-D050": 179.59040000000005}, "K68-D150": {"K68-D160": 67.18800000000002}, "K65-U070": {"K65-U080": 79.56960000000001}, "K68-U050": {"K68-U060": 46.3991}, "K68-U120": {"K68-U130": 234.15589999999997}, "K65-D050": {"K65-D060": 58.0327}, "K65A-U040": {"K65A-U050": 119.8824}, "K66-D080": {"K66-D090": 81.3472}, "K66-U030": {"K66-U040": 231.11000000000004}, "K66-D100": {"K66-D110": 58.234}, "K66-D180": {"K66-D190": 116.56887000000002}, "K65A-U100": {"K65A-U110": 112.92654999999999}, "K66-U100": {"K66-U110": 95.35900000000001}, "K65-D040": {"K65-D050": 37.71921999999999}, "K65-D090": {"K65-D100": 133.44078000000002}, "K68-D070": {"K68-D080": 212.19}, "K68-D080": {"K68-D090": 92.51000000000002}, "K68-U030": {"K68-U040": 24.75}, "K65-D170": {"K65-D180": 104.98400000000001}, "K66-D110": {"K66-D120": 57.42}, "K68-U170": {"K68-D010": 287.43}, "K68-D010": {"K68-D020": 37.400000000000006}, "K66-D220": {"K66-D230": 107.07509999999999}, "K65-D070": {"K65-D080": 142.47447610000003}, "K68-U040": {"K68-U050": 43.230000000000004}, "K66-U010": {"K66-U020": 137.63279200000002}, "K65-D030": {"K65-D040": 81.1260241}, "K66-D130": {"K66-D140": 88.41250000000001}, "K66-U070": {"K66-U080": 177.452}, "K65-U200": {"K65-U210": 81.51}, "K65-U040": {"K65-U050": 88.0}, "K66-D020": {"K66-D030": 74.26209999999999}, "K68-D060": {"K68-D070": 104.50000000000001}, "K66-D040": {"K66-D050": 58.81700000000001}, "K66-U190": {"K66-U200": 68.74252000000001}, "K68-U070": {"K68-U080": 25.080000000000002}, "K68-U110": {"K68-U120": 237.6}, "K68-U130": {"K68-U140": 165.33}, "K68-U140": {"K68-U150": 82.5}, "K65-U190": {"K65-U200": 67.65}, "K65A-U030": {"K65A-U040": 60.258}, "K68-D050": {"K68-D060": 113.85000000000002}, "K66-U110": {"K66-U120": 44.0}, "K68-U010": {"K68-U020": 96.47}, "K66-U090": {"K66-U100": 54.80200000000001}, "K66-D230": {"K66-D240": 98.12}, "K65A-U110": {"K65A-U120": 86.559}, "K65-U090": {"K65-U100": 59.123889}, "K68-U080": {"K68-U090": 22.440000000000005}, "K68-D140": {"K68-D150": 67.10000000000001}, "K68-D190": {"K68-D200": 70.4}, "K65A-U010": {"K65A-U020": 137.3537}, "K68-U060": {"K68-U070": 79.53}, "K68-D200": {"K68-U011": 87.01}, "K68-D180": {"K68-D190": 54.45000000000001}, "K66-D120": {"K66-D130": 79.2}, "K65A-U120": {"K65A-U130": 93.83000000000001}, "K65-U100": {"K65-U110": 176.22}, "K65-U010": {"K65-U020": 203.50000000000003}, "K66-U040": {"K66-U050": 134.20000000000002}, "K68-U020": {"K68-U030": 40.7}, "K66-U060": {"K66-U070": 161.70000000000002}}