{"KF4": {"KF6": 250.9536071619053, "KF2": 1022.6187567241162}, "KF2": {"KF4": 1022.6217597670573}, "KF3": {"KF1": 686.7689853803558}, "KF1": {"KF3": 686.7617396452348, "KF5": 767.8869759714137}, "KF6": {"KF4": 250.9544521393214}, "KF5": {"KF1": 767.8870677077604}}