{"LET": {"WCH": 142.90446786000004, "SOH": 101.06202203653302}}