{"SUN": {"TUC": 823.8869707738256, "DIS": 198.58233387484285, "TSY": 690.6200880483439}, "SUW": {"TKW": 80.6809388, "KAT": 103.11840000000002}}