{"TAW": {"HIK": 0.0, "KOT": 320.6243050821675, "SHT": 12.7864, "CKT": 132.0}, "TAP": {"UNI": 430.1237770009094, "TWO": 74.39358894}, "TAK": {"QUB": 21.5028, "SWH": 118.8}}