{"TAW": {"HIK": 17.820000000000004, "KOT": 320.61583510367115, "SHT": 12.16776, "CKT": 132.0}, "TAP": {"UNI": 430.12171631278216, "TWO": 73.4588070414}, "TAK": {"QUB": 19.352520000000002, "SWH": 106.92}}