{"TSY": {"LAK": 180.92629365878497, "AIR": 1467.438586142023, "SUN": 690.6355419441308, "KOW": 661.6658807957313}, "TST": {"JOR": 5.9399999999999995}, "TSW": {"TWH": 59.4}, "TSH": {"SHM": 216.41829374487838}}