{"TWH": {"KWH": 0.0}, "TWW": {"KSR": 712.0342164557095}, "TWO": {"TAP": 136.4, "FAN": 412.6406617887754}}