{"WCH": {"OCP": 126.80930006071044, "LET": 94.83758712500156}}