{"WTS": {"LOF": 98.50719999999998, "DIH": 11.879999999999999}}