{"FOT": {"SHT": 155.96456137546923, "UNI": 186.4367687732366}, "FOH": {"TIH": 120.12, "NOP": 0.0}}