{"HAH": {"TKO": 70.93590989449787, "POA": 119.72132740243369}}