{"HOK": {"KOW": 140.4194020220818}, "HOM": {"TKW": 107.97061699199999, "YMT": 47.14140889428802, "HUH": 20.5643758, "WHA": 77.61901023018022}}