{"HOK": {"KOW": 177.73115273204988}, "HOM": {"TKW": 107.71199999999999, "YMT": 66.0, "HUH": 0.0}}