{"K66-D080": {"K66-D090": 78.6941430479202}, "K65A-D080": {"K65A-D090": 63.87930100000001}, "K66-U100": {"K66-U110": 97.93404659297003}, "K65-D150": {"K65-D160": 121.77597566018297}, "K65A-D090": {"K65A-D100": 131.04300000000003}, "K68-U130": {"K68-U140": 149.5146321221}, "K65-U010": {"K65-U020": 264.68848642118456}, "K68-U030": {"K68-U040": 17.754987800000002}, "K65-D110": {"K65-D120": 120.87298170513557}, "K66-D140": {"K66-D150": 116.25040645541985}, "K66-U180": {"K66-U190": 66.06439285823103}, "K66-D230": {"K66-D240": 95.97481140053432}, "K66-D110": {"K66-D120": 54.579921481290015}, "K68-D190": {"K68-D200": 51.46528051300002}, "K65-D100": {"K65-D110": 232.92952163730834}, "K66-D090": {"K66-D100": 47.29508250590504}, "K65-U120": {"K65-U130": 184.97704863081373}, "K66-U040": {"K66-U050": 128.5447218162222}, "K66-D070": {"K66-D080": 60.425713906917984}, "K66-D030": {"K66-D040": 88.4581323271861}, "K65-U070": {"K65-U080": 62.50634921954685}, "K66-U080": {"K66-U090": 177.67356746859363}, "K68-D050": {"K68-D060": 58.94471860364848}, "K66-D210": {"K66-D220": 150.55916970148505}, "K66-D200": {"K66-D210": 134.44235546315772}, "K65-D090": {"K65-D100": 113.67095404560355}, "K65-U030": {"K65-U040": 97.53242109350705}, "K66-U110": {"K66-U120": 40.373756285487374}, "K65A-U100": {"K65A-U110": 112.289022241}, "K68-U020": {"K68-U030": 25.60482176157519}, "K65-U180": {"K65-U190": 80.51105219026054}, "K65-D050": {"K65-D060": 57.00846068359484}, "K68-U110": {"K68-U120": 195.13591527}, "K66-U030": {"K66-U040": 177.35333186981998}, "K68-D080": {"K68-D090": 85.21893929999999}, "K66-U190": {"K66-U200": 68.76953500798132}, "K65-D120": {"K65-D130": 74.62694643132002}, "K65-D140": {"K65-D150": 119.0774223784293}, "K65-U210": {"K65-U220": 79.44013}, "K65-D040": {"K65-D050": 74.16926464569153}, "K65-D160": {"K65-D170": 147.2061885856811}, "K65-U190": {"K65-U200": 72.72886498053845}, "K66-D190": {"K66-D200": 87.1181133780641}, "K68-D150": {"K68-D160": 92.26278421185307}, "K68-D200": {"K68-U011": 83.83336390000001}, "K66-D060": {"K66-D070": 54.861342630318816}, "K65-U100": {"K65-U110": 166.57778550376216}, "K66-U130": {"K66-U140": 56.188710915725075}, "K68-U080": {"K68-U090": 45.14458419014301}, "K68-U090": {"K68-U100": 169.65064270920922}, "K65-U140": {"K65-U150": 104.94618973617125}, "K65A-U090": {"K65A-U100": 81.62}, "K66-D150": {"K66-D160": 100.30240451902564}, "K66-D120": {"K66-D130": 69.806899072926}, "K65-D030": {"K65-D040": 82.304117127826}, "K68-D020": {"K68-D030": 95.06163336700003}, "K68-D170": {"K68-D180": 65.29372963960401}, "K66-D220": {"K66-D230": 83.08204324901683}, "K66-D040": {"K66-D050": 49.48357669190754}, "K66-D050": {"K66-D060": 53.99393239827032}, "K65-U130": {"K65-U140": 45.41668044860994}, "K66-U140": {"K66-U150": 48.751295014532545}, "K68-D010": {"K68-D020": 43.619782456228}, "K65-D130": {"K65-D140": 143.98308664516998}, "K65-U110": {"K65-U120": 119.74385783685928}, "K65-U020": {"K65-U030": 127.83023216569397}, "K66-U120": {"K66-U130": 53.546286257982636}, "K66-U090": {"K66-U100": 53.764053678557005}, "K65-D060": {"K65-D070": 97.14885572112146}, "K65-U080": {"K65-U090": 160.34922903460523}, "K65-D170": {"K65-D180": 105.79769839411324}, "K68-D140": {"K68-D150": 41.46996700000001}, "K66-U070": {"K66-U080": 203.37869262114583}, "K66-U200": {"K66-U210": 58.6438309146}, "K65-D080": {"K65-D090": 69.14698034780926}, "K66-U060": {"K66-U070": 159.05538723443334}, "K68-D090": {"K68-D100": 196.33900000000003}, "K65A-U110": {"K65A-U120": 61.000392999999995}, "K68-U120": {"K68-U130": 177.18613769999996}, "K66-D180": {"K66-D190": 85.5302297645644}, "K68-D040": {"K68-D050": 119.0541572}, "K65-D070": {"K65-D080": 160.43173641839678}, "K66-U170": {"K66-U180": 32.074772340244614}, "K68-D070": {"K68-D080": 201.68603906000004}, "K66-D020": {"K66-D030": 40.508729910000014}, "K68-D060": {"K68-D070": 97.97018299999999}, "K66-D130": {"K66-D140": 53.5919707886719}, "K65-U050": {"K65-U060": 106.52137233095195}, "K68-U010": {"K68-U020": 108.92063094134201}, "K65-U060": {"K65-U070": 37.9529802286}, "K66-U160": {"K66-U170": 34.69708553206777}, "K65-D180": {"K65-D190": 127.19755227903761}, "K68-D130": {"K68-D140": 57.72023467999999}, "K65-U040": {"K65-U050": 85.83882258784}, "K66-U050": {"K66-U060": 42.680959033269296}, "K68-D100": {"K68-D110": 89.92810262}, "K66-U020": {"K66-U030": 227.586091986417}, "K68-D180": {"K68-D190": 41.00727673832191}, "K65-U090": {"K65-U100": 52.05378238373648}, "K66-D100": {"K66-D110": 53.220539292988846}, "K65A-D100": {"K65A-D110": 273.85753550000004}, "K65-U150": {"K65-U160": 51.51535611268311}, "K68-U100": {"K68-U110": 178.95381025900002}, "K65-U200": {"K65-U210": 103.1712561465869}, "K66-D160": {"K66-D170": 140.12400024776997}, "K68-U070": {"K68-U080": 23.799220311}, "K68-U160": {"K68-U170": 67.64175369820002}, "K68-U040": {"K68-U050": 47.04687616306001}, "K68-U140": {"K68-U150": 47.13495625488528}, "K68-D110": {"K68-D120": 101.41660442100002}, "K66-U150": {"K66-U160": 52.37730738598134}, "K65A-U060": {"K65A-U070": 64.46000000000001}, "K68-U170": {"K68-D010": 169.5628}, "K65A-U070": {"K65A-U080": 63.31300000000001}, "K65A-U120": {"K65A-U130": 91.33703198}, "K65-U220": {"K65-U230": 84.56509461103002}, "K65-U170": {"K65-U180": 54.195711388652015}, "K66-D010": {"K66-D020": 16.0919125762}, "K68-D160": {"K68-D170": 84.5609413}, "K68-U060": {"K68-U070": 86.443544}, "K66-D170": {"K66-D180": 172.6985767648683}, "K65-D010": {"K65-D020": 51.97797632350491}, "K68-U050": {"K68-U060": 39.18985108390001}, "K65-U160": {"K65-U170": 56.87007317538913}, "K65-D020": {"K65-D030": 79.40279324393694}, "K65A-U080": {"K65A-U090": 52.346900000000005}, "K68-U150": {"K68-U160": 85.99866519200005}, "K68-D120": {"K68-D130": 194.09686476000005}, "K66-U210": {"K66-U220": 60.076203975118986}, "K68-D030": {"K68-D040": 95.734794074}, "K66-U010": {"K66-U020": 139.48314184981}, "K65A-U040": {"K65A-U050": 105.60000000000001}, "K65A-D050": {"K65A-D060": 57.2}, "K65A-D040": {"K65A-D050": 82.5}, "K65A-U050": {"K65A-U060": 53.900000000000006}, "K65A-D070": {"K65A-D080": 161.70000000000002}, "K65A-D060": {"K65A-D070": 75.0}}