{"K66-D080": {"K66-D090": 83.0435067}, "K65A-D080": {"K65A-D090": 64.36210000000001}, "K66-U100": {"K66-U110": 91.63000000000002}, "K65-D150": {"K65-D160": 112.99079000000002}, "K65A-D090": {"K65A-D100": 129.47000000000003}, "K68-U130": {"K68-U140": 149.809}, "K65-U010": {"K65-U020": 266.2}, "K68-U030": {"K68-U040": 14.520000000000001}, "K65-D110": {"K65-D120": 126.76051299999999}, "K66-D140": {"K66-D150": 145.53000000000003}, "K66-U180": {"K66-U190": 64.4940175}, "K66-D230": {"K66-D240": 97.548}, "K66-D110": {"K66-D120": 67.10000000000001}, "K68-D190": {"K68-D200": 53.49300000000001}, "K65-D100": {"K65-D110": 229.99899999999997}, "K66-D090": {"K66-D100": 41.756}, "K65-U120": {"K65-U130": 190.7246}, "K66-U040": {"K66-U050": 128.48000000000002}, "K66-D070": {"K66-D080": 65.88747000000001}, "K66-D030": {"K66-D040": 91.861}, "K65-U070": {"K65-U080": 59.12940000000002}, "K66-U080": {"K66-U090": 182.65236000000002}, "K68-D050": {"K68-D060": 62.56580000000001}, "K66-D210": {"K66-D220": 145.1285}, "K66-D200": {"K66-D210": 135.63000000000002}, "K65-D090": {"K65-D100": 114.10043260000005}, "K65-U030": {"K65-U040": 91.18373}, "K66-U110": {"K66-U120": 39.842000000000006}, "K65A-U100": {"K65A-U110": 119.9}, "K68-U020": {"K68-U030": 33.891000000000005}, "K65-U180": {"K65-U190": 79.035}, "K65-D050": {"K65-D060": 58.40438999999999}, "K68-U110": {"K68-U120": 179.223}, "K66-U030": {"K66-U040": 179.08}, "K68-D080": {"K68-D090": 87.67}, "K66-U190": {"K66-U200": 70.07000000000001}, "K65-D120": {"K65-D130": 78.80368100000001}, "K65-D140": {"K65-D150": 130.76734000000005}, "K65-U210": {"K65-U220": 80.3}, "K65-D040": {"K65-D050": 76.14919683998002}, "K65-D160": {"K65-D170": 143.06599999999997}, "K65-U190": {"K65-U200": 66.25630000000002}, "K66-D190": {"K66-D200": 93.41123000000002}, "K68-D150": {"K68-D160": 55.78099999999999}, "K68-D200": {"K68-U011": 68.2}, "K66-D060": {"K66-D070": 60.247}, "K65-U100": {"K65-U110": 173.24560000000002}, "K66-U130": {"K66-U140": 55.833690000000004}, "K68-U080": {"K68-U090": 48.730000000000004}, "K68-U090": {"K68-U100": 159.28}, "K65-U140": {"K65-U150": 107.28894000000003}, "K65A-U090": {"K65A-U100": 82.5}, "K66-D150": {"K66-D160": 111.8161}, "K66-D120": {"K66-D130": 72.06793000000002}, "K65-D030": {"K65-D040": 80.234}, "K68-D020": {"K68-D030": 93.50000000000001}, "K68-D170": {"K68-D180": 65.34}, "K66-D220": {"K66-D230": 96.36000000000001}, "K66-D040": {"K66-D050": 42.691}, "K66-D050": {"K66-D060": 58.96}, "K65-U130": {"K65-U140": 44.176}, "K66-U140": {"K66-U150": 48.246}, "K68-D010": {"K68-D020": 45.37411999999999}, "K65-D130": {"K65-D140": 184.01569999999998}, "K65-U110": {"K65-U120": 121.792}, "K65-U020": {"K65-U030": 136.07330000000002}, "K66-U120": {"K66-U130": 56.397000000000006}, "K66-U090": {"K66-U100": 63.55800000000001}, "K65-D060": {"K65-D070": 101.42}, "K65-U080": {"K65-U090": 103.88400000000001}, "K65-D170": {"K65-D180": 120.89000000000001}, "K68-D140": {"K68-D150": 30.800000000000004}, "K66-U070": {"K66-U080": 220.85800000000003}, "K66-U200": {"K66-U210": 60.43399999999999}, "K65-D080": {"K65-D090": 63.08720000000001}, "K66-U060": {"K66-U070": 170.23600000000002}, "K68-D090": {"K68-D100": 195.8}, "K65A-U110": {"K65A-U120": 46.53000000000001}, "K68-U120": {"K68-U130": 187.00000000000003}, "K66-D180": {"K66-D190": 80.30000000000001}, "K68-D040": {"K68-D050": 119.68000000000002}, "K65-D070": {"K65-D080": 162.97930000000005}, "K66-U170": {"K66-U180": 32.8735}, "K68-D070": {"K68-D080": 201.96000000000004}, "K66-D020": {"K66-D030": 9.9}, "K68-D060": {"K68-D070": 107.8}, "K66-D130": {"K66-D140": 65.23}, "K65-U050": {"K65-U060": 114.80699999999999}, "K68-U010": {"K68-U020": 110.22}, "K65-U060": {"K65-U070": 40.260000000000005}, "K66-U160": {"K66-U170": 7.37}, "K65-D180": {"K65-D190": 132.95700000000002}, "K68-D130": {"K68-D140": 61.60000000000001}, "K65-U040": {"K65-U050": 92.004}, "K66-U050": {"K66-U060": 44.6919}, "K68-D100": {"K68-D110": 87.538}, "K66-U020": {"K66-U030": 225.76950000000005}, "K68-D180": {"K68-D190": 41.7032}, "K65-U090": {"K65-U100": 53.42700000000001}, "K66-D100": {"K66-D110": 58.11300000000002}, "K65A-D100": {"K65A-D110": 295.95500000000004}, "K65-U150": {"K65-U160": 55.99000000000001}, "K68-U100": {"K68-U110": 183.70000000000002}, "K65-U200": {"K65-U210": 86.9}, "K66-D160": {"K66-D170": 138.93}, "K68-U070": {"K68-U080": 21.89}, "K68-U160": {"K68-U170": 64.9}, "K68-U040": {"K68-U050": 45.1}, "K68-U140": {"K68-U150": 48.95}, "K68-D110": {"K68-D120": 110.00000000000001}, "K66-U150": {"K66-U160": 42.525999999999996}, "K65A-U060": {"K65A-U070": 64.9}, "K68-U170": {"K68-D010": 166.10000000000002}, "K65A-U070": {"K65A-U080": 64.9}, "K65A-U120": {"K65A-U130": 82.5}, "K65-U220": {"K65-U230": 83.60000000000001}, "K65-U170": {"K65-U180": 58.52}, "K66-D010": {"K66-D020": 14.300000000000002}, "K68-D160": {"K68-D170": 83.60000000000001}}