{"K75P-D050": {"K75P-D060": 87.8647}, "K73-U050": {"K73-U060": 113.83377500000002}, "K75P-D040": {"K75P-D050": 174.45087000000004}, "K74-D110": {"K74-U002": 162.8}, "K75P-D010": {"K75P-D020": 155.74504000000002}, "K76-U010": {"K76-U020": 8.753758167}, "K75A-D040": {"K75A-D050": 67.144}, "K73-D080": {"K73-D090": 266.3001000000001}, "K75A-D030": {"K75A-D040": 53.086}, "K73-D150": {"K73-D160": 37.4341}, "K75P-U040": {"K75P-U050": 121.825}, "K73-U110": {"K73-U120": 179.64756689946}, "K75P-D070": {"K75P-D080": 104.67182000000003}, "K76-U040": {"K76-U050": 84.14076}, "K73-U040": {"K73-U050": 112.86712076750003, "K73-U060": 237.60000000000002}, "K75A-D080": {"K75A-D090": 162.2214}, "K75A-D050": {"K75A-D060": 92.95000000000002}, "K75P-D080": {"K75P-U011": 159.39}, "K75P-U010": {"K75P-U020": 94.81450000000001}, "K75P-U080": {"K75P-U090": 40.7}, "K73-U080": {"K73-U090": 293.79055508000005, "K73-U110": 151.48842975741633}, "K73-U100": {"K73-U110": 259.72376686520005}, "K76-U020": {"K76-U030": 160.350927}, "K74-U007": {"K74-U010": 242.68200000000002}, "K73-U010": {"K73-U020": 68.725415}, "K76-U030": {"K76-U040": 163.09073215508118}, "K73-U020": {"K73-U030": 195.41719999999998}, "K73-D070": {"K73-D080": 160.18200000000004}, "K75P-U090": {"K75P-U100": 40.843256849999996}, "K76-D030": {"K76-D040": 50.434340121000005}, "K73-U030": {"K73-U040": 99.67005423100001}, "K73-D040": {"K73-D050": 69.31650000000002}, "K75P-U120": {"K75P-U130": 68.24202000000001}, "K73-D110": {"K73-D120": 69.102}, "K73-D130": {"K73-D140": 160.24800000000002}, "K75A-U010": {"K75A-U020": 49.115}, "K74-U060": {"K74-U070": 156.20000000000002}, "K76-D010": {"K76-D020": 170.44198715518354}, "K73-U060": {"K73-U070": 141.73924958054513}, "K74-U004": {"K74-U007": 88.638}, "K75P-D020": {"K75P-D030": 42.944}, "K74-U090": {"K74-U100": 229.35000000000005}, "K73-D100": {"K73-D110": 196.13000000000002}, "K75A-D110": {"K75A-U011": 196.68}, "K73-D090": {"K73-D100": 89.57300000000001}, "K75P-U110": {"K75P-U120": 89.9943}, "K74-D020": {"K74-D030": 145.03112256127426}, "K74-U020": {"K74-U030": 119.36100000000002}, "K75A-D100": {"K75A-D110": 89.43}, "K73-D050": {"K73-D070": 122.76000000000002}, "K75P-U100": {"K75P-U110": 73.90185000000001}, "K75P-D030": {"K75P-D040": 146.35731}, "K73-U090": {"K73-U100": 191.97659866}, "K74-U001": {"K74-U004": 139.48000000000002}, "K73-U070": {"K73-U080": 156.37434249976008}, "K75P-U060": {"K75P-U070": 34.603800000000014}, "K75A-D090": {"K75A-D100": 62.48}, "K76-D020": {"K76-D030": 144.95463582600001}, "K74-D030": {"K74-D040": 129.61080000000004}, "K74-U010": {"K74-U020": 125.62}, "K74-D080": {"K74-D090": 183.70000000000002}, "K75P-D060": {"K75P-D070": 181.17000000000002}, "K74-D050": {"K74-D060": 89.1}, "K75A-D060": {"K75A-D070": 17.025800000000004}, "K74-D090": {"K74-U011": 77.64900000000002}, "K74-U040": {"K74-U050": 286.814}, "K74-U070": {"K74-U080": 162.91}, "K75P-U130": {"K75P-U140": 45.2518}, "K75A-D020": {"K75A-D030": 29.348000000000003}, "K74-D060": {"K74-D070": 155.10000000000002}, "K75P-U070": {"K75P-U080": 133.10000000000002}, "K75P-U140": {"K75P-D010": 181.39000000000001}, "K75A-U030": {"K75A-D010": 253.00000000000003}, "K74-U050": {"K74-U060": 214.50000000000003}, "K75A-U020": {"K75A-U030": 139.81}, "K73-D020": {"K73-D030": 91.58600000000001}, "K75A-D070": {"K75A-D080": 62.7}, "K73-D140": {"K73-D150": 209.99}, "K73-D030": {"K73-D040": 134.20000000000002}, "K73-D010": {"K73-D020": 78.10000000000001}, "K74-D070": {"K74-D080": 255.20000000000002}, "K73-D120": {"K73-D130": 104.50000000000001}, "K74-U030": {"K74-U040": 292.6}, "K75A-D010": {"K75A-D020": 238.70000000000002}}