{"KOT": {"TAW": 320.6243050821675, "MKK": 138.0016378680454, "SKM": 120.68099999999997, "LOF": 0.0}, "KOW": {"OLY": 121.79530547468596, "HOK": 177.73959578424873, "TSY": 661.6594549835729}, "KOB": {"CHH": 66.0}}