{"KWH": {"TWH": 14.53291389}, "KWT": {"NTK": 10.781100000000002, "LAT": 31.227899999999998}, "KWF": {"KWH": 10.691999999999998, "LAK": 6.6}}