{"OCP": {"WCH": 135.70577294999998, "ADM": 287.68508161552364}}