{"SHS": {"FAN": 125.72964287584118, "LMC": 525.2461667274772}, "SHT": {"TAW": 120.38729999999998, "FOT": 155.98726948978168}, "SHW": {"CEN": 11.0, "SYP": 132.0}, "SHM": {"TSH": 216.41829374487838, "CIO": 132.0}}