{"TIH": {"FOH": 0.0}, "TIS": {"LOP": 173.90155338871207}, "TIK": {"TKO": 53.46, "YAT": 141.4205937615855}}