{"WTS": {"LOF": 64.87301064986852, "DIH": 91.392048}}