{"YAT": {"TIK": 141.42196635826363, "QUB": 249.6535301223857, "LAT": 178.20000000000002}}