{"YAT": {"TIK": 141.42185030209822, "QUB": 249.65751639704254, "LAT": 178.20000000000002}}