{"YMT": {"JOR": 25.523804996731858, "HOM": 70.28438087949738, "MOK": 56.02327560461142}}