{"FOT": {"UNI": 186.43206667162605, "SHT": 155.96858734975226}, "FOH": {"NOP": 138.2733, "TIH": 132.0}}