{"HAH": {"TKO": 54.85507527475655, "POA": 119.33641891005702}}