{"HUH": {"EXC": 199.7113192192401, "MKK": 188.3268434346662, "ETS": 125.4}}