{"K18-U010": {"K18-U020": 234.17483803820627}, "K17-D010": {"K17-D020": 188.57514963220038}, "K18-D020": {"K18-D030": 38.79450550867987}, "K18-U020": {"K18-U030": 65.19093394810446}, "K12-D030": {"K12-D040": 10.771834603828335}, "K17-D020": {"K17-D030": 14.807823507444832}, "K12-D020": {"K12-D030": 286.7608268511998}, "K17-U030": {"K17-U040": 32.3023433715617}, "K17-U020": {"K17-U030": 157.7004856072185}, "K12-U010": {"K12-U020": 231.63339182499993}, "K12-D010": {"K12-D020": 157.68551700000003}, "K18-D010": {"K18-D020": 243.04138109706838}, "K12-U020": {"K12-U030": 231.8216145821246}, "K17-U010": {"K17-U020": 95.05452}}