{"K18-U010": {"K18-U020": 230.6496080174199}, "K17-D010": {"K17-D020": 180.232441196434}, "K18-D020": {"K18-D030": 39.86303160615717}, "K18-U020": {"K18-U030": 64.27509986997455}, "K12-D030": {"K12-D040": 9.908008845950821}, "K17-D020": {"K17-D030": 19.41855179049353}, "K12-D020": {"K12-D030": 312.20031118134403}, "K17-U030": {"K17-U040": 30.933169692224585}, "K17-U020": {"K17-U030": 154.53618284343253}, "K12-U010": {"K12-U020": 288.09825}, "K12-D010": {"K12-D020": 166.40613000000002}, "K18-D010": {"K18-D020": 246.0683906372022}, "K12-U020": {"K12-U030": 231.338734}, "K17-U010": {"K17-U020": 108.59200000000001}}