{"K53-D080": {"K53-D090": 55.657910000000015}, "K51A-U030": {"K51A-U040": 52.7571}, "K58-D070": {"K58-D080": 144.76000000000002}, "K51-U190": {"K51-U200": 66.9383}, "K52A-U080": {"K52A-U090": 78.4784}, "K53-U110": {"K53-U120": 96.21520776191062}, "K52-nD040": {"K52-nD050": 25.3}, "K51-U070": {"K51-U080": 178.442}, "K53-D150": {"K53-D160": 165.88000000000002}, "K52-nD260": {"K52-nD270": 50.52300000000001}, "K52A-U140": {"K52A-U150": 160.36478188814678}, "K53-U020": {"K53-U030": 158.88773161250006}, "K51-U020": {"K51-U030": 110.5907}, "K52A-D110": {"K52A-D120": 168.51340000000002}, "K52A-D140": {"K52A-D150": 98.56}, "K58-D130": {"K58-D140": 115.59339000000003}, "K58-D190": {"K58-D193": 160.00600000000003}, "K58-U150": {"K58-U160": 130.79000000000002}, "K52-nU230": {"K52-nU240": 80.30000000000001}, "K51A-U010": {"K51A-U020": 46.75}, "K51A-U170": {"K51A-U180": 84.26000000000002}, "K51-D110": {"K51-D120": 93.39}, "K53-U140": {"K53-D010": 86.6756899191117}, "K51A-U190": {"K51A-U200": 75.63600000000001}, "K54-U070": {"K54-D010": 164.06819000000002}, "K54-D020": {"K54-D030": 132.83763902433583}, "K52-nU110": {"K52-nU120": 166.54000000000002}, "K58-U170": {"K58-U180": 227.26000000000005}, "K53-U070": {"K53-U080": 69.01510239799998}, "K53-U120": {"K53-U130": 79.68314357506911}, "K58-D140": {"K58-D150": 50.3294}, "K52-nD160": {"K52-nD170": 151.14000000000001}, "K51-U050": {"K51-U060": 255.97000000000003}, "K52-nU020": {"K52-nU030": 88.44}, "K58-D060": {"K58-D070": 182.89700000000002}, "K52-nD150": {"K52-nD160": 84.46284}, "K51-D140": {"K51-D150": 77.22}, "K51A-U100": {"K51A-U110": 230.01000000000005}, "K52A-D030": {"K52A-D040": 20.823}, "K52-nD200": {"K52-nD210": 151.8}, "K51-U200": {"K51-U210": 89.44100000000002}, "K58-D200": {"K58-D210": 55.77}, "K52A-U160": {"K52A-U170": 32.72500000000001}, "K52-nD230": {"K52-nD240": 161.62300000000002}, "K52A-D130": {"K52A-D140": 107.65150000000001}, "K51-D130": {"K51-D140": 57.794000000000004}, "K51A-D170": {"K51A-D180": 154.92756400000005}, "K52A-D060": {"K52A-D070": 129.34768316859828}, "K52-nD020": {"K52-nD030": 11.330000000000002}, "K58-U010": {"K58-U020": 43.18599999999999}, "K51A-D180": {"K51A-D190": 125.08349700000004}, "K58-U060": {"K58-U070": 132.45936}, "K52A-D080": {"K52A-D090": 43.659000000000006}, "K53-D140": {"K53-D150": 186.06830000000005}, "K51A-D040": {"K51A-D050": 109.901}, "K52A-U130": {"K52A-U140": 83.4627002}, "K58-U023": {"K58-U026": 85.90703}, "K52A-U030": {"K52A-U040": 49.8531}, "K53-U090": {"K53-U100": 116.82594880000002}, "K58-D193": {"K58-D196": 57.24399999999999}, "K52-nD170": {"K52-nD180": 122.76000000000002}, "K53-U080": {"K53-U090": 90.81344800000002}, "K52-nD220": {"K52-nD230": 152.02000000000004}, "K58-U110": {"K58-U120": 162.93310000000002}, "K52A-U070": {"K52A-U080": 106.7}, "K52-nD280": {"K52-nD290": 84.612}, "K54-D010": {"K54-D020": 226.55600000000004}, "K53-D110": {"K53-D120": 190.63000000000002}, "K58-U130": {"K58-U140": 84.0312}, "K52-nD060": {"K52-nD070": 129.34768316859828}, "K58-D150": {"K58-D160": 83.77460300000001}, "K51A-D090": {"K51A-D100": 70.51}, "K52A-U090": {"K52A-U100": 97.7031}, "K52-nU050": {"K52-nU060": 255.64000000000004}, "K51A-U180": {"K51A-U190": 105.13297300000002}, "K54-D060": {"K54-D070": 162.40400000000002}, "K51A-D060": {"K51A-D070": 58.85}, "K58-U050": {"K58-U060": 44.0}, "K52-nD190": {"K52-nD200": 189.20000000000002}, "K51A-D010": {"K51A-D020": 52.580000000000005}, "K52-nU140": {"K52-nU150": 193.743}, "K51-U210": {"K51-U220": 52.4172}, "K53-U050": {"K53-U060": 148.844545742618}, "K58-U090": {"K58-U100": 151.45570000000004}, "K52A-D050": {"K52A-D060": 32.194799999999994}, "K51A-D110": {"K51A-D120": 44.0}, "K51A-U020": {"K51A-U030": 80.68390000000001}, "K52A-D040": {"K52A-D050": 11.418000000000001}, "K53-U040": {"K53-U050": 151.27530000000002}, "K52A-U040": {"K52A-U050": 143.33}, "K53-U100": {"K53-U110": 77.07987946741983}, "K51-D020": {"K51-D030": 67.10000000000001}, "K51A-D200": {"K51A-D210": 263.56}, "K51-U110": {"K51-U120": 150.59}, "K51A-U090": {"K51A-U100": 153.58277}, "K51-D050": {"K51-D060": 57.64}, "K51A-U140": {"K51A-U150": 58.19000000000001}, "K53-U030": {"K53-U040": 232.36400000000003}, "K54-D040": {"K54-D050": 157.310527}, "K58-U190": {"K58-U200": 143.2123}, "K53-D160": {"K53-D170": 198.37235000000004}, "K53-U130": {"K53-U140": 62.429659709999996}, "K52-nU120": {"K52-nU140": 121.22}, "K51A-D050": {"K51A-D060": 98.912}, "K53-U060": {"K53-U070": 79.29242464}, "K51A-D160": {"K51A-D170": 195.176333}, "K58-U120": {"K58-U130": 138.60000000000002}, "K52A-D160": {"K52A-D170": 141.229}, "K54-U010": {"K54-U020": 77.48774000000002}, "K52-nU080": {"K52-nU090": 56.32000000000001}, "K52A-U020": {"K52A-U030": 115.72}, "K52A-U050": {"K52A-U060": 75.26970000000001}, "K51A-D140": {"K51A-D150": 104.32400000000003}, "K53-D130": {"K53-D140": 99.55000000000001}, "K54-U040": {"K54-U050": 155.10000000000002}, "K54-U030": {"K54-U040": 121.891}, "K52A-U170": {"K52A-U180": 275.3750320785301}, "K51-U170": {"K51-U180": 84.13900000000001}, "K52A-U060": {"K52A-U070": 135.823303}, "K52-nD100": {"K52-nD110": 68.92600000000002}, "K51-D160": {"K51-D170": 95.07300000000001}, "K58-D160": {"K58-D170": 217.8}, "K51A-U160": {"K51A-U170": 73.013567}, "K52A-U150": {"K52A-U160": 31.922000000000008}, "K53-D050": {"K53-D060": 94.15544600000001}, "K52-nD290": {"K52-nD300": 108.119}, "K52A-U015": {"K52A-U020": 143.44}, "K54-D050": {"K54-D060": 69.21328919999999}, "K52-nD090": {"K52-nD100": 77.649}, "K51A-U210": {"K51A-U220": 76.13430000000002}, "K53-D060": {"K53-D070": 150.54017000000002}, "K52-nD010": {"K52-nD020": 17.699}, "K51-D090": {"K51-D100": 81.4}, "K51-D220": {"K51-D230": 254.67200000000003}, "K58-U030": {"K58-U040": 297.88}, "K52-nD270": {"K52-nD280": 91.96000000000001}, "K52A-D070": {"K52A-D080": 129.53820000000002}, "K52-nD250": {"K52-nD260": 190.31099999999998}, "K51-D170": {"K51-D180": 113.08}, "K58-U100": {"K58-U110": 96.668}, "K51A-D080": {"K51A-D090": 163.77900000000002}, "K58-U200": {"K58-U210": 73.2303}, "K52-nU260": {"K52-nU270": 68.838}, "K51A-D190": {"K51A-D200": 179.74}, "K52-nD070": {"K52-nD080": 131.78}, "K52-nU280": {"K52-nU290": 41.800000000000004}, "K51-D270": {"K51-D280": 100.32990000000002}, "K53-D010": {"K53-D015": 99.04400000000001}, "K51-D190": {"K51-D200": 182.60000000000002}, "K53-U010": {"K53-U020": 260.02570000000003}, "K51-D010": {"K51-D020": 84.81}, "K54-U050": {"K54-U060": 342.76000000000005}, "K53-D030": {"K53-D040": 91.27084999999998}, "K52-nU060": {"K52-nU070": 188.342}, "K51-U150": {"K51-U160": 83.71000000000001}, "K52A-D120": {"K52A-D130": 36.85000000000001}, "K51A-D260": {"K51A-D270": 77.2211}, "K51A-U080": {"K51A-U090": 189.30890000000002}, "K53-D100": {"K53-D110": 92.7927}, "K52-nD140": {"K52-nD150": 110.00000000000001}, "K52A-D180": {"K52A-D190": 144.69400000000002}, "K51A-D070": {"K51A-D080": 96.47}, "K51A-D150": {"K51A-D160": 83.006}, "K51-U220": {"K51-U230": 71.06}, "K54-U020": {"K54-U030": 147.08100000000002}, "K51-U040": {"K51-U050": 115.50000000000001}, "K51A-U220": {"K51A-U230": 85.85500000000002}, "K51-U120": {"K51-U130": 160.85300000000004}, "K52-nU300": {"K52-nU310": 55.00000000000001}, "K51A-U060": {"K51A-U070": 304.26}, "K51-D120": {"K51-D130": 35.2}, "K51A-D030": {"K51A-D040": 46.31}, "K51-D200": {"K51-D210": 106.70000000000002}, "K52-nU070": {"K52-nU080": 114.191}, "K51A-U120": {"K51A-U130": 158.807429}, "K52A-D010": {"K52A-D020": 277.21900545495805}, "K58-U140": {"K58-U150": 120.78497200000001}, "K58-U040": {"K58-U050": 102.30000000000001}, "K52-nU270": {"K52-nU280": 160.36747851973982}, "K51-D030": {"K51-D040": 41.800000000000004}, "K54-U060": {"K54-U070": 224.4}, "K51-U080": {"K51-U090": 195.88800000000003}, "K52A-U100": {"K52A-U110": 74.75189238}, "K52-nU040": {"K52-nU050": 74.36000000000001}, "K51A-D210": {"K51A-D220": 74.58000000000001}, "K58-D010": {"K58-D020": 18.26}, "K52A-D170": {"K52A-D180": 109.30040000000001}, "K54-D030": {"K54-D040": 102.14776000000002}, "K51-U010": {"K51-U020": 33.709500000000006},