{"K74-U070": {"K74-U080": 124.08000000000001}, "K73-U030": {"K73-U040": 95.78199238740002}, "K75P-U070": {"K75P-U080": 99.14463405000001}, "K73-U080": {"K73-U090": 262.6718012930001, "K73-U110": 151.49429490620014}, "K73-U070": {"K73-U080": 153.24432277654725}, "K73-U060": {"K73-U070": 133.54912344456335}, "K75A-D060": {"K75A-D070": 54.229208000000014}, "K73-U050": {"K73-U060": 110.63126240221001}, "K74-U080": {"K74-U090": 224.0051}, "K73-U090": {"K73-U100": 177.686913686623}, "K75P-D080": {"K75P-U011": 133.82688000000002}, "K76-D030": {"K76-D040": 67.32905655304538}, "K76-D010": {"K76-D020": 170.42995478689812}, "K76-U040": {"K76-U050": 169.72891130371002}, "K75A-D110": {"K75A-U011": 165.154297}, "K74-D010": {"K74-D020": 146.19}, "K76-D020": {"K76-D030": 131.39987551319243}, "K75P-U130": {"K75P-U140": 37.07275319}, "K75P-U030": {"K75P-U040": 135.916}, "K73-D080": {"K73-D090": 246.84330000000006}, "K75P-U100": {"K75P-U110": 59.79762470000001}, "K75A-D070": {"K75A-D080": 84.08224}, "K75P-D060": {"K75P-D070": 180.825844331}, "K74-D040": {"K74-D050": 74.624}, "K73-U110": {"K73-U120": 224.3158223031825}, "K73-D150": {"K73-D160": 23.755523}, "K75P-D030": {"K75P-D040": 116.28909907999999}, "K74-U001": {"K74-U004": 149.754}, "K75P-U120": {"K75P-U130": 65.49990678880002}, "K76-U020": {"K76-U030": 159.28965799999997}, "K75P-U060": {"K75P-U070": 28.8120737608}, "K75P-U050": {"K75P-U060": 147.532}, "K75P-U040": {"K75P-U050": 106.326}, "K75P-U080": {"K75P-U090": 48.312634700000004}, "K74-D110": {"K74-U002": 207.9}, "K75P-D040": {"K75P-D050": 171.57371000000003}, "K74-U040": {"K74-U050": 221.10000000000002}, "K75P-D050": {"K75P-D060": 85.4501813}, "K74-D100": {"K74-D110": 79.2}, "K75A-D030": {"K75A-D040": 30.888000000000005}, "K74-D060": {"K74-D070": 159.06}, "K76-U010": {"K76-U020": 8.260693118027167}, "K75P-U010": {"K75P-U020": 92.543}, "K73-U040": {"K73-U050": 110.7030682626, "K73-U060": 234.5213167}, "K75A-U020": {"K75A-U030": 118.71200000000003}, "K75A-D080": {"K75A-D090": 148.37900000000005}, "K73-U010": {"K73-U020": 76.06857566671003}, "K75P-U020": {"K75P-U030": 112.2}, "K75P-U110": {"K75P-U120": 73.4262507}, "K75A-U010": {"K75A-U020": 45.38006000000001}, "K73-U020": {"K73-U030": 181.915426}, "K73-D110": {"K73-D120": 92.444}, "K73-D010": {"K73-D020": 97.68}, "K74-U100": {"K74-D010": 131.56}, "K76-U030": {"K76-U040": 163.09601280473115}, "K74-U010": {"K74-U020": 159.225}, "K74-D080": {"K74-D090": 196.845}, "K75A-D100": {"K75A-D110": 100.29437}, "K74-D050": {"K74-D060": 101.64000000000001}, "K75A-U030": {"K75A-D010": 228.5239}, "K74-D030": {"K74-D040": 114.4}, "K75P-U090": {"K75P-U100": 43.79422655388}, "K74-U060": {"K74-U070": 109.571}, "K74-D020": {"K74-D030": 145.02795913092584}, "K73-D120": {"K73-D130": 122.98000000000002}, "K73-D090": {"K73-D100": 86.922}, "K75A-D010": {"K75A-D020": 205.81}, "K73-D070": {"K73-D080": 178.38700000000003}, "K73-D140": {"K73-D150": 254.67200000000003}, "K75P-D010": {"K75P-D020": 156.09912120000004}, "K74-U050": {"K74-U060": 215.60000000000002}, "K74-U020": {"K74-U030": 156.068}, "K73-D040": {"K73-D050": 88.74964999999999}, "K74-D070": {"K74-D080": 284.14099999999996}, "K75A-D020": {"K75A-D030": 23.32}, "K73-U100": {"K73-U110": 249.91652400000007}, "K75P-D020": {"K75P-D030": 42.075}, "K74-U030": {"K74-U040": 275.0}, "K73-D130": {"K73-D140": 159.5}, "K75A-D050": {"K75A-D060": 71.9972}, "K73-D100": {"K73-D110": 199.10000000000002}, "K73-D030": {"K73-D040": 95.7}, "K73-D020": {"K73-D030": 138.60000000000002}, "K75A-D090": {"K75A-D100": 55.561000000000014}, "K74-U090": {"K74-U100": 206.8}, "K75A-D040": {"K75A-D050": 46.44442}, "K75P-D070": {"K75P-D080": 104.47800000000002}, "K75P-U140": {"K75P-D010": 154.5962}, "K74-U004": {"K74-U007": 62.7}, "K73-D050": {"K73-D070": 123.20000000000002}, "K74-U011": {"K74-D100": 168.52}, "K74-U007": {"K74-U010": 253.55}, "K74-D090": {"K74-U011": 70.4}}