{"KWH": {"KWF": 0.0, "TWH": 191.40000000000003}, "KWT": {"NTK": 118.8, "LAT": 13.2}, "KWF": {"LAK": 168.08913, "KWH": 132.0}}