{"LOP": {"TIS": 173.93677303054022, "YUL": 124.277874}, "LOF": {"WTS": 115.99817758005841, "KOT": 54.38532}, "LOW": {"SHS": 261.75481672194667}}