{"QUB": {"YAT": 249.6547215919326, "TAK": 132.0, "NOP": 131.28508601681114}}