{"SHS": {"LOW": 261.7527207161598, "LMC": 525.2461667274771, "FAN": 125.72964287584118}, "SHT": {"FOT": 155.98726948978168, "TAW": 18.546}, "SHW": {"CEN": 132.0}, "SHM": {"CIO": 66.0}}