{"STW": {"CIO": 139.40308505252102, "CKT": 128.5147578}}