{"SUN": {"TUC": 823.879670825977, "TSY": 690.6302177817952, "DIS": 198.58189057189685}, "SUW": {"TKW": 132.0, "KAT": 72.6}}