{"TAP": {"TWO": 139.55700000000002, "UNI": 430.1252453543801}, "TAW": {"SHT": 74.74434, "KOT": 320.6243050821675, "HIK": 204.60000000000002, "CKT": 131.12}, "TAK": {"SWH": 132.66, "QUB": 11.879999999999999}}