{"AIR": {"TSY": 978.4011414225606, "AWE": 121.12162704631268}}