{"CHH": {"DIH": 127.34700000000002, "KOB": 166.37443059779997}, "CHW": {"HFC": 72.22776}}