{"DIH": {"KAT": 153.51701785906002, "WTS": 129.74205353999997, "CHH": 103.450459, "HIK": 324.78230673600797}, "DIS": {"SUN": 198.58233387484285}}