{"HOK": {"KOW": 177.73491757241842}, "HOM": {"YMT": 178.20000000000002, "HUH": 132.0, "TKW": 198.00000000000003}}