{"K74-U010": {"K74-U020": 127.60000000000001}, "K76-U030": {"K76-U040": 163.0896074946182}, "K73-U040": {"K73-U050": 108.13031034624503, "K73-U060": 231.33}, "K73-U080": {"K73-U090": 283.61960000000005, "K73-U110": 151.48377650606716}, "K73-U020": {"K73-U030": 168.74}, "K75P-D080": {"K75P-U011": 137.76477}, "K75A-D090": {"K75A-D100": 37.058890000000005}, "K74-D070": {"K74-D080": 265.1}, "K76-D020": {"K76-D030": 132.442965138}, "K73-U060": {"K73-U070": 144.67806980000006}, "K74-U060": {"K74-U070": 156.42000000000002}, "K73-U050": {"K73-U060": 110.11540474}, "K75A-D010": {"K75A-D020": 197.142}, "K76-U020": {"K76-U030": 166.75593}, "K76-U040": {"K76-U050": 199.21}, "K73-U110": {"K73-U120": 210.269254591}, "K73-U090": {"K73-U100": 134.6991602}, "K75P-D010": {"K75P-D020": 151.58}, "K75P-U120": {"K75P-U130": 69.52000000000001}, "K75A-D100": {"K75A-D110": 87.33560000000003}, "K75P-U100": {"K75P-U110": 75.4237}, "K75P-U090": {"K75P-U100": 43.34}, "K76-D030": {"K76-D040": 29.182939499999996}, "K75P-U140": {"K75P-D010": 135.905}, "K76-D010": {"K76-D020": 170.4597961249404}, "K75A-D030": {"K75A-D040": 50.93}, "K75P-U110": {"K75P-U120": 83.92065000000001}, "K74-U080": {"K74-U090": 218.9}, "K73-D040": {"K73-D050": 75.9}, "K75P-U050": {"K75P-U060": 155.10000000000002}, "K75A-D060": {"K75A-D070": 31.900000000000002}, "K75P-D030": {"K75P-D040": 112.96010000000004}, "K75A-U020": {"K75A-U030": 114.29}, "K73-D030": {"K73-D040": 123.64000000000001}, "K74-U100": {"K74-D010": 149.60000000000002}, "K73-D050": {"K73-D070": 109.769}, "K75P-U080": {"K75P-U090": 46.668490000000006}, "K76-U010": {"K76-U020": 10.607948999999998}, "K73-U030": {"K73-U040": 82.1161}, "K74-D020": {"K74-D030": 145.03035006967494}, "K75P-D040": {"K75P-D050": 172.601}, "K73-D110": {"K73-D120": 83.05}, "K73-D010": {"K73-D020": 93.72000000000001}, "K75P-U040": {"K75P-U050": 103.62}, "K73-U070": {"K73-U080": 151.9672}, "K74-U001": {"K74-U004": 130.9}, "K73-U100": {"K73-U110": 251.3358276}, "K75P-U070": {"K75P-U080": 95.90460000000002}, "K73-D090": {"K73-D100": 90.42}, "K75P-U060": {"K75P-U070": 28.563270999999997}, "K73-U010": {"K73-U020": 70.4}, "K75P-U130": {"K75P-U140": 42.74864000000001}, "K73-D120": {"K73-D130": 108.603}, "K75P-D060": {"K75P-D070": 174.69430000000003}, "K73-D140": {"K73-D150": 193.14900000000003}, "K75P-D050": {"K75P-D060": 93.71010000000001}, "K74-D010": {"K74-D020": 125.68435}, "K75A-D020": {"K75A-D030": 24.640000000000004}, "K75A-D110": {"K75A-U011": 169.08743500000003}, "K75A-D080": {"K75A-D090": 137.57700000000006}, "K75A-D040": {"K75A-D050": 55.72600000000001}, "K73-D020": {"K73-D030": 70.4}, "K74-D110": {"K74-U002": 172.7}, "K75A-U010": {"K75A-U020": 41.800000000000004}, "K74-U030": {"K74-U040": 305.8}, "K75P-U010": {"K75P-U020": 102.30000000000001}, "K75A-U030": {"K75A-D010": 229.93300000000005}, "K74-D040": {"K74-D050": 77.99000000000001}, "K74-D030": {"K74-D040": 100.43}, "K75P-U030": {"K75P-U040": 97.57000000000001}, "K75A-D070": {"K75A-D080": 44.0}, "K73-D100": {"K73-D110": 180.4}, "K74-U040": {"K74-U050": 206.03000000000003}, "K74-D100": {"K74-D110": 74.14000000000001}, "K74-U004": {"K74-U007": 104.17}, "K74-D050": {"K74-D060": 96.80000000000001}, "K75P-D070": {"K75P-D080": 118.80000000000001}, "K74-U090": {"K74-U100": 248.16000000000003}, "K74-U050": {"K74-U060": 70.4}, "K75A-D050": {"K75A-D060": 59.400000000000006}, "K74-U020": {"K74-U030": 90.2}}