{"KWF": {"LAK": 162.39251829459, "KWH": 126.11598817757701}, "KWT": {"NTK": 121.341545668146, "LAT": 134.90840732934112}, "KWH": {"KWF": 122.48359295550001, "TWH": 190.20000000000002}}