{"LOP": {"YUL": 125.2580673, "TIS": 174.5404156168767}, "LOF": {"KOT": 131.403314355699, "WTS": 131.31799999999998}, "LOW": {"SHS": 234.48914974666164}}