{"NAC": {"LAK": 297.32163953670454, "AUS": 223.93069956113527, "OLY": 127.18860000000002, "MEF": 173.17784829852275}}