{"OCP": {"ADM": 287.64081487054085, "WCH": 130.40660444795753}}