{"QUB": {"YAT": 249.65751639704254, "TAK": 126.17, "NOP": 122.95658133315865}}