{"STW": {"CKT": 83.26230000000001, "CIO": 132.74018999999998}}