{"TIS": {"SIH": 389.43683470831286, "LOP": 173.90976714657384}, "TIH": {"CAB": 137.05197000000004, "FOH": 133.31670000000003}, "TIK": {"YAT": 141.42214416376225, "TKO": 97.59303436806178}}