{"TKO": {"TIK": 107.525590954996, "LHP": 128.59744130754075, "HAH": 72.006}, "TKW": {"SUW": 198.00000000000003}}