{"TST": {"JOR": 112.05584974358192, "ADM": 182.40082127415093}, "TSY": {"AIR": 746.7629110793648, "KOW": 499.4183556660164, "SUN": 569.2786596451263, "LAK": 180.71245421872234}, "TSH": {"SHM": 215.47576944785197, "HEO": 127.657266}, "TSW": {"TWH": 27.028315527}}