{"TWW": {"MEF": 351.8440553603276, "KSR": 712.0324774026626}, "TWO": {"FAN": 412.6358202892763, "TAP": 191.697}, "TWH": {"KWH": 191.07, "TSW": 82.61853056934034}}