{"YUL": {"KSR": 252.15306964578357, "LOP": 139.70000000000002}}