{"AIR": {"TSY": 1061.7597169710327, "AWE": 106.69620668059322}}