{"DIS": {"SUN": 198.58230205021368}, "DIH": {"CHH": 14.962178, "HIK": 333.0259456863266, "WTS": 0.0, "KAT": 132.0}}