{"HEO": {"MOS": 45.92892, "TSH": 28.093007249999992}}