{"K18-D020": {"K18-D030": 68.3536466817269}, "K18-D010": {"K18-D020": 212.88766893122556}, "K17-D020": {"K17-D030": 61.68828048938251}, "K12-D010": {"K12-D020": 139.97105824757003}, "K12-U010": {"K12-U020": 201.84875612440004}, "K18-U020": {"K18-U030": 57.51015138752238}, "K12-D030": {"K12-D040": 13.953262729238707}, "K17-U020": {"K17-U030": 173.7511322261}, "K14-D020": {"K14-D030": 13.128732666191732}, "K17-D010": {"K17-D020": 168.76578490836133}, "K14-D010": {"K14-D020": 296.93020299492025}, "K17-U010": {"K17-U020": 222.42000000000002}, "K17-U030": {"K17-U040": 57.27188469021521}, "K18-U010": {"K18-U020": 207.82689759548938}, "K12-U020": {"K12-U030": 173.45562505072454}, "K12-D020": {"K12-D030": 233.41142980578502}}