{"KF6": {"KF4": 250.95798867718864}, "KF4": {"KF6": 250.9580393735701, "KF2": 1022.6260323792565}, "KF1": {"KF3": 686.7722971572615, "KF5": 767.8871489236963}, "KF5": {"KF1": 767.8871489236963}, "KF3": {"KF1": 686.7722836558896}, "KF2": {"KF4": 1022.6260021856767}}