{"KOT": {"TAW": 320.6218421631514, "MKK": 138.0008851872174, "LOF": 108.10799999999999}, "KOW": {"HOK": 177.74027448575617, "TSY": 661.6546210633462, "OLY": 121.79530547468596}, "KOB": {"NTK": 21.5028, "CHH": 143.35299}}