{"LCK": {"MEF": 17.57216059529748, "CSW": 20.7614553589893}}