{"LOW": {"SHS": 254.77937771112346}, "LOP": {"TIS": 173.93757409681098, "YUL": 77.413413}, "LOF": {"KOT": 38.982189808662625, "WTS": 72.53144715318061}}