{"OCP": {"ADM": 287.6504789868776, "WCH": 132.433026}}