{"SSP": {"PRE": 22.954091237886683, "CSW": 30.876017126513226}}