{"SUN": {"DIS": 198.58229021965877, "TSY": 690.6282878464866, "TUC": 823.8788572447271}, "SUW": {"TKW": 132.0}}