{"TKO": {"TIK": 28.58622922918239, "LHP": 128.59823683960403, "HAH": 0.0}, "TKW": {"HOM": 132.0, "SUW": 132.0}}