{"KF5": {"KF1": 767.8871304334987}, "KF6": {"KF4": 250.957767071028}, "KF2": {"KF4": 1022.6258860244783}, "KF4": {"KF2": 1022.6259064203539, "KF6": 250.95745365399324}, "KF1": {"KF5": 767.8871469209412, "KF3": 686.7712591688133}, "KF3": {"KF1": 686.770714119506}}