{"KOT": {"TAW": 320.63346078934666, "MKK": 137.9909267884821, "LOF": 132.0, "SKM": 0.0}, "KOW": {"TSY": 661.6695615099304, "HOK": 177.72150059192217, "OLY": 121.82868609035286}, "KOB": {"NTK": 6.6, "CHH": 189.09}}