{"LOF": {"WTS": 127.18860000000002}, "LOW": {"SHS": 261.7541612815681}, "LOP": {"YUL": 125.4, "TIS": 173.9447836932477}}