{"LOF": {"WTS": 126.65400000000002}, "LOW": {"SHS": 261.75375705508776}, "LOP": {"YUL": 125.4, "TIS": 173.9447836932477}}