{"SSP": {"PRE": 44.476359079999995, "CSW": 129.42759804599999}}