{"TKO": {"LHP": 128.59305536776003, "TIK": 43.23415510538024, "HAH": 34.7028}, "TKW": {"SUW": 132.0, "HOM": 132.88}}