{"TSY": {"KOW": 661.652309014287, "AIR": 1467.443012674011, "SUN": 690.6244327215805, "LAK": 180.96315739566143}, "TST": {"ADM": 176.37166539437624, "JOR": 132.0}, "TSH": {"SHM": 216.41288731000813, "HEO": 132.0}, "TSW": {"TWH": 6.9300000000000015}}