{"AIR": {"TSY": 1467.4419967686915, "AWE": 102.79053435467395}}