{"DIS": {"SUN": 198.5823326606684}, "DIH": {"KAT": 180.40000000000003, "WTS": 121.00000000000003, "HIK": 333.0324963105837}}