{"FOT": {"SHT": 170.06097413314473, "UNI": 95.47187350581598}, "FOH": {"TIH": 93.74000000000001, "NOP": 145.935}}