{"KOW": {"HOK": 177.7341195007032, "TSY": 661.6616284085004, "OLY": 121.81652914327564}, "KOT": {"MKK": 137.99693995117474, "SKM": 143.0, "TAW": 320.63008229961264, "LOF": 104.50000000000003}}