{"LAK": {"KWF": 149.6, "NAC": 297.32039976252946, "TSY": 180.9473314099965, "MEF": 126.00680315882747}, "LAT": {"YAT": 83.60000000000001}}