{"MKK": {"HUH": 287.99485935075006, "KOT": 149.9314730951587}}