{"PRE": {"MOK": 99.79640919774481, "SKM": 104.85700000000001, "SSP": 119.09189999999998}}