{"TKO": {"LHP": 289.5898193261504, "TIK": 263.95795564094016, "HAH": 132.23408009706708}, "TKW": {"HOM": 138.6, "SUW": 132.0}}