{"TWW": {"MEF": 351.8337472079667, "KSR": 712.0342164557095}, "TWH": {"KWH": 138.6}, "TWO": {"TAP": 156.20000000000002, "FAN": 412.6397337706174}}