{"WCH": {"OCP": 110.07340028338015, "LET": 159.1208371967466}}