{"1": {"2": 195.83947190287145, "6": 163.27620861189627}}