{"1": {"2": 251.13661165371377, "6": 99.68045100279957}}