{"1": {"2": 368.76625142677415, "6": 273.78991995363504}}