{"1": {"2": 283.30258278910986, "6": 209.96813538280065}}