{"1": {"2": 171.08151193846533, "6": 107.03706621243018}}