{"1": {"2": 564.1900216257816, "6": 247.3798488068873}}