{"1": {"2": 125.83516548402292, "6": 150.4414033045534}}