{"1": {"2": 196.25590418389567, "6": 103.52162163159508}}