{"1": {"2": 308.63882095347265, "6": 154.5649052793649}}