{"1": {"2": 419.97084620731704, "6": 245.8596644491392}}