{"1": {"2": 397.6448807671946, "6": 114.46906769679617}}