{"1": {"2": 145.07236539493363, "6": 267.54812313932723}}