{"1": {"2": 295.7671248240989, "6": 171.22125618927143}}