{"1": {"2": 332.3326146963141, "6": 127.83780691067504}}