{"1": {"2": 201.82428235591195, "6": 117.73469136229167}}