{"1": {"2": 326.609873449568, "6": 116.27000269558866}}