{"1": {"2": 73.66624479616368, "6": 192.26600848608194}}