{"1": {"2": 254.19599774473514, "6": 138.85993196508412}}