{"1": {"2": 286.1534293338093, "6": 190.91400804155128}}