{"1": {"2": 248.4565412764886, "6": 169.72976182705733}}