{"1": {"2": 244.30753816943744, "6": 288.95213638168923}}