{"1": {"2": 170.39447440985816, "6": 143.1369924613371}}