{"1": {"2": 93.7458219830227, "6": 225.01536042452267}}