{"1": {"2": 61.60533726418996, "6": 127.46251392784063}}