{"1": {"2": 354.8331927217422, "6": 146.9165738549148}}