{"1": {"2": 259.86972069560335, "6": 229.91941810436597}}