{"1": {"2": 303.37960731388876, "6": 171.4790199001897}}