{"1": {"2": 333.2164642472641, "6": 235.1307532500798}}