{"1": {"2": 470.5158432999986, "6": 189.40033110475957}}