{"1": {"2": 138.19554451286146, "6": 214.3983863221005}}