{"1": {"2": 275.4897011150339, "6": 179.30732362881128}}