{"1": {"2": 544.4001277136981, "6": 103.51938357386214}}