{"1": {"2": 101.77184707055959, "6": 116.61895183934507}}