{"1": {"2": 239.4827827759529, "6": 243.45881931247882}}