{"1": {"2": 162.5442802792614, "6": 187.94805104947508}}