{"1": {"2": 274.4189303425597, "6": 148.78965616574723}}