{"1": {"2": 119.04971087266412, "6": 174.30895569974294}}