{"1": {"2": 275.36677305835366, "6": 189.06481429961985}}