{"1": {"2": 386.37868606288424, "6": 160.27949874513646}}