{"1": {"2": 210.01018274450593, "6": 256.92679865108414}}