{"1": {"2": 359.92111945670047, "6": 176.98571331484442}}