{"1": {"2": 598.4759605451884, "6": 148.39028500652157}}