{"1": {"2": 308.91398087678874, "6": 218.5727508680392}}