{"1": {"2": 428.5682345662145, "6": 189.07496205534082}}