{"1": {"2": 167.78585776829448, "6": 194.20614323148092}}