{"1": {"2": 192.23565526814147, "6": 136.4373969424161}}