{"1": {"2": 101.95484158948149, "6": 247.95231031123862}}