{"1": {"2": 248.2603708579765, "6": 129.1895890528944}}