{"1": {"2": 395.94163407145885, "6": 147.39915673357837}}