{"1": {"2": 466.8939175168831, "6": 196.88189682978103}}