{"1": {"2": 245.07403129929784, "6": 172.45415686804685}}