{"1": {"2": 116.31007828608998, "6": 101.52822126886161}}