{"1": {"2": 222.5721562068356, "6": 272.52665488649126}}