{"1": {"2": 219.8042208846895, "6": 212.59382668002627}}