{"1": {"2": 92.12042168747999, "6": 179.6337297867331}}