{"1": {"2": 168.94902990768864, "6": 176.20271056273054}}