{"1": {"2": 253.93616466030798, "6": 116.83200075388325}}