{"1": {"2": 371.1529300120084, "6": 249.15275729107094}}