{"1": {"2": 83.0034874101729, "6": 210.74604560927}}