{"1": {"2": 70.76818712451661, "6": 278.5267701481123}}