{"1": {"2": 259.85864752883657, "6": 198.0084189042948}}