{"5": {"305": 103.88347593687892, "6": 157.632443849414, "56": 66.0}}