{"5": {"305": 106.10637974167851, "6": 158.74968229929166, "56": 66.0}}