{"5": {"305": 77.43152321793971, "6": 129.54174452585067, "56": 66.0}}