{"5": {"305": 87.33296148570044, "6": 142.3900083037679, "56": 66.0}}