{"5": {"305": 96.8966093875713, "6": 155.40547740828282, "56": 66.0}}