{"5": {"305": 102.90560726204312, "6": 159.22890333734938, "56": 66.0}}