{"5": {"305": 86.8059128935306, "6": 137.39103753424155, "56": 66.0}}