{"5": {"305": 105.40810630115939, "6": 157.72651938251704, "56": 66.0}}