{"5": {"305": 100.74802084496619, "6": 158.95882168507268, "56": 66.0}}