{"5": {"305": 106.72110682063385, "6": 160.0949369658606, "56": 66.0}}