{"5": {"305": 105.98677729133563, "6": 161.06789805288398, "56": 66.0}}