{"5": {"305": 94.16005152201926, "6": 145.68957664531825, "56": 66.0}}