{"5": {"305": 105.38310762074737, "6": 163.35601508066924, "56": 66.0}}