{"5": {"305": 107.68571422532168, "6": 162.87336514885624, "56": 66.0}}