{"5": {"305": 105.75729567104345, "6": 163.4423884301825, "56": 66.0}}