{"5": {"305": 98.01664017637464, "6": 158.4873931601573, "56": 66.0}}