{"5": {"305": 106.52967537301554, "6": 158.34543234296336, "56": 66.0}}