{"5": {"305": 81.04622378567436, "6": 134.82664776982, "56": 66.0}}