{"5": {"305": 84.89673490235816, "6": 137.08604418943415, "56": 66.0}}