{"5": {"305": 104.73774880359738, "6": 156.25787032100365, "56": 66.0}}