{"5": {"305": 107.7025676890277, "6": 161.03307563632728, "56": 66.0}}