{"5": {"305": 104.17481847581094, "6": 161.84308316606356, "56": 66.0}}