{"5": {"305": 104.68203767540459, "6": 165.54651263442486, "56": 66.0}}