{"5": {"305": 89.5412534378386, "6": 146.80810123699334, "56": 66.0}}