{"5": {"305": 108.29234745002887, "6": 161.16248813456565, "56": 66.0}}