{"5": {"305": 88.12413282743371, "6": 144.37814760288563, "56": 66.0}}