{"5": {"305": 102.31470126334213, "6": 151.33793166739255, "56": 66.0}}