{"5": {"305": 83.79431049938381, "6": 141.98774040273565, "56": 66.0}}