{"5": {"305": 107.16175575355817, "6": 154.32922239799322, "56": 66.0}}