{"5": {"305": 86.1426338573153, "6": 146.57665610502326, "56": 66.0}}