{"5": {"305": 104.18082231798107, "6": 154.66074527332842, "56": 66.0}}