{"5": {"305": 104.96890638352029, "6": 160.9153183465814, "56": 66.0}}