{"5": {"305": 89.97701481932282, "6": 142.6733474089672, "56": 66.0}}