{"5": {"305": 87.71090105507581, "6": 141.50962930399186, "56": 66.0}}