{"5": {"305": 77.47947024215523, "6": 131.8542727664324, "56": 66.0}}