{"5": {"305": 89.90921100044282, "6": 143.85927489885245, "56": 66.0}}