{"5": {"305": 85.43785892408417, "6": 142.8068097202822, "56": 66.0}}