{"5": {"305": 104.66118076943879, "6": 160.66019826497646, "56": 66.0}}