{"5": {"305": 105.95369911583869, "6": 157.16496997988875, "56": 66.0}}