{"5": {"305": 108.21478526156595, "6": 163.51699657130547, "56": 66.0}}