{"5": {"305": 94.51656735623227, "6": 146.9904629098326, "56": 66.0}}