{"5": {"305": 104.43344594875843, "6": 160.69442290002021, "56": 66.0}}