{"5": {"305": 88.0565475902213, "6": 141.6742995583374, "56": 66.0}}