{"5": {"305": 86.23480587558637, "6": 146.57889964462368, "56": 66.0}}