{"AIR": {"TSY": 1467.4435565286954, "AWE": 120.90005859446258}}