{"AIR": {"TSY": 1467.4435565286954, "AWE": 120.03627479014749}}