{"AIR": {"TSY": 1467.4435565286954, "AWE": 108.40375503055309}}