{"AIR": {"TSY": 1467.4435565286954, "AWE": 110.91334584756423}}