{"AIR": {"TSY": 1467.4435565286954, "AWE": 158.3287574642568}}