{"AIR": {"TSY": 1467.4435565286954, "AWE": 100.26691744522373}}