{"AIR": {"TSY": 1467.4435565286954, "AWE": 118.94431072208548}}