{"AIR": {"TSY": 1467.4435565286954, "AWE": 128.97850772992214}}