{"AIR": {"TSY": 1467.4435565286954, "AWE": 127.39117346449343}}