{"AIR": {"TSY": 1467.4435565286954, "AWE": 103.79645920737046}}