{"AIR": {"TSY": 1467.4435565286954, "AWE": 98.6124686679464}}