{"AIR": {"TSY": 1467.4435565286954, "AWE": 134.04266206282327}}