{"AIR": {"TSY": 1467.4435565286954, "AWE": 104.12123638891876}}