{"AIR": {"TSY": 1467.4435565286954, "AWE": 98.85911724796213}}