{"AIR": {"TSY": 1467.4435565286954, "AWE": 93.54902211703447}}