{"AIR": {"TSY": 1467.4435565286954, "AWE": 87.73825193105374}}