{"AIR": {"TSY": 1467.4435565286954, "AWE": 94.6310274445483}}