{"AIR": {"TSY": 1467.4435565286954, "AWE": 101.78686700012216}}