{"AIR": {"TSY": 1467.4435565286954, "AWE": 105.00683972947745}}