{"AIR": {"TSY": 1467.4435565286954, "AWE": 101.57827112961562}}