{"AIR": {"TSY": 1467.4435565286954, "AWE": 93.04788300587322}}