{"AIR": {"TSY": 1467.4435565286954, "AWE": 96.77529899233078}}