{"AUS": {"ETS": 128.22863704204994, "NAC": 223.950482818431}}