{"AUS": {"ETS": 132.29901784490312, "NAC": 223.92850142135907}}