{"AUS": {"ETS": 148.6705698443347, "NAC": 223.95048281911917}}