{"AUS": {"ETS": 141.2101461329158, "NAC": 223.95047966828125}}