{"AUS": {"ETS": 133.68913151962423, "NAC": 223.95048052215844}}