{"AUS": {"ETS": 145.53413012905804, "NAC": 223.92850142135907}}