{"AUS": {"ETS": 126.41126921174657, "NAC": 223.95048281911713}}