{"AUS": {"ETS": 134.14610487946098, "NAC": 223.95048281911917}}