{"AUS": {"ETS": 138.46648115971124, "NAC": 223.95024596376282}}