{"AUS": {"ETS": 155.86850064760733, "NAC": 223.92850142135907}}