{"AUS": {"ETS": 139.84814791088962, "NAC": 223.95048281911917}}