{"AUS": {"ETS": 130.98071711615222, "NAC": 223.92850142135907}}