{"AUS": {"ETS": 147.59746334894035, "NAC": 223.9504540230376}}