{"AUS": {"ETS": 132.81819653089562, "NAC": 223.95048146278685}}