{"CHH": {"DIH": 136.24159365593792, "KOB": 147.75692446924228}, "CHW": {"HFC": 88.44150710787906}}