{"CHH": {"DIH": 93.35679204424298, "KOB": 124.9762199324359}, "CHW": {"HFC": 108.01769891566587}}