{"CHH": {"DIH": 127.81202852273618, "KOB": 158.918753788125}, "CHW": {"HFC": 116.30787071123177}}