{"CHH": {"DIH": 111.80472264702942, "KOB": 123.47864004019793}, "CHW": {"HFC": 94.12277072951306}}