{"CHH": {"DIH": 121.08248525827237, "KOB": 101.3230331056478}, "CHW": {"HFC": 97.27419016296707}}