{"CHH": {"DIH": 170.69305290614733, "KOB": 158.50797948865525}, "CHW": {"HFC": 133.8484128053146}}