{"CHH": {"DIH": 141.2498706427705, "KOB": 137.63837127744256}, "CHW": {"HFC": 102.62358367934235}}