{"CHH": {"DIH": 110.47091983041295, "KOB": 100.91354095443803}, "CHW": {"HFC": 110.26870039170208}}