{"CHH": {"DIH": 159.3707066980505, "KOB": 165.16657694250557}, "CHW": {"HFC": 116.43336599181706}}