{"CHH": {"DIH": 128.0928482851312, "KOB": 155.05112775070683}, "CHW": {"HFC": 112.12488996745837}}