{"CHH": {"DIH": 153.7182340277932, "KOB": 140.68002638356091}, "CHW": {"HFC": 114.83626924306786}}