{"CHH": {"DIH": 103.7034768869571, "KOB": 107.69952413038796}, "CHW": {"HFC": 97.36372718177469}}