{"CHH": {"DIH": 99.65661591848433, "KOB": 146.05178901848006}, "CHW": {"HFC": 103.9449120127164}}