{"CHH": {"DIH": 118.44684726647054, "KOB": 147.04896781566177}, "CHW": {"HFC": 125.08977744883626}}