{"CHH": {"DIH": 187.4145087238173, "KOB": 122.40277019215091}, "CHW": {"HFC": 120.0587459273477}}