{"CHH": {"DIH": 108.46910959398875, "KOB": 214.10597232064598}, "CHW": {"HFC": 115.48576383275454}}