{"CHH": {"DIH": 101.94686759504033, "KOB": 159.1027621362715}, "CHW": {"HFC": 105.33955545211032}}