{"CHH": {"DIH": 118.52158673860788, "KOB": 108.79386803166395}, "CHW": {"HFC": 100.74910018107454}}