{"CHH": {"DIH": 164.26367885233034, "KOB": 128.6967008318984}, "CHW": {"HFC": 94.94638708380013}}