{"CHH": {"DIH": 129.43651775987456, "KOB": 129.07027213026527}, "CHW": {"HFC": 104.79116087364127}}