{"CHH": {"DIH": 138.13812274979927, "KOB": 153.50237349690985}, "CHW": {"HFC": 125.31529358128891}}