{"CHH": {"DIH": 133.5506711608441, "KOB": 155.7289876731575}, "CHW": {"HFC": 121.09065301063018}}