{"CHH": {"DIH": 112.46219669047191, "KOB": 153.0386626910462}, "CHW": {"HFC": 123.97657632428229}}