{"CHH": {"DIH": 100.80839868737674, "KOB": 107.81643930636574}, "CHW": {"HFC": 124.11486640409764}}