{"CHH": {"DIH": 175.15885085244435, "KOB": 176.0083391447263}, "CHW": {"HFC": 117.02655884568655}}