{"CHH": {"DIH": 147.9990885278025, "KOB": 130.0563687977734}, "CHW": {"HFC": 121.77570607587356}}