{"CHH": {"DIH": 113.85550923734641, "KOB": 113.6107504492667}, "CHW": {"HFC": 101.30640758294088}}