{"CHH": {"DIH": 120.62353271082142, "KOB": 137.97424011655926}, "CHW": {"HFC": 118.61469347919842}}