{"CHH": {"DIH": 120.55888565753204, "KOB": 152.7399099878595}, "CHW": {"HFC": 101.58160822541768}}