{"CHH": {"DIH": 118.5961809581404, "KOB": 146.05178901848006}, "CHW": {"HFC": 113.502990417187}}