{"CHH": {"DIH": 121.95675978897445, "KOB": 126.17551380437035}, "CHW": {"HFC": 100.63373729052805}}