{"CHH": {"DIH": 128.66823465059173, "KOB": 139.27305778194756}, "CHW": {"HFC": 107.5314214039624}}