{"CHH": {"DIH": 115.69320515024, "KOB": 150.89252250789553}, "CHW": {"HFC": 123.18302498664289}}