{"CHH": {"DIH": 140.0333986495646, "KOB": 103.11793855914536}, "CHW": {"HFC": 117.3610600895948}}