{"CHH": {"DIH": 142.64982579811496, "KOB": 147.45165733519516}, "CHW": {"HFC": 111.18212951600347}}