{"CHH": {"DIH": 156.1761166485282, "KOB": 149.2198382138336}, "CHW": {"HFC": 106.60890365275854}}