{"CHH": {"DIH": 105.39218083553631, "KOB": 156.28248592264436}, "CHW": {"HFC": 115.02503991620935}}