{"CHH": {"DIH": 133.33555569857973, "KOB": 143.06808073472845}, "CHW": {"HFC": 92.3612253114081}}