{"CHH": {"DIH": 161.56636689480612, "KOB": 140.51023220174184}, "CHW": {"HFC": 82.86126016592766}}