{"CHH": {"DIH": 89.06310227138108, "KOB": 124.9762199324359}, "CHW": {"HFC": 108.01769891566587}}