{"CHH": {"DIH": 129.72719401904115, "KOB": 113.04512372377928}, "CHW": {"HFC": 116.07740343270123}}