{"CHH": {"DIH": 105.09221449772011, "KOB": 100.10764865657718}, "CHW": {"HFC": 100.43452818201746}}