{"CHH": {"DIH": 107.14404541224125, "KOB": 108.43066774894949}, "CHW": {"HFC": 123.62256052588843}}