{"CHH": {"DIH": 133.50138280461604, "KOB": 218.2543355956183}, "CHW": {"HFC": 99.48346870453119}}