{"CHH": {"DIH": 157.03357987038757, "KOB": 122.72789490645395}, "CHW": {"HFC": 109.42721210911313}}