{"CHH": {"DIH": 99.42382784737165, "KOB": 94.37896817309482}, "CHW": {"HFC": 110.26870039170208}}