{"CHH": {"DIH": 128.0505792825548, "KOB": 141.7349633475628}, "CHW": {"HFC": 97.47805866096128}}