{"CHH": {"DIH": 103.8462868116607, "KOB": 121.56518859563012}, "CHW": {"HFC": 96.95854413332529}}