{"CHH": {"DIH": 105.80185889397231, "KOB": 118.064654194472}, "CHW": {"HFC": 111.87349109438887}}