{"CHH": {"DIH": 133.15296070451976, "KOB": 146.5581787398163}, "CHW": {"HFC": 111.40090736486741}}