{"CHH": {"DIH": 126.7826640867645, "KOB": 126.21304920693399}, "CHW": {"HFC": 102.41125305313258}}