{"CHH": {"DIH": 96.42964087101713, "KOB": 124.79936111008575}, "CHW": {"HFC": 123.62256052588843}}