{"CHH": {"DIH": 121.21884245371427, "KOB": 137.43737232680616}, "CHW": {"HFC": 102.67723314282293}}