{"CIO": {"SHM": 122.61573582067743, "STW": 132.05399781506398}}