{"CIO": {"SHM": 115.35681134356719, "STW": 136.50281804150137}}