{"CIO": {"SHM": 126.86271853333305, "STW": 136.0951796107386}}