{"CIO": {"SHM": 129.6995652442966, "STW": 118.92544480034594}}