{"CIO": {"SHM": 124.23689411025467, "STW": 119.8470541175976}}