{"CIO": {"SHM": 128.28897448109493, "STW": 133.30833396803172}}