{"CIO": {"SHM": 124.4759423523285, "STW": 125.88007733841255}}