{"CIO": {"SHM": 131.52077380355058, "STW": 131.37779117277555}}