{"CIO": {"SHM": 96.55637929336851, "STW": 106.68714220169446}}