{"CIO": {"SHM": 132.47558420225457, "STW": 130.21448605328504}}