{"CIO": {"SHM": 134.98915484746757, "STW": 132.40157358366775}}