{"CIO": {"SHM": 124.2318958527704, "STW": 127.36114277390212}}