{"CIO": {"SHM": 132.3462027116975, "STW": 119.46394557042508}}