{"CIO": {"SHM": 126.46054296389218, "STW": 132.07407107690534}}