{"CIO": {"SHM": 127.1214310209327, "STW": 120.29545946356332}}