{"CIO": {"SHM": 117.1354285954807, "STW": 128.096663504422}}