{"CIO": {"SHM": 124.30996065299423, "STW": 125.05164531014063}}