{"CIO": {"SHM": 125.65870862802876, "STW": 122.55228987701953}}