{"CIO": {"SHM": 127.41020869702982, "STW": 126.5516062915392}}