{"CIO": {"SHM": 123.61422460803234, "STW": 132.9234724282444}}