{"CIO": {"SHM": 111.11587422623879, "STW": 135.4962512765166}}