{"CIO": {"SHM": 119.18194490944911, "STW": 138.67777443526646}}