{"CIO": {"SHM": 123.2765308422324, "STW": 136.8784809603755}}