{"CIO": {"SHM": 123.37971372474412, "STW": 122.22762428926872}}