{"CIO": {"SHM": 124.07553085776472, "STW": 125.61370195797197}}