{"CIO": {"SHM": 125.28107534265143, "STW": 140.09172619242221}}