{"CIO": {"SHM": 123.5691238355063, "STW": 138.53597207211791}}