{"CIO": {"SHM": 133.88779793789502, "STW": 130.2965190223352}}