{"CIO": {"SHM": 124.36582973635106, "STW": 132.21102194945354}}