{"CIO": {"SHM": 121.31146100699262, "STW": 131.42933796476126}}