{"CIO": {"SHM": 133.88779793789502, "STW": 137.48234613055408}}