{"CIO": {"SHM": 124.61744087103007, "STW": 120.08816760010086}}