{"CKT": {"STW": 116.94275817841688, "TAW": 123.18031004778133}}