{"CKT": {"STW": 119.90822799543541, "TAW": 123.38481502364243}}