{"CKT": {"STW": 106.41337178161271, "TAW": 119.1839641570961}}