{"CKT": {"STW": 122.28065731418641, "TAW": 103.00751021448306}}