{"CKT": {"STW": 131.71088338396947, "TAW": 131.9313360304322}}