{"CKT": {"STW": 120.31030061895747, "TAW": 111.59590838796312}}