{"CKT": {"STW": 134.44394917130947, "TAW": 117.2095692583888}}