{"CKT": {"STW": 120.77949702093493, "TAW": 128.11372507794908}}