{"CKT": {"STW": 118.9415136441216, "TAW": 123.52876885893882}}