{"CKT": {"STW": 126.64015324141482, "TAW": 112.79520636151992}}