{"CKT": {"STW": 134.6574748264445, "TAW": 104.87638452379295}}