{"CKT": {"STW": 122.87340454169225, "TAW": 122.9295014044139}}