{"CKT": {"STW": 123.13875616106289, "TAW": 115.62371155743202}}