{"CKT": {"STW": 115.45698349981612, "TAW": 110.96483045603625}}