{"CKT": {"STW": 123.23665200458281, "TAW": 110.29678954826707}}