{"CKT": {"STW": 113.44278290039153, "TAW": 121.36758632167239}}