{"CKT": {"STW": 126.01204071980428, "TAW": 124.75420734624913}}