{"CKT": {"STW": 139.50623884727136, "TAW": 118.00956002522473}}