{"CKT": {"STW": 129.58741479154986, "TAW": 129.08167547096042}}