{"CKT": {"STW": 134.2160481196608, "TAW": 117.2095692583888}}