{"CKT": {"STW": 121.50890233693269, "TAW": 127.53167515134892}}