{"CKT": {"STW": 127.67541986094689, "TAW": 120.09981338564924}}