{"CKT": {"STW": 109.45665872740753, "TAW": 119.17471511329943}}