{"CKT": {"STW": 124.6022108929155, "TAW": 129.33659118533336}}