{"CKT": {"STW": 123.20557877118718, "TAW": 124.10674935015422}}