{"CKT": {"STW": 117.1112851498345, "TAW": 99.86834741043262}}