{"CKT": {"STW": 130.04580598115538, "TAW": 129.37350792386437}}