{"CKT": {"STW": 113.48858763957446, "TAW": 123.85234406502441}}