{"CKT": {"STW": 125.34671191089365, "TAW": 125.42289613757525}}