{"CKT": {"STW": 123.30930276853398, "TAW": 107.9866338302641}}