{"CKT": {"STW": 125.62739918204188, "TAW": 103.42605670655007}}