{"CKT": {"STW": 134.9904436990285, "TAW": 114.15319680822503}}