{"CKT": {"STW": 133.99444330769472, "TAW": 117.2095692583888}}