{"CKT": {"STW": 121.27074415868394, "TAW": 110.50201707440013}}