{"CKT": {"STW": 137.14935433957226, "TAW": 118.54560753936339}}