{"CKT": {"STW": 133.8150177092933, "TAW": 124.97982467540855}}