{"CSW": {"SSP": 93.1486763652398, "LCK": 123.2072390945983}}