{"CSW": {"SSP": 99.39775190595664, "LCK": 107.4311870782556}}