{"CSW": {"SSP": 89.28861765346218, "LCK": 91.12945604672583}}