{"CSW": {"SSP": 89.45797671536097, "LCK": 107.4311870782556}}