{"CSW": {"SSP": 93.16656047264472, "LCK": 112.82857881291423}}