{"CSW": {"SSP": 105.7921038468688, "LCK": 106.00509452807856}}