{"CSW": {"SSP": 112.41634980460427, "LCK": 97.06167935617383}}