{"CSW": {"SSP": 107.63058994792695, "LCK": 120.00290611119469}}