{"CSW": {"SSP": 89.64653384330651, "LCK": 113.3609417984828}}