{"CSW": {"SSP": 85.89313890652049, "LCK": 125.37454829526932}}