{"CSW": {"SSP": 79.27406885331109, "LCK": 94.05691186144152}}