{"CSW": {"SSP": 99.46352506040407, "LCK": 102.13149129805463}}