{"CSW": {"SSP": 96.45919137037791, "LCK": 106.86041154234644}}