{"CSW": {"SSP": 124.8053563105992, "LCK": 111.40237258822935}}