{"CSW": {"SSP": 95.76728136306113, "LCK": 116.20421286759202}}