{"CSW": {"SSP": 106.33349743274275, "LCK": 107.95979349639074}}