{"CSW": {"SSP": 106.24265184246747, "LCK": 86.69236617128968}}