{"CSW": {"SSP": 109.47443243384245, "LCK": 117.3643978176716}}