{"CSW": {"SSP": 92.92468886343428, "LCK": 120.08770224394604}}