{"CSW": {"SSP": 117.88409885581007, "LCK": 122.98098446524156}}