{"CSW": {"SSP": 103.16621133350688, "LCK": 112.30354892140903}}