{"CSW": {"SSP": 106.58542165617241, "LCK": 114.33693662314435}}