{"CSW": {"SSP": 83.13096113944239, "LCK": 86.17133538004835}}