{"CSW": {"SSP": 84.71285872884249, "LCK": 94.82657734851007}}