{"CSW": {"SSP": 90.0119450100061, "LCK": 100.47324001437056}}