{"CSW": {"SSP": 82.21669241307828, "LCK": 115.22484761863453}}