{"CSW": {"SSP": 78.34655713236631, "LCK": 116.79431162541289}}