{"CSW": {"SSP": 101.33279560869231, "LCK": 107.43787811005741}}