{"CSW": {"SSP": 85.70910661199358, "LCK": 105.10957488706386}}