{"CSW": {"SSP": 118.2021097187828, "LCK": 113.83493938284111}}