{"CSW": {"SSP": 114.364237930888, "LCK": 115.72027378150612}}