{"CSW": {"SSP": 114.67762013135673, "LCK": 121.6477622899072}}