{"CSW": {"SSP": 123.76493053082477, "LCK": 116.459823907645}}