{"CSW": {"SSP": 81.24088836329925, "LCK": 120.85293685026222}}