{"CSW": {"SSP": 60.7945640930832, "LCK": 73.20398188493516}}