{"CSW": {"SSP": 82.89967584143307, "LCK": 104.17487527237128}}