{"CSW": {"SSP": 107.94311962846946, "LCK": 100.6474327320765}}