{"DIH": {"HIK": 333.0914518551397, "WTS": 91.8427246578094, "KAT": 137.40122758167524, "CHH": 92.04248899418732}, "DIS": {"SUN": 198.58233387484285}}