{"DIH": {"HIK": 333.01058002448843, "WTS": 118.19736717729802, "KAT": 182.26741275077615, "CHH": 120.62084067880937}, "DIS": {"SUN": 198.57938038523076}}