{"DIH": {"HIK": 333.01058002448843, "WTS": 113.244995185277, "KAT": 152.9964070087713, "CHH": 91.7097404790872}, "DIS": {"SUN": 198.57938038523076}}