{"DIH": {"HIK": 333.0914519288973, "WTS": 108.0287992821648, "KAT": 177.7638971606894, "CHH": 108.98158145082917}, "DIS": {"SUN": 198.58233387484285}}