{"DIH": {"HIK": 333.0914519288914, "WTS": 105.9886424747303, "KAT": 154.5545520882065, "CHH": 86.5627214720224}, "DIS": {"SUN": 198.58233387484285}}