{"DIH": {"HIK": 333.0914518277208, "WTS": 74.54399765507254, "KAT": 144.60926278459453, "CHH": 106.80711796184819}, "DIS": {"SUN": 198.58233387484285}}