{"DIH": {"HIK": 333.0914519288973, "WTS": 96.49852237505672, "KAT": 161.09818211246878, "CHH": 97.2084594005078}, "DIS": {"SUN": 198.58233387484285}}