{"DIH": {"HIK": 333.04369787806297, "WTS": 111.27065489710719, "KAT": 175.50084950578426, "CHH": 86.2822125313754}, "DIS": {"SUN": 198.5823338734115}}