{"DIH": {"HIK": 333.0914519288973, "WTS": 106.76453004990181, "KAT": 155.4844137621305, "CHH": 95.65032444165674}, "DIS": {"SUN": 198.58233387484285}}