{"DIH": {"HIK": 333.01058002448843, "WTS": 95.81732146201296, "KAT": 148.43705003017345, "CHH": 79.85777905735964}, "DIS": {"SUN": 198.57938038523076}}