{"DIH": {"HIK": 333.01058002448843, "WTS": 98.35202624226443, "KAT": 149.42588891831267, "CHH": 96.98237265968402}, "DIS": {"SUN": 198.57938038523076}}