{"DIH": {"HIK": 333.01058002448843, "WTS": 94.30738518708924, "KAT": 156.88853523672284, "CHH": 124.15723239824058}, "DIS": {"SUN": 198.57938038523076}}