{"DIH": {"HIK": 333.01058002448843, "WTS": 111.08403429098777, "KAT": 144.96172768866225, "CHH": 121.04948319596576}, "DIS": {"SUN": 198.57938038523076}}