{"DIH": {"HIK": 333.01058002448843, "WTS": 97.94399392488343, "KAT": 164.0182941425851, "CHH": 89.84402370542166}, "DIS": {"SUN": 198.57938038523076}}