{"DIH": {"HIK": 333.091437617454, "WTS": 96.44970636942902, "KAT": 182.2030061446745, "CHH": 95.38896120531783}, "DIS": {"SUN": 198.58233387484285}}