{"DIH": {"HIK": 333.01058002448843, "WTS": 99.37898200154228, "KAT": 147.59614218757096, "CHH": 127.89698564295338}, "DIS": {"SUN": 198.57938038523076}}