{"DIH": {"HIK": 333.01058002448843, "WTS": 107.54621695925081, "KAT": 169.06546150077418, "CHH": 105.78503124482343}, "DIS": {"SUN": 198.57938038523076}}