{"DIH": {"HIK": 333.0914519288966, "WTS": 90.89380587632114, "KAT": 163.82238928527005, "CHH": 74.26922075822958}, "DIS": {"SUN": 198.58233387484285}}