{"DIH": {"HIK": 333.01058002448843, "WTS": 100.25120797579473, "KAT": 155.99709183263698, "CHH": 87.34393470201869}, "DIS": {"SUN": 198.57938038523076}}