{"DIH": {"HIK": 333.0914519288846, "WTS": 105.8808267987044, "KAT": 146.9294267327935, "CHH": 109.69424916787075}, "DIS": {"SUN": 198.58233387484285}}