{"DIH": {"HIK": 333.05277114772156, "WTS": 109.26923046665684, "KAT": 173.83568809968526, "CHH": 75.82859215041408}, "DIS": {"SUN": 198.5823338748387}}