{"DIH": {"HIK": 333.0914519288973, "WTS": 121.68370237536162, "KAT": 171.66480413436093, "CHH": 126.19568361560201}, "DIS": {"SUN": 198.58233387484285}}