{"DIH": {"HIK": 333.01058002448843, "WTS": 113.02769667770721, "KAT": 151.15109948503476, "CHH": 124.81536592487313}, "DIS": {"SUN": 198.57938038523076}}