{"DIH": {"HIK": 333.0914519288973, "WTS": 105.36533253573866, "KAT": 177.47099684521044, "CHH": 106.42397938981017}, "DIS": {"SUN": 198.58233387484285}}