{"DIH": {"HIK": 333.0899761780923, "WTS": 82.39160105806363, "KAT": 165.967609554014, "CHH": 96.45578451430431}, "DIS": {"SUN": 198.58233387484285}}