{"DIH": {"HIK": 333.01058002448843, "WTS": 107.5274153942302, "KAT": 163.98717643394994, "CHH": 127.14344153103744}, "DIS": {"SUN": 198.57938038523076}}