{"DIH": {"HIK": 333.01058002448843, "WTS": 120.14634420758418, "KAT": 142.70913486507652, "CHH": 99.0680977337498}, "DIS": {"SUN": 198.57938038523076}}