{"DIH": {"HIK": 333.01058002448843, "WTS": 113.38643231202275, "KAT": 142.15054905764802, "CHH": 121.24174540225044}, "DIS": {"SUN": 198.57938038523076}}