{"DIH": {"HIK": 333.0914519288973, "WTS": 98.16617811584506, "KAT": 158.58515926683606, "CHH": 82.62141497027729}, "DIS": {"SUN": 198.58233387484285}}