{"DIH": {"HIK": 333.0914519288973, "WTS": 107.89106895656384, "KAT": 161.07839807506792, "CHH": 105.50108651796776}, "DIS": {"SUN": 198.58233387484285}}