{"DIH": {"HIK": 333.09145192864827, "WTS": 105.90149161295395, "KAT": 155.46560013859346, "CHH": 114.51057388181198}, "DIS": {"SUN": 198.58233387484285}}