{"DIH": {"HIK": 333.0914519288973, "WTS": 111.07135179408337, "KAT": 145.99075818144763, "CHH": 84.06430048476231}, "DIS": {"SUN": 198.58233387484285}}