{"DIH": {"HIK": 333.01058002448843, "WTS": 120.30853880814318, "KAT": 144.53154204647907, "CHH": 106.67264324790362}, "DIS": {"SUN": 198.57938038523076}}