{"DIH": {"HIK": 333.01058002448843, "WTS": 116.42956830223655, "KAT": 175.943830972203, "CHH": 119.35648964312153}, "DIS": {"SUN": 198.57938038523076}}