{"DIH": {"HIK": 333.01058002448843, "WTS": 114.92492700993648, "KAT": 151.15109948503476, "CHH": 125.5338293323858}, "DIS": {"SUN": 198.57938038523076}}