{"DIH": {"HIK": 333.09145169385783, "WTS": 71.18237487711329, "KAT": 164.20021132380654, "CHH": 100.89767649610889}, "DIS": {"SUN": 198.58233387484285}}