{"DIH": {"HIK": 333.091451790109, "WTS": 75.73333043836116, "KAT": 151.9221711722833, "CHH": 100.89767649610889}, "DIS": {"SUN": 198.58233387484285}}