{"DIH": {"HIK": 333.0914108840782, "WTS": 107.90033756536695, "KAT": 175.38413962165976, "CHH": 99.3606577122917}, "DIS": {"SUN": 198.58233387484285}}