{"DIH": {"HIK": 333.01058002448843, "WTS": 116.43310792882308, "KAT": 167.38278410230896, "CHH": 84.00156408160016}, "DIS": {"SUN": 198.57938038523076}}