{"ETS": {"AUS": 149.4185254224714, "HUH": 243.05431655360638}}