{"ETS": {"AUS": 153.79844109688673, "HUH": 170.6699230715187}}