{"ETS": {"AUS": 174.88944910772526, "HUH": 176.7635766605887}}