{"ETS": {"AUS": 170.5639453142407, "HUH": 202.43005018445385}}