{"ETS": {"AUS": 175.77050419695274, "HUH": 191.68849709507688}}