{"ETS": {"AUS": 179.47710839953174, "HUH": 214.08991438231106}}