{"ETS": {"AUS": 160.56536559353208, "HUH": 131.6434719517028}}