{"ETS": {"AUS": 129.34064542731932, "HUH": 199.16891573478432}}