{"ETS": {"AUS": 150.47686067548545, "HUH": 167.14561971028553}}