{"ETS": {"AUS": 156.98722091806644, "HUH": 181.25123100163603}}