{"ETS": {"AUS": 166.3136631404389, "HUH": 201.23795531601948}}