{"ETS": {"AUS": 137.61765702028683, "HUH": 206.8557486183271}}