{"ETS": {"AUS": 152.05060318631212, "HUH": 192.13674370293046}}