{"ETS": {"AUS": 159.69632736291214, "HUH": 172.84183980643172}}