{"ETS": {"AUS": 183.55063563527273, "HUH": 238.36068668641406}}