{"ETS": {"AUS": 151.72958048010412, "HUH": 191.7781252399264}}