{"ETS": {"AUS": 151.8858732835116, "HUH": 140.12167412768855}}