{"ETS": {"AUS": 133.81425536700402, "HUH": 160.99584849110587}}