{"ETS": {"AUS": 164.79992783941418, "HUH": 183.7415618025719}}