{"ETS": {"AUS": 161.0884988262598, "HUH": 181.25123100163603}}