{"EXC": {"HUH": 199.64456341826275, "ADM": 73.62947827733723}}