{"EXC": {"HUH": 199.64456341826275, "ADM": 57.39221998555687}}