{"EXC": {"HUH": 199.64456341826275, "ADM": 93.31666159486164}}