{"EXC": {"HUH": 199.64456341826275, "ADM": 54.61973875630328}}