{"EXC": {"HUH": 199.64456341826275, "ADM": 55.94009801131866}}