{"EXC": {"HUH": 199.64456341826275, "ADM": 79.64023898156658}}