{"EXC": {"HUH": 199.64456341826275, "ADM": 54.82116794292663}}