{"EXC": {"HUH": 199.64456341826275, "ADM": 69.31821302472675}}