{"EXC": {"HUH": 199.64456341826275, "ADM": 61.337071767635905}}