{"EXC": {"HUH": 199.64456341826275, "ADM": 70.81864217692852}}