{"EXC": {"HUH": 199.64456341826275, "ADM": 64.7381876914385}}