{"EXC": {"HUH": 199.64456341826275, "ADM": 52.41501881547199}}