{"EXC": {"HUH": 199.64456341826275, "ADM": 72.50164556051178}}