{"EXC": {"HUH": 199.64456341826275, "ADM": 85.12216952512127}}