{"EXC": {"HUH": 199.64456341826275, "ADM": 61.77272371546756}}