{"EXC": {"HUH": 199.64456341826275, "ADM": 29.787351773999944}}