{"EXC": {"HUH": 199.64456341826275, "ADM": 65.16672436562666}}