{"EXC": {"HUH": 199.64456341826275, "ADM": 34.544834996702}}