{"EXC": {"HUH": 199.64456341826275, "ADM": 54.022001566811}}