{"EXC": {"HUH": 199.64456341826275, "ADM": 75.64744426301297}}