{"EXC": {"HUH": 199.64456341826275, "ADM": 52.65782439539404}}