{"EXC": {"HUH": 199.64456341826275, "ADM": 52.744332364756815}}