{"EXC": {"HUH": 199.64456341826275, "ADM": 73.85745972352599}}