{"FOT": {"UNI": 186.41024702884016, "SHT": 155.98726948978157}, "FOH": {"TIH": 105.04584912373306, "NOP": 106.49928130519284}}