{"FOT": {"UNI": 186.45678215457866, "SHT": 155.9474696608778}, "FOH": {"TIH": 102.41976912954608, "NOP": 123.23104256543397}}