{"FOT": {"UNI": 186.45681457483926, "SHT": 155.94739801142072}, "FOH": {"TIH": 115.04143859612236, "NOP": 101.71102138718346}}