{"FOT": {"UNI": 186.45681457483926, "SHT": 155.94739801142072}, "FOH": {"TIH": 107.13245992731012, "NOP": 112.52285917226433}}