{"FOT": {"UNI": 186.4568144077527, "SHT": 155.94739878346235}, "FOH": {"TIH": 98.34388070219202, "NOP": 117.87284849268026}}