{"FOT": {"UNI": 186.41024702884016, "SHT": 155.98726948978157}, "FOH": {"TIH": 91.40903006177834, "NOP": 89.90606717937786}}