{"FOT": {"UNI": 186.45681170145173, "SHT": 155.9474099605307}, "FOH": {"TIH": 101.9737116954391, "NOP": 115.16968702718125}}