{"FOT": {"UNI": 186.45681457483926, "SHT": 155.94739801142072}, "FOH": {"TIH": 106.26020537508666, "NOP": 110.3028678250326}}