{"FOT": {"UNI": 186.45681457483926, "SHT": 155.94739801142072}, "FOH": {"TIH": 94.86782699827198, "NOP": 94.2254219065101}}