{"FOT": {"UNI": 186.41024702884016, "SHT": 155.98726948978157}, "FOH": {"TIH": 100.89076788805384, "NOP": 111.6706764199502}}