{"FOT": {"UNI": 186.41024702884016, "SHT": 155.98726948978157}, "FOH": {"TIH": 104.82455114198915, "NOP": 111.33463871938292}}