{"FOT": {"UNI": 186.41024702884016, "SHT": 155.98726948978157}, "FOH": {"TIH": 87.15586331118946, "NOP": 122.04404111681632}}