{"FOT": {"UNI": 186.45681457483926, "SHT": 155.94739801142072}, "FOH": {"TIH": 109.17133423965647, "NOP": 118.74241201182284}}