{"FOT": {"UNI": 186.45681457483926, "SHT": 155.94739801142072}, "FOH": {"TIH": 110.12566516896182, "NOP": 99.82133459125674}}