{"FOT": {"UNI": 186.41024702884016, "SHT": 155.98726948978157}, "FOH": {"TIH": 113.7315350691234, "NOP": 122.65537541198944}}