{"FOT": {"UNI": 186.45681457483926, "SHT": 155.94739801142072}, "FOH": {"TIH": 107.6987470326045, "NOP": 127.43109381848971}}