{"FOT": {"UNI": 186.45681442446136, "SHT": 155.94739870625818}, "FOH": {"TIH": 98.34388070219202, "NOP": 117.87284849268026}}