{"FOT": {"UNI": 186.45681457483926, "SHT": 155.94739801142072}, "FOH": {"TIH": 114.85902649839667, "NOP": 96.88100210583931}}