{"FOT": {"UNI": 186.41024702884016, "SHT": 155.98726948978157}, "FOH": {"TIH": 103.97679861917634, "NOP": 90.9183568735855}}