{"FOT": {"UNI": 186.41024702884016, "SHT": 155.98726948978157}, "FOH": {"TIH": 95.97489202641103, "NOP": 127.29940596718541}}