{"FOT": {"UNI": 186.4568145748383, "SHT": 155.94739801142305}, "FOH": {"TIH": 100.91894542313312, "NOP": 113.36342298929178}}