{"FOT": {"UNI": 186.45681457483926, "SHT": 155.94739801142072}, "FOH": {"TIH": 99.21915289547074, "NOP": 110.30690345738044}}