{"FOT": {"UNI": 186.45681457483926, "SHT": 155.94739801142072}, "FOH": {"TIH": 95.67962683557701, "NOP": 109.7851951768877}}