{"FOT": {"UNI": 186.45681457483926, "SHT": 155.94739801142072}, "FOH": {"TIH": 107.71420081569083, "NOP": 118.63817081064056}}