{"FOT": {"UNI": 186.41024702884016, "SHT": 155.98726948978157}, "FOH": {"TIH": 89.57781533401791, "NOP": 130.85677648664614}}