{"FOT": {"UNI": 186.41024702884016, "SHT": 155.98726948978157}, "FOH": {"TIH": 102.32629205346534, "NOP": 131.56330404233861}}