{"FOT": {"UNI": 186.45681422550257, "SHT": 155.9473994641534}, "FOH": {"TIH": 98.75986744688002, "NOP": 106.4874464920168}}