{"FOT": {"UNI": 186.45681457483926, "SHT": 155.94739801142072}, "FOH": {"TIH": 108.95513931818982, "NOP": 105.04578911060112}}