{"HAH": {"TKO": 67.29853304848119, "POA": 107.53905059999165}}