{"HAH": {"TKO": 44.06155544877665, "POA": 125.84347894493877}}