{"HAH": {"TKO": 84.62275380441181, "POA": 141.86528263297666}}