{"HAH": {"TKO": 70.96583953547506, "POA": 115.76169647726456}}