{"HAH": {"TKO": 80.03279867964577, "POA": 124.08581866843167}}