{"HAH": {"TKO": 50.12060319169802, "POA": 130.5676663977851}}