{"HAH": {"TKO": 87.01061237852244, "POA": 133.9232884269914}}