{"HAH": {"TKO": 70.64192834411544, "POA": 124.95535694646347}}