{"HAH": {"TKO": 104.86970791938506, "POA": 122.65630630996391}}