{"HAH": {"TKO": 70.96583953547506, "POA": 121.63152880402501}}