{"HAH": {"TKO": 49.91611972674785, "POA": 131.8817306958007}}