{"HAH": {"TKO": 63.375836151234786, "POA": 123.1593429026311}}