{"HAH": {"TKO": 45.58099159468892, "POA": 128.94950403162824}}