{"HAH": {"TKO": 57.684828719987664, "POA": 185.2035419721361}}