{"HAH": {"TKO": 89.14648913555109, "POA": 120.36322151676248}}