{"HAH": {"TKO": 80.02809111655779, "POA": 141.56087329320653}}