{"HAH": {"TKO": 108.94486435025142, "POA": 123.48296472092424}}