{"HAH": {"TKO": 59.89734667469175, "POA": 129.21114442274808}}