{"HAH": {"TKO": 76.22432888864343, "POA": 128.45893496537067}}