{"HAH": {"TKO": 107.58273712744656, "POA": 125.77492218461484}}