{"HAH": {"TKO": 68.49895825882399, "POA": 128.08723080658947}}