{"HAH": {"TKO": 70.57509018827243, "POA": 125.6378804744937}}