{"HAH": {"TKO": 74.25744820800148, "POA": 107.6280257525327}}