{"HAH": {"TKO": 44.92450775407307, "POA": 133.00042721859296}}