{"HAH": {"TKO": 74.25744820800148, "POA": 106.98576845034631}}