{"HAH": {"TKO": 68.84957296724644, "POA": 137.4680661558711}}