{"HAH": {"TKO": 93.64542009556935, "POA": 135.90615184295953}}