{"HAH": {"TKO": 94.78423582906045, "POA": 120.96350420825831}}