{"HAH": {"TKO": 56.491031493461605, "POA": 124.75091083350533}}