{"HAH": {"TKO": 83.96656693051307, "POA": 114.40407112008063}}