{"HAH": {"TKO": 100.99133642394285, "POA": 129.1067320365716}}