{"HAH": {"TKO": 53.907612007222575, "POA": 125.02376746239902}}