{"HAH": {"TKO": 66.66296918657414, "POA": 128.74953519823345}}