{"HAH": {"TKO": 74.53975396758989, "POA": 117.45944840300486}}