{"HEO": {"MOS": 115.94606793345285, "TSH": 119.24035820405007}}