{"HEO": {"MOS": 95.28227466667165, "TSH": 141.18078807319685}}