{"HEO": {"MOS": 115.80965647660625, "TSH": 136.55063145877313}}