{"HEO": {"MOS": 125.82405621167909, "TSH": 114.74776477578112}}