{"HEO": {"MOS": 127.21292248713637, "TSH": 115.1174985749607}}