{"HEO": {"MOS": 125.12206185364019, "TSH": 130.90947442467234}}