{"HEO": {"MOS": 120.9110227355255, "TSH": 137.99098413649057}}