{"HEO": {"MOS": 119.81527671775716, "TSH": 114.66540743783455}}