{"HEO": {"MOS": 125.58786690578333, "TSH": 120.42547463966741}}