{"HEO": {"MOS": 130.88882919145163, "TSH": 119.69265646114636}}