{"HEO": {"MOS": 95.3735259035295, "TSH": 123.4462847341235}}