{"HEO": {"MOS": 114.56804661157878, "TSH": 137.08379783179356}}