{"HEO": {"MOS": 103.15558062334647, "TSH": 137.07300833205494}}