{"HEO": {"MOS": 118.21159991878383, "TSH": 123.15800266797949}}