{"HEO": {"MOS": 123.08267192450857, "TSH": 107.10628171174744}}