{"HEO": {"MOS": 131.00981021272403, "TSH": 119.69265646114636}}