{"HEO": {"MOS": 123.7603557321705, "TSH": 123.5050589004807}}