{"HEO": {"MOS": 109.84771131077514, "TSH": 122.43777930538735}}