{"HEO": {"MOS": 128.67886558282572, "TSH": 138.74865213308186}}