{"HEO": {"MOS": 94.88744948389093, "TSH": 138.2447155278112}}