{"HEO": {"MOS": 127.89983405287126, "TSH": 140.33166930010105}}