{"HEO": {"MOS": 122.61955022981758, "TSH": 130.78940279789768}}