{"HEO": {"MOS": 131.0507904055143, "TSH": 133.5152046733304}}