{"HEO": {"MOS": 125.68120667948742, "TSH": 138.45412743550165}}