{"HEO": {"MOS": 104.13489024586083, "TSH": 137.96423764548166}}