{"HEO": {"MOS": 124.45813695022389, "TSH": 130.6824005831358}}