{"HEO": {"MOS": 128.11467752919594, "TSH": 124.38395391108581}}