{"HEO": {"MOS": 125.44423957144598, "TSH": 142.28601148160624}}