{"HEO": {"MOS": 127.48817219368448, "TSH": 122.68217101231755}}