{"HEO": {"MOS": 132.7594783712458, "TSH": 134.31284129731057}}