{"HEO": {"MOS": 125.08560800487881, "TSH": 131.57855282218523}}