{"HEO": {"MOS": 109.4842897119403, "TSH": 143.33430626320597}}