{"HFC": {"SKW": 113.89214434082427, "CHW": 116.54279802428289}}