{"HFC": {"SKW": 97.14940848786955, "CHW": 110.59105651257494}}