{"HFC": {"SKW": 99.6933457407321, "CHW": 112.26764992310696}}