{"HFC": {"SKW": 131.40954680589655, "CHW": 111.28358096987881}}