{"HFC": {"SKW": 102.30097186264685, "CHW": 119.7648509932563}}