{"HFC": {"SKW": 133.26262091853351, "CHW": 123.88443732595033}}