{"HFC": {"SKW": 135.0217139369792, "CHW": 120.54387235012568}}