{"HFC": {"SKW": 129.3691364984994, "CHW": 137.5624829983409}}