{"HFC": {"SKW": 109.64462264299293, "CHW": 117.21691835759277}}