{"HFC": {"SKW": 128.75202036851778, "CHW": 130.56181061801828}}