{"HFC": {"SKW": 116.38953033960324, "CHW": 114.37886085293837}}