{"HFC": {"SKW": 131.87834957575637, "CHW": 122.12866100308636}}