{"HFC": {"SKW": 88.15768905237006, "CHW": 119.01070810260705}}