{"HFC": {"SKW": 94.59372528239633, "CHW": 125.96093081128029}}