{"HIK": {"DIH": 333.01058002448843, "TAW": 131.26465972052796}}