{"HIK": {"DIH": 333.08867504340077, "TAW": 123.78341071673474}}