{"HIK": {"DIH": 333.08981220578056, "TAW": 131.20506964506126}}