{"HIK": {"DIH": 333.01058002448843, "TAW": 150.05049811173913}}