{"HIK": {"DIH": 333.01058002448843, "TAW": 155.4405050320782}}