{"HIK": {"DIH": 333.09145192889684, "TAW": 122.7756116154188}}