{"HIK": {"DIH": 333.0912904537363, "TAW": 128.17809692385188}}