{"HIK": {"DIH": 333.091401256281, "TAW": 140.22602939173922}}