{"HIK": {"DIH": 333.09144149585524, "TAW": 137.4467754265779}}