{"HIK": {"DIH": 333.01058002448843, "TAW": 129.52382264099182}}