{"HIK": {"DIH": 333.09145192608355, "TAW": 147.19687881427305}}