{"HIK": {"DIH": 333.01058002448843, "TAW": 127.35258003475471}}