{"HIK": {"DIH": 333.09145192873405, "TAW": 145.26756497104012}}