{"HIK": {"DIH": 333.01058002448843, "TAW": 131.33819374847516}}