{"HIK": {"DIH": 333.09012375317286, "TAW": 131.28456268055513}}