{"HIK": {"DIH": 333.01058002448843, "TAW": 153.09645452887037}}