{"HIK": {"DIH": 333.09145192888997, "TAW": 138.84690591920193}}