{"HIK": {"DIH": 333.0914519288973, "TAW": 145.43803189170643}}