{"HIK": {"DIH": 333.0914519288973, "TAW": 139.72486567959442}}