{"HIK": {"DIH": 333.0842843020536, "TAW": 135.67232238490277}}