{"HIK": {"DIH": 333.068611314421, "TAW": 128.85068029170273}}