{"HIK": {"DIH": 333.0914519288973, "TAW": 134.75488256813463}}