{"HIK": {"DIH": 333.01058002448843, "TAW": 127.81732203127925}}