{"HKU": {"SYP": 122.25763736918944, "KET": 98.93750864723927}}