{"HKU": {"SYP": 109.68707298719453, "KET": 102.20737729983406}}