{"HKU": {"SYP": 98.17342542232042, "KET": 100.19478831553779}}