{"HKU": {"SYP": 96.17445339835476, "KET": 93.88180698897384}}