{"HKU": {"SYP": 115.26518279734357, "KET": 82.33744842812237}}