{"HKU": {"SYP": 117.96902356186399, "KET": 102.33218587549989}}