{"HKU": {"SYP": 122.00089900966445, "KET": 98.50246705623404}}