{"HKU": {"SYP": 106.01655881757162, "KET": 87.84165032512871}}