{"HKU": {"SYP": 122.45251764213913, "KET": 91.22595472161825}}