{"HKU": {"SYP": 111.24889682500748, "KET": 91.86637888350624}}