{"HKU": {"SYP": 94.55995321842832, "KET": 94.03243302130277}}