{"HKU": {"SYP": 101.55608288008838, "KET": 99.73742878608964}}