{"HKU": {"SYP": 123.00975186378328, "KET": 94.30695611417717}}