{"HKU": {"SYP": 115.13001359576621, "KET": 100.95423904569667}}