{"HKU": {"SYP": 124.31134766115952, "KET": 95.02609568283341}}