{"HOK": {"KOW": 177.72993634473806}, "HOM": {"TKW": 137.18274798057024, "YMT": 119.31510826113163, "HUH": 117.4779091452729}}