{"HOK": {"KOW": 177.74210021785535}, "HOM": {"TKW": 119.00991393153717, "YMT": 86.38054214756853, "HUH": 125.62086484533593}}