{"HOK": {"KOW": 177.72150059192205}, "HOM": {"TKW": 135.51318246623188, "YMT": 114.63387823856883, "HUH": 138.04652343480967}}