{"HOK": {"KOW": 177.72150059192205}, "HOM": {"TKW": 135.96188065150812, "YMT": 114.7399808772706, "HUH": 128.43929919199698}}