{"HOK": {"KOW": 177.74210021785535}, "HOM": {"TKW": 126.97819391198577, "YMT": 102.17640191806439, "HUH": 135.42315124029426, "WHA": 88.52932080514454}}