{"HOK": {"KOW": 177.74210021785535}, "HOM": {"TKW": 120.02922563435045, "YMT": 118.84388285437137, "HUH": 124.17297774855426, "WHA": 63.17144874497053}}