{"HOK": {"KOW": 177.74210021785535}, "HOM": {"TKW": 117.15931009321352, "YMT": 106.28191738005046, "HUH": 122.62136865370955, "WHA": 57.94684608234856}}