{"HOK": {"KOW": 177.74210021785535}, "HOM": {"TKW": 142.85234156693642, "YMT": 105.93850186483203, "HUH": 120.94837231064874}}