{"HOK": {"KOW": 177.74210021785535}, "HOM": {"TKW": 134.62155036779896, "YMT": 110.61906877224374, "HUH": 125.40617707619003, "WHA": 86.54088453629792}}