{"HOK": {"KOW": 177.72150059192205}, "HOM": {"TKW": 116.4965398338677, "YMT": 120.18282914512395, "HUH": 132.22271403977254}}