{"HOK": {"KOW": 177.72150059192205}, "HOM": {"TKW": 125.65386142974282, "YMT": 95.54447318659808, "HUH": 122.68164130947378}}