{"HOK": {"KOW": 177.74210021785535}, "HOM": {"TKW": 120.13444781996904, "YMT": 114.999107466385, "HUH": 127.72439991829326, "WHA": 74.1837163778354}}