{"HOK": {"KOW": 177.74210021785535}, "HOM": {"TKW": 137.1057991963129, "YMT": 135.89625354702056, "HUH": 106.80899277968828, "WHA": 82.23059016690522}}