{"HOK": {"KOW": 177.74209977466006}, "HOM": {"TKW": 107.62455506332917, "YMT": 133.73977077841556, "HUH": 115.47339576690395}}