{"HOK": {"KOW": 177.72150059192205}, "HOM": {"TKW": 148.42202599625324, "YMT": 133.2878952710907, "HUH": 115.58285746334136}}