{"HOK": {"KOW": 177.74210021785535}, "HOM": {"TKW": 118.97515767340084, "YMT": 108.24939417259614, "HUH": 126.99032348772175, "WHA": 86.43736144294493}}