{"HOK": {"KOW": 177.74209259623112}, "HOM": {"TKW": 104.91617229258797, "YMT": 131.9306062771156, "HUH": 115.47339576690395}}