{"HOK": {"KOW": 177.74210021785535}, "HOM": {"TKW": 121.50212797128111, "YMT": 116.32909812842131, "HUH": 116.79030991743073, "WHA": 70.90932649035832}}