{"HOK": {"KOW": 177.74210021785535}, "HOM": {"TKW": 136.0562142223673, "YMT": 91.38100295324148, "HUH": 114.24597187536799}}