{"HOK": {"KOW": 177.74210021785535}, "HOM": {"TKW": 135.70682708292537, "YMT": 99.46481794061107, "HUH": 123.40354299210605, "WHA": 93.51076814916026}}