{"HOK": {"KOW": 177.74210021785535}, "HOM": {"TKW": 137.56580653634677, "YMT": 108.08032362822762, "HUH": 133.35374803427015}}