{"HOK": {"KOW": 177.72150059192205}, "HOM": {"TKW": 130.50519409740642, "YMT": 95.31699822979252, "HUH": 127.84182647502283}}