{"HOK": {"KOW": 177.72150059192205}, "HOM": {"TKW": 116.4965398338677, "YMT": 111.5364768279155, "HUH": 132.22271403977254}}