{"HOK": {"KOW": 177.72150059192205}, "HOM": {"TKW": 130.12829657895992, "YMT": 136.98414122152738, "HUH": 117.81599156940008}}