{"HOK": {"KOW": 177.74210021785535}, "HOM": {"TKW": 134.36161123807184, "YMT": 111.00702250630238, "HUH": 127.98266657588138, "WHA": 77.02574286556187}}