{"HOK": {"KOW": 177.74210021785535}, "HOM": {"TKW": 119.61983413814971, "YMT": 121.30355170228555, "HUH": 103.41142588193061, "WHA": 69.18705156146743}}