{"HOK": {"KOW": 177.72150059192205}, "HOM": {"TKW": 136.0645699871671, "YMT": 138.0442911737747, "HUH": 108.97596519283316}}