{"HOK": {"KOW": 177.74210021785535}, "HOM": {"TKW": 125.80023939751331, "YMT": 101.97201909199505, "HUH": 135.42315124029426, "WHA": 92.78030084225031}}