{"HOK": {"KOW": 177.74210021785535}, "HOM": {"TKW": 128.12797493869735, "YMT": 130.217087153209, "HUH": 119.06011197632895, "WHA": 68.09381678267577}}