{"HOK": {"KOW": 177.74210021785535}, "HOM": {"TKW": 135.32515145440587, "YMT": 122.65911101279012, "HUH": 117.33419152426863}}