{"HOK": {"KOW": 177.72150059192205}, "HOM": {"TKW": 131.5432944462565, "YMT": 102.50817902021633, "HUH": 131.3453284009074}}