{"HOK": {"KOW": 177.74210021785535}, "HOM": {"TKW": 138.69673895849087, "YMT": 133.83713700967255, "HUH": 116.84001688703532}}