{"HOK": {"KOW": 177.74210021785535}, "HOM": {"TKW": 130.46700758824346, "YMT": 133.23378174490898, "HUH": 132.80824020908057}}