{"HOK": {"KOW": 177.74210021785535}, "HOM": {"TKW": 137.67311021812543, "YMT": 133.52241052738998, "HUH": 101.57900343171391, "WHA": 83.16849078604693}}