{"HOK": {"KOW": 177.72150059192205}, "HOM": {"TKW": 112.37718989545446, "YMT": 116.28678298369205, "HUH": 129.80863877988233}}