{"HOK": {"KOW": 177.74210021785535}, "HOM": {"TKW": 120.13444781996904, "YMT": 124.08127704777182, "HUH": 127.72439991829326, "WHA": 71.42838845710392}}