{"HOK": {"KOW": 177.72150059192205}, "HOM": {"TKW": 136.00251068798522, "YMT": 112.670645937581, "HUH": 126.88387705089318}}