{"HOK": {"KOW": 177.72150059192205}, "HOM": {"TKW": 135.75507503534715, "YMT": 98.77142902001708, "HUH": 119.70036823795866}}