{"HOK": {"KOW": 177.74210021785535}, "HOM": {"TKW": 127.85223065360387, "YMT": 129.9486463832322, "HUH": 132.80824020908057}}