{"HOK": {"KOW": 177.72150059192205}, "HOM": {"TKW": 123.13387429040768, "YMT": 109.06237748504536, "HUH": 127.82918680181949}}