{"HOK": {"KOW": 177.74210021785535}, "HOM": {"TKW": 135.5896318692357, "YMT": 147.26007041574817, "HUH": 117.33419152426863}}