{"HUH": {"EXC": 199.7187365304597, "ETS": 266.6386120727945, "HOM": 120.80995048719174, "MKK": 188.31605289634018}}