{"HUH": {"EXC": 155.99926267808235, "ETS": 243.9594751803228, "HOM": 120.35280309234614, "MKK": 290.15140363966975}}