{"HUH": {"EXC": 199.7187365304597, "ETS": 234.87268922320126, "HOM": 123.46352920571731, "MKK": 188.31605289634018}}