{"HUH": {"EXC": 199.64456341826275, "ETS": 272.841549695857, "HOM": 123.08566751632866, "MKK": 188.37284520331815}}