{"HUH": {"EXC": 199.64456341826275, "ETS": 219.75391895594552, "HOM": 120.2209702065436, "MKK": 188.37284520331798}}