{"HUH": {"EXC": 199.64456341826275, "ETS": 223.89291824117026, "HOM": 123.61089154779965, "MKK": 188.37284520331815}}