{"HUH": {"EXC": 199.64456341826275, "ETS": 297.88538626650006, "HOM": 126.35834237959621, "MKK": 188.37284520331815}}