{"HUH": {"EXC": 199.7187365304597, "ETS": 252.23634469813297, "HOM": 128.49332239990045, "MKK": 188.31605289634018}}