{"HUH": {"EXC": 199.64457523165925, "ETS": 257.0874046262812, "HOM": 128.55387743334822, "MKK": 188.37283615812623}}