{"HUH": {"EXC": 199.66341722819, "ETS": 224.0988917280857, "HOM": 118.22521110530693, "MKK": 188.36517340477513}}