{"HUH": {"EXC": 199.7187365304597, "ETS": 250.748164939516, "HOM": 121.58766926287815, "MKK": 188.31605289634018}}