{"HUH": {"EXC": 199.64456341826275, "ETS": 175.7365699580759, "HOM": 125.43020551582397, "MKK": 188.37284520331815}}