{"HUH": {"EXC": 199.64456341826275, "ETS": 239.9609212094819, "HOM": 127.15272729402659, "MKK": 188.37284520331815}}