{"HUH": {"EXC": 199.7187365304597, "ETS": 243.37252832362134, "HOM": 125.6018108926382, "MKK": 188.31605289634018}}