{"HUH": {"EXC": 199.7187365304597, "ETS": 230.027311228918, "HOM": 143.40293037363378, "MKK": 188.31605289634018}}