{"HUH": {"EXC": 199.64456341826275, "ETS": 303.24512017145315, "HOM": 123.80500488654191, "MKK": 188.37284520331815}}