{"HUH": {"EXC": 199.7187365304597, "ETS": 224.9371429432399, "HOM": 132.1036332535698, "MKK": 188.31605289634018}}