{"HUH": {"EXC": 199.7187365304597, "ETS": 264.95845024460857, "HOM": 128.49332239990045, "MKK": 188.31605289634018}}