{"HUH": {"EXC": 199.64456341826275, "ETS": 241.93027935067957, "HOM": 132.6123824786144, "MKK": 188.37284520331815}}