{"HUH": {"EXC": 199.64456359287502, "ETS": 269.1560254636164, "HOM": 131.20926429935042, "MKK": 188.3728451156004}}