{"HUH": {"EXC": 199.7187365304597, "ETS": 296.7960859981407, "HOM": 128.30149508502612, "MKK": 188.31605289634018}}