{"HUH": {"EXC": 199.64456341826602, "ETS": 231.53531314730304, "HOM": 125.06329656687107, "MKK": 188.37284520331164}}