{"HUH": {"EXC": 199.64456341826275, "ETS": 249.50202614034384, "HOM": 132.26273811707725, "MKK": 188.37284520331815}}