{"HUH": {"EXC": 199.7187365304597, "ETS": 302.8454038759049, "HOM": 139.25403627378623, "MKK": 188.31605289634018}}