{"HUH": {"EXC": 199.64456353282577, "ETS": 306.3243806255293, "HOM": 131.72833786941538, "MKK": 188.37284514576658}}