{"JOR": {"TST": 90.84859961773068, "YMT": 117.07978209312202}}