{"JOR": {"TST": 67.59397421776048, "YMT": 83.75213773408356}}