{"JOR": {"TST": 92.33135896985559, "YMT": 108.83058694525974}}