{"JOR": {"TST": 115.73495731115591, "YMT": 117.29056978111768}}