{"JOR": {"TST": 89.51362496793813, "YMT": 109.72824243138771}}