{"JOR": {"TST": 110.05958417423831, "YMT": 102.66035451168901}}