{"JOR": {"TST": 80.84990849788767, "YMT": 74.35031779456087}}