{"JOR": {"TST": 81.24784921367805, "YMT": 96.42775943007688}}