{"JOR": {"TST": 96.94146345759364, "YMT": 91.90987707137673}}