{"JOR": {"TST": 73.71813734367461, "YMT": 118.06245301883916}}