{"JOR": {"TST": 108.50225964445454, "YMT": 108.70711334898695}}