{"JOR": {"TST": 108.27410557487096, "YMT": 102.10740720427181}}