{"JOR": {"TST": 93.92215346541062, "YMT": 109.23813243821522}}