{"JOR": {"TST": 117.18045259877246, "YMT": 87.43053809328345}}