{"JOR": {"TST": 96.22160385904598, "YMT": 102.29488715446809}}