{"JOR": {"TST": 83.4483243435222, "YMT": 108.35428183739411}}