{"JOR": {"TST": 83.00901316594882, "YMT": 125.47962733853403}}