{"JOR": {"TST": 104.69130245876246, "YMT": 88.23367206353075}}