{"JOR": {"TST": 114.86228583355822, "YMT": 103.64228569504697}}