{"JOR": {"TST": 94.21473590600938, "YMT": 109.03112449314241}}