{"JOR": {"TST": 104.10402019659678, "YMT": 84.77628485536127}}