{"JOR": {"TST": 98.24269783085575, "YMT": 104.36369761518658}}