{"JOR": {"TST": 118.62808387983266, "YMT": 100.49142855005218}}