{"JOR": {"TST": 101.6570027319583, "YMT": 88.23367206353075}}