{"JOR": {"TST": 90.88441739354884, "YMT": 117.24949789869092}}