{"JOR": {"TST": 112.60629229459474, "YMT": 124.77204125021963}}