{"JOR": {"TST": 52.90245393936054, "YMT": 117.89201948674011}}