{"JOR": {"TST": 112.28589762298847, "YMT": 115.63679141536757}}