{"JOR": {"TST": 103.0236645214554, "YMT": 102.66998943130507}}