{"JOR": {"TST": 111.42357956678543, "YMT": 105.73958947199858}}