{"JOR": {"TST": 119.32654994450513, "YMT": 87.43053809328345}}