{"JOR": {"TST": 84.13101673139252, "YMT": 106.29395784177461}}