{"JOR": {"TST": 94.31733509554866, "YMT": 123.32247400660592}}