{"JOR": {"TST": 105.25990715316257, "YMT": 105.70229721730193}}