{"JOR": {"TST": 94.3254649364755, "YMT": 110.6132704942693}}