{"JOR": {"TST": 112.27781015615196, "YMT": 90.55523604300325}}