{"JOR": {"TST": 110.22029342548197, "YMT": 122.08994303439434}}