{"JOR": {"TST": 73.71813734367461, "YMT": 107.73142348004835}}