{"JOR": {"TST": 74.71561748367989, "YMT": 109.76406447422937}}