{"JOR": {"TST": 109.46290718230489, "YMT": 104.42086420892119}}