{"JOR": {"TST": 97.47273881830611, "YMT": 122.90363388252145}}