{"JOR": {"TST": 105.33916870017495, "YMT": 111.18072638277911}}