{"JOR": {"TST": 81.8171982294368, "YMT": 100.24619865158533}}