{"JOR": {"TST": 102.66444095833154, "YMT": 96.6824385745274}}