{"JOR": {"TST": 96.5581181883336, "YMT": 123.33337134355307}}