{"JOR": {"TST": 95.76690056027076, "YMT": 103.31068277426668}}