{"JOR": {"TST": 97.98466966049901, "YMT": 90.98190709730183}}