{"JOR": {"TST": 106.4941102088596, "YMT": 110.68376068184065}}