{"JOR": {"TST": 73.71965016178072, "YMT": 101.44889222412579}}