{"JOR": {"TST": 113.93588913089116, "YMT": 99.34790554511406}}