{"JOR": {"TST": 98.16732963933109, "YMT": 118.00685126509651}}