{"JOR": {"TST": 106.90685131816299, "YMT": 109.7865069885841}}