{"K12-U010": {"K12-U020": 242.86662926593414}, "K12-D020": {"K12-D030": 275.86032385217084}, "K14-D020": {"K14-D030": 13.730843216013648}, "K18-U010": {"K18-U020": 277.6018720795737}, "K17-D010": {"K17-D020": 214.60841508486584}, "K17-U010": {"K17-U020": 196.26571947860958}, "K14-D010": {"K14-D020": 286.2897661711807}, "K18-D020": {"K18-D030": 66.56414131385131}, "K12-U020": {"K12-U030": 207.2919471049717}, "K17-D020": {"K17-D030": 46.56747086872334}, "K18-D010": {"K18-D020": 225.08739647512954}, "K17-U030": {"K17-U040": 28.963148965060395}, "K18-U020": {"K18-U030": 58.37034252685851}, "K17-U020": {"K17-U030": 139.0083432605732}, "K12-D030": {"K12-D040": 13.331110572940904}, "K12-D010": {"K12-D020": 146.56683794634287}}