{"K12-U010": {"K12-U020": 215.2186923194778}, "K12-D020": {"K12-D030": 301.26342145383376}, "K14-D020": {"K14-D030": 13.83151785517128}, "K18-U010": {"K18-U020": 220.9704206211224}, "K17-D010": {"K17-D020": 210.2170867964754}, "K17-U010": {"K17-U020": 238.30898571040444}, "K14-D010": {"K14-D020": 250.31670669034685}, "K18-D020": {"K18-D030": 46.351051528906304}, "K12-U020": {"K12-U030": 236.85506167170053}, "K17-D020": {"K17-D030": 49.32990858033362}, "K18-D010": {"K18-D020": 235.35492075155508}, "K17-U030": {"K17-U040": 28.68244712343752}, "K18-U020": {"K18-U030": 53.4322744897778}, "K17-U020": {"K17-U030": 145.4440222140517}, "K12-D030": {"K12-D040": 13.274403741906411}, "K12-D010": {"K12-D020": 159.6797362819822}}