{"K12-U010": {"K12-U020": 227.08687523176224}, "K12-D020": {"K12-D030": 299.0083192016356}, "K14-D020": {"K14-D030": 11.52131770287575}, "K18-U010": {"K18-U020": 240.02753013980447}, "K17-D010": {"K17-D020": 218.46474465841456}, "K17-U010": {"K17-U020": 207.72513888569355}, "K14-D010": {"K14-D020": 279.3805853537771}, "K18-D020": {"K18-D030": 72.92907677508882}, "K12-U020": {"K12-U030": 200.42234061123122}, "K17-D020": {"K17-D030": 67.20013966534786}, "K18-D010": {"K18-D020": 228.97612284924634}, "K17-U030": {"K17-U040": 35.2239470140137}, "K18-U020": {"K18-U030": 57.027877385099465}, "K17-U020": {"K17-U030": 153.02185162943522}, "K12-D030": {"K12-D040": 15.842278550309391}, "K12-D010": {"K12-D020": 161.37843772400376}}