{"K12-U010": {"K12-U020": 236.4293485383576}, "K12-D020": {"K12-D030": 298.3266193705241}, "K14-D020": {"K14-D030": 12.455085735894766}, "K18-U010": {"K18-U020": 229.72314101656107}, "K17-D010": {"K17-D020": 240.21605917062453}, "K17-U010": {"K17-U020": 255.3895644345467}, "K14-D010": {"K14-D020": 242.4098032488702}, "K18-D020": {"K18-D030": 45.00358369021312}, "K12-U020": {"K12-U030": 210.9551392992233}, "K17-D020": {"K17-D030": 33.0422287569842}, "K18-D010": {"K18-D020": 234.10236291940723}, "K17-U030": {"K17-U040": 30.650674750919244}, "K18-U020": {"K18-U030": 56.569908510272754}, "K17-U020": {"K17-U030": 157.55937826915374}, "K12-D030": {"K12-D040": 12.56166357355434}, "K12-D010": {"K12-D020": 167.39987354164157}}