{"K12-U010": {"K12-U020": 220.58466299924595}, "K12-D020": {"K12-D030": 302.5162417917046}, "K14-D020": {"K14-D030": 13.749723033080537}, "K18-U010": {"K18-U020": 246.98256175085262}, "K17-D010": {"K17-D020": 151.12870071408574}, "K17-U010": {"K17-U020": 237.6467592365509}, "K14-D010": {"K14-D020": 274.26097669540735}, "K18-D020": {"K18-D030": 44.936008111269835}, "K12-U020": {"K12-U030": 209.99157186506318}, "K17-D020": {"K17-D030": 35.88800041416221}, "K18-D010": {"K18-D020": 225.1100772532261}, "K17-U030": {"K17-U040": 29.558770942174583}, "K18-U020": {"K18-U030": 58.020327519049964}, "K17-U020": {"K17-U030": 149.7171250023114}, "K12-D030": {"K12-D040": 12.238026601446327}, "K12-D010": {"K12-D020": 163.90061832980075}}