{"K12-U010": {"K12-U020": 290.10251522741754}, "K12-D020": {"K12-D030": 336.0768948367926}, "K14-D020": {"K14-D030": 13.232995040242042}, "K18-U010": {"K18-U020": 227.44133065340583}, "K17-D010": {"K17-D020": 222.03056615716628}, "K17-U010": {"K17-U020": 242.44550034642498}, "K14-D010": {"K14-D020": 273.5120654997437}, "K18-D020": {"K18-D030": 71.8958797414452}, "K12-U020": {"K12-U030": 214.44749158810714}, "K17-D020": {"K17-D030": 45.785237295267294}, "K18-D010": {"K18-D020": 240.45481049419527}, "K17-U030": {"K17-U040": 40.28882074178362}, "K18-U020": {"K18-U030": 62.304950409213255}, "K17-U020": {"K17-U030": 155.34690461715348}, "K12-D030": {"K12-D040": 13.049019321083701}, "K12-D010": {"K12-D020": 160.67238491511216}}