{"K12-U010": {"K12-U020": 252.40496094558858}, "K12-D020": {"K12-D030": 307.7010552864867}, "K14-D020": {"K14-D030": 13.148026989298831}, "K18-U010": {"K18-U020": 230.37678762787718}, "K17-D010": {"K17-D020": 274.2742000260985}, "K17-U010": {"K17-U020": 246.76549260214946}, "K14-D010": {"K14-D020": 266.43405608217154}, "K18-D020": {"K18-D030": 49.00104023097133}, "K12-U020": {"K12-U030": 210.50749014568277}, "K17-D020": {"K17-D030": 30.660547602905744}, "K18-D010": {"K18-D020": 226.38845840198593}, "K17-U030": {"K17-U040": 30.5391128585157}, "K18-U020": {"K18-U030": 61.84242460299064}, "K17-U020": {"K17-U030": 139.5477356870634}, "K12-D030": {"K12-D040": 11.407144857783466}, "K12-D010": {"K12-D020": 161.374870170603}}