{"K12-U010": {"K12-U020": 306.1896171105745}, "K12-D020": {"K12-D030": 299.77474614585674}, "K14-D020": {"K14-D030": 14.108785956472712}, "K18-U010": {"K18-U020": 250.32873497215127}, "K17-D010": {"K17-D020": 234.9335729149525}, "K17-U010": {"K17-U020": 236.99519349994998}, "K14-D010": {"K14-D020": 277.4697248139065}, "K18-D020": {"K18-D030": 32.850929345880324}, "K12-U020": {"K12-U030": 207.24375513592526}, "K17-D020": {"K17-D030": 18.981104943414348}, "K18-D010": {"K18-D020": 243.99589740849734}, "K17-U030": {"K17-U040": 31.445764618095744}, "K18-U020": {"K18-U030": 59.56739381245704}, "K17-U020": {"K17-U030": 143.1463061448052}, "K12-D030": {"K12-D040": 12.746889409093939}, "K12-D010": {"K12-D020": 156.48330413291086}}