{"K12-U010": {"K12-U020": 235.11269694509707}, "K12-D020": {"K12-D030": 293.20856251443655}, "K14-D020": {"K14-D030": 14.211956566880122}, "K18-U010": {"K18-U020": 224.42323158116565}, "K17-D010": {"K17-D020": 205.05025748860217}, "K17-U010": {"K17-U020": 244.2608875984526}, "K14-D010": {"K14-D020": 263.26163294406047}, "K18-D020": {"K18-D030": 51.989475173298864}, "K12-U020": {"K12-U030": 213.45312370228993}, "K17-D020": {"K17-D030": 47.652426222504694}, "K18-D010": {"K18-D020": 227.51205172179712}, "K17-U030": {"K17-U040": 36.70160471694744}, "K18-U020": {"K18-U030": 61.65824312123939}, "K17-U020": {"K17-U030": 143.0541425510361}, "K12-D030": {"K12-D040": 13.243869742788117}, "K12-D010": {"K12-D020": 165.31257704011426}}