{"K12-U010": {"K12-U020": 241.75968433146164}, "K12-D020": {"K12-D030": 249.55436830175896}, "K14-D020": {"K14-D030": 13.831337323611104}, "K18-U010": {"K18-U020": 259.30148655873484}, "K17-D010": {"K17-D020": 227.5543234754091}, "K17-U010": {"K17-U020": 209.17378313270902}, "K14-D010": {"K14-D020": 264.00086351059707}, "K18-D020": {"K18-D030": 31.9961470967148}, "K12-U020": {"K12-U030": 200.15047548933723}, "K17-D020": {"K17-D030": 15.298526030128334}, "K18-D010": {"K18-D020": 230.96457241132788}, "K17-U030": {"K17-U040": 29.224558655127424}, "K18-U020": {"K18-U030": 62.00207435037079}, "K17-U020": {"K17-U030": 133.00440596963494}, "K12-D030": {"K12-D040": 12.774314563549183}, "K12-D010": {"K12-D020": 161.71332899777855}}