{"K12-U010": {"K12-U020": 212.98807204690928}, "K12-D020": {"K12-D030": 298.2058108743464}, "K14-D020": {"K14-D030": 12.383092981743834}, "K18-U010": {"K18-U020": 228.92002773498848}, "K17-D010": {"K17-D020": 199.86867486959127}, "K17-U010": {"K17-U020": 173.58277570310207}, "K14-D010": {"K14-D020": 236.07234993491187}, "K18-D020": {"K18-D030": 61.825741313885615}, "K12-U020": {"K12-U030": 221.96897853633072}, "K17-D020": {"K17-D030": 63.30371833313235}, "K18-D010": {"K18-D020": 240.05732333316905}, "K17-U030": {"K17-U040": 40.3017724427301}, "K18-U020": {"K18-U030": 58.58679195673765}, "K17-U020": {"K17-U030": 135.61473277159374}, "K12-D030": {"K12-D040": 13.035245681470041}, "K12-D010": {"K12-D020": 160.5519156396497}}