{"K12-U010": {"K12-U020": 249.36632334919818}, "K12-D020": {"K12-D030": 321.43824918291494}, "K14-D020": {"K14-D030": 15.530534864923794}, "K18-U010": {"K18-U020": 231.54006069275366}, "K17-D010": {"K17-D020": 211.29100194100573}, "K17-U010": {"K17-U020": 226.94496512152992}, "K14-D010": {"K14-D020": 237.2781213810601}, "K18-D020": {"K18-D030": 52.66865687530441}, "K12-U020": {"K12-U030": 229.91351515596435}, "K17-D020": {"K17-D030": 42.888353596703574}, "K18-D010": {"K18-D020": 240.73419006100752}, "K17-U030": {"K17-U040": 32.757420963659584}, "K18-U020": {"K18-U030": 60.16503334131054}, "K17-U020": {"K17-U030": 144.521593623211}, "K12-D030": {"K12-D040": 13.845821653138467}, "K12-D010": {"K12-D020": 160.96067865470764}}