{"K12-U010": {"K12-U020": 183.88914382143372}, "K12-D020": {"K12-D030": 285.450045382344}, "K14-D020": {"K14-D030": 13.706420581780671}, "K18-U010": {"K18-U020": 234.41398575817612}, "K17-D010": {"K17-D020": 233.64847920807853}, "K17-U010": {"K17-U020": 246.13509263004894}, "K14-D010": {"K14-D020": 251.75259292802298}, "K18-D020": {"K18-D030": 52.85662495906304}, "K12-U020": {"K12-U030": 208.29247129981786}, "K17-D020": {"K17-D030": 51.4238933457989}, "K18-D010": {"K18-D020": 219.7406235687598}, "K17-U030": {"K17-U040": 31.738017079075227}, "K18-U020": {"K18-U030": 60.95579360076407}, "K17-U020": {"K17-U030": 141.81759057812303}, "K12-D030": {"K12-D040": 14.200760711306955}, "K12-D010": {"K12-D020": 158.4069609617546}}