{"K12-U010": {"K12-U020": 234.38696027494916}, "K12-D020": {"K12-D030": 303.30060478762095}, "K14-D020": {"K14-D030": 13.30999294363941}, "K18-U010": {"K18-U020": 216.06716326581403}, "K17-D010": {"K17-D020": 250.096021902984}, "K17-U010": {"K17-U020": 236.27336928438376}, "K14-D010": {"K14-D020": 280.04777365683384}, "K18-D020": {"K18-D030": 53.0354049964831}, "K12-U020": {"K12-U030": 207.48935690444927}, "K17-D020": {"K17-D030": 38.869911054549426}, "K18-D010": {"K18-D020": 205.78111832813133}, "K17-U030": {"K17-U040": 31.72686258647247}, "K18-U020": {"K18-U030": 61.780269364848166}, "K17-U020": {"K17-U030": 136.52208528380575}, "K12-D030": {"K12-D040": 13.904345452074097}, "K12-D010": {"K12-D020": 160.61717032400983}}