{"K12-U010": {"K12-U020": 227.15448755502067}, "K12-D020": {"K12-D030": 250.321341101374}, "K14-D020": {"K14-D030": 15.324074789844996}, "K18-U010": {"K18-U020": 219.60863450426464}, "K17-D010": {"K17-D020": 194.4282746650419}, "K17-U010": {"K17-U020": 226.51171701755206}, "K14-D010": {"K14-D020": 247.73814568538046}, "K18-D020": {"K18-D030": 61.026076973769804}, "K12-U020": {"K12-U030": 229.99698124187262}, "K17-D020": {"K17-D030": 39.48756154165775}, "K18-D010": {"K18-D020": 231.2444115725034}, "K17-U030": {"K17-U040": 35.13175019219165}, "K18-U020": {"K18-U030": 61.02132463828531}, "K17-U020": {"K17-U030": 135.5085929852683}, "K12-D030": {"K12-D040": 13.654782261304447}, "K12-D010": {"K12-D020": 166.30603501882584}}