{"K12-U010": {"K12-U020": 273.5478078502691}, "K12-D020": {"K12-D030": 295.60243566581295}, "K14-D020": {"K14-D030": 16.320415793976725}, "K18-U010": {"K18-U020": 221.28600210776054}, "K17-D010": {"K17-D020": 223.94689561009272}, "K17-U010": {"K17-U020": 231.7029206304798}, "K14-D010": {"K14-D020": 261.70106887772806}, "K18-D020": {"K18-D030": 73.10426286183827}, "K12-U020": {"K12-U030": 214.73788038800322}, "K17-D020": {"K17-D030": 70.78087740879901}, "K18-D010": {"K18-D020": 213.10573174659385}, "K17-U030": {"K17-U040": 33.51235001964965}, "K18-U020": {"K18-U030": 62.227811313435765}, "K17-U020": {"K17-U030": 150.78492007676903}, "K12-D030": {"K12-D040": 18.285699821876964}, "K12-D010": {"K12-D020": 162.67263908805813}}