{"K12-U010": {"K12-U020": 223.72840128279032}, "K12-D020": {"K12-D030": 296.65159083434935}, "K14-D020": {"K14-D030": 9.994764906985887}, "K18-U010": {"K18-U020": 230.99708681838382}, "K17-D010": {"K17-D020": 265.44728907379806}, "K17-U010": {"K17-U020": 235.30700907395104}, "K14-D010": {"K14-D020": 242.53443596728962}, "K18-D020": {"K18-D030": 58.75984004568055}, "K12-U020": {"K12-U030": 211.4177683874347}, "K17-D020": {"K17-D030": 54.31869599668404}, "K18-D010": {"K18-D020": 226.38565648394245}, "K17-U030": {"K17-U040": 36.72398633962091}, "K18-U020": {"K18-U030": 59.339881505375025}, "K17-U020": {"K17-U030": 136.80268334767746}, "K12-D030": {"K12-D040": 14.20339443618256}, "K12-D010": {"K12-D020": 165.7776782691708}}