{"K12-U010": {"K12-U020": 292.1697455404381}, "K12-D020": {"K12-D030": 250.73696516024438}, "K14-D020": {"K14-D030": 13.392878984933471}, "K18-U010": {"K18-U020": 237.54412188180626}, "K17-D010": {"K17-D020": 183.90442698873534}, "K17-U010": {"K17-U020": 224.66111499492905}, "K14-D010": {"K14-D020": 263.5533141182539}, "K18-D020": {"K18-D030": 30.99938610390687}, "K12-U020": {"K12-U030": 221.7799796489474}, "K17-D020": {"K17-D030": 20.8860144675703}, "K18-D010": {"K18-D020": 247.87742431860843}, "K17-U030": {"K17-U040": 30.346590142408605}, "K18-U020": {"K18-U030": 67.37598232258223}, "K17-U020": {"K17-U030": 159.93653756109035}, "K12-D030": {"K12-D040": 12.784724322471693}, "K12-D010": {"K12-D020": 166.66534144550297}}