{"K12-U010": {"K12-U020": 243.71898141162418}, "K12-D020": {"K12-D030": 269.2065794886859}, "K14-D020": {"K14-D030": 15.155348071019057}, "K18-U010": {"K18-U020": 220.37577858039413}, "K17-D010": {"K17-D020": 229.8342845687236}, "K17-U010": {"K17-U020": 238.8223606287948}, "K14-D010": {"K14-D020": 246.75193713969884}, "K18-D020": {"K18-D030": 45.62928373357872}, "K12-U020": {"K12-U030": 222.00881234315383}, "K17-D020": {"K17-D030": 23.380242968780152}, "K18-D010": {"K18-D020": 233.39987781101917}, "K17-U030": {"K17-U040": 28.6936688056935}, "K18-U020": {"K18-U030": 58.28764731570233}, "K17-U020": {"K17-U030": 141.2503824897007}, "K12-D030": {"K12-D040": 11.532063294320036}, "K12-D010": {"K12-D020": 163.23412982575022}}