{"K12-U010": {"K12-U020": 210.49312755776555}, "K12-D020": {"K12-D030": 297.57880725577525}, "K14-D020": {"K14-D030": 14.222530766066546}, "K18-U010": {"K18-U020": 221.9361221406691}, "K17-D010": {"K17-D020": 188.72726811142718}, "K17-U010": {"K17-U020": 210.65878120341046}, "K14-D010": {"K14-D020": 248.06812089819113}, "K18-D020": {"K18-D030": 32.64865900998949}, "K12-U020": {"K12-U030": 229.86834306301694}, "K17-D020": {"K17-D030": 32.781895546819484}, "K18-D010": {"K18-D020": 191.4143775525742}, "K17-U030": {"K17-U040": 38.60656394841579}, "K18-U020": {"K18-U030": 57.72205808391345}, "K17-U020": {"K17-U030": 131.9443398884836}, "K12-D030": {"K12-D040": 13.24455545056372}, "K12-D010": {"K12-D020": 152.88098485764243}}