{"K12-U010": {"K12-U020": 234.71495871017683}, "K12-D020": {"K12-D030": 244.12844323625524}, "K14-D020": {"K14-D030": 14.942913878142003}, "K18-U010": {"K18-U020": 222.7368466330328}, "K17-D010": {"K17-D020": 218.79308137377825}, "K17-U010": {"K17-U020": 221.64089852450948}, "K14-D010": {"K14-D020": 243.99172269175915}, "K18-D020": {"K18-D030": 62.19158151366965}, "K12-U020": {"K12-U030": 211.5585212286196}, "K17-D020": {"K17-D030": 59.0779094368411}, "K18-D010": {"K18-D020": 227.41575305337278}, "K17-U030": {"K17-U040": 34.03391595542153}, "K18-U020": {"K18-U030": 54.815141505834184}, "K17-U020": {"K17-U030": 137.36181463934673}, "K12-D030": {"K12-D040": 12.72613354109939}, "K12-D010": {"K12-D020": 157.08641740604781}}