{"K12-U010": {"K12-U020": 280.03372365893034}, "K12-D020": {"K12-D030": 267.177996435103}, "K14-D020": {"K14-D030": 16.726864494791933}, "K18-U010": {"K18-U020": 227.76153272620027}, "K17-D010": {"K17-D020": 245.80697395532792}, "K17-U010": {"K17-U020": 202.69092094024947}, "K14-D010": {"K14-D020": 253.99230129207143}, "K18-D020": {"K18-D030": 48.85560230600666}, "K12-U020": {"K12-U030": 221.27876424433742}, "K17-D020": {"K17-D030": 48.42942747120125}, "K18-D010": {"K18-D020": 218.14398216206487}, "K17-U030": {"K17-U040": 30.103132782655962}, "K18-U020": {"K18-U030": 57.69278845143599}, "K17-U020": {"K17-U030": 144.3846529807406}, "K12-D030": {"K12-D040": 14.009754793285149}, "K12-D010": {"K12-D020": 160.97689600627433}}