{"K12-U010": {"K12-U020": 311.70780842467445}, "K12-D020": {"K12-D030": 326.9925336865659}, "K14-D020": {"K14-D030": 14.410888343444295}, "K18-U010": {"K18-U020": 237.49689845761387}, "K17-D010": {"K17-D020": 227.11486990923487}, "K17-U010": {"K17-U020": 223.1475461753643}, "K14-D010": {"K14-D020": 245.4899632421381}, "K18-D020": {"K18-D030": 60.64839321962821}, "K12-U020": {"K12-U030": 193.6925644393691}, "K17-D020": {"K17-D030": 52.87154660106925}, "K18-D010": {"K18-D020": 225.61216973363034}, "K17-U030": {"K17-U040": 27.824521866498003}, "K18-U020": {"K18-U030": 62.16844955509315}, "K17-U020": {"K17-U030": 146.07442534070367}, "K12-D030": {"K12-D040": 12.163720624876483}, "K12-D010": {"K12-D020": 165.9273392736658}}