{"K12-U010": {"K12-U020": 253.62012858450618}, "K12-D020": {"K12-D030": 302.5449855322416}, "K14-D020": {"K14-D030": 14.164037949253943}, "K18-U010": {"K18-U020": 215.65798062655307}, "K17-D010": {"K17-D020": 245.5612791110446}, "K17-U010": {"K17-U020": 213.12677960131214}, "K14-D010": {"K14-D020": 248.88569921092858}, "K18-D020": {"K18-D030": 53.60570924461133}, "K12-U020": {"K12-U030": 199.30716574280794}, "K17-D020": {"K17-D030": 37.625376839642016}, "K18-D010": {"K18-D020": 214.90281729318377}, "K17-U030": {"K17-U040": 29.600324029044703}, "K18-U020": {"K18-U030": 56.9407844178732}, "K17-U020": {"K17-U030": 150.65413645326467}, "K12-D030": {"K12-D040": 13.444579020709133}, "K12-D010": {"K12-D020": 166.47763212061506}}