{"K12-U010": {"K12-U020": 215.05906289689705}, "K12-D020": {"K12-D030": 263.3566888690715}, "K14-D020": {"K14-D030": 13.55699596543305}, "K18-U010": {"K18-U020": 236.86344699018383}, "K17-D010": {"K17-D020": 211.652013756362}, "K17-U010": {"K17-U020": 182.707938177515}, "K14-D010": {"K14-D020": 274.3679490507646}, "K18-D020": {"K18-D030": 68.00674424013421}, "K12-U020": {"K12-U030": 204.4941076797736}, "K17-D020": {"K17-D030": 62.82823315368846}, "K18-D010": {"K18-D020": 226.47771755246268}, "K17-U030": {"K17-U040": 37.720801304757124}, "K18-U020": {"K18-U030": 57.24413158882622}, "K17-U020": {"K17-U030": 133.22783388020457}, "K12-D030": {"K12-D040": 13.067306965548108}, "K12-D010": {"K12-D020": 152.72325879629062}}