{"K12-U010": {"K12-U020": 240.75999677482667}, "K12-D020": {"K12-D030": 303.8433644008414}, "K14-D020": {"K14-D030": 13.837237913925701}, "K18-U010": {"K18-U020": 234.56825205501318}, "K17-D010": {"K17-D020": 253.81267417070876}, "K17-U010": {"K17-U020": 232.37976209178493}, "K14-D010": {"K14-D020": 264.8058172140971}, "K18-D020": {"K18-D030": 54.81012662739049}, "K12-U020": {"K12-U030": 193.68423495336657}, "K17-D020": {"K17-D030": 37.2175511503542}, "K18-D010": {"K18-D020": 218.5256125649515}, "K17-U030": {"K17-U040": 29.970001598682607}, "K18-U020": {"K18-U030": 57.199268790753614}, "K17-U020": {"K17-U030": 132.88291915440047}, "K12-D030": {"K12-D040": 13.492854036564754}, "K12-D010": {"K12-D020": 162.8399971693205}}