{"K12-U010": {"K12-U020": 238.92056448926283}, "K12-D020": {"K12-D030": 300.8802228278777}, "K14-D020": {"K14-D030": 14.207757296815126}, "K18-U010": {"K18-U020": 217.76534707545778}, "K17-D010": {"K17-D020": 174.54033304522025}, "K17-U010": {"K17-U020": 236.6939518418354}, "K14-D010": {"K14-D020": 239.87778720809675}, "K18-D020": {"K18-D030": 62.21295200840474}, "K12-U020": {"K12-U030": 225.9761399933822}, "K17-D020": {"K17-D030": 40.66365175163587}, "K18-D010": {"K18-D020": 229.12842332116028}, "K17-U030": {"K17-U040": 29.410392549800065}, "K18-U020": {"K18-U030": 62.889754390490864}, "K17-U020": {"K17-U030": 130.7781508001362}, "K12-D030": {"K12-D040": 13.11110117963781}, "K12-D010": {"K12-D020": 166.13344247560926}}