{"K12-U010": {"K12-U020": 242.62853553204505}, "K12-D020": {"K12-D030": 276.5938865089048}, "K14-D020": {"K14-D030": 13.998857980815544}, "K18-U010": {"K18-U020": 227.6266430853604}, "K17-D010": {"K17-D020": 247.43960805578845}, "K17-U010": {"K17-U020": 225.28180765368393}, "K14-D010": {"K14-D020": 272.6685056752207}, "K18-D020": {"K18-D030": 61.67666860387634}, "K12-U020": {"K12-U030": 208.62940954154868}, "K17-D020": {"K17-D030": 52.41454554509456}, "K18-D010": {"K18-D020": 224.0238587826359}, "K17-U030": {"K17-U040": 45.37598248053836}, "K18-U020": {"K18-U030": 54.086609908622165}, "K17-U020": {"K17-U030": 142.99305168636698}, "K12-D030": {"K12-D040": 13.5909964547623}, "K12-D010": {"K12-D020": 165.83219922205538}}