{"K12-U010": {"K12-U020": 251.33216264037438}, "K12-D020": {"K12-D030": 302.60548727399015}, "K14-D020": {"K14-D030": 16.30978701452164}, "K18-U010": {"K18-U020": 223.29080351216862}, "K17-D010": {"K17-D020": 241.27403201131455}, "K17-U010": {"K17-U020": 221.8404046231958}, "K14-D010": {"K14-D020": 259.64796250966293}, "K18-D020": {"K18-D030": 63.27306717894565}, "K12-U020": {"K12-U030": 206.3403761322169}, "K17-D020": {"K17-D030": 50.61171084864112}, "K18-D010": {"K18-D020": 227.50841698799945}, "K17-U030": {"K17-U040": 38.51447605725295}, "K18-U020": {"K18-U030": 60.23377904690135}, "K17-U020": {"K17-U030": 146.48390889625585}, "K12-D030": {"K12-D040": 14.199386517530979}, "K12-D010": {"K12-D020": 168.72941464552224}}