{"K12-U010": {"K12-U020": 253.50871787118686}, "K12-D020": {"K12-D030": 259.8140323688725}, "K14-D020": {"K14-D030": 16.30978701452164}, "K18-U010": {"K18-U020": 229.6902627745256}, "K17-D010": {"K17-D020": 182.96175229036132}, "K17-U010": {"K17-U020": 235.79744947327876}, "K14-D010": {"K14-D020": 259.64796250966293}, "K18-D020": {"K18-D030": 46.06324926214778}, "K12-U020": {"K12-U030": 210.94607607919875}, "K17-D020": {"K17-D030": 40.127238606735816}, "K18-D010": {"K18-D020": 243.3726335158964}, "K17-U030": {"K17-U040": 30.663295063631768}, "K18-U020": {"K18-U030": 59.58744217963687}, "K17-U020": {"K17-U030": 168.84368280551607}, "K12-D030": {"K12-D040": 13.120396541301705}, "K12-D010": {"K12-D020": 169.570740419352}}