{"K12-U010": {"K12-U020": 245.63092824124163}, "K12-D020": {"K12-D030": 275.83921890611686}, "K14-D020": {"K14-D030": 13.265253855530124}, "K18-U010": {"K18-U020": 250.24343348064335}, "K17-D010": {"K17-D020": 189.64849977971951}, "K17-U010": {"K17-U020": 208.62589289022247}, "K14-D010": {"K14-D020": 268.50121649201935}, "K18-D020": {"K18-D030": 39.81408045743952}, "K12-U020": {"K12-U030": 223.41094772448636}, "K17-D020": {"K17-D030": 31.04484233193218}, "K18-D010": {"K18-D020": 227.55648410493026}, "K17-U030": {"K17-U040": 33.70467759486036}, "K18-U020": {"K18-U030": 62.988293453922644}, "K17-U020": {"K17-U030": 150.88939356093837}, "K12-D030": {"K12-D040": 13.546570815436855}, "K12-D010": {"K12-D020": 165.23425336243594}}