{"K12-U010": {"K12-U020": 265.8018736562142}, "K12-D020": {"K12-D030": 333.9281162006699}, "K14-D020": {"K14-D030": 15.16615713063091}, "K18-U010": {"K18-U020": 238.51395129022686}, "K17-D010": {"K17-D020": 243.43365152551846}, "K17-U010": {"K17-U020": 224.02145499032977}, "K14-D010": {"K14-D020": 238.6090030756353}, "K18-D020": {"K18-D030": 43.10976307253232}, "K12-U020": {"K12-U030": 192.37048877512714}, "K17-D020": {"K17-D030": 20.156398384776548}, "K18-D010": {"K18-D020": 241.00039351643676}, "K17-U030": {"K17-U040": 31.362490580753292}, "K18-U020": {"K18-U030": 57.73209428755488}, "K17-U020": {"K17-U030": 154.49872994129805}, "K12-D030": {"K12-D040": 12.64119143699596}, "K12-D010": {"K12-D020": 162.54602030485438}}