{"K12-U010": {"K12-U020": 263.28498940492136}, "K12-D020": {"K12-D030": 287.4602370227463}, "K14-D020": {"K14-D030": 16.320415793976725}, "K18-U010": {"K18-U020": 237.14341793296921}, "K17-D010": {"K17-D020": 249.1555646201071}, "K17-U010": {"K17-U020": 230.80189460309208}, "K14-D010": {"K14-D020": 261.70106887772806}, "K18-D020": {"K18-D030": 45.08002176254038}, "K12-U020": {"K12-U030": 190.62921560572724}, "K17-D020": {"K17-D030": 38.25747805835688}, "K18-D010": {"K18-D020": 218.92377696053927}, "K17-U030": {"K17-U040": 26.270605747851825}, "K18-U020": {"K18-U030": 59.28378465661511}, "K17-U020": {"K17-U030": 156.5728960696335}, "K12-D030": {"K12-D040": 15.456470266891051}, "K12-D010": {"K12-D020": 182.101792510216}}