{"K12-U010": {"K12-U020": 211.8573667227065}, "K12-D020": {"K12-D030": 253.5752461163047}, "K14-D020": {"K14-D030": 14.858890579764875}, "K18-U010": {"K18-U020": 245.0732037508063}, "K17-D010": {"K17-D020": 214.6819526841517}, "K17-U010": {"K17-U020": 215.48489381223845}, "K14-D010": {"K14-D020": 237.3047712445951}, "K18-D020": {"K18-D030": 45.756537549186966}, "K12-U020": {"K12-U030": 203.63536108681296}, "K17-D020": {"K17-D030": 34.22257465302749}, "K18-D010": {"K18-D020": 233.44484280976266}, "K17-U030": {"K17-U040": 28.737371585962325}, "K18-U020": {"K18-U030": 63.41826249613549}, "K17-U020": {"K17-U030": 147.5850788344897}, "K12-D030": {"K12-D040": 9.888065112592212}, "K12-D010": {"K12-D020": 173.22155479900806}}