{"K12-U010": {"K12-U020": 254.470339892279}, "K12-D020": {"K12-D030": 237.03457457567964}, "K14-D020": {"K14-D030": 13.348274330528275}, "K18-U010": {"K18-U020": 209.2939827933696}, "K17-D010": {"K17-D020": 229.0403059828443}, "K17-U010": {"K17-U020": 231.594703111888}, "K14-D010": {"K14-D020": 270.1367576010295}, "K18-D020": {"K18-D030": 46.893049825363796}, "K12-U020": {"K12-U030": 215.36056033673145}, "K17-D020": {"K17-D030": 55.86839084894742}, "K18-D010": {"K18-D020": 228.80060963211295}, "K17-U030": {"K17-U040": 31.476992190030025}, "K18-U020": {"K18-U030": 53.50176204283955}, "K17-U020": {"K17-U030": 155.12993040628916}, "K12-D030": {"K12-D040": 16.123191329351723}, "K12-D010": {"K12-D020": 165.0216896814531}}