{"K12-U010": {"K12-U020": 235.9216536901712}, "K12-D020": {"K12-D030": 259.0372195956019}, "K14-D020": {"K14-D030": 13.234012282813193}, "K18-U010": {"K18-U020": 234.35241490715725}, "K17-D010": {"K17-D020": 273.815815170829}, "K17-U010": {"K17-U020": 227.14004800964204}, "K14-D010": {"K14-D020": 250.02345495033447}, "K18-D020": {"K18-D030": 48.63638042779853}, "K12-U020": {"K12-U030": 218.61375831869333}, "K17-D020": {"K17-D030": 18.385083441451894}, "K18-D010": {"K18-D020": 233.72405978655848}, "K17-U030": {"K17-U040": 30.468088996308474}, "K18-U020": {"K18-U030": 57.35982767212911}, "K17-U020": {"K17-U030": 154.4611004599805}, "K12-D030": {"K12-D040": 13.823941531377619}, "K12-D010": {"K12-D020": 166.7688427707272}}