{"K12-U010": {"K12-U020": 234.51000437354082}, "K12-D020": {"K12-D030": 292.9232098900924}, "K14-D020": {"K14-D030": 14.621652069620358}, "K18-U010": {"K18-U020": 209.43407500186314}, "K17-D010": {"K17-D020": 225.92994122373526}, "K17-U010": {"K17-U020": 249.9499910715772}, "K14-D010": {"K14-D020": 285.4626107575425}, "K18-D020": {"K18-D030": 63.17442194560832}, "K12-U020": {"K12-U030": 198.8747648042343}, "K17-D020": {"K17-D030": 45.74832481743317}, "K18-D010": {"K18-D020": 235.99035725634462}, "K17-U030": {"K17-U040": 27.47919054106195}, "K18-U020": {"K18-U030": 66.78587745369714}, "K17-U020": {"K17-U030": 156.92098140763088}, "K12-D030": {"K12-D040": 12.696965992443317}, "K12-D010": {"K12-D020": 168.8848782339487}}