{"K12-U010": {"K12-U020": 267.25289112731423}, "K12-D020": {"K12-D030": 247.49448314308466}, "K14-D020": {"K14-D030": 14.313528359202433}, "K18-U010": {"K18-U020": 272.4084685789706}, "K17-D010": {"K17-D020": 175.49199275353394}, "K17-U010": {"K17-U020": 225.54351389184177}, "K14-D010": {"K14-D020": 254.6505718072809}, "K18-D020": {"K18-D030": 31.378225697068295}, "K12-U020": {"K12-U030": 209.57345649924915}, "K17-D020": {"K17-D030": 21.31874975328268}, "K18-D010": {"K18-D020": 229.137838085651}, "K17-U030": {"K17-U040": 29.18100512164447}, "K18-U020": {"K18-U030": 60.938235044921115}, "K17-U020": {"K17-U030": 147.620452443955}, "K12-D030": {"K12-D040": 12.940504731918086}, "K12-D010": {"K12-D020": 168.58656703351716}}