{"K12-U010": {"K12-U020": 221.9358914159374}, "K12-D020": {"K12-D030": 291.86201208260707}, "K14-D020": {"K14-D030": 12.383092981743834}, "K18-U010": {"K18-U020": 231.98891970554274}, "K17-D010": {"K17-D020": 187.73186096621254}, "K17-U010": {"K17-U020": 210.22564901617542}, "K14-D010": {"K14-D020": 236.07234993491187}, "K18-D020": {"K18-D030": 60.87304590431735}, "K12-U020": {"K12-U030": 211.34935621769222}, "K17-D020": {"K17-D030": 61.86532007288387}, "K18-D010": {"K18-D020": 227.6645967076161}, "K17-U030": {"K17-U040": 40.3017724427301}, "K18-U020": {"K18-U030": 60.09648217762178}, "K17-U020": {"K17-U030": 141.1497030795486}, "K12-D030": {"K12-D040": 12.405828534966712}, "K12-D010": {"K12-D020": 161.54557486376507}}