{"K12-U010": {"K12-U020": 236.751936497393}, "K12-D020": {"K12-D030": 323.8037509733007}, "K14-D020": {"K14-D030": 12.977660473275611}, "K18-U010": {"K18-U020": 223.38576165057572}, "K17-D010": {"K17-D020": 246.86432246456897}, "K17-U010": {"K17-U020": 234.395138910871}, "K14-D010": {"K14-D020": 248.37270545457372}, "K18-D020": {"K18-D030": 49.42684978825757}, "K12-U020": {"K12-U030": 211.4217515051385}, "K17-D020": {"K17-D030": 39.315800890782675}, "K18-D010": {"K18-D020": 224.62357850913162}, "K17-U030": {"K17-U040": 47.039853739312434}, "K18-U020": {"K18-U030": 63.36945691349663}, "K17-U020": {"K17-U030": 148.57069145052404}, "K12-D030": {"K12-D040": 14.195813552437846}, "K12-D010": {"K12-D020": 160.63157054361344}}