{"K12-U010": {"K12-U020": 270.3170860441734}, "K12-D020": {"K12-D030": 264.6152328416364}, "K14-D020": {"K14-D030": 13.263591086440124}, "K18-U010": {"K18-U020": 241.0698781810168}, "K17-D010": {"K17-D020": 211.49841958693656}, "K17-U010": {"K17-U020": 223.31500349543612}, "K14-D010": {"K14-D020": 271.9651844357857}, "K18-D020": {"K18-D030": 55.513093225861574}, "K12-U020": {"K12-U030": 204.5613679763392}, "K17-D020": {"K17-D030": 44.90023622599587}, "K18-D010": {"K18-D020": 228.68043201641754}, "K17-U030": {"K17-U040": 29.524527463239075}, "K18-U020": {"K18-U030": 59.438998031270145}, "K17-U020": {"K17-U030": 135.37684325079445}, "K12-D030": {"K12-D040": 13.626413520792813}, "K12-D010": {"K12-D020": 171.1559265708574}}