{"K12-U010": {"K12-U020": 233.78881730687527}, "K12-D020": {"K12-D030": 275.24905220218426}, "K14-D020": {"K14-D030": 14.630991187235844}, "K18-U010": {"K18-U020": 212.39706835408643}, "K17-D010": {"K17-D020": 231.63544444096524}, "K17-U010": {"K17-U020": 200.6684783906208}, "K14-D010": {"K14-D020": 258.23539126908474}, "K18-D020": {"K18-D030": 47.785432827986824}, "K12-U020": {"K12-U030": 196.89655005601168}, "K17-D020": {"K17-D030": 25.85303387309566}, "K18-D010": {"K18-D020": 241.48252577376675}, "K17-U030": {"K17-U040": 29.45102297404091}, "K18-U020": {"K18-U030": 59.0812402498607}, "K17-U020": {"K17-U030": 137.26244933828383}, "K12-D030": {"K12-D040": 13.495493414927534}, "K12-D010": {"K12-D020": 163.13366406322498}}