{"K12-U010": {"K12-U020": 243.810752026517}, "K12-D020": {"K12-D030": 265.54185582831315}, "K14-D020": {"K14-D030": 13.998857980815544}, "K18-U010": {"K18-U020": 232.55785806856892}, "K17-D010": {"K17-D020": 278.6042681371201}, "K17-U010": {"K17-U020": 205.772783154438}, "K14-D010": {"K14-D020": 272.6685056752207}, "K18-D020": {"K18-D030": 36.62338356511232}, "K12-U020": {"K12-U030": 212.43780269068756}, "K17-D020": {"K17-D030": 33.31049441562671}, "K18-D010": {"K18-D020": 231.4915976538642}, "K17-U030": {"K17-U040": 31.196702415839162}, "K18-U020": {"K18-U030": 58.86543251924991}, "K17-U020": {"K17-U030": 123.75258431951265}, "K12-D030": {"K12-D040": 12.907726314824014}, "K12-D010": {"K12-D020": 164.5844249692397}}