{"K12-U010": {"K12-U020": 245.51019266314955}, "K12-D020": {"K12-D030": 297.4421443741692}, "K14-D020": {"K14-D030": 13.928252918390626}, "K18-U010": {"K18-U020": 224.87173732805618}, "K17-D010": {"K17-D020": 259.9626690671456}, "K17-U010": {"K17-U020": 212.17692106709984}, "K14-D010": {"K14-D020": 252.47729372994712}, "K18-D020": {"K18-D030": 53.94980878615337}, "K12-U020": {"K12-U030": 229.14710592741568}, "K17-D020": {"K17-D030": 25.677835995928}, "K18-D010": {"K18-D020": 226.99632316579195}, "K17-U030": {"K17-U040": 31.788859103096705}, "K18-U020": {"K18-U030": 54.87997578353092}, "K17-U020": {"K17-U030": 149.36490802914554}, "K12-D030": {"K12-D040": 13.220018096614334}, "K12-D010": {"K12-D020": 163.35575770079822}}