{"K12-U010": {"K12-U020": 222.71196623485088}, "K12-D020": {"K12-D030": 231.47888325735212}, "K14-D020": {"K14-D030": 14.12940060883536}, "K18-U010": {"K18-U020": 237.32924277198398}, "K17-D010": {"K17-D020": 212.1344666898699}, "K17-U010": {"K17-U020": 270.38477467135215}, "K14-D010": {"K14-D020": 259.4060753173113}, "K18-D020": {"K18-D030": 44.340429221885714}, "K12-U020": {"K12-U030": 190.76171292479407}, "K17-D020": {"K17-D030": 25.32642120237468}, "K18-D010": {"K18-D020": 226.4155156478716}, "K17-U030": {"K17-U040": 31.663636817976442}, "K18-U020": {"K18-U030": 62.21421738969749}, "K17-U020": {"K17-U030": 150.95044964634343}, "K12-D030": {"K12-D040": 12.43336660175799}, "K12-D010": {"K12-D020": 162.10760917221432}}