{"K12-U010": {"K12-U020": 249.49945171689924}, "K12-D020": {"K12-D030": 308.03378286385635}, "K14-D020": {"K14-D030": 14.621652069620358}, "K18-U010": {"K18-U020": 216.2502459801201}, "K17-D010": {"K17-D020": 206.10384538393413}, "K17-U010": {"K17-U020": 247.75430996491008}, "K14-D010": {"K14-D020": 285.4626107575425}, "K18-D020": {"K18-D030": 77.80795619914208}, "K12-U020": {"K12-U030": 208.78455778027455}, "K17-D020": {"K17-D030": 55.424253369783216}, "K18-D010": {"K18-D020": 227.93154907700426}, "K17-U030": {"K17-U040": 49.56053953522666}, "K18-U020": {"K18-U030": 60.957939776857415}, "K17-U020": {"K17-U030": 163.61935886146253}, "K12-D030": {"K12-D040": 13.409282265822338}, "K12-D010": {"K12-D020": 170.22368619253652}}