{"K12-U010": {"K12-U020": 236.5483045351541}, "K12-D020": {"K12-D030": 312.10802787177505}, "K14-D020": {"K14-D030": 9.994764906985887}, "K18-U010": {"K18-U020": 229.90471814985364}, "K17-D010": {"K17-D020": 232.86916636131892}, "K17-U010": {"K17-U020": 245.65630816655593}, "K14-D010": {"K14-D020": 242.53443596728962}, "K18-D020": {"K18-D030": 50.29209783951039}, "K12-U020": {"K12-U030": 241.58219805509628}, "K17-D020": {"K17-D030": 25.024532200134605}, "K18-D010": {"K18-D020": 232.269292356595}, "K17-U030": {"K17-U040": 32.65031347192526}, "K18-U020": {"K18-U030": 62.87811232184542}, "K17-U020": {"K17-U030": 149.33695616045685}, "K12-D030": {"K12-D040": 12.037965848303367}, "K12-D010": {"K12-D020": 161.8572612411627}}