{"K12-U010": {"K12-U020": 213.66637431071277}, "K12-D020": {"K12-D030": 292.6134994663993}, "K14-D020": {"K14-D030": 14.409422767613606}, "K18-U010": {"K18-U020": 236.68378311005077}, "K17-D010": {"K17-D020": 176.54066094157133}, "K17-U010": {"K17-U020": 222.53342870042576}, "K14-D010": {"K14-D020": 277.4019456926751}, "K18-D020": {"K18-D030": 41.09487416969452}, "K12-U020": {"K12-U030": 216.90189209040892}, "K17-D020": {"K17-D030": 19.79122987841135}, "K18-D010": {"K18-D020": 221.86926269979762}, "K17-U030": {"K17-U040": 33.600278286425656}, "K18-U020": {"K18-U030": 62.79930538806305}, "K17-U020": {"K17-U030": 149.56860745266326}, "K12-D030": {"K12-D040": 14.43609709143307}, "K12-D010": {"K12-D020": 166.56442183124415}}