{"K12-U010": {"K12-U020": 216.14268584582516}, "K12-D020": {"K12-D030": 283.25553675969866}, "K14-D020": {"K14-D030": 13.810452543706301}, "K18-U010": {"K18-U020": 222.0825871823585}, "K17-D010": {"K17-D020": 233.64847920807853}, "K17-U010": {"K17-U020": 244.07158336704407}, "K14-D010": {"K14-D020": 248.1361402445287}, "K18-D020": {"K18-D030": 55.47027959515695}, "K12-U020": {"K12-U030": 206.08390175285248}, "K17-D020": {"K17-D030": 60.44135361009711}, "K18-D010": {"K18-D020": 219.7406235687598}, "K17-U030": {"K17-U040": 36.814215371167705}, "K18-U020": {"K18-U030": 61.79021424068767}, "K17-U020": {"K17-U030": 141.81759057812303}, "K12-D030": {"K12-D040": 12.804889102688495}, "K12-D010": {"K12-D020": 158.4069609617546}}