{"K12-U010": {"K12-U020": 241.22295249564618}, "K12-D020": {"K12-D030": 301.72779807975485}, "K14-D020": {"K14-D030": 13.813821686873101}, "K18-U010": {"K18-U020": 235.33451915701562}, "K17-D010": {"K17-D020": 226.8431897243159}, "K17-U010": {"K17-U020": 218.49284074762673}, "K14-D010": {"K14-D020": 269.0063303709038}, "K18-D020": {"K18-D030": 56.37735898558954}, "K12-U020": {"K12-U030": 219.23061802035323}, "K17-D020": {"K17-D030": 37.54082026798961}, "K18-D010": {"K18-D020": 222.40715942991415}, "K17-U030": {"K17-U040": 31.877480578650268}, "K18-U020": {"K18-U030": 55.86617668623474}, "K17-U020": {"K17-U030": 149.0905826864544}, "K12-D030": {"K12-D040": 10.217136710364555}, "K12-D010": {"K12-D020": 166.4378163582861}}