{"K12-U010": {"K12-U020": 229.46826709000067}, "K12-D020": {"K12-D030": 296.37103913086673}, "K14-D020": {"K14-D030": 13.380299236882252}, "K18-U010": {"K18-U020": 219.6462185026706}, "K17-D010": {"K17-D020": 215.9092337662646}, "K17-U010": {"K17-U020": 197.2115769412307}, "K14-D010": {"K14-D020": 246.7998221938351}, "K18-D020": {"K18-D030": 63.347643759971184}, "K12-U020": {"K12-U030": 194.84596520635154}, "K17-D020": {"K17-D030": 45.83077901862399}, "K18-D010": {"K18-D020": 212.1837727708044}, "K17-U030": {"K17-U040": 26.899685226346456}, "K18-U020": {"K18-U030": 59.641856689267954}, "K17-U020": {"K17-U030": 127.79709688609151}, "K12-D030": {"K12-D040": 12.230231865296513}, "K12-D010": {"K12-D020": 165.5836519815522}}