{"K12-U010": {"K12-U020": 228.19226384490588}, "K12-D020": {"K12-D030": 286.59886842433383}, "K14-D020": {"K14-D030": 13.16456695911389}, "K18-U010": {"K18-U020": 231.4541834845063}, "K17-D010": {"K17-D020": 156.06859925046146}, "K17-U010": {"K17-U020": 230.27655607057187}, "K14-D010": {"K14-D020": 246.89360764670997}, "K18-D020": {"K18-D030": 38.88572911527451}, "K12-U020": {"K12-U030": 193.62022664813924}, "K17-D020": {"K17-D030": 16.702480269919768}, "K18-D010": {"K18-D020": 221.9831356906447}, "K17-U030": {"K17-U040": 26.2317781773451}, "K18-U020": {"K18-U030": 62.16102998112872}, "K17-U020": {"K17-U030": 150.90033524610325}, "K12-D030": {"K12-D040": 12.655873614947208}, "K12-D010": {"K12-D020": 151.4031189237316}}