{"K12-U010": {"K12-U020": 239.11230351318213}, "K12-D020": {"K12-D030": 291.04030416583424}, "K14-D020": {"K14-D030": 14.858890579764875}, "K18-U010": {"K18-U020": 214.41273350099658}, "K17-D010": {"K17-D020": 241.3761329021816}, "K17-U010": {"K17-U020": 226.34586135147111}, "K14-D010": {"K14-D020": 237.3047712445951}, "K18-D020": {"K18-D030": 66.86262397633979}, "K12-U020": {"K12-U030": 204.9023439105228}, "K17-D020": {"K17-D030": 48.70958690742338}, "K18-D010": {"K18-D020": 238.6747978643431}, "K17-U030": {"K17-U040": 36.053295121517166}, "K18-U020": {"K18-U030": 58.85348449998512}, "K17-U020": {"K17-U030": 138.77770788900293}, "K12-D030": {"K12-D040": 16.759529340931604}, "K12-D010": {"K12-D020": 166.20325171672272}}