{"K12-U010": {"K12-U020": 224.67490314778928}, "K12-D020": {"K12-D030": 303.3496381718099}, "K14-D020": {"K14-D030": 13.917771964474165}, "K18-U010": {"K18-U020": 228.0703842638664}, "K17-D010": {"K17-D020": 173.42527974731075}, "K17-U010": {"K17-U020": 226.03120140511078}, "K14-D010": {"K14-D020": 243.67901702106246}, "K18-D020": {"K18-D030": 57.37526087169964}, "K12-U020": {"K12-U030": 224.47958150365895}, "K17-D020": {"K17-D030": 42.316067517934115}, "K18-D010": {"K18-D020": 230.69882803056194}, "K17-U030": {"K17-U040": 32.574911821581075}, "K18-U020": {"K18-U030": 57.420365400581275}, "K17-U020": {"K17-U030": 150.0438187912328}, "K12-D030": {"K12-D040": 12.599253359211406}, "K12-D010": {"K12-D020": 160.26594543918105}}