{"K12-U010": {"K12-U020": 253.38268090170897}, "K12-D020": {"K12-D030": 273.30624895392776}, "K14-D020": {"K14-D030": 16.54211533006406}, "K18-U010": {"K18-U020": 221.98505591402508}, "K17-D010": {"K17-D020": 211.21912436756298}, "K17-U010": {"K17-U020": 254.801057425491}, "K14-D010": {"K14-D020": 250.13547623902696}, "K18-D020": {"K18-D030": 61.287894654086564}, "K12-U020": {"K12-U030": 204.4617845944674}, "K17-D020": {"K17-D030": 38.580029846306715}, "K18-D010": {"K18-D020": 241.91960188538633}, "K17-U030": {"K17-U040": 34.32798789385741}, "K18-U020": {"K18-U030": 59.81611795975982}, "K17-U020": {"K17-U030": 146.01319692785006}, "K12-D030": {"K12-D040": 12.44931275525839}, "K12-D010": {"K12-D020": 160.17487411392534}}