{"K12-U010": {"K12-U020": 210.42651857729544}, "K12-D020": {"K12-D030": 235.28534870199624}, "K14-D020": {"K14-D030": 12.908788247248637}, "K18-U010": {"K18-U020": 243.2664994222586}, "K17-D010": {"K17-D020": 251.8723481851785}, "K17-U010": {"K17-U020": 201.40937974961855}, "K14-D010": {"K14-D020": 245.38794331970195}, "K18-D020": {"K18-D030": 52.138292820007166}, "K12-U020": {"K12-U030": 188.68037116159582}, "K17-D020": {"K17-D030": 51.865654295071764}, "K18-D010": {"K18-D020": 220.09156611231393}, "K17-U030": {"K17-U040": 35.97389842933593}, "K18-U020": {"K18-U030": 58.55746814077678}, "K17-U020": {"K17-U030": 131.62451337324907}, "K12-D030": {"K12-D040": 14.556138789348768}, "K12-D010": {"K12-D020": 171.00347776377117}}