{"K12-U010": {"K12-U020": 252.3064542336875}, "K12-D020": {"K12-D030": 310.383742270145}, "K14-D020": {"K14-D030": 12.44396806798421}, "K18-U010": {"K18-U020": 253.76172327009795}, "K17-D010": {"K17-D020": 248.24761723481683}, "K17-U010": {"K17-U020": 191.17771695583212}, "K14-D010": {"K14-D020": 276.4770753163874}, "K18-D020": {"K18-D030": 46.45196155957633}, "K12-U020": {"K12-U030": 219.54471893501506}, "K17-D020": {"K17-D030": 30.263064768706375}, "K18-D010": {"K18-D020": 222.55225653392822}, "K17-U030": {"K17-U040": 31.119322281052796}, "K18-U020": {"K18-U030": 62.704419059077054}, "K17-U020": {"K17-U030": 148.7959240179996}, "K12-D030": {"K12-D040": 12.849465008076134}, "K12-D010": {"K12-D020": 158.7567320484248}}