{"K12-U010": {"K12-U020": 224.57296768814246}, "K12-D020": {"K12-D030": 259.0372195956019}, "K14-D020": {"K14-D030": 13.234012282813193}, "K18-U010": {"K18-U020": 237.80046476979564}, "K17-D010": {"K17-D020": 257.0943966678038}, "K17-U010": {"K17-U020": 227.14004800964204}, "K14-D010": {"K14-D020": 250.02345495033447}, "K18-D020": {"K18-D030": 53.918200475331695}, "K12-U020": {"K12-U030": 218.61375831869333}, "K17-D020": {"K17-D030": 25.803926330304904}, "K18-D010": {"K18-D020": 229.64411493355072}, "K17-U030": {"K17-U040": 30.9334432053191}, "K18-U020": {"K18-U030": 59.559624501903706}, "K17-U020": {"K17-U030": 149.13592075127912}, "K12-D030": {"K12-D040": 14.182840316076238}, "K12-D010": {"K12-D020": 165.86538085636352}}