{"K12-U010": {"K12-U020": 281.6329313486865}, "K12-D020": {"K12-D030": 257.8467802165068}, "K14-D020": {"K14-D030": 12.678153667486137}, "K18-U010": {"K18-U020": 262.4483267992512}, "K17-D010": {"K17-D020": 222.9534026707553}, "K17-U010": {"K17-U020": 218.52604639057154}, "K14-D010": {"K14-D020": 240.9964028132109}, "K18-D020": {"K18-D030": 32.23009832805461}, "K12-U020": {"K12-U030": 229.07444792045857}, "K17-D020": {"K17-D030": 31.85912663280401}, "K18-D010": {"K18-D020": 226.79213778992326}, "K17-U030": {"K17-U040": 31.81684381487069}, "K18-U020": {"K18-U030": 68.44305388593263}, "K17-U020": {"K17-U030": 128.50445642287065}, "K12-D030": {"K12-D040": 12.118409762166033}, "K12-D010": {"K12-D020": 162.49096470610533}}