{"K12-U010": {"K12-U020": 242.40448318202388}, "K12-D020": {"K12-D030": 288.7747217656214}, "K14-D020": {"K14-D030": 13.011760884780964}, "K18-U010": {"K18-U020": 207.3508132841086}, "K17-D010": {"K17-D020": 243.38879900602288}, "K17-U010": {"K17-U020": 225.46078140611172}, "K14-D010": {"K14-D020": 278.0632416003363}, "K18-D020": {"K18-D030": 70.62496008440867}, "K12-U020": {"K12-U030": 219.83359290354943}, "K17-D020": {"K17-D030": 54.94801723637481}, "K18-D010": {"K18-D020": 225.49721260841585}, "K17-U030": {"K17-U040": 26.811888551608593}, "K18-U020": {"K18-U030": 55.36852085664524}, "K17-U020": {"K17-U030": 148.93277347640063}, "K12-D030": {"K12-D040": 14.646487260083443}, "K12-D010": {"K12-D020": 146.56548390401014}}