{"K12-U010": {"K12-U020": 317.3161052342503}, "K12-D020": {"K12-D030": 297.32085307891896}, "K14-D020": {"K14-D030": 13.180506790922175}, "K18-U010": {"K18-U020": 257.80698811273123}, "K17-D010": {"K17-D020": 206.5047356861381}, "K17-U010": {"K17-U020": 209.84391174361576}, "K14-D010": {"K14-D020": 255.97748964816847}, "K18-D020": {"K18-D030": 42.926757401518564}, "K12-U020": {"K12-U030": 192.87049285096288}, "K17-D020": {"K17-D030": 32.36777496771636}, "K18-D010": {"K18-D020": 228.1554544841957}, "K17-U030": {"K17-U040": 30.822461799037615}, "K18-U020": {"K18-U030": 56.870475158797035}, "K17-U020": {"K17-U030": 129.51118073905556}, "K12-D030": {"K12-D040": 13.812953395178019}, "K12-D010": {"K12-D020": 169.4683285871282}}