{"K12-U010": {"K12-U020": 241.75968433146164}, "K12-D020": {"K12-D030": 249.55436830175896}, "K14-D020": {"K14-D030": 13.831337323611104}, "K18-U010": {"K18-U020": 259.30148655873484}, "K17-D010": {"K17-D020": 216.41151046346803}, "K17-U010": {"K17-U020": 205.69726312680126}, "K14-D010": {"K14-D020": 264.00086351059707}, "K18-D020": {"K18-D030": 31.487170228689706}, "K12-U020": {"K12-U030": 200.15047548933723}, "K17-D020": {"K17-D030": 12.99441156396205}, "K18-D010": {"K18-D020": 232.76243507571343}, "K17-U030": {"K17-U040": 31.005065172363807}, "K18-U020": {"K18-U030": 62.5309559881121}, "K17-U020": {"K17-U030": 137.24618020942586}, "K12-D030": {"K12-D040": 12.774314563549183}, "K12-D010": {"K12-D020": 161.71332899777855}}