{"K12-U010": {"K12-U020": 273.20140595115464}, "K12-D020": {"K12-D030": 182.52998657150067}, "K14-D020": {"K14-D030": 12.931476178338709}, "K18-U010": {"K18-U020": 255.08530281082002}, "K17-D010": {"K17-D020": 222.30821714888663}, "K17-U010": {"K17-U020": 248.59329989268872}, "K14-D010": {"K14-D020": 268.3928949044926}, "K18-D020": {"K18-D030": 56.05270998899599}, "K12-U020": {"K12-U030": 212.97795113898155}, "K17-D020": {"K17-D030": 35.84591228358451}, "K18-D010": {"K18-D020": 230.31222653531373}, "K17-U030": {"K17-U040": 30.883092455246334}, "K18-U020": {"K18-U030": 65.53127272076145}, "K17-U020": {"K17-U030": 134.38465286759478}, "K12-D030": {"K12-D040": 14.053640936159884}, "K12-D010": {"K12-D020": 169.716495466093}}