{"K12-U010": {"K12-U020": 241.7699195042033}, "K12-D020": {"K12-D030": 287.21379254347727}, "K14-D020": {"K14-D030": 13.05173745792042}, "K18-U010": {"K18-U020": 236.03392123579988}, "K17-D010": {"K17-D020": 273.4345189508258}, "K17-U010": {"K17-U020": 221.2012420582836}, "K14-D010": {"K14-D020": 246.72725488316678}, "K18-D020": {"K18-D030": 41.66072399800447}, "K12-U020": {"K12-U030": 174.42008678568513}, "K17-D020": {"K17-D030": 31.37954033918888}, "K18-D010": {"K18-D020": 224.3597721189762}, "K17-U030": {"K17-U040": 28.701459242568326}, "K18-U020": {"K18-U030": 64.3460708207083}, "K17-U020": {"K17-U030": 142.1647872773351}, "K12-D030": {"K12-D040": 12.71285923860872}, "K12-D010": {"K12-D020": 171.85990994877756}}