{"K12-U010": {"K12-U020": 239.5943164528935}, "K12-D020": {"K12-D030": 301.1617131719689}, "K14-D020": {"K14-D030": 13.211491395478893}, "K18-U010": {"K18-U020": 221.03831894617034}, "K17-D010": {"K17-D020": 201.1249151795033}, "K17-U010": {"K17-U020": 193.19723702086924}, "K14-D010": {"K14-D020": 271.3106633323047}, "K18-D020": {"K18-D030": 41.52267800978971}, "K12-U020": {"K12-U030": 219.30995840734414}, "K17-D020": {"K17-D030": 30.484119248606344}, "K18-D010": {"K18-D020": 216.7526771088154}, "K17-U030": {"K17-U040": 26.4446445202929}, "K18-U020": {"K18-U030": 62.71210285917797}, "K17-U020": {"K17-U030": 148.07421963188676}, "K12-D030": {"K12-D040": 12.960714748690913}, "K12-D010": {"K12-D020": 157.56720580777136}}