{"K12-U010": {"K12-U020": 241.38552577797213}, "K12-D020": {"K12-D030": 285.54817129991415}, "K14-D020": {"K14-D030": 14.409422767613606}, "K18-U010": {"K18-U020": 236.68378311005077}, "K17-D010": {"K17-D020": 154.58396764376494}, "K17-U010": {"K17-U020": 222.53342870042576}, "K14-D010": {"K14-D020": 277.4019456926751}, "K18-D020": {"K18-D030": 36.00000487125497}, "K12-U020": {"K12-U030": 221.3934793339081}, "K17-D020": {"K17-D030": 24.016699859680536}, "K18-D010": {"K18-D020": 227.66674168022504}, "K17-U030": {"K17-U040": 33.11631258372387}, "K18-U020": {"K18-U030": 64.01358218633335}, "K17-U020": {"K17-U030": 159.30424201472312}, "K12-D030": {"K12-D040": 13.064741971520311}, "K12-D010": {"K12-D020": 171.17318168330775}}