{"K12-U010": {"K12-U020": 241.23612667347484}, "K12-D020": {"K12-D030": 336.41936052777794}, "K14-D020": {"K14-D030": 9.994764906985887}, "K18-U010": {"K18-U020": 239.26801199562343}, "K17-D010": {"K17-D020": 249.2968200496614}, "K17-U010": {"K17-U020": 245.65630816655593}, "K14-D010": {"K14-D020": 242.53443596728962}, "K18-D020": {"K18-D030": 41.247500485618964}, "K12-U020": {"K12-U030": 247.3103700165985}, "K17-D020": {"K17-D030": 23.286343944170376}, "K18-D010": {"K18-D020": 235.74011412795775}, "K17-U030": {"K17-U040": 34.33614846765009}, "K18-U020": {"K18-U030": 62.49187795437366}, "K17-U020": {"K17-U030": 162.01622491698245}, "K12-D030": {"K12-D040": 12.484169263473031}, "K12-D010": {"K12-D020": 164.58183419029416}}