{"K12-U010": {"K12-U020": 225.44989086604105}, "K12-D020": {"K12-D030": 287.0106271085736}, "K14-D020": {"K14-D030": 11.902505741944507}, "K18-U010": {"K18-U020": 219.40008360467067}, "K17-D010": {"K17-D020": 233.7841671049267}, "K17-U010": {"K17-U020": 177.6059242033046}, "K14-D010": {"K14-D020": 248.374992764844}, "K18-D020": {"K18-D030": 70.56499223086017}, "K12-U020": {"K12-U030": 227.28249228618392}, "K17-D020": {"K17-D030": 40.30524004293758}, "K18-D010": {"K18-D020": 234.29132416909638}, "K17-U030": {"K17-U040": 33.75554743572248}, "K18-U020": {"K18-U030": 62.251049646616345}, "K17-U020": {"K17-U030": 139.45317219145798}, "K12-D030": {"K12-D040": 14.706270388605532}, "K12-D010": {"K12-D020": 160.77486762965935}}