{"K12-U010": {"K12-U020": 238.44963963157102}, "K12-D020": {"K12-D030": 276.2198377088753}, "K14-D020": {"K14-D030": 9.998513785564256}, "K18-U010": {"K18-U020": 215.54102872965137}, "K17-D010": {"K17-D020": 261.8519939934662}, "K17-U010": {"K17-U020": 203.7050775518387}, "K14-D010": {"K14-D020": 276.2727904394043}, "K18-D020": {"K18-D030": 62.31154339496972}, "K12-U020": {"K12-U030": 218.81096959384064}, "K17-D020": {"K17-D030": 53.076123743145125}, "K18-D010": {"K18-D020": 226.47734802474415}, "K17-U030": {"K17-U040": 41.89410677817922}, "K18-U020": {"K18-U030": 55.401063109296146}, "K17-U020": {"K17-U030": 156.21459394334397}, "K12-D030": {"K12-D040": 12.82662621071824}, "K12-D010": {"K12-D020": 158.19464322048574}}