{"K12-U010": {"K12-U020": 247.5551502757291}, "K12-D020": {"K12-D030": 298.58015928320765}, "K14-D020": {"K14-D030": 17.19766810132036}, "K18-U010": {"K18-U020": 233.69440817825543}, "K17-D010": {"K17-D020": 175.57895811378413}, "K17-U010": {"K17-U020": 229.6853072787731}, "K14-D010": {"K14-D020": 259.1491365115354}, "K18-D020": {"K18-D030": 33.37761413346904}, "K12-U020": {"K12-U030": 201.74633167243988}, "K17-D020": {"K17-D030": 33.0853366661306}, "K18-D010": {"K18-D020": 228.15500258178218}, "K17-U030": {"K17-U040": 29.108945668135853}, "K18-U020": {"K18-U030": 63.13718947844457}, "K17-U020": {"K17-U030": 137.34876879035858}, "K12-D030": {"K12-D040": 12.8122532436629}, "K12-D010": {"K12-D020": 177.18661453426088}}