{"K12-U010": {"K12-U020": 219.80577290990374}, "K12-D020": {"K12-D030": 288.49391950725374}, "K14-D020": {"K14-D030": 12.26652631667258}, "K18-U010": {"K18-U020": 253.61932550502837}, "K17-D010": {"K17-D020": 228.1137335701912}, "K17-U010": {"K17-U020": 200.46491433092288}, "K14-D010": {"K14-D020": 287.2806565010193}, "K18-D020": {"K18-D030": 61.15699791386604}, "K12-U020": {"K12-U030": 191.5389674641164}, "K17-D020": {"K17-D030": 49.363911213320776}, "K18-D010": {"K18-D020": 222.4424945759397}, "K17-U030": {"K17-U040": 32.68738973973946}, "K18-U020": {"K18-U030": 56.16637194856558}, "K17-U020": {"K17-U030": 146.5604981065789}, "K12-D030": {"K12-D040": 11.736629924888192}, "K12-D010": {"K12-D020": 179.43606250781718}}