{"K12-U010": {"K12-U020": 213.669824585672}, "K12-D020": {"K12-D030": 241.41290731752338}, "K14-D020": {"K14-D030": 14.011806724317518}, "K18-U010": {"K18-U020": 241.65380906708816}, "K17-D010": {"K17-D020": 228.66177305628253}, "K17-U010": {"K17-U020": 230.7790706777443}, "K14-D010": {"K14-D020": 256.8933211181351}, "K18-D020": {"K18-D030": 62.499684980962435}, "K12-U020": {"K12-U030": 199.70886367831008}, "K17-D020": {"K17-D030": 48.446096226361675}, "K18-D010": {"K18-D020": 236.22265080975632}, "K17-U030": {"K17-U040": 29.667135520109888}, "K18-U020": {"K18-U030": 62.65481123515815}, "K17-U020": {"K17-U030": 146.8136696989705}, "K12-D030": {"K12-D040": 13.58110863577769}, "K12-D010": {"K12-D020": 143.19088900733018}}