{"K12-U010": {"K12-U020": 257.6039098432497}, "K12-D020": {"K12-D030": 299.54178228149203}, "K14-D020": {"K14-D030": 17.19766810132036}, "K18-U010": {"K18-U020": 220.29452221084836}, "K17-D010": {"K17-D020": 172.53017174513383}, "K17-U010": {"K17-U020": 232.33741639354702}, "K14-D010": {"K14-D020": 259.1491365115354}, "K18-D020": {"K18-D030": 45.1666999239539}, "K12-U020": {"K12-U030": 189.9352397960261}, "K17-D020": {"K17-D030": 44.16859414225145}, "K18-D010": {"K18-D020": 241.9039901059647}, "K17-U030": {"K17-U040": 29.72063877659238}, "K18-U020": {"K18-U030": 64.593292310476}, "K17-U020": {"K17-U030": 147.63383618763976}, "K12-D030": {"K12-D040": 12.654531198440191}, "K12-D010": {"K12-D020": 167.901254505159}}