{"K12-U010": {"K12-U020": 218.03506894288245}, "K12-D020": {"K12-D030": 272.98365672386046}, "K14-D020": {"K14-D030": 13.234012282813193}, "K18-U010": {"K18-U020": 246.385157269512}, "K17-D010": {"K17-D020": 257.0012452794625}, "K17-U010": {"K17-U020": 223.03227549912617}, "K14-D010": {"K14-D020": 250.02345495033447}, "K18-D020": {"K18-D030": 39.75919065969242}, "K12-U020": {"K12-U030": 230.60787573585822}, "K17-D020": {"K17-D030": 31.534364622929765}, "K18-D010": {"K18-D020": 226.82998721019302}, "K17-U030": {"K17-U040": 31.869204884287182}, "K18-U020": {"K18-U030": 61.04021987942}, "K17-U020": {"K17-U030": 150.03155375783868}, "K12-D030": {"K12-D040": 13.136391111376849}, "K12-D010": {"K12-D020": 174.75949807489926}}