{"K12-U010": {"K12-U020": 284.4015898595654}, "K12-D020": {"K12-D030": 249.6778899403295}, "K14-D020": {"K14-D030": 14.108785956472712}, "K18-U010": {"K18-U020": 250.32873497215127}, "K17-D010": {"K17-D020": 224.53021562345725}, "K17-U010": {"K17-U020": 215.055674149955}, "K14-D010": {"K14-D020": 277.4697248139065}, "K18-D020": {"K18-D030": 35.915252770163065}, "K12-U020": {"K12-U030": 207.78644166009946}, "K17-D020": {"K17-D030": 15.575064658036737}, "K18-D010": {"K18-D020": 244.85967690088282}, "K17-U030": {"K17-U040": 31.271188156286165}, "K18-U020": {"K18-U030": 60.760654431211336}, "K17-U020": {"K17-U030": 153.24095717956297}, "K12-D030": {"K12-D040": 12.631234141306534}, "K12-D010": {"K12-D020": 159.20497371961977}}