{"K12-U010": {"K12-U020": 262.26091121003793}, "K12-D020": {"K12-D030": 324.85780184720784}, "K14-D020": {"K14-D030": 13.16456695911389}, "K18-U010": {"K18-U020": 213.89941718094224}, "K17-D010": {"K17-D020": 216.105784241874}, "K17-U010": {"K17-U020": 226.88834082786653}, "K14-D010": {"K14-D020": 246.89360764670997}, "K18-D020": {"K18-D030": 56.05237112194224}, "K12-U020": {"K12-U030": 223.76045880318117}, "K17-D020": {"K17-D030": 48.2245439836835}, "K18-D010": {"K18-D020": 222.9915255440058}, "K17-U030": {"K17-U040": 37.87440865578801}, "K18-U020": {"K18-U030": 59.44466706840374}, "K17-U020": {"K17-U030": 134.72006891847496}, "K12-D030": {"K12-D040": 13.277283505396863}, "K12-D010": {"K12-D020": 156.9200533933218}}