{"K12-U010": {"K12-U020": 261.81940463489616}, "K12-D020": {"K12-D030": 303.0752650762297}, "K14-D020": {"K14-D030": 13.148026989298831}, "K18-U010": {"K18-U020": 253.4719703263852}, "K17-D010": {"K17-D020": 279.4559826371232}, "K17-U010": {"K17-U020": 224.57504900774106}, "K14-D010": {"K14-D020": 266.43405608217154}, "K18-D020": {"K18-D030": 41.14419372138762}, "K12-U020": {"K12-U030": 213.0932726705118}, "K17-D020": {"K17-D030": 24.086035119688837}, "K18-D010": {"K18-D020": 228.68010919944885}, "K17-U030": {"K17-U040": 28.256352268578645}, "K18-U020": {"K18-U030": 65.73652679848475}, "K17-U020": {"K17-U030": 139.26842537112486}, "K12-D030": {"K12-D040": 11.424757741191732}, "K12-D010": {"K12-D020": 164.82188231893267}}