{"K12-U010": {"K12-U020": 247.40670502604112}, "K12-D020": {"K12-D030": 259.6203671511872}, "K14-D020": {"K14-D030": 14.612530733673228}, "K18-U010": {"K18-U020": 224.95842942704058}, "K17-D010": {"K17-D020": 204.98586664764815}, "K17-U010": {"K17-U020": 236.91114234874425}, "K14-D010": {"K14-D020": 240.33185819207515}, "K18-D020": {"K18-D030": 69.87219501063626}, "K12-U020": {"K12-U030": 198.84421597560964}, "K17-D020": {"K17-D030": 68.93269085335842}, "K18-D010": {"K18-D020": 240.96483196697386}, "K17-U030": {"K17-U040": 33.15557414089156}, "K18-U020": {"K18-U030": 57.45034192310777}, "K17-U020": {"K17-U030": 140.90386491973976}, "K12-D030": {"K12-D040": 13.6978218918814}, "K12-D010": {"K12-D020": 162.53168539911545}}