{"K12-U010": {"K12-U020": 231.90623491433993}, "K12-D020": {"K12-D030": 280.0418195126158}, "K14-D020": {"K14-D030": 12.09790748261052}, "K18-U010": {"K18-U020": 219.52862150819632}, "K17-D010": {"K17-D020": 214.88023426391618}, "K17-U010": {"K17-U020": 224.1293403109781}, "K14-D010": {"K14-D020": 245.34924309022762}, "K18-D020": {"K18-D030": 49.25726687097983}, "K12-U020": {"K12-U030": 216.17790322346644}, "K17-D020": {"K17-D030": 41.997124686947934}, "K18-D010": {"K18-D020": 225.30359403934463}, "K17-U030": {"K17-U040": 35.007475778633264}, "K18-U020": {"K18-U030": 60.72809940896551}, "K17-U020": {"K17-U030": 150.1909930539399}, "K12-D030": {"K12-D040": 12.871606732849326}, "K12-D010": {"K12-D020": 161.69400756048648}}