{"K12-U010": {"K12-U020": 247.1636025173647}, "K12-D020": {"K12-D030": 273.57794593908}, "K14-D020": {"K14-D030": 14.378986473907053}, "K18-U010": {"K18-U020": 217.13090218622824}, "K17-D010": {"K17-D020": 239.76017647448083}, "K17-U010": {"K17-U020": 216.9696895853353}, "K14-D010": {"K14-D020": 252.600368792484}, "K18-D020": {"K18-D030": 66.64536399136477}, "K12-U020": {"K12-U030": 212.24202414043847}, "K17-D020": {"K17-D030": 34.90991934946631}, "K18-D010": {"K18-D020": 227.45255698958277}, "K17-U030": {"K17-U040": 32.95853628051447}, "K18-U020": {"K18-U030": 56.47503064488393}, "K17-U020": {"K17-U030": 124.46037097317091}, "K12-D030": {"K12-D040": 12.668310769305288}, "K12-D010": {"K12-D020": 162.52964547943242}}