{"K12-U010": {"K12-U020": 214.99895877433005}, "K12-D020": {"K12-D030": 256.4407654100794}, "K14-D020": {"K14-D030": 13.55699596543305}, "K18-U010": {"K18-U020": 240.8149411002042}, "K17-D010": {"K17-D020": 222.64939969921238}, "K17-U010": {"K17-U020": 202.0310424194611}, "K14-D010": {"K14-D020": 274.3679490507646}, "K18-D020": {"K18-D030": 67.50486178344886}, "K12-U020": {"K12-U030": 194.62566211217225}, "K17-D020": {"K17-D030": 67.9908903424607}, "K18-D010": {"K18-D020": 225.79700624480475}, "K17-U030": {"K17-U040": 37.720801304757124}, "K18-U020": {"K18-U030": 56.08658220842743}, "K17-U020": {"K17-U030": 129.78127639531425}, "K12-D030": {"K12-D040": 13.067306965548108}, "K12-D010": {"K12-D020": 152.45917644032292}}