{"K53-U100": {"K53-U110": 76.84058628174908}, "K53-D010": {"K53-D015": 104.63161428747836}, "K51-D150": {"K51-D160": 186.6503913938253}, "K52-nU290": {"K52-nU300": 36.77715981303118}, "K52-nU260": {"K52-nU270": 64.14106190508335}, "K52-nD110": {"K52-nD120": 156.88635441372236}, "K51-D130": {"K51-D140": 50.48876243788151}, "K51-U080": {"K51-U090": 171.99332865606715}, "K54-D030": {"K54-D040": 78.72603997781373}, "K52-nD240": {"K52-nD250": 157.22425480789872}, "K53-U010": {"K53-U020": 261.3533328113401}, "K58-D070": {"K58-D080": 112.74393648374628}, "K52-nD250": {"K52-nD260": 175.11605107310538}, "K52-nD130": {"K52-nD140": 88.14513055282748}, "K58-D020": {"K58-D030": 148.28606409901028}, "K53-D030": {"K53-D040": 80.78019475489776}, "K52A-U100": {"K52A-U110": 84.13486598788135}, "K58-U140": {"K58-U150": 154.05021702305942}, "K52A-U010": {"K52A-U015": 314.50231438264865}, "K52-nD210": {"K52-nD220": 219.04357994899442}, "K53-U030": {"K53-U040": 210.75149540999345}, "K54-U050": {"K54-U060": 352.1544551118494}, "K51-D040": {"K51-D050": 51.459767792748934}, "K58-D200": {"K58-D210": 64.20743156178409}, "K53-U110": {"K53-U120": 92.43032630492019}, "K58-U010": {"K58-U020": 100.30984680569901}, "K51A-D250": {"K51A-D260": 104.22255057017018}, "K58-D140": {"K58-D150": 44.20031240435192}, "K51A-D210": {"K51A-D220": 80.76842176657627}, "K54-U040": {"K54-U050": 152.03628968613296}, "K51A-U240": {"K51A-U250": 71.71132211960385}, "K54-U030": {"K54-U040": 123.89977996748203}, "K51-D250": {"K51-D260": 152.98068361872092}, "K51-D190": {"K51-D200": 159.79899638774182}, "K51A-U100": {"K51A-U110": 223.46613543468303}, "K51A-U090": {"K51A-U100": 158.54151688540583}, "K52-nD120": {"K52-nD130": 39.00916680974548}, "K58-D060": {"K58-D070": 165.3147329592155}, "K52A-D060": {"K52A-D070": 129.34768316859805}, "K51A-D190": {"K51A-D200": 188.25332623417614}, "K58-U180": {"K58-U190": 133.37388871195282}, "K58-D050": {"K58-D060": 180.36165640395947}, "K58-U130": {"K58-U140": 91.63622958813932}, "K54-U060": {"K54-U070": 200.0576396839049}, "K51A-U230": {"K51A-U240": 38.43235827027981}, "K53-U070": {"K53-U080": 51.754119226204544}, "K58-D170": {"K58-D180": 148.25258760121696}, "K51A-D170": {"K51A-D180": 165.3497949376964}, "K51A-D010": {"K51A-D020": 55.527363347481014}, "K52-nU010": {"K52-nU020": 35.42670504863991}, "K51-D270": {"K51-D280": 94.47899623888216}, "K51A-U190": {"K51A-U200": 76.65640643678965}, "K53-D040": {"K53-D050": 81.53156724191804}, "K52-nU040": {"K52-nU050": 74.91945572845434}, "K51-D220": {"K51-D230": 260.8022360066876}, "K52-nU170": {"K52-nU180": 137.8529658204995}, "K52-nD290": {"K52-nD300": 104.27714438269365}, "K52-nD010": {"K52-nD020": 17.641633017855035}, "K52A-U030": {"K52A-U040": 40.84990452353367}, "K54-D020": {"K54-D030": 132.858094992736}, "K51A-D140": {"K51A-D150": 92.45681661660693}, "K51A-U030": {"K51A-U040": 74.0169687494238}, "K53-D015": {"K53-D020": 45.59393026333225}, "K51A-D090": {"K51A-D100": 53.102081621427736}, "K51-U020": {"K51-U030": 105.97974984555447}, "K51-U130": {"K51-U140": 72.4626924556254}, "K58-U170": {"K58-U180": 204.23345197766204}, "K51-U170": {"K51-U180": 81.6448141346116}, "K51-D030": {"K51-D040": 41.57162731742742}, "K52-nD140": {"K52-nD150": 104.21643265994585}, "K58-D180": {"K58-D190": 298.27596024011405}, "K58-D160": {"K58-D170": 216.05049070760424}, "K51-D020": {"K51-D030": 58.62141341648997}, "K52A-U130": {"K52A-U140": 69.33483268258115}, "K52-nD020": {"K52-nD030": 28.905367037023247}, "K52A-U040": {"K52A-U050": 119.0464941465278}, "K58-D010": {"K58-D020": 18.79469116149422}, "K52-nU200": {"K52-nU210": 83.19467745696338}, "K51-U040": {"K51-U050": 118.24625888560101}, "K51A-U210": {"K51A-U220": 77.4980201116197}, "K52-nU250": {"K52-nU260": 73.51948929089372}, "K52-nU060": {"K52-nU070": 171.01173861327834}, "K51-U030": {"K51-U040": 80.21825360656214}, "K58-U070": {"K58-U080": 126.81987745434219}, "K52-nU190": {"K52-nU200": 138.68112118587493}, "K52A-D140": {"K52A-D150": 115.0718187121021}, "K51-D260": {"K51-D270": 65.24671871831735}, "K51-D060": {"K51-D070": 56.44254600788793}, "K53-D060": {"K53-D070": 168.52206067678327}, "K52-nU080": {"K52-nU090": 85.41361737876608}, "K58-U060": {"K58-U070": 168.5376930653021}, "K52-nD280": {"K52-nD290": 91.10969460629772}, "K51-D210": {"K51-D220": 171.9814056442014}, "K52A-U060": {"K52A-U070": 153.9775388752608}, "K51-D140": {"K51-D150": 86.46555808950458}, "K52-nD150": {"K52-nD160": 100.8191460729276}, "K51A-D160": {"K51A-D170": 175.66254368418453}, "K58-D030": {"K58-D040": 71.04870657622784}, "K51-U220": {"K51-U230": 66.99791102867555}, "K58-U120": {"K58-U130": 132.9217610931991}, "K51A-D020": {"K51A-D030": 111.51943777240449}, "K51A-U010": {"K51A-U020": 51.041867537235795}, "K54-D040": {"K54-D050": 146.0053747356106}, "K51A-D240": {"K51A-D250": 63.32622057556098}, "K51-U140": {"K51-U150": 54.418442735704936}, "K51-D200": {"K51-D210": 125.92686823996091}, "K51A-D040": {"K51A-D050": 102.54460264400154}, "K51A-U070": {"K51A-U080": 206.08382255387806}, "K52-nU210": {"K52-nU220": 76.94159255184421}, "K58-U190": {"K58-U200": 147.04382459022816}, "K54-D060": {"K54-D070": 151.41278589103243}, "K52A-U140": {"K52A-U150": 160.357527849655}, "K52-nD100": {"K52-nD110": 62.97967037340203}, "K52A-U110": {"K52A-U120": 61.948217066548544}, "K53-U050": {"K53-U060": 150.94418839751899}, "K51A-U110": {"K51A-U120": 141.99267915786018}, "K52A-U080": {"K52A-U090": 75.13373213553155}, "K51A-D050": {"K51A-D060": 80.85158753758188}, "K52A-D130": {"K52A-D140": 96.52529168129105}, "K51A-U080": {"K51A-U090": 194.68011689371625}, "K52-nU120": {"K52-nU130": 142.88512956740846, "K52-nU140": 113.07015911258682}, "K52-nU130": {"K52-nU140": 328.31723641397036}, "K53-D130": {"K53-D140": 98.68133986466964}, "K52-nU150": {"K52-nU160": 87.6709741084006}, "K54-U020": {"K54-U030": 154.67127944113184}, "K52-nD260": {"K52-nD270": 67.23060941645174}, "K52-nU050": {"K52-nU060": 244.99437854375552}, "K51A-U060": {"K51A-U070": 317.4581859925367}, "K52A-D170": {"K52A-D180": 112.9462228318971}, "K51A-D110": {"K51A-D120": 56.513718127027786}, "K51-U110": {"K51-U120": 123.85091979175436}, "K51-U240": {"K51-U250": 108.08506149130349}, "K53-D070": {"K53-D080": 45.27474831737505}, "K52A-D080": {"K52A-D090": 66.10604151810662}, "K51A-U130": {"K51A-U140": 78.13889817245709}, "K54-D050": {"K54-D060": 92.83710129240947}, "K52-nD180": {"K52-nD190": 147.97988226142652}, "K51A-U020": {"K51A-U030": 134.59888360863084}, "K51A-D060": {"K51A-D070": 81.86458438281697}, "K51-U150": {"K51-U160": 84.27331649171768}, "K53-D160": {"K53-U011": 161.99507806357587, "K53-D170": 355.3477447560224}, "K51-U160": {"K51-U170": 108.61405457115464}, "K53-U090": {"K53-U100": 117.39066055999076}, "K52-nD160": {"K52-nD170": 148.90828386975653}, "K51A-D150": {"K51A-D160": 113.27068445416728}, "K52-nU070": {"K52-nU080": 107.38024372077659}, "K52A-U120": {"K52A-U130": 68.13483560748084}, "K52A-U150": {"K52A-U160": 32.27028785444645}, "K51-U230": {"K51-U240": 47.52516748611936}, "K52A-U050": {"K52A-U060": 64.36391868063}, "K52A-U020": {"K52A-U030": 92.79058493455683}, "K52A-D030": {"K52A-D040": 26.90603114977851}, "K51A-U140": {"K51A-U150": 54.40608537486052}, "K53-U060": {"K53-U070": 66.47675131016238}, "K52A-U170": {"K52A-U180": 275.3301891049085}, "K53-U040": {"K53-U050": 129.2893512116065}, "K51-U070": {"K51-U080": 190.67973126090948}, "K52-nU030": {"K52-nU040": 128.52098533214752}, "K52-nU280": {"K52-nU290": 46.47401330119988}, "K54-U010": {"K54-U020": 93.85261788351644}, "K54-U070": {"K54-D010": 146.66007924356506}, "K51A-U170": {"K51A-U180": 75.86554642114871}, "K51-D240": {"K51-D250": 124.18039060933953}, "K51-D050": {"K51-D060": 52.532502980785694}, "K53-U080": {"K53-U090": 73.41683772306108}, "K51-D010": {"K51-D020": 86.51392479157684}, "K51-D170": {"K51-D180": 104.33590961176988}, "K51-U050": {"K51-U060": 264.58788868304345}, "K53-U130": {"K53-U140": 62.403341678982066}, "K51A-D230": {"K51A-D240": 150.6373216852374},