{"K53-U100": {"K53-U110": 76.01808843118731}, "K53-D010": {"K53-D015": 102.95952822925808}, "K51-D150": {"K51-D160": 180.4997975658906}, "K52-nU290": {"K52-nU300": 34.33378635734219}, "K52-nU260": {"K52-nU270": 81.4345214365737}, "K52-nD110": {"K52-nD120": 155.64979744342136}, "K51-D130": {"K51-D140": 57.764472503520935}, "K51-U080": {"K51-U090": 170.71796697835038}, "K54-D030": {"K54-D040": 79.1395485954726}, "K52-nD240": {"K52-nD250": 157.66096546686333}, "K53-U010": {"K53-U020": 254.2906366623336}, "K58-D070": {"K58-D080": 104.53834012292194}, "K52-nD250": {"K52-nD260": 182.36704468932828}, "K52-nD130": {"K52-nD140": 90.3440630067706}, "K58-D020": {"K58-D030": 111.48097614201154}, "K53-D030": {"K53-D040": 76.30434218498135}, "K52A-U100": {"K52A-U110": 86.80409964044685}, "K58-U140": {"K58-U150": 150.82376099376117}, "K52A-U010": {"K52A-U015": 253.1375154983901}, "K52-nD210": {"K52-nD220": 198.8939249395118}, "K53-U030": {"K53-U040": 200.6779272393504}, "K54-U050": {"K54-U060": 309.2374039711981}, "K51-D040": {"K51-D050": 52.31847175805259}, "K58-D200": {"K58-D210": 66.57923646729053}, "K53-U110": {"K53-U120": 96.19071195383216}, "K58-U010": {"K58-U020": 117.47369713632551}, "K51A-D250": {"K51A-D260": 99.00939297093346}, "K58-D140": {"K58-D150": 37.36619909517817}, "K51A-D210": {"K51A-D220": 79.47509342876631}, "K54-U040": {"K54-U050": 150.12775097242672}, "K51A-U240": {"K51A-U250": 73.20989242537334}, "K54-U030": {"K54-U040": 129.6542314714763}, "K51-D250": {"K51-D260": 164.88733130077622}, "K51-D190": {"K51-D200": 163.7258337760535}, "K51A-U100": {"K51A-U110": 206.23304351376038}, "K51A-U090": {"K51A-U100": 163.9221557400117}, "K52-nD120": {"K52-nD130": 40.686892648434686}, "K58-D060": {"K58-D070": 158.45282944866918}, "K52A-D060": {"K52A-D070": 129.34768316859805}, "K51A-D190": {"K51A-D200": 205.61096389070977}, "K58-U180": {"K58-U190": 117.91766943107913}, "K58-D050": {"K58-D060": 193.28204149409558}, "K58-U130": {"K58-U140": 82.91103522710246}, "K54-U060": {"K54-U070": 207.57047934077733}, "K51A-U230": {"K51A-U240": 38.45410898542317}, "K53-U070": {"K53-U080": 60.891285818851465}, "K58-D170": {"K58-D180": 136.31115354383886}, "K51A-D170": {"K51A-D180": 162.60030823359025}, "K51A-D010": {"K51A-D020": 56.47962172251109}, "K52-nU010": {"K52-nU020": 129.71095028471888}, "K51-D270": {"K51-D280": 99.63185153766725}, "K51A-U190": {"K51A-U200": 68.05306672647292}, "K53-D040": {"K53-D050": 77.93987379349278}, "K52-nU040": {"K52-nU050": 61.222516110429225}, "K51-D220": {"K51-D230": 270.9065200133903}, "K52-nU170": {"K52-nU180": 132.84647257903168}, "K52-nD290": {"K52-nD300": 100.35910032377527}, "K52-nD010": {"K52-nD020": 18.01424968398584}, "K52A-U030": {"K52A-U040": 44.25441801155472}, "K54-D020": {"K54-D030": 132.83763902433572}, "K51A-D140": {"K51A-D150": 77.91170563706537}, "K51A-U030": {"K51A-U040": 67.13473110471958}, "K53-D015": {"K53-D020": 51.46947413322359}, "K51A-D090": {"K51A-D100": 85.14706222328235}, "K51-U020": {"K51-U030": 117.64439121508349}, "K51-U130": {"K51-U140": 76.51718204164743}, "K58-U170": {"K58-U180": 198.8872981990769}, "K51-U170": {"K51-U180": 79.3269131456062}, "K51-D030": {"K51-D040": 37.301478369229685}, "K52-nD140": {"K52-nD150": 114.9585677022905}, "K58-D180": {"K58-D190": 301.6243589110481}, "K58-D160": {"K58-D170": 202.0528106558858}, "K51-D020": {"K51-D030": 59.15155510453991}, "K52A-U130": {"K52A-U140": 79.96414521792161}, "K52-nD020": {"K52-nD030": 24.246411655239523}, "K52A-U040": {"K52A-U050": 135.38545913270485}, "K58-D010": {"K58-D020": 19.741918044094724}, "K52-nU200": {"K52-nU210": 84.59156264833675}, "K51-U040": {"K51-U050": 130.2413123888665}, "K51A-U210": {"K51A-U220": 81.34189903579518}, "K52-nU250": {"K52-nU260": 67.84528561795437}, "K52-nU060": {"K52-nU070": 160.52222362558854}, "K51-U030": {"K51-U040": 68.31857967218734}, "K58-U070": {"K58-U080": 119.72665410787656}, "K52-nU190": {"K52-nU200": 135.69683032572385}, "K52A-D140": {"K52A-D150": 112.58254007595171}, "K51-D260": {"K51-D270": 57.64053752425515}, "K51-D060": {"K51-D070": 63.602763312368985}, "K53-D060": {"K53-D070": 130.55206168338998}, "K52-nU080": {"K52-nU090": 85.76250574513567}, "K58-U060": {"K58-U070": 176.72021587514305}, "K52-nD280": {"K52-nD290": 92.607382826708}, "K51-D210": {"K51-D220": 186.55750509337003}, "K52A-U060": {"K52A-U070": 145.52658863486346}, "K51-D140": {"K51-D150": 83.71658914880341}, "K52-nD150": {"K52-nD160": 100.26412525210633}, "K51A-D160": {"K51A-D170": 212.43169043808157}, "K58-D030": {"K58-D040": 68.98389444695036}, "K51-U220": {"K51-U230": 64.33736813814424}, "K58-U120": {"K58-U130": 130.0263840329186}, "K51A-D020": {"K51A-D030": 111.49056256664228}, "K51A-U010": {"K51A-U020": 51.08350254397625}, "K54-D040": {"K54-D050": 156.4405219084161}, "K51A-D240": {"K51A-D250": 62.46351604736926}, "K51-U140": {"K51-U150": 56.78217440427413}, "K51-D200": {"K51-D210": 123.3843014105832}, "K51A-D040": {"K51A-D050": 97.11876016265352}, "K51A-U070": {"K51A-U080": 204.67201068608549}, "K52-nU210": {"K52-nU220": 78.83542785930939}, "K58-U190": {"K58-U200": 138.31296725511737}, "K54-D060": {"K54-D070": 147.9539962132947}, "K52A-U140": {"K52A-U150": 160.36747851973956}, "K52-nD100": {"K52-nD110": 68.60051531587506}, "K52A-U110": {"K52A-U120": 61.08340082030274}, "K53-U050": {"K53-U060": 153.7428929141991}, "K51A-U110": {"K51A-U120": 123.74361903369399}, "K52A-U080": {"K52A-U090": 73.7324454718241}, "K51A-D050": {"K51A-D060": 86.2316016350146}, "K52A-D130": {"K52A-D140": 84.24739627311706}, "K51A-U080": {"K51A-U090": 168.14833562106065}, "K52-nU120": {"K52-nU130": 142.88512956740846, "K52-nU140": 121.6271245248151}, "K52-nU130": {"K52-nU140": 328.31723641397036}, "K53-D130": {"K53-D140": 109.28538486290759}, "K52-nU150": {"K52-nU160": 97.95153125740302}, "K54-U020": {"K54-U030": 158.31623513190252}, "K52-nD260": {"K52-nD270": 56.352049220171956}, "K52-nU050": {"K52-nU060": 257.0118073172982}, "K51A-U060": {"K51A-U070": 310.62002156043627}, "K52A-D170": {"K52A-D180": 107.43891712500063}, "K51A-D110": {"K51A-D120": 54.03090372163367}, "K51-U110": {"K51-U120": 123.03729984949246}, "K51-U240": {"K51-U250": 105.27241013036414}, "K53-D070": {"K53-D080": 74.77618620056984}, "K52A-D080": {"K52A-D090": 58.60313302308575}, "K51A-U130": {"K51A-U140": 79.4909844638167}, "K54-D050": {"K54-D060": 76.9854284354565}, "K52-nD180": {"K52-nD190": 136.6351762821199}, "K51A-U020": {"K51A-U030": 121.15298113592931}, "K51A-D060": {"K51A-D070": 74.0601821917171}, "K51-U150": {"K51-U160": 89.14559529812131}, "K53-D160": {"K53-U011": 161.99507806357587, "K53-D170": 228.11422943237693}, "K51-U160": {"K51-U170": 106.85318301409231}, "K53-U090": {"K53-U100": 117.84065008823777}, "K52-nD160": {"K52-nD170": 159.18268257825758}, "K51A-D150": {"K51A-D160": 108.76048155563426}, "K52-nU070": {"K52-nU080": 102.88537594138506}, "K52A-U120": {"K52A-U130": 60.470586469505726}, "K52A-U150": {"K52A-U160": 35.02855343652631}, "K51-U230": {"K51-U240": 45.77546063883475}, "K52A-U050": {"K52A-U060": 61.029576174287264}, "K52A-U020": {"K52A-U030": 92.12568227775213}, "K52A-D030": {"K52A-D040": 21.420175061498433}, "K51A-U140": {"K51A-U150": 53.96468517177726}, "K53-U060": {"K53-U070": 74.87000042121203}, "K52A-U170": {"K52A-U180": 275.3750320785299}, "K53-U040": {"K53-U050": 128.14573087912623}, "K51-U070": {"K51-U080": 188.27253722216548}, "K52-nU030": {"K52-nU040": 125.72685725407356}, "K52-nU280": {"K52-nU290": 43.59718625569341}, "K54-U010": {"K54-U020": 81.68856727888203}, "K54-U070": {"K54-D010": 164.3971841518079}, "K51A-U170": {"K51A-U180": 78.17709265535079}, "K51-D240": {"K51-D250": 131.96209587762533}, "K51-D050": {"K51-D060": 59.31223166675231}, "K53-U080": {"K53-U090": 78.85399158448271}, "K51-D010": {"K51-D020": 75.51141732035134}, "K51-D170": {"K51-D180": 97.10316727308113}, "K51-U050": {"K51-U060": 258.04035290668196}, "K53-U130": {"K53-U140": 64.73861557999535}, "K51A-D230": {"K51A-D240": 152.7620737846446}, "K52-nD030": {"K52-nD040": 30.372535216643058},