{"K53-U100": {"K53-U110": 74.90250672639974}, "K53-D010": {"K53-D015": 101.29977978839261}, "K51-D150": {"K51-D160": 172.02444218090073}, "K52-nU290": {"K52-nU300": 37.286852356786824}, "K52-nU260": {"K52-nU270": 78.84376125451156}, "K52-nD110": {"K52-nD120": 155.67418196313275}, "K51-D130": {"K51-D140": 57.565583771278796}, "K51-U080": {"K51-U090": 160.81861444532709}, "K54-D030": {"K54-D040": 72.93820765368058}, "K52-nD240": {"K52-nD250": 155.12602237155158}, "K53-U010": {"K53-U020": 256.01482527817836}, "K58-D070": {"K58-D080": 104.41542278877202}, "K52-nD250": {"K52-nD260": 182.2076728469772}, "K52-nD130": {"K52-nD140": 82.75607869358369}, "K58-D020": {"K58-D030": 110.70875850183128}, "K53-D030": {"K53-D040": 82.23945920786961}, "K52A-U100": {"K52A-U110": 81.66964727351811}, "K58-U140": {"K58-U150": 140.89827364719253}, "K52A-U010": {"K52A-U015": 247.7081462455109}, "K52-nD210": {"K52-nD220": 201.45323974108317}, "K53-U030": {"K53-U040": 204.34431872576985}, "K54-U050": {"K54-U060": 330.8367504474014}, "K51-D040": {"K51-D050": 53.55260788528129}, "K58-D200": {"K58-D210": 65.40222986635652}, "K53-U110": {"K53-U120": 95.70557866379895}, "K58-U010": {"K58-U020": 58.32428755636031}, "K51A-D250": {"K51A-D260": 103.08436567497658}, "K58-D140": {"K58-D150": 38.36747831242527}, "K51A-D210": {"K51A-D220": 78.56602581656333}, "K54-U040": {"K54-U050": 152.17345480232385}, "K51A-U240": {"K51A-U250": 75.2357391296593}, "K54-U030": {"K54-U040": 128.66203322696293}, "K51-D250": {"K51-D260": 149.84324618574115}, "K51-D190": {"K51-D200": 154.26851197430173}, "K51A-U100": {"K51A-U110": 207.44111041747306}, "K51A-U090": {"K51A-U100": 156.1099470367863}, "K52-nD120": {"K52-nD130": 38.324555541637935}, "K58-D060": {"K58-D070": 156.32067046361612}, "K52A-D060": {"K52A-D070": 129.34768316859805}, "K51A-D190": {"K51A-D200": 189.50816560501787}, "K58-U180": {"K58-U190": 119.96816586604044}, "K58-D050": {"K58-D060": 184.72377935053674}, "K58-U130": {"K58-U140": 85.20691041221411}, "K54-U060": {"K54-U070": 193.76718409408033}, "K51A-U230": {"K51A-U240": 37.905767155135734}, "K53-U070": {"K53-U080": 54.608939082571816}, "K58-D170": {"K58-D180": 145.4338862457246}, "K51A-D170": {"K51A-D180": 157.9033337559552}, "K51A-D010": {"K51A-D020": 93.94306173408867}, "K52-nU010": {"K52-nU020": 38.07756810288045}, "K51-D270": {"K51-D280": 97.63362649106277}, "K51A-U190": {"K51A-U200": 71.49632671674821}, "K53-D040": {"K53-D050": 72.21227024820612}, "K52-nU040": {"K52-nU050": 60.07418184965121}, "K51-D220": {"K51-D230": 262.92222860985635}, "K52-nU170": {"K52-nU180": 138.109350324463}, "K52-nD290": {"K52-nD300": 101.80907648277123}, "K52-nD010": {"K52-nD020": 17.998206972899624}, "K52A-U030": {"K52A-U040": 40.94296122916351}, "K54-D020": {"K54-D030": 132.83763902433572}, "K51A-D140": {"K51A-D150": 76.6023435685895}, "K51A-U030": {"K51A-U040": 64.97736205093851}, "K53-D015": {"K53-D020": 49.83345355600118}, "K51A-D090": {"K51A-D100": 76.93811034002104}, "K51-U020": {"K51-U030": 100.03052050185191}, "K51-U130": {"K51-U140": 75.7307460134015}, "K58-U170": {"K58-U180": 191.170585934507}, "K51-U170": {"K51-U180": 79.95229228525514}, "K51-D030": {"K51-D040": 39.40716342031899}, "K52-nD140": {"K52-nD150": 115.4441600421832}, "K58-D180": {"K58-D190": 298.42334623931157}, "K58-D160": {"K58-D170": 199.25661515885818}, "K51-D020": {"K51-D030": 62.73073739832836}, "K52A-U130": {"K52A-U140": 72.34879332275848}, "K52-nD020": {"K52-nD030": 26.47812508892782}, "K52A-U040": {"K52A-U050": 131.8661978554129}, "K58-D010": {"K58-D020": 20.758802064106874}, "K52-nU200": {"K52-nU210": 79.06607458495425}, "K51-U040": {"K51-U050": 126.51195207446995}, "K51A-U210": {"K51A-U220": 74.94667382354348}, "K52-nU250": {"K52-nU260": 74.31626592579131}, "K52-nU060": {"K52-nU070": 158.14599956785972}, "K51-U030": {"K51-U040": 73.56081592363334}, "K58-U070": {"K58-U080": 120.51329111971214}, "K52-nU190": {"K52-nU200": 135.2357874382064}, "K52A-D140": {"K52A-D150": 110.56663976190505}, "K51-D260": {"K51-D270": 59.902146733374856}, "K51-D060": {"K51-D070": 60.65946903715267}, "K53-D060": {"K53-D070": 134.185801601597}, "K52-nU080": {"K52-nU090": 85.83139680382479}, "K58-U060": {"K58-U070": 169.05271613795327}, "K52-nD280": {"K52-nD290": 90.95308027770054}, "K51-D210": {"K51-D220": 197.9276027442743}, "K52A-U060": {"K52A-U070": 144.0192281498612}, "K51-D140": {"K51-D150": 67.99909729363137}, "K52-nD150": {"K52-nD160": 95.00314089878607}, "K51A-D160": {"K51A-D170": 172.782843077586}, "K58-D030": {"K58-D040": 66.56959124791668}, "K51-U220": {"K51-U230": 66.68924696115279}, "K58-U120": {"K58-U130": 131.0701269373182}, "K51A-D020": {"K51A-D030": 100.59050661399976}, "K51A-U010": {"K51A-U020": 58.79315295202956}, "K54-D040": {"K54-D050": 160.0366068634932}, "K51A-D240": {"K51A-D250": 65.5478057333692}, "K51-U140": {"K51-U150": 56.90401573057595}, "K51-D200": {"K51-D210": 120.95587924258207}, "K51A-D040": {"K51A-D050": 98.2476752102038}, "K51A-U070": {"K51A-U080": 211.62547475695155}, "K52-nU210": {"K52-nU220": 81.24620103995463}, "K58-U190": {"K58-U200": 132.11095482100228}, "K54-D060": {"K54-D070": 153.59367917573647}, "K52A-U140": {"K52A-U150": 160.36747851973956}, "K52-nD100": {"K52-nD110": 61.35328204205926}, "K52A-U110": {"K52A-U120": 69.76729908472312}, "K53-U050": {"K53-U060": 133.99680270878278}, "K51A-U110": {"K51A-U120": 132.9915612705661}, "K52A-U080": {"K52A-U090": 72.56064969801311}, "K51A-D050": {"K51A-D060": 80.47824831123046}, "K52A-D130": {"K52A-D140": 80.14125597598039}, "K51A-U080": {"K51A-U090": 168.22632046611668}, "K52-nU120": {"K52-nU130": 142.88512956740846, "K52-nU140": 115.40815044671231}, "K52-nU130": {"K52-nU140": 328.31723641397036}, "K53-D130": {"K53-D140": 109.25488295887496}, "K52-nU150": {"K52-nU160": 89.79990239350579}, "K54-U020": {"K54-U030": 129.79373938006853}, "K52-nD260": {"K52-nD270": 52.34882593127854}, "K52-nU050": {"K52-nU060": 248.342330290427}, "K51A-U060": {"K51A-U070": 310.25869898420996}, "K52A-D170": {"K52A-D180": 109.19772342951278}, "K51A-D110": {"K51A-D120": 49.468867553998436}, "K51-U110": {"K51-U120": 134.385985553912}, "K51-U240": {"K51-U250": 111.64796234618193}, "K53-D070": {"K53-D080": 80.78480438074178}, "K52A-D080": {"K52A-D090": 65.9745269558886}, "K51A-U130": {"K51A-U140": 74.12051852101908}, "K54-D050": {"K54-D060": 79.31098799330563}, "K52-nD180": {"K52-nD190": 139.70077979815875}, "K51A-U020": {"K51A-U030": 112.74899413806747}, "K51A-D060": {"K51A-D070": 74.0113604384665}, "K51-U150": {"K51-U160": 81.1805568489701}, "K53-D160": {"K53-U011": 161.99507806357587, "K53-D170": 278.7207991605664}, "K51-U160": {"K51-U170": 100.49153978266638}, "K53-U090": {"K53-U100": 107.33274166900314}, "K52-nD160": {"K52-nD170": 152.89017544531015}, "K51A-D150": {"K51A-D160": 107.24735435196062}, "K52-nU070": {"K52-nU080": 98.15372747593327}, "K52A-U120": {"K52A-U130": 69.5673709442569}, "K52A-U150": {"K52A-U160": 33.56628679405435}, "K51-U230": {"K51-U240": 49.530465103713624}, "K52A-U050": {"K52A-U060": 56.97407274568032}, "K52A-U020": {"K52A-U030": 94.05737247303075}, "K52A-D030": {"K52A-D040": 23.344635191430605}, "K51A-U140": {"K51A-U150": 56.4823724096327}, "K53-U060": {"K53-U070": 72.76682747420901}, "K52A-U170": {"K52A-U180": 275.3750320785299}, "K53-U040": {"K53-U050": 135.1588594314889}, "K51-U070": {"K51-U080": 190.31068069433903}, "K52-nU030": {"K52-nU040": 128.88835156464057}, "K52-nU280": {"K52-nU290": 42.17774599367337}, "K54-U010": {"K54-U020": 79.56274291924863}, "K54-U070": {"K54-D010": 147.54946641026083}, "K51A-U170": {"K51A-U180": 78.84180653427491}, "K51-D240": {"K51-D250": 141.59318998631662}, "K51-D050": {"K51-D060": 58.90875288596264}, "K53-U080": {"K53-U090": 71.74063620144645}, "K51-D010": {"K51-D020": 83.51735574316992}, "K51-D170": {"K51-D180": 113.7143618953867}, "K51-U050": {"K51-U060": 262.2838038499236}, "K53-U130": {"K53-U140": 57.99980698280906}, "K51A-D230": {"K51A-D240": 157.3756930669257}, "K52-nD030": {"K52-nD040": 30.34259626289309},