{"K53-U100": {"K53-U110": 71.94238821119819}, "K53-D010": {"K53-D015": 105.21639659012331}, "K51-D150": {"K51-D160": 185.42848998269645}, "K52-nU290": {"K52-nU300": 35.86194699925049}, "K52-nU260": {"K52-nU270": 80.11548823298293}, "K52-nD110": {"K52-nD120": 161.14575128715862}, "K51-D130": {"K51-D140": 52.09071003746569}, "K51-U080": {"K51-U090": 154.19996629498672}, "K54-D030": {"K54-D040": 68.0110536468413}, "K52-nD240": {"K52-nD250": 154.11016632920956}, "K53-U010": {"K53-U020": 256.07469957324895}, "K58-D070": {"K58-D080": 100.06896921326575}, "K52-nD250": {"K52-nD260": 183.0829069879183}, "K52-nD130": {"K52-nD140": 89.61015710746281}, "K58-D020": {"K58-D030": 115.72760024188673}, "K53-D030": {"K53-D040": 77.39437099515267}, "K52A-U100": {"K52A-U110": 81.43589658441599}, "K58-U140": {"K58-U150": 131.07551928687542}, "K52A-U010": {"K52A-U015": 277.44041865723136}, "K52-nD210": {"K52-nD220": 211.80730050214657}, "K53-U030": {"K53-U040": 202.67857108849233}, "K54-U050": {"K54-U060": 317.39309238728754}, "K51-D040": {"K51-D050": 52.302601011794366}, "K58-D200": {"K58-D210": 64.09341964700482}, "K53-U110": {"K53-U120": 95.34316198398938}, "K58-U010": {"K58-U020": 94.02600451665901}, "K51A-D250": {"K51A-D260": 101.71923155029148}, "K58-D140": {"K58-D150": 42.01246173945277}, "K51A-D210": {"K51A-D220": 82.32718079595534}, "K54-U040": {"K54-U050": 160.52076563974313}, "K51A-U240": {"K51A-U250": 75.05245372251025}, "K54-U030": {"K54-U040": 121.27446653353229}, "K51-D250": {"K51-D260": 159.9570837839265}, "K51-D190": {"K51-D200": 156.8314227151146}, "K51A-U100": {"K51A-U110": 212.36949378921025}, "K51A-U090": {"K51A-U100": 145.09885918679257}, "K52-nD120": {"K52-nD130": 38.8796104938535}, "K58-D060": {"K58-D070": 165.81445140127184}, "K52A-D060": {"K52A-D070": 129.34768316859805}, "K51A-D190": {"K51A-D200": 200.97065066449963}, "K58-U180": {"K58-U190": 128.687562165129}, "K58-D050": {"K58-D060": 209.6024345669855}, "K58-U130": {"K58-U140": 88.82502253841103}, "K54-U060": {"K54-U070": 209.55147279913712}, "K51A-U230": {"K51A-U240": 37.65913040314525}, "K53-U070": {"K53-U080": 54.402143689405634}, "K58-D170": {"K58-D180": 142.5743000084081}, "K51A-D170": {"K51A-D180": 164.3854104639578}, "K51A-D010": {"K51A-D020": 55.043871136680465}, "K52-nU010": {"K52-nU020": 45.44244081949357}, "K51-D270": {"K51-D280": 94.50168236236584}, "K51A-U190": {"K51A-U200": 68.9356314015466}, "K53-D040": {"K53-D050": 73.95128243944455}, "K52-nU040": {"K52-nU050": 68.77810884271928}, "K51-D220": {"K51-D230": 267.21970860863354}, "K52-nU170": {"K52-nU180": 130.20537262195919}, "K52-nD290": {"K52-nD300": 96.97980742378402}, "K52-nD010": {"K52-nD020": 15.866364598981122}, "K52A-U030": {"K52A-U040": 39.864267270254274}, "K54-D020": {"K54-D030": 132.83763902433572}, "K51A-D140": {"K51A-D150": 78.9907129821248}, "K51A-U030": {"K51A-U040": 71.04660199995605}, "K53-D015": {"K53-D020": 46.28971489364512}, "K51A-D090": {"K51A-D100": 87.00295715610727}, "K51-U020": {"K51-U030": 109.31671300610515}, "K51-U130": {"K51-U140": 73.62589511682748}, "K58-U170": {"K58-U180": 206.04024129719465}, "K51-U170": {"K51-U180": 79.79760318734918}, "K51-D030": {"K51-D040": 39.781234581055614}, "K52-nD140": {"K52-nD150": 113.98325749021285}, "K58-D180": {"K58-D190": 319.41572598395686}, "K58-D160": {"K58-D170": 200.13521825878442}, "K51-D020": {"K51-D030": 55.75814107986935}, "K52A-U130": {"K52A-U140": 60.37036069102341}, "K52-nD020": {"K52-nD030": 27.459528996279243}, "K52A-U040": {"K52A-U050": 133.7773564505881}, "K58-D010": {"K58-D020": 21.0172887819963}, "K52-nU200": {"K52-nU210": 84.33293483813021}, "K51-U040": {"K51-U050": 127.0886913996425}, "K51A-U210": {"K51A-U220": 72.38302758913008}, "K52-nU250": {"K52-nU260": 80.1137635095998}, "K52-nU060": {"K52-nU070": 158.4007863660268}, "K51-U030": {"K51-U040": 73.22445818381877}, "K58-U070": {"K58-U080": 123.42576884740743}, "K52-nU190": {"K52-nU200": 141.91276073109702}, "K52A-D140": {"K52A-D150": 108.11585725960408}, "K51-D260": {"K51-D270": 58.634871818536695}, "K51-D060": {"K51-D070": 60.714779074978914}, "K53-D060": {"K53-D070": 136.99143471795784}, "K52-nU080": {"K52-nU090": 87.70252074794824}, "K58-U060": {"K58-U070": 174.85318546837055}, "K52-nD280": {"K52-nD290": 89.60272145289898}, "K51-D210": {"K51-D220": 181.72813590787186}, "K52A-U060": {"K52A-U070": 143.2585315610508}, "K51-D140": {"K51-D150": 82.43311035459233}, "K52-nD150": {"K52-nD160": 100.73573748772785}, "K51A-D160": {"K51A-D170": 209.23608619094202}, "K58-D030": {"K58-D040": 60.17939199120572}, "K51-U220": {"K51-U230": 68.47118428969102}, "K58-U120": {"K58-U130": 136.2520582759916}, "K51A-D020": {"K51A-D030": 106.94561632983589}, "K51A-U010": {"K51A-U020": 56.06041503499152}, "K54-D040": {"K54-D050": 161.84252250962177}, "K51A-D240": {"K51A-D250": 64.7350171168237}, "K51-U140": {"K51-U150": 54.14218048360077}, "K51-D200": {"K51-D210": 127.63523116487765}, "K51A-D040": {"K51A-D050": 97.28711886180939}, "K51A-U070": {"K51A-U080": 204.82388463591224}, "K52-nU210": {"K52-nU220": 77.71918420545498}, "K58-U190": {"K58-U200": 148.80541829191856}, "K54-D060": {"K54-D070": 157.6642496315004}, "K52A-U140": {"K52A-U150": 160.36747851973956}, "K52-nD100": {"K52-nD110": 65.1574543016047}, "K52A-U110": {"K52A-U120": 59.2247947969439}, "K53-U050": {"K53-U060": 157.2460698745549}, "K51A-U110": {"K51A-U120": 135.5004559578723}, "K52A-U080": {"K52A-U090": 70.22766604609356}, "K51A-D050": {"K51A-D060": 76.48056778329433}, "K52A-D130": {"K52A-D140": 88.85141379460595}, "K51A-U080": {"K51A-U090": 185.1337281887351}, "K52-nU120": {"K52-nU130": 142.88512956740846, "K52-nU140": 119.70255081875686}, "K52-nU130": {"K52-nU140": 328.31723641397036}, "K53-D130": {"K53-D140": 110.28009856563408}, "K52-nU150": {"K52-nU160": 89.81692378032822}, "K54-U020": {"K54-U030": 152.8338128966321}, "K52-nD260": {"K52-nD270": 62.79039411722404}, "K52-nU050": {"K52-nU060": 253.5706703723698}, "K51A-U060": {"K51A-U070": 319.0512471407974}, "K52A-D170": {"K52A-D180": 107.78163062240756}, "K51A-D110": {"K51A-D120": 57.95843057418978}, "K51-U110": {"K51-U120": 135.38556699374203}, "K51-U240": {"K51-U250": 111.79465511162918}, "K53-D070": {"K53-D080": 79.35811533507702}, "K52A-D080": {"K52A-D090": 62.7466430588153}, "K51A-U130": {"K51A-U140": 74.61974442463784}, "K54-D050": {"K54-D060": 79.61415710210248}, "K52-nD180": {"K52-nD190": 138.53868369790968}, "K51A-U020": {"K51A-U030": 112.18436099569028}, "K51A-D060": {"K51A-D070": 84.38293960381097}, "K51-U150": {"K51-U160": 80.07055480187095}, "K53-D160": {"K53-U011": 161.99507806357587, "K53-D170": 208.6308071279062}, "K51-U160": {"K51-U170": 104.46758519422478}, "K53-U090": {"K53-U100": 118.82252934854549}, "K52-nD160": {"K52-nD170": 145.03205761559775}, "K51A-D150": {"K51A-D160": 118.55597468669063}, "K52-nU070": {"K52-nU080": 93.86685705420493}, "K52A-U120": {"K52A-U130": 69.12857759786326}, "K52A-U150": {"K52A-U160": 38.85901261585565}, "K51-U230": {"K51-U240": 45.867389375400975}, "K52A-U050": {"K52A-U060": 59.14342834051273}, "K52A-U020": {"K52A-U030": 91.65687163630537}, "K52A-D030": {"K52A-D040": 19.962946329466583}, "K51A-U140": {"K51A-U150": 51.901885545996016}, "K53-U060": {"K53-U070": 74.86971894404958}, "K52A-U170": {"K52A-U180": 275.3750320785299}, "K53-U040": {"K53-U050": 138.0136015660193}, "K51-U070": {"K51-U080": 182.00863663427063}, "K52-nU030": {"K52-nU040": 139.07213274983502}, "K52-nU280": {"K52-nU290": 47.20730785222992}, "K54-U010": {"K54-U020": 93.34751336971712}, "K54-U070": {"K54-D010": 145.7299690899255}, "K51A-U170": {"K51A-U180": 77.97129917993429}, "K51-D240": {"K51-D250": 120.82160118327609}, "K51-D050": {"K51-D060": 58.22968633529307}, "K53-U080": {"K53-U090": 72.43106711841249}, "K51-D010": {"K51-D020": 78.24286663841231}, "K51-D170": {"K51-D180": 107.86747788328876}, "K51-U050": {"K51-U060": 255.5900492105664}, "K53-U130": {"K53-U140": 68.11913074479259}, "K51A-D230": {"K51A-D240": 166.57252001487163}, "K52-nD030": {"K52-nD040": 33.87970056405373},