{"K53-U100": {"K53-U110": 79.07419420196435}, "K53-D010": {"K53-D015": 101.40633990442504}, "K51-D150": {"K51-D160": 162.9244295533858}, "K52-nU290": {"K52-nU300": 36.18472359908905}, "K52-nU260": {"K52-nU270": 68.31447744786644}, "K52-nD110": {"K52-nD120": 157.39544663703117}, "K51-D130": {"K51-D140": 58.63195671978178}, "K51-U080": {"K51-U090": 159.63358756629742}, "K54-D030": {"K54-D040": 72.61299556182965}, "K52-nD240": {"K52-nD250": 154.33306586415134}, "K53-U010": {"K53-U020": 249.8347591660432}, "K58-D070": {"K58-D080": 114.78498124027294}, "K52-nD250": {"K52-nD260": 182.07774642055082}, "K52-nD130": {"K52-nD140": 88.0765389782849}, "K58-D020": {"K58-D030": 93.22996182002919}, "K53-D030": {"K53-D040": 83.76645598518117}, "K52A-U100": {"K52A-U110": 82.2838714519731}, "K58-U140": {"K58-U150": 134.64243252137177}, "K52A-U010": {"K52A-U015": 264.04195956400645}, "K52-nD210": {"K52-nD220": 198.14528686247104}, "K53-U030": {"K53-U040": 210.00768697746258}, "K54-U050": {"K54-U060": 321.1128673644087}, "K51-D040": {"K51-D050": 53.02991299695466}, "K58-D200": {"K58-D210": 65.76443082710611}, "K53-U110": {"K53-U120": 92.40642169905288}, "K58-U010": {"K58-U020": 39.518462450457356}, "K51A-D250": {"K51A-D260": 95.4400026005442}, "K58-D140": {"K58-D150": 38.04711601171702}, "K51A-D210": {"K51A-D220": 77.92137154689442}, "K54-U040": {"K54-U050": 150.01894054087143}, "K51A-U240": {"K51A-U250": 70.73923815688727}, "K54-U030": {"K54-U040": 120.89426629979894}, "K51-D250": {"K51-D260": 160.27771658526262}, "K51-D190": {"K51-D200": 153.93114782822596}, "K51A-U100": {"K51A-U110": 203.64945791517403}, "K51A-U090": {"K51A-U100": 151.48372485839985}, "K52-nD120": {"K52-nD130": 34.904638715728524}, "K58-D060": {"K58-D070": 161.3368272888034}, "K52A-D060": {"K52A-D070": 129.34768316859805}, "K51A-D190": {"K51A-D200": 191.59224768528117}, "K58-U180": {"K58-U190": 118.13785607160908}, "K58-D050": {"K58-D060": 180.6404109880239}, "K58-U130": {"K58-U140": 81.04061890608645}, "K54-U060": {"K54-U070": 206.460689093878}, "K51A-U230": {"K51A-U240": 40.89594996944508}, "K53-U070": {"K53-U080": 57.965045179781306}, "K58-D170": {"K58-D180": 142.63471750276645}, "K51A-D170": {"K51A-D180": 159.3494531372854}, "K51A-D010": {"K51A-D020": 54.041064233059615}, "K52-nU010": {"K52-nU020": 41.31397612933841}, "K51-D270": {"K51-D280": 91.98159615587699}, "K51A-U190": {"K51A-U200": 67.34659704178782}, "K53-D040": {"K53-D050": 75.05081211624572}, "K52-nU040": {"K52-nU050": 59.63196091072042}, "K51-D220": {"K51-D230": 260.37342378695644}, "K52-nU170": {"K52-nU180": 131.60655280788424}, "K52-nD290": {"K52-nD300": 100.53614137842656}, "K52-nD010": {"K52-nD020": 21.37508834710099}, "K52A-U030": {"K52A-U040": 42.643659415282286}, "K54-D020": {"K54-D030": 132.83763902433572}, "K51A-D140": {"K51A-D150": 70.09190274968427}, "K51A-U030": {"K51A-U040": 67.09528920428667}, "K53-D015": {"K53-D020": 46.775376812774326}, "K51A-D090": {"K51A-D100": 79.05791157882763}, "K51-U020": {"K51-U030": 101.7625990717329}, "K51-U130": {"K51-U140": 76.87322085025524}, "K58-U170": {"K58-U180": 203.38689430189316}, "K51-U170": {"K51-U180": 77.63116527964856}, "K51-D030": {"K51-D040": 39.22728128283369}, "K52-nD140": {"K52-nD150": 111.51125974606755}, "K58-D180": {"K58-D190": 303.71876826633144}, "K58-D160": {"K58-D170": 212.5263582334225}, "K51-D020": {"K51-D030": 60.31561313933397}, "K52A-U130": {"K52A-U140": 60.0018362954081}, "K52-nD020": {"K52-nD030": 26.353433000677676}, "K52A-U040": {"K52A-U050": 133.61055574312894}, "K58-D010": {"K58-D020": 29.258470321396498}, "K52-nU200": {"K52-nU210": 80.68178455746632}, "K51-U040": {"K51-U050": 124.01995727873813}, "K51A-U210": {"K51A-U220": 78.9253234559562}, "K52-nU250": {"K52-nU260": 74.68486028362227}, "K52-nU060": {"K52-nU070": 176.0071149790022}, "K51-U030": {"K51-U040": 68.96092112956912}, "K58-U070": {"K58-U080": 118.75849167428359}, "K52-nU190": {"K52-nU200": 136.80161276168775}, "K52A-D140": {"K52A-D150": 110.59107436343804}, "K51-D260": {"K51-D270": 57.43387906869928}, "K51-D060": {"K51-D070": 57.52655361324137}, "K53-D060": {"K53-D070": 115.19759449823592}, "K52-nU080": {"K52-nU090": 83.56629709337598}, "K58-U060": {"K58-U070": 162.0583421319712}, "K52-nD280": {"K52-nD290": 91.94984614326683}, "K51-D210": {"K51-D220": 166.09147294401822}, "K52A-U060": {"K52A-U070": 147.7797061688494}, "K51-D140": {"K51-D150": 57.43908531930373}, "K52-nD150": {"K52-nD160": 95.16198695998175}, "K51A-D160": {"K51A-D170": 190.37718331117634}, "K58-D030": {"K58-D040": 63.25774305773234}, "K51-U220": {"K51-U230": 63.21477391645908}, "K58-U120": {"K58-U130": 114.29389505300348}, "K51A-D020": {"K51A-D030": 99.45670475301417}, "K51A-U010": {"K51A-U020": 48.45391682705137}, "K54-D040": {"K54-D050": 139.00761077678234}, "K51A-D240": {"K51A-D250": 65.940641351873}, "K51-U140": {"K51-U150": 58.75031413936788}, "K51-D200": {"K51-D210": 117.93343154764678}, "K51A-D040": {"K51A-D050": 103.21823211788487}, "K51A-U070": {"K51A-U080": 199.96747352125425}, "K52-nU210": {"K52-nU220": 79.330846086798}, "K58-U190": {"K58-U200": 111.28925271030127}, "K54-D060": {"K54-D070": 156.78357804659467}, "K52A-U140": {"K52A-U150": 160.36747851973956}, "K52-nD100": {"K52-nD110": 61.120372081503454}, "K52A-U110": {"K52A-U120": 62.32731452334855}, "K53-U050": {"K53-U060": 126.3677227385704}, "K51A-U110": {"K51A-U120": 128.47580920689632}, "K52A-U080": {"K52A-U090": 74.36812700737434}, "K51A-D050": {"K51A-D060": 86.35533788060054}, "K52A-D130": {"K52A-D140": 89.33001201325696}, "K51A-U080": {"K51A-U090": 177.20623126438645}, "K52-nU120": {"K52-nU130": 142.88512956740846, "K52-nU140": 110.97212613650292}, "K52-nU130": {"K52-nU140": 328.31723641397036}, "K53-D130": {"K53-D140": 100.36103388651993}, "K52-nU150": {"K52-nU160": 88.65082592134304}, "K54-U020": {"K54-U030": 144.9181525106281}, "K52-nD260": {"K52-nD270": 50.789968435035554}, "K52-nU050": {"K52-nU060": 249.4962080657179}, "K51A-U060": {"K51A-U070": 301.82011586302804}, "K52A-D170": {"K52A-D180": 111.99631790259882}, "K51A-D110": {"K51A-D120": 52.41516543115176}, "K51-U110": {"K51-U120": 131.99715358314023}, "K51-U240": {"K51-U250": 111.49667714498608}, "K53-D070": {"K53-D080": 80.8300924491468}, "K52A-D080": {"K52A-D090": 70.41925714059981}, "K51A-U130": {"K51A-U140": 83.71259726551163}, "K54-D050": {"K54-D060": 83.30338729945201}, "K52-nD180": {"K52-nD190": 144.38612080416954}, "K51A-U020": {"K51A-U030": 108.24545707158764}, "K51A-D060": {"K51A-D070": 79.0569553665009}, "K51-U150": {"K51-U160": 85.2804384803367}, "K53-D160": {"K53-U011": 161.99507806357587, "K53-D170": 234.9345280060615}, "K51-U160": {"K51-U170": 95.90359856632753}, "K53-U090": {"K53-U100": 93.50202507360035}, "K52-nD160": {"K52-nD170": 152.65082536467145}, "K51A-D150": {"K51A-D160": 118.75218985552127}, "K52-nU070": {"K52-nU080": 102.21386540714583}, "K52A-U120": {"K52A-U130": 73.81382315828111}, "K52A-U150": {"K52A-U160": 37.336207268452014}, "K51-U230": {"K51-U240": 43.79577224531674}, "K52A-U050": {"K52A-U060": 58.87664801093858}, "K52A-U020": {"K52A-U030": 91.12010332766786}, "K52A-D030": {"K52A-D040": 25.368718800410356}, "K51A-U140": {"K51A-U150": 59.34229529876313}, "K53-U060": {"K53-U070": 83.67942027883342}, "K52A-U170": {"K52A-U180": 275.3750320785299}, "K53-U040": {"K53-U050": 143.96300568968076}, "K51-U070": {"K51-U080": 201.0589206727915}, "K52-nU030": {"K52-nU040": 124.94296942612884}, "K52-nU280": {"K52-nU290": 46.35472356649907}, "K54-U010": {"K54-U020": 67.07178988114553}, "K54-U070": {"K54-D010": 165.9069135671596}, "K51A-U170": {"K51A-U180": 76.22903070355348}, "K51-D240": {"K51-D250": 121.10836532408553}, "K51-D050": {"K51-D060": 58.895998979844094}, "K53-U080": {"K53-U090": 85.87066428007088}, "K51-D010": {"K51-D020": 71.66145276404751}, "K51-D170": {"K51-D180": 108.28684241466354}, "K51-U050": {"K51-U060": 266.05908036028274}, "K53-U130": {"K53-U140": 55.433759008721424}, "K51A-D230": {"K51A-D240": 163.99783141420673}, "K52-nD030": {"K52-nD040": 31.7727639710778},