{"K53-U100": {"K53-U110": 74.024027406312}, "K53-D010": {"K53-D015": 112.8017807203768}, "K51-D150": {"K51-D160": 178.1640008930731}, "K52-nU290": {"K52-nU300": 34.211561507626215}, "K52-nU260": {"K52-nU270": 64.51094260617376}, "K52-nD110": {"K52-nD120": 164.09512923981694}, "K51-D130": {"K51-D140": 48.29218999989883}, "K51-U080": {"K51-U090": 171.175414823102}, "K54-D030": {"K54-D040": 78.70810151501883}, "K52-nD240": {"K52-nD250": 146.82923960246168}, "K53-U010": {"K53-U020": 251.47157142942774}, "K58-D070": {"K58-D080": 105.07207164293816}, "K52-nD250": {"K52-nD260": 166.50348723552116}, "K52-nD130": {"K52-nD140": 91.8399629178588}, "K58-D020": {"K58-D030": 139.63728733626343}, "K53-D030": {"K53-D040": 79.51105824844447}, "K52A-U100": {"K52A-U110": 80.65513641495714}, "K58-U140": {"K58-U150": 161.41864142173023}, "K52A-U010": {"K52A-U015": 313.9795628074436}, "K52-nD210": {"K52-nD220": 229.52958201655034}, "K53-U030": {"K53-U040": 222.677108578058}, "K54-U050": {"K54-U060": 328.81183258698337}, "K51-D040": {"K51-D050": 52.137112628642285}, "K58-D200": {"K58-D210": 67.05226541466716}, "K53-U110": {"K53-U120": 96.77909680511199}, "K58-U010": {"K58-U020": 63.01428912879088}, "K51A-D250": {"K51A-D260": 114.31293717544379}, "K58-D140": {"K58-D150": 44.78584145499422}, "K51A-D210": {"K51A-D220": 80.92157311145004}, "K54-U040": {"K54-U050": 147.55927316650522}, "K51A-U240": {"K51A-U250": 73.53085279153557}, "K54-U030": {"K54-U040": 124.21236703127708}, "K51-D250": {"K51-D260": 153.3412922675906}, "K51-D190": {"K51-D200": 153.43019982221563}, "K51A-U100": {"K51A-U110": 229.5652350683829}, "K51A-U090": {"K51A-U100": 153.52384012744784}, "K52-nD120": {"K52-nD130": 41.130657875553126}, "K58-D060": {"K58-D070": 160.45886300517506}, "K52A-D060": {"K52A-D070": 129.34768316859805}, "K51A-D190": {"K51A-D200": 190.63049061921657}, "K58-U180": {"K58-U190": 117.63407497379471}, "K58-D050": {"K58-D060": 166.34257226849007}, "K58-U130": {"K58-U140": 83.16910267396307}, "K54-U060": {"K54-U070": 201.390426169091}, "K51A-U230": {"K51A-U240": 44.254291274741135}, "K53-U070": {"K53-U080": 52.49143186418693}, "K58-D170": {"K58-D180": 153.78165382769862}, "K51A-D170": {"K51A-D180": 169.62988465721486}, "K51A-D010": {"K51A-D020": 57.23876184283953}, "K52-nU010": {"K52-nU020": 36.230105995085694}, "K51-D270": {"K51-D280": 87.56170225335575}, "K51A-U190": {"K51A-U200": 73.66330780060602}, "K53-D040": {"K53-D050": 74.48691289705803}, "K52-nU040": {"K52-nU050": 70.48583646208758}, "K51-D220": {"K51-D230": 246.6868906556536}, "K52-nU170": {"K52-nU180": 142.48728243685724}, "K52-nD290": {"K52-nD300": 99.21391791765737}, "K52-nD010": {"K52-nD020": 17.958376630378332}, "K52A-U030": {"K52A-U040": 47.98706915504786}, "K54-D020": {"K54-D030": 132.858094992736}, "K51A-D140": {"K51A-D150": 90.28942829308642}, "K51A-U030": {"K51A-U040": 81.8047956405648}, "K53-D015": {"K53-D020": 48.02765862388784}, "K51A-D090": {"K51A-D100": 47.97492746432232}, "K51-U020": {"K51-U030": 112.09102051930935}, "K51-U130": {"K51-U140": 71.68859711948984}, "K58-U170": {"K58-U180": 221.01029209062744}, "K51-U170": {"K51-U180": 77.85666310087288}, "K51-D030": {"K51-D040": 40.703260216261576}, "K52-nD140": {"K52-nD150": 114.52270690255116}, "K58-D180": {"K58-D190": 303.1476566558894}, "K58-D160": {"K58-D170": 228.01250088258394}, "K51-D020": {"K51-D030": 58.01009761501192}, "K52A-U130": {"K52A-U140": 65.30030275453782}, "K52-nD020": {"K52-nD030": 21.77028258166116}, "K52A-U040": {"K52A-U050": 129.64979985266464}, "K58-D010": {"K58-D020": 19.36758765420771}, "K52-nU200": {"K52-nU210": 82.2659282466004}, "K51-U040": {"K51-U050": 120.71534584835126}, "K51A-U210": {"K51A-U220": 78.41684821324877}, "K52-nU250": {"K52-nU260": 73.36550130444559}, "K52-nU060": {"K52-nU070": 160.48256121950482}, "K51-U030": {"K51-U040": 74.7517317296122}, "K58-U070": {"K58-U080": 127.28137759884564}, "K52-nU190": {"K52-nU200": 136.26318955228444}, "K52A-D140": {"K52A-D150": 118.07015165807213}, "K51-D260": {"K51-D270": 57.17216185304064}, "K51-D060": {"K51-D070": 55.535321861537724}, "K53-D060": {"K53-D070": 176.7124966172368}, "K52-nU080": {"K52-nU090": 82.6083385458577}, "K58-U060": {"K58-U070": 168.67348306419018}, "K52-nD280": {"K52-nD290": 97.66760385511847}, "K51-D210": {"K51-D220": 180.76795941157258}, "K52A-U060": {"K52A-U070": 151.65101980905223}, "K51-D140": {"K51-D150": 93.035794002538}, "K52-nD150": {"K52-nD160": 90.94181548634786}, "K51A-D160": {"K51A-D170": 166.01954930716596}, "K58-D030": {"K58-D040": 53.09072603711136}, "K51-U220": {"K51-U230": 66.61854300423514}, "K58-U120": {"K58-U130": 128.57390409605756}, "K51A-D020": {"K51A-D030": 100.22730917917141}, "K51A-U010": {"K51A-U020": 49.51542608399903}, "K54-D040": {"K54-D050": 160.27555180183032}, "K51A-D240": {"K51A-D250": 65.91844421075567}, "K51-U140": {"K51-U150": 52.033541717941844}, "K51-D200": {"K51-D210": 129.7578609347372}, "K51A-D040": {"K51A-D050": 103.40540830762541}, "K51A-U070": {"K51A-U080": 198.61964538907208}, "K52-nU210": {"K52-nU220": 71.5746386515732}, "K58-U190": {"K58-U200": 149.1706390903063}, "K54-D060": {"K54-D070": 150.44827096921333}, "K52A-U140": {"K52A-U150": 160.357527849655}, "K52-nD100": {"K52-nD110": 64.39839974523221}, "K52A-U110": {"K52A-U120": 64.64201268893157}, "K53-U050": {"K53-U060": 153.29439929462347}, "K51A-U110": {"K51A-U120": 143.18389576154053}, "K52A-U080": {"K52A-U090": 72.30001263225094}, "K51A-D050": {"K51A-D060": 82.7677499739635}, "K52A-D130": {"K52A-D140": 92.28465653413511}, "K51A-U080": {"K51A-U090": 191.4793553488249}, "K52-nU120": {"K52-nU130": 142.88512956740846, "K52-nU140": 111.17310111943729}, "K52-nU130": {"K52-nU140": 328.31723641397036}, "K53-D130": {"K53-D140": 95.1759604696471}, "K52-nU150": {"K52-nU160": 86.46110697988149}, "K54-U020": {"K54-U030": 117.53901543367536}, "K52-nD260": {"K52-nD270": 63.75111477068306}, "K52-nU050": {"K52-nU060": 264.24782391488236}, "K51A-U060": {"K51A-U070": 327.4074460183896}, "K52A-D170": {"K52A-D180": 114.00210464341527}, "K51A-D110": {"K51A-D120": 56.770502468812445}, "K51-U110": {"K51-U120": 129.59134323627944}, "K51-U240": {"K51-U250": 110.48825627153246}, "K53-D070": {"K53-D080": 46.202538237043726}, "K52A-D080": {"K52A-D090": 63.34009217035337}, "K51A-U130": {"K51A-U140": 79.24789190271487}, "K54-D050": {"K54-D060": 88.60543936227472}, "K52-nD180": {"K52-nD190": 149.09694244132135}, "K51A-U020": {"K51A-U030": 124.72297953596137}, "K51A-D060": {"K51A-D070": 78.15069755631671}, "K51-U150": {"K51-U160": 77.48944205663562}, "K53-D160": {"K53-U011": 161.99507806357587, "K53-D170": 293.5465573359353}, "K51-U160": {"K51-U170": 108.36934802403027}, "K53-U090": {"K53-U100": 115.09997951727773}, "K52-nD160": {"K52-nD170": 142.6221100985746}, "K51A-D150": {"K51A-D160": 112.68578258346527}, "K52-nU070": {"K52-nU080": 101.45531902554444}, "K52A-U120": {"K52A-U130": 63.60203171059093}, "K52A-U150": {"K52A-U160": 35.945645947399605}, "K51-U230": {"K51-U240": 45.335370349837895}, "K52A-U050": {"K52A-U060": 67.72441023873832}, "K52A-U020": {"K52A-U030": 94.03610566051046}, "K52A-D030": {"K52A-D040": 26.230770147940383}, "K51A-U140": {"K51A-U150": 51.522639830647265}, "K53-U060": {"K53-U070": 79.83019178882762}, "K52A-U170": {"K52A-U180": 275.3301891049085}, "K53-U040": {"K53-U050": 117.37949117132987}, "K51-U070": {"K51-U080": 189.4582639129914}, "K52-nU030": {"K52-nU040": 130.8668696851332}, "K52-nU280": {"K52-nU290": 47.78119911743747}, "K54-U010": {"K54-U020": 80.40229159758493}, "K54-U070": {"K54-D010": 141.73838765986434}, "K51A-U170": {"K51A-U180": 77.50473725718523}, "K51-D240": {"K51-D250": 119.02714867909162}, "K51-D050": {"K51-D060": 58.14434463429651}, "K53-U080": {"K53-U090": 76.87110343489151}, "K51-D010": {"K51-D020": 80.86440064808127}, "K51-D170": {"K51-D180": 102.32533056589332}, "K51-U050": {"K51-U060": 265.8864446885754}, "K53-U130": {"K53-U140": 64.95544447947731}, "K51A-D230": {"K51A-D240": 160.41648765997917}, "K52-nD030": {"K52-nD040": 30.774139682604478},