{"K53-U100": {"K53-U110": 78.68705754823792}, "K53-D010": {"K53-D015": 110.16595257771976}, "K51-D150": {"K51-D160": 194.53068992173434}, "K52-nU290": {"K52-nU300": 34.72406051398305}, "K52-nU260": {"K52-nU270": 93.2520265334871}, "K52-nD110": {"K52-nD120": 156.94514358147313}, "K51-D130": {"K51-D140": 51.77437659660929}, "K51-U080": {"K51-U090": 170.07188432986987}, "K54-D030": {"K54-D040": 80.69505515036818}, "K52-nD240": {"K52-nD250": 153.57487308884626}, "K53-U010": {"K53-U020": 252.68539263845997}, "K58-D070": {"K58-D080": 104.00324994961008}, "K52-nD250": {"K52-nD260": 185.82135156618878}, "K52-nD130": {"K52-nD140": 88.25737082440389}, "K58-D020": {"K58-D030": 116.90814844677375}, "K53-D030": {"K53-D040": 74.85563200875525}, "K52A-U100": {"K52A-U110": 84.75253251701872}, "K58-U140": {"K58-U150": 138.1710448726912}, "K52A-U010": {"K52A-U015": 284.11479752664434}, "K52-nD210": {"K52-nD220": 205.95325069451314}, "K53-U030": {"K53-U040": 213.73881258095602}, "K54-U050": {"K54-U060": 345.4099869965564}, "K51-D040": {"K51-D050": 50.457507696514334}, "K58-D200": {"K58-D210": 64.69187610741335}, "K53-U110": {"K53-U120": 93.73451822659656}, "K58-U010": {"K58-U020": 104.10370927982595}, "K51A-D250": {"K51A-D260": 102.90173401926477}, "K58-D140": {"K58-D150": 39.69933548080588}, "K51A-D210": {"K51A-D220": 81.03616948019406}, "K54-U040": {"K54-U050": 158.00524881400005}, "K51A-U240": {"K51A-U250": 75.8003894803282}, "K54-U030": {"K54-U040": 128.95783547010222}, "K51-D250": {"K51-D260": 165.2799503208868}, "K51-D190": {"K51-D200": 156.35092279165238}, "K51A-U100": {"K51A-U110": 214.65435069783894}, "K51A-U090": {"K51A-U100": 160.1263451776346}, "K52-nD120": {"K52-nD130": 37.825516766711885}, "K58-D060": {"K58-D070": 166.27161266807983}, "K52A-D060": {"K52A-D070": 129.34768316859805}, "K51A-D190": {"K51A-D200": 206.53381606782523}, "K58-U180": {"K58-U190": 122.3482886223579}, "K58-D050": {"K58-D060": 204.88186517466087}, "K58-U130": {"K58-U140": 85.40167700742253}, "K54-U060": {"K54-U070": 215.11351898514877}, "K51A-U230": {"K51A-U240": 36.05674454999005}, "K53-U070": {"K53-U080": 57.028439466263116}, "K58-D170": {"K58-D180": 136.48261784011265}, "K51A-D170": {"K51A-D180": 167.71840496737903}, "K51A-D010": {"K51A-D020": 57.1726278106349}, "K52-nU010": {"K52-nU020": 55.85284325319607}, "K51-D270": {"K51-D280": 98.8516566433231}, "K51A-U190": {"K51A-U200": 71.03736910076512}, "K53-D040": {"K53-D050": 68.60815363402052}, "K52-nU040": {"K52-nU050": 66.98395728353529}, "K51-D220": {"K51-D230": 247.1376465282761}, "K52-nU170": {"K52-nU180": 128.40869193048587}, "K52-nD290": {"K52-nD300": 99.48604467143709}, "K52-nD010": {"K52-nD020": 17.83220388629139}, "K52A-U030": {"K52A-U040": 36.986636979888345}, "K54-D020": {"K54-D030": 132.83763902433572}, "K51A-D140": {"K51A-D150": 82.04432605336211}, "K51A-U030": {"K51A-U040": 66.27719351717397}, "K53-D015": {"K53-D020": 50.341447843336674}, "K51A-D090": {"K51A-D100": 84.83023740690555}, "K51-U020": {"K51-U030": 105.44837473566142}, "K51-U130": {"K51-U140": 70.28013514480328}, "K58-U170": {"K58-U180": 205.10026810799405}, "K51-U170": {"K51-U180": 72.65767668869601}, "K51-D030": {"K51-D040": 37.275900208220584}, "K52-nD140": {"K52-nD150": 116.8335420210354}, "K58-D180": {"K58-D190": 324.38855059747755}, "K58-D160": {"K58-D170": 193.965525164194}, "K51-D020": {"K51-D030": 55.99156534755381}, "K52A-U130": {"K52A-U140": 61.005908128881764}, "K52-nD020": {"K52-nD030": 25.547125171818852}, "K52A-U040": {"K52A-U050": 134.55822076327087}, "K58-D010": {"K58-D020": 21.827957767271748}, "K52-nU200": {"K52-nU210": 84.32172131430755}, "K51-U040": {"K51-U050": 124.4713086243431}, "K51A-U210": {"K51A-U220": 78.04230476548203}, "K52-nU250": {"K52-nU260": 82.89148731593244}, "K52-nU060": {"K52-nU070": 152.9466478236094}, "K51-U030": {"K51-U040": 66.93147219511643}, "K58-U070": {"K58-U080": 123.86969798416003}, "K52-nU190": {"K52-nU200": 132.91914375800428}, "K52A-D140": {"K52A-D150": 106.69268448170855}, "K51-D260": {"K51-D270": 59.735602966560506}, "K51-D060": {"K51-D070": 62.25374358707669}, "K53-D060": {"K53-D070": 142.47565659773676}, "K52-nU080": {"K52-nU090": 84.37936508949535}, "K58-U060": {"K58-U070": 179.29403363568136}, "K52-nD280": {"K52-nD290": 90.58421387813341}, "K51-D210": {"K51-D220": 189.16267192589342}, "K52A-U060": {"K52A-U070": 144.40789073679073}, "K51-D140": {"K51-D150": 81.99950639960171}, "K52-nD150": {"K52-nD160": 101.55765173834043}, "K51A-D160": {"K51A-D170": 210.73029196268644}, "K58-D030": {"K58-D040": 58.881744843903576}, "K51-U220": {"K51-U230": 64.29466408216985}, "K58-U120": {"K58-U130": 129.57637106666405}, "K51A-D020": {"K51A-D030": 103.33164665472911}, "K51A-U010": {"K51A-U020": 51.13341468759754}, "K54-D040": {"K54-D050": 153.95915386036407}, "K51A-D240": {"K51A-D250": 65.74353713172994}, "K51-U140": {"K51-U150": 56.45948726251853}, "K51-D200": {"K51-D210": 128.01732931742464}, "K51A-D040": {"K51A-D050": 103.04732927761363}, "K51A-U070": {"K51A-U080": 215.82192900572431}, "K52-nU210": {"K52-nU220": 75.64318821050067}, "K58-U190": {"K58-U200": 153.29341303447427}, "K54-D060": {"K54-D070": 160.14192164308702}, "K52A-U140": {"K52A-U150": 160.36747851973956}, "K52-nD100": {"K52-nD110": 64.5969590045805}, "K52A-U110": {"K52A-U120": 57.0288230740026}, "K53-U050": {"K53-U060": 153.27241203534763}, "K51A-U110": {"K51A-U120": 129.06148934288535}, "K52A-U080": {"K52A-U090": 71.56991227173327}, "K51A-D050": {"K51A-D060": 80.73385795406242}, "K52A-D130": {"K52A-D140": 85.8268195227816}, "K51A-U080": {"K51A-U090": 181.01280478686274}, "K52-nU120": {"K52-nU130": 142.88512956740846, "K52-nU140": 117.03532348251971}, "K52-nU130": {"K52-nU140": 328.31723641397036}, "K53-D130": {"K53-D140": 107.725664948883}, "K52-nU150": {"K52-nU160": 89.91889475350425}, "K54-U020": {"K54-U030": 139.93454652076247}, "K52-nD260": {"K52-nD270": 61.58512032884259}, "K52-nU050": {"K52-nU060": 260.1647654869173}, "K51A-U060": {"K51A-U070": 318.8595643713548}, "K52A-D170": {"K52A-D180": 111.27054585582748}, "K51A-D110": {"K51A-D120": 56.52790558470126}, "K51-U110": {"K51-U120": 133.99221559512523}, "K51-U240": {"K51-U250": 111.27843224672013}, "K53-D070": {"K53-D080": 79.45731144217243}, "K52A-D080": {"K52A-D090": 58.776537748699454}, "K51A-U130": {"K51A-U140": 80.02625524906327}, "K54-D050": {"K54-D060": 77.7509517636336}, "K52-nD180": {"K52-nD190": 136.98961351854612}, "K51A-U020": {"K51A-U030": 114.06232656307347}, "K51A-D060": {"K51A-D070": 83.27717872822639}, "K51-U150": {"K51-U160": 84.31843717447184}, "K53-D160": {"K53-U011": 161.99507806357587, "K53-D170": 210.32503161763256}, "K51-U160": {"K51-U170": 101.49633698052116}, "K53-U090": {"K53-U100": 108.43870145854915}, "K52-nD160": {"K52-nD170": 149.42196191444637}, "K51A-D150": {"K51A-D160": 117.4885298399834}, "K52-nU070": {"K52-nU080": 100.35570707580423}, "K52A-U120": {"K52A-U130": 65.22950562313268}, "K52A-U150": {"K52A-U160": 32.47031458344165}, "K51-U230": {"K51-U240": 47.6013117403839}, "K52A-U050": {"K52A-U060": 59.45020461247547}, "K52A-U020": {"K52A-U030": 93.89840212818987}, "K52A-D030": {"K52A-D040": 17.4562762930722}, "K51A-U140": {"K51A-U150": 55.03675111642334}, "K53-U060": {"K53-U070": 73.45284716355442}, "K52A-U170": {"K52A-U180": 275.3750320785299}, "K53-U040": {"K53-U050": 137.71760124917614}, "K51-U070": {"K51-U080": 195.906980305958}, "K52-nU030": {"K52-nU040": 134.14008882280612}, "K52-nU280": {"K52-nU290": 45.1153820362529}, "K54-U010": {"K54-U020": 74.50575998988657}, "K54-U070": {"K54-D010": 157.1112878443398}, "K51A-U170": {"K51A-U180": 77.17385944205809}, "K51-D240": {"K51-D250": 125.18438543617779}, "K51-D050": {"K51-D060": 60.5138189092105}, "K53-U080": {"K53-U090": 74.13144658584079}, "K51-D010": {"K51-D020": 81.01811390014966}, "K51-D170": {"K51-D180": 108.78975430506952}, "K51-U050": {"K51-U060": 259.31232270283664}, "K53-U130": {"K53-U140": 64.84428792873291}, "K51A-D230": {"K51A-D240": 163.50098767472102},