{"K53-U100": {"K53-U110": 78.61955862397782}, "K53-D010": {"K53-D015": 101.30727587400993}, "K51-D150": {"K51-D160": 167.11684493433165}, "K52-nU290": {"K52-nU300": 33.986489949834905}, "K52-nU260": {"K52-nU270": 79.55223306123943}, "K52-nD110": {"K52-nD120": 149.5139563384459}, "K51-D130": {"K51-D140": 69.17235009762237}, "K51-U080": {"K51-U090": 158.49697119439196}, "K54-D030": {"K54-D040": 74.86834502045306}, "K52-nD240": {"K52-nD250": 157.83024826997632}, "K53-U010": {"K53-U020": 257.696297202385}, "K58-D070": {"K58-D080": 109.48905103528757}, "K52-nD250": {"K52-nD260": 173.10132077205066}, "K52-nD130": {"K52-nD140": 88.15447683416225}, "K58-D020": {"K58-D030": 86.98801664973887}, "K53-D030": {"K53-D040": 77.86236026410528}, "K52A-U100": {"K52A-U110": 80.97141957532243}, "K58-U140": {"K58-U150": 137.50390491226761}, "K52A-U010": {"K52A-U015": 310.0694485938301}, "K52-nD210": {"K52-nD220": 191.08389469788227}, "K53-U030": {"K53-U040": 197.44847630638802}, "K54-U050": {"K54-U060": 341.56042136858304}, "K51-D040": {"K51-D050": 57.520345726776064}, "K58-D200": {"K58-D210": 68.63863510497586}, "K53-U110": {"K53-U120": 101.24842982453393}, "K58-U010": {"K58-U020": 46.39149218650806}, "K51A-D250": {"K51A-D260": 96.16099057562772}, "K58-D140": {"K58-D150": 39.72591602120711}, "K51A-D210": {"K51A-D220": 82.41370275000315}, "K54-U040": {"K54-U050": 162.52103147554175}, "K51A-U240": {"K51A-U250": 75.41313180973783}, "K54-U030": {"K54-U040": 113.58693836474853}, "K51-D250": {"K51-D260": 152.65607661238954}, "K51-D190": {"K51-D200": 159.0648102933623}, "K51A-U100": {"K51A-U110": 190.43723443619902}, "K51A-U090": {"K51A-U100": 149.66921402703707}, "K52-nD120": {"K52-nD130": 38.845990871259744}, "K58-D060": {"K58-D070": 164.33238980460732}, "K52A-D060": {"K52A-D070": 129.34768316859805}, "K51A-D190": {"K51A-D200": 196.7850148524064}, "K58-U180": {"K58-U190": 110.05755695127182}, "K58-D050": {"K58-D060": 180.9619565846495}, "K58-U130": {"K58-U140": 87.1120758609909}, "K54-U060": {"K54-U070": 203.0393800015832}, "K51A-U230": {"K51A-U240": 41.22459711527466}, "K53-U070": {"K53-U080": 58.131632792324545}, "K58-D170": {"K58-D180": 152.63411556150163}, "K51A-D170": {"K51A-D180": 165.26696514045716}, "K51A-D010": {"K51A-D020": 57.19367578121529}, "K52-nU010": {"K52-nU020": 40.2494737726435}, "K51-D270": {"K51-D280": 94.00229581617525}, "K51A-U190": {"K51A-U200": 68.49968305599154}, "K53-D040": {"K53-D050": 73.72396621172874}, "K52-nU040": {"K52-nU050": 55.47134592253259}, "K51-D220": {"K51-D230": 243.55217883645523}, "K52-nU170": {"K52-nU180": 136.86384828096408}, "K52-nD290": {"K52-nD300": 107.4515183866661}, "K52-nD010": {"K52-nD020": 18.33608699096813}, "K52A-U030": {"K52A-U040": 35.634462995859124}, "K54-D020": {"K54-D030": 132.83763902433572}, "K51A-D140": {"K51A-D150": 78.6043946133482}, "K51A-U030": {"K51A-U040": 63.489978475210116}, "K53-D015": {"K53-D020": 50.49040011309006}, "K51A-D090": {"K51A-D100": 86.8958773064704}, "K51-U020": {"K51-U030": 102.56746325977049}, "K51-U130": {"K51-U140": 81.93993007045782}, "K58-U170": {"K58-U180": 165.12482274698527}, "K51-U170": {"K51-U180": 79.06694677663273}, "K51-D030": {"K51-D040": 39.273632086673175}, "K52-nD140": {"K52-nD150": 106.66511430019077}, "K58-D180": {"K58-D190": 297.79273765986426}, "K58-D160": {"K58-D170": 210.3865293690203}, "K51-D020": {"K51-D030": 60.17969768888065}, "K52A-U130": {"K52A-U140": 58.84341003123984}, "K52-nD020": {"K52-nD030": 26.129538337117005}, "K52A-U040": {"K52A-U050": 132.1920216220131}, "K58-D010": {"K58-D020": 46.34098968769568}, "K52-nU200": {"K52-nU210": 87.26154002134629}, "K51-U040": {"K51-U050": 127.85061398036234}, "K51A-U210": {"K51A-U220": 80.14531907447153}, "K52-nU250": {"K52-nU260": 77.04542905317038}, "K52-nU060": {"K52-nU070": 144.4548860554976}, "K51-U030": {"K51-U040": 63.57393421275989}, "K58-U070": {"K58-U080": 128.48213684342153}, "K52-nU190": {"K52-nU200": 144.23880161592132}, "K52A-D140": {"K52A-D150": 114.02710040799188}, "K51-D260": {"K51-D270": 59.226030419063854}, "K51-D060": {"K51-D070": 52.603199569274956}, "K53-D060": {"K53-D070": 143.7877951021914}, "K52-nU080": {"K52-nU090": 86.07405176982039}, "K58-U060": {"K58-U070": 175.2539499266243}, "K52-nD280": {"K52-nD290": 92.4626868071666}, "K51-D210": {"K51-D220": 195.944216355602}, "K52A-U060": {"K52A-U070": 151.6843751338833}, "K51-D140": {"K51-D150": 46.29193332671623}, "K52-nD150": {"K52-nD160": 90.80947618295912}, "K51A-D160": {"K51A-D170": 182.0530464005236}, "K58-D030": {"K58-D040": 68.71606867083189}, "K51-U220": {"K51-U230": 68.93076128940638}, "K58-U120": {"K58-U130": 120.92266096043356}, "K51A-D020": {"K51A-D030": 97.00625562495905}, "K51A-U010": {"K51A-U020": 53.47818830912668}, "K54-D040": {"K54-D050": 147.04602990986814}, "K51A-D240": {"K51A-D250": 64.8012922824376}, "K51-U140": {"K51-U150": 64.61195126643607}, "K51-D200": {"K51-D210": 127.12141615357595}, "K51A-D040": {"K51A-D050": 98.44077111108413}, "K51A-U070": {"K51A-U080": 205.24391863305271}, "K52-nU210": {"K52-nU220": 77.74267237567179}, "K58-U190": {"K58-U200": 117.75285590671812}, "K54-D060": {"K54-D070": 149.93060951393855}, "K52A-U140": {"K52A-U150": 160.36747851973956}, "K52-nD100": {"K52-nD110": 60.762442246496974}, "K52A-U110": {"K52A-U120": 57.54639317702059}, "K53-U050": {"K53-U060": 130.6707606640883}, "K51A-U110": {"K51A-U120": 127.46053250288526}, "K52A-U080": {"K52A-U090": 68.21388202415888}, "K51A-D050": {"K51A-D060": 80.37378035336516}, "K52A-D130": {"K52A-D140": 89.11988068618881}, "K51A-U080": {"K51A-U090": 188.17319581677307}, "K52-nU120": {"K52-nU130": 142.88512956740846, "K52-nU140": 103.45154496396515}, "K52-nU130": {"K52-nU140": 328.31723641397036}, "K53-D130": {"K53-D140": 107.95770663326248}, "K52-nU150": {"K52-nU160": 87.98508855773943}, "K54-U020": {"K54-U030": 158.98591726463}, "K52-nD260": {"K52-nD270": 47.67171658675432}, "K52-nU050": {"K52-nU060": 258.0095033608433}, "K51A-U060": {"K51A-U070": 308.71340674027203}, "K52A-D170": {"K52A-D180": 109.00807500008526}, "K51A-D110": {"K51A-D120": 71.03181531349341}, "K51-U110": {"K51-U120": 127.02776984047618}, "K51-U240": {"K51-U250": 111.07129686122403}, "K53-D070": {"K53-D080": 83.06684750779685}, "K52A-D080": {"K52A-D090": 68.09533217407048}, "K51A-U130": {"K51A-U140": 84.63902572998823}, "K54-D050": {"K54-D060": 90.15166881627314}, "K52-nD180": {"K52-nD190": 143.31520876162992}, "K51A-U020": {"K51A-U030": 119.30358349880335}, "K51A-D060": {"K51A-D070": 79.230700158298}, "K51-U150": {"K51-U160": 86.55426187513285}, "K53-D160": {"K53-U011": 161.99507806357587, "K53-D170": 252.60465820293052}, "K51-U160": {"K51-U170": 97.45343631553321}, "K53-U090": {"K53-U100": 106.92137736779145}, "K52-nD160": {"K52-nD170": 149.66646252123974}, "K51A-D150": {"K51A-D160": 122.33562690356598}, "K52-nU070": {"K52-nU080": 91.46154323454908}, "K52A-U120": {"K52A-U130": 69.12187134503621}, "K52A-U150": {"K52A-U160": 31.855047276364537}, "K51-U230": {"K51-U240": 43.878516892340805}, "K52A-U050": {"K52A-U060": 59.08932040583604}, "K52A-U020": {"K52A-U030": 90.10937254145679}, "K52A-D030": {"K52A-D040": 19.83847646196517}, "K51A-U140": {"K51A-U150": 55.85202603808965}, "K53-U060": {"K53-U070": 74.44269602850551}, "K52A-U170": {"K52A-U180": 275.3750320785299}, "K53-U040": {"K53-U050": 135.27551193739072}, "K51-U070": {"K51-U080": 202.8175732266265}, "K52-nU030": {"K52-nU040": 129.7042966870455}, "K52-nU280": {"K52-nU290": 43.18218783515659}, "K54-U010": {"K54-U020": 71.31060585943717}, "K54-U070": {"K54-D010": 142.13218628934413}, "K51A-U170": {"K51A-U180": 83.49953023766096}, "K51-D240": {"K51-D250": 120.85384702750926}, "K51-D050": {"K51-D060": 58.804673773201316}, "K53-U080": {"K53-U090": 75.70574140999386}, "K51-D010": {"K51-D020": 79.5518285695396}, "K51-D170": {"K51-D180": 108.50913951807865}, "K51-U050": {"K51-U060": 265.89578559304255}, "K53-U130": {"K53-U140": 61.42392163347802}, "K51A-D230": {"K51A-D240": 155.68077847847695}, "K52-nD030": {"K52-nD040": 36.325508181926},