{"K53-U100": {"K53-U110": 69.85307153388432}, "K53-D010": {"K53-D015": 110.55999024867769}, "K51-D150": {"K51-D160": 159.87275368312143}, "K52-nU290": {"K52-nU300": 32.575951380481264}, "K52-nU260": {"K52-nU270": 72.8749636174716}, "K52-nD110": {"K52-nD120": 144.39940940117253}, "K51-D130": {"K51-D140": 80.91057290133018}, "K51-U080": {"K51-U090": 189.6849013585037}, "K54-D030": {"K54-D040": 63.69813467451543}, "K52-nD240": {"K52-nD250": 157.65816825161463}, "K53-U010": {"K53-U020": 252.03120664546228}, "K58-D070": {"K58-D080": 102.10647276320896}, "K52-nD250": {"K52-nD260": 172.86318103956154}, "K52-nD130": {"K52-nD140": 84.81725480694561}, "K58-D020": {"K58-D030": 85.06067782644732}, "K53-D030": {"K53-D040": 77.07780688393518}, "K52A-U100": {"K52A-U110": 78.85288177804459}, "K58-U140": {"K58-U150": 129.4089790547128}, "K52A-U010": {"K52A-U015": 340.22478066427396}, "K52-nD210": {"K52-nD220": 169.08723821792046}, "K53-U030": {"K53-U040": 177.65531382123598}, "K54-U050": {"K54-U060": 348.0909366485262}, "K51-D040": {"K51-D050": 54.735806261999016}, "K58-D200": {"K58-D210": 66.93256465812436}, "K53-U110": {"K53-U120": 93.1082134114212}, "K58-U010": {"K58-U020": 53.86070075108478}, "K51A-D250": {"K51A-D260": 98.60394218855541}, "K58-D140": {"K58-D150": 38.29607684988129}, "K51A-D210": {"K51A-D220": 82.652861267257}, "K54-U040": {"K54-U050": 145.5792393349265}, "K51A-U240": {"K51A-U250": 71.39504719592271}, "K54-U030": {"K54-U040": 122.75103271665914}, "K51-D250": {"K51-D260": 168.58934106936664}, "K51-D190": {"K51-D200": 155.0748782616039}, "K51A-U100": {"K51A-U110": 172.81214118306252}, "K51A-U090": {"K51A-U100": 150.75934324355163}, "K52-nD120": {"K52-nD130": 38.911833168573935}, "K58-D060": {"K58-D070": 164.35233309210778}, "K52A-D060": {"K52A-D070": 129.34768316859805}, "K51A-D190": {"K51A-D200": 198.56368411150052}, "K58-U180": {"K58-U190": 96.85729432104753}, "K58-D050": {"K58-D060": 178.40524421046962}, "K58-U130": {"K58-U140": 89.12736382964597}, "K54-U060": {"K54-U070": 184.5977416308477}, "K51A-U230": {"K51A-U240": 39.042492763190786}, "K53-U070": {"K53-U080": 55.01714387374111}, "K58-D170": {"K58-D180": 146.6182058741279}, "K51A-D170": {"K51A-D180": 166.79018755462303}, "K51A-D010": {"K51A-D020": 57.49775520333973}, "K52-nU010": {"K52-nU020": 47.98127697616936}, "K51-D270": {"K51-D280": 104.2131625913446}, "K51A-U190": {"K51A-U200": 70.37626611486635}, "K53-D040": {"K53-D050": 78.31880868478221}, "K52-nU040": {"K52-nU050": 61.89080589285353}, "K51-D220": {"K51-D230": 256.7236506994276}, "K52-nU170": {"K52-nU180": 139.47056504540035}, "K52-nD290": {"K52-nD300": 110.08479610250939}, "K52-nD010": {"K52-nD020": 18.183395948567284}, "K52A-U030": {"K52A-U040": 37.74167720895424}, "K54-D020": {"K54-D030": 132.83763902433572}, "K51A-D140": {"K51A-D150": 84.14947672639138}, "K51A-U030": {"K51A-U040": 69.08211013744332}, "K53-D015": {"K53-D020": 54.17049736093168}, "K51A-D090": {"K51A-D100": 90.57927191541924}, "K51-U020": {"K51-U030": 100.68996359661426}, "K51-U130": {"K51-U140": 84.45084849897678}, "K58-U170": {"K58-U180": 154.99841372583367}, "K51-U170": {"K51-U180": 75.33182217622111}, "K51-D030": {"K51-D040": 40.7831668806741}, "K52-nD140": {"K52-nD150": 108.24231867485244}, "K58-D180": {"K58-D190": 300.1751522631447}, "K58-D160": {"K58-D170": 208.81123874920877}, "K51-D020": {"K51-D030": 58.02125774253907}, "K52A-U130": {"K52A-U140": 56.37255769762392}, "K52-nD020": {"K52-nD030": 22.131779729772713}, "K52A-U040": {"K52A-U050": 133.0897907621019}, "K58-D010": {"K58-D020": 52.64100732765711}, "K52-nU200": {"K52-nU210": 91.47180923429266}, "K51-U040": {"K51-U050": 120.25212184093111}, "K51A-U210": {"K51A-U220": 85.89370126763464}, "K52-nU250": {"K52-nU260": 72.79996012576154}, "K52-nU060": {"K52-nU070": 150.1251513119657}, "K51-U030": {"K51-U040": 70.37144069799169}, "K58-U070": {"K58-U080": 123.76029711497483}, "K52-nU190": {"K52-nU200": 136.49802613465124}, "K52A-D140": {"K52A-D150": 106.02127880986775}, "K51-D260": {"K51-D270": 58.321141656575875}, "K51-D060": {"K51-D070": 54.15073443231074}, "K53-D060": {"K53-D070": 133.31766883659452}, "K52-nU080": {"K52-nU090": 86.26629430815645}, "K58-U060": {"K58-U070": 178.83038398713893}, "K52-nD280": {"K52-nD290": 97.25751875407272}, "K51-D210": {"K51-D220": 165.80661424728135}, "K52A-U060": {"K52A-U070": 140.6714446785319}, "K51-D140": {"K51-D150": 42.41795919605126}, "K52-nD150": {"K52-nD160": 95.72839476530423}, "K51A-D160": {"K51A-D170": 185.84534347904247}, "K58-D030": {"K58-D040": 49.20491400795426}, "K51-U220": {"K51-U230": 71.0375020178835}, "K58-U120": {"K58-U130": 123.44184743918171}, "K51A-D020": {"K51A-D030": 113.39209691712281}, "K51A-U010": {"K51A-U020": 44.96603498956738}, "K54-D040": {"K54-D050": 156.639734822212}, "K51A-D240": {"K51A-D250": 65.04520546848657}, "K51-U140": {"K51-U150": 62.597324174728456}, "K51-D200": {"K51-D210": 123.03098032310322}, "K51A-D040": {"K51A-D050": 100.88632895598721}, "K51A-U070": {"K51A-U080": 211.25291489245302}, "K52-nU210": {"K52-nU220": 79.7264330557385}, "K58-U190": {"K58-U200": 115.10583906030266}, "K54-D060": {"K54-D070": 147.7463794782205}, "K52A-U140": {"K52A-U150": 160.36747851973956}, "K52-nD100": {"K52-nD110": 62.876009374562805}, "K52A-U110": {"K52A-U120": 58.27102001738151}, "K53-U050": {"K53-U060": 116.27971752106218}, "K51A-U110": {"K51A-U120": 118.61505080771617}, "K52A-U080": {"K52A-U090": 72.56611987797801}, "K51A-D050": {"K51A-D060": 88.73589009097148}, "K52A-D130": {"K52A-D140": 91.26310808838048}, "K51A-U080": {"K51A-U090": 202.81336783720684}, "K52-nU120": {"K52-nU130": 142.88512956740846, "K52-nU140": 104.4674524383986}, "K52-nU130": {"K52-nU140": 328.31723641397036}, "K53-D130": {"K53-D140": 96.5768931471575}, "K52-nU150": {"K52-nU160": 91.95584387461649}, "K54-U020": {"K54-U030": 148.31265286479908}, "K52-nD260": {"K52-nD270": 47.68767513672029}, "K52-nU050": {"K52-nU060": 254.97636210364732}, "K51A-U060": {"K51A-U070": 303.68095566970607}, "K52A-D170": {"K52A-D180": 112.50889584901859}, "K51A-D110": {"K51A-D120": 75.85034665919991}, "K51-U110": {"K51-U120": 106.79243931628218}, "K51-U240": {"K51-U250": 112.62400785777217}, "K53-D070": {"K53-D080": 76.84030526107236}, "K52A-D080": {"K52A-D090": 69.85632272742335}, "K51A-U130": {"K51A-U140": 88.38110299606191}, "K54-D050": {"K54-D060": 83.41665890677977}, "K52-nD180": {"K52-nD190": 138.00510083444016}, "K51A-U020": {"K51A-U030": 130.61563241296656}, "K51A-D060": {"K51A-D070": 89.99542310843586}, "K51-U150": {"K51-U160": 82.44608390973555}, "K53-D160": {"K53-U011": 161.99507806357587, "K53-D170": 253.67378315774}, "K51-U160": {"K51-U170": 89.18684794620978}, "K53-U090": {"K53-U100": 103.6802100901918}, "K52-nD160": {"K52-nD170": 143.0180761916279}, "K51A-D150": {"K51A-D160": 118.49782304972025}, "K52-nU070": {"K52-nU080": 100.49635305304966}, "K52A-U120": {"K52A-U130": 71.0012343749228}, "K52A-U150": {"K52A-U160": 35.182864835949694}, "K51-U230": {"K51-U240": 44.08316545536883}, "K52A-U050": {"K52A-U060": 56.94923472539032}, "K52A-U020": {"K52A-U030": 84.0422175233917}, "K52A-D030": {"K52A-D040": 24.602694639580026}, "K51A-U140": {"K51A-U150": 59.87215423153892}, "K53-U060": {"K53-U070": 83.53575279538518}, "K52A-U170": {"K52A-U180": 275.3750320785299}, "K53-U040": {"K53-U050": 117.12601583593516}, "K51-U070": {"K51-U080": 197.56338714079087}, "K52-nU030": {"K52-nU040": 131.68702953624324}, "K52-nU280": {"K52-nU290": 44.00179505364015}, "K54-U010": {"K54-U020": 74.0761655590383}, "K54-U070": {"K54-D010": 165.3931407025474}, "K51A-U170": {"K51A-U180": 81.71963067009874}, "K51-D240": {"K51-D250": 121.20918097986399}, "K51-D050": {"K51-D060": 56.81399595433574}, "K53-U080": {"K53-U090": 76.99525446792087}, "K51-D010": {"K51-D020": 84.861130337385}, "K51-D170": {"K51-D180": 123.06549176991791}, "K51-U050": {"K51-U060": 263.71602249738095}, "K53-U130": {"K53-U140": 64.72681737275998}, "K51A-D230": {"K51A-D240": 153.28995475909258}, "K52-nD030": {"K52-nD040": 34.14188638004067},