{"K53-U100": {"K53-U110": 82.25075127739737}, "K53-D010": {"K53-D015": 99.99590034160829}, "K51-D150": {"K51-D160": 171.02150329099064}, "K52-nU290": {"K52-nU300": 37.5871027439283}, "K52-nU260": {"K52-nU270": 71.18392881415333}, "K52-nD110": {"K52-nD120": 152.07135889259132}, "K51-D130": {"K51-D140": 59.077396029070506}, "K51-U080": {"K51-U090": 166.16196848118608}, "K54-D030": {"K54-D040": 70.72300833718992}, "K52-nD240": {"K52-nD250": 155.27299986549755}, "K53-U010": {"K53-U020": 260.4799865468757}, "K58-D070": {"K58-D080": 109.77068625409379}, "K52-nD250": {"K52-nD260": 182.78281716982906}, "K52-nD130": {"K52-nD140": 81.65123553530404}, "K58-D020": {"K58-D030": 94.87657795012115}, "K53-D030": {"K53-D040": 81.26380261422983}, "K52A-U100": {"K52A-U110": 82.21105550547723}, "K58-U140": {"K58-U150": 140.74518897954485}, "K52A-U010": {"K52A-U015": 272.03535885545074}, "K52-nD210": {"K52-nD220": 211.6815142173038}, "K53-U030": {"K53-U040": 201.8845655748162}, "K54-U050": {"K54-U060": 366.9553487509641}, "K51-D040": {"K51-D050": 49.90317054306619}, "K58-D200": {"K58-D210": 68.45125847734415}, "K53-U110": {"K53-U120": 97.66155378169931}, "K58-U010": {"K58-U020": 43.46216040313351}, "K51A-D250": {"K51A-D260": 97.57428642576772}, "K58-D140": {"K58-D150": 39.57071482649923}, "K51A-D210": {"K51A-D220": 80.74566093266449}, "K54-U040": {"K54-U050": 151.28203336498177}, "K51A-U240": {"K51A-U250": 74.82904759411505}, "K54-U030": {"K54-U040": 126.8279929429189}, "K51-D250": {"K51-D260": 157.0148719901882}, "K51-D190": {"K51-D200": 163.4063938709109}, "K51A-U100": {"K51A-U110": 194.60732378246766}, "K51A-U090": {"K51A-U100": 147.84618589585307}, "K52-nD120": {"K52-nD130": 39.42547180012007}, "K58-D060": {"K58-D070": 169.2072150726895}, "K52A-D060": {"K52A-D070": 129.34768316859805}, "K51A-D190": {"K51A-D200": 196.11239089310297}, "K58-U180": {"K58-U190": 108.46215736858274}, "K58-D050": {"K58-D060": 184.63601085584122}, "K58-U130": {"K58-U140": 85.72231895206949}, "K54-U060": {"K54-U070": 202.3460016329533}, "K51A-U230": {"K51A-U240": 36.6661256102509}, "K53-U070": {"K53-U080": 62.59651881002803}, "K58-D170": {"K58-D180": 148.8928903382086}, "K51A-D170": {"K51A-D180": 157.4020791180482}, "K51A-D010": {"K51A-D020": 53.41569795799993}, "K52-nU010": {"K52-nU020": 55.745155851796355}, "K51-D270": {"K51-D280": 100.32994839875593}, "K51A-U190": {"K51A-U200": 70.14243020610908}, "K53-D040": {"K53-D050": 75.61720245769558}, "K52-nU040": {"K52-nU050": 53.88994348045918}, "K51-D220": {"K51-D230": 260.13274456036595}, "K52-nU170": {"K52-nU180": 135.74522636506225}, "K52-nD290": {"K52-nD300": 101.29013190061535}, "K52-nD010": {"K52-nD020": 17.835894723490643}, "K52A-U030": {"K52A-U040": 47.506908503317035}, "K54-D020": {"K54-D030": 132.83763902433572}, "K51A-D140": {"K51A-D150": 75.78159722849081}, "K51A-U030": {"K51A-U040": 63.859019764512325}, "K53-D015": {"K53-D020": 47.009717218307024}, "K51A-D090": {"K51A-D100": 78.5605875447438}, "K51-U020": {"K51-U030": 118.12195469899366}, "K51-U130": {"K51-U140": 81.37268738923025}, "K58-U170": {"K58-U180": 207.31653547522313}, "K51-U170": {"K51-U180": 68.82408711351609}, "K51-D030": {"K51-D040": 41.81530868969058}, "K52-nD140": {"K52-nD150": 112.09417880615274}, "K58-D180": {"K58-D190": 300.5528725836047}, "K58-D160": {"K58-D170": 200.52826754592826}, "K51-D020": {"K51-D030": 58.81488770189024}, "K52A-U130": {"K52A-U140": 59.03210602860914}, "K52-nD020": {"K52-nD030": 24.59481375401945}, "K52A-U040": {"K52A-U050": 133.7096570851171}, "K58-D010": {"K58-D020": 30.06034516346595}, "K52-nU200": {"K52-nU210": 83.37582108027361}, "K51-U040": {"K51-U050": 126.18212263584239}, "K51A-U210": {"K51A-U220": 81.15285420671172}, "K52-nU250": {"K52-nU260": 78.81515953844658}, "K52-nU060": {"K52-nU070": 157.51876618519162}, "K51-U030": {"K51-U040": 64.34327090493122}, "K58-U070": {"K58-U080": 119.19802328247806}, "K52-nU190": {"K52-nU200": 137.67121787107774}, "K52A-D140": {"K52A-D150": 110.565652471643}, "K51-D260": {"K51-D270": 59.85597686512783}, "K51-D060": {"K51-D070": 52.56775820472488}, "K53-D060": {"K53-D070": 126.09558719903688}, "K52-nU080": {"K52-nU090": 86.22731253989237}, "K58-U060": {"K58-U070": 162.23045827278628}, "K52-nD280": {"K52-nD290": 91.33679850910637}, "K51-D210": {"K51-D220": 176.2033207965743}, "K52A-U060": {"K52A-U070": 140.1400106434715}, "K51-D140": {"K51-D150": 59.15144618311028}, "K52-nD150": {"K52-nD160": 91.62899093595203}, "K51A-D160": {"K51A-D170": 198.43999392103623}, "K58-D030": {"K58-D040": 63.91077187676319}, "K51-U220": {"K51-U230": 66.25350400728863}, "K58-U120": {"K58-U130": 118.7805456627769}, "K51A-D020": {"K51A-D030": 98.42612113064662}, "K51A-U010": {"K51A-U020": 64.66241658565855}, "K54-D040": {"K54-D050": 156.51576358925644}, "K51A-D240": {"K51A-D250": 64.28736116734389}, "K51-U140": {"K51-U150": 57.76402999062525}, "K51-D200": {"K51-D210": 129.93489879683733}, "K51A-D040": {"K51A-D050": 102.53323737251051}, "K51A-U070": {"K51A-U080": 198.03015954901156}, "K52-nU210": {"K52-nU220": 80.86373466153101}, "K58-U190": {"K58-U200": 121.79093994961522}, "K54-D060": {"K54-D070": 147.22980526315763}, "K52A-U140": {"K52A-U150": 160.36747851973956}, "K52-nD100": {"K52-nD110": 63.26844709946656}, "K52A-U110": {"K52A-U120": 62.338744161293754}, "K53-U050": {"K53-U060": 138.64997511844018}, "K51A-U110": {"K51A-U120": 134.42915693909328}, "K52A-U080": {"K52A-U090": 73.79049701323095}, "K51A-D050": {"K51A-D060": 81.0734932271125}, "K52A-D130": {"K52A-D140": 90.40298896405601}, "K51A-U080": {"K51A-U090": 175.6345226744391}, "K52-nU120": {"K52-nU130": 142.88512956740846, "K52-nU140": 114.87256987749831}, "K52-nU130": {"K52-nU140": 328.31723641397036}, "K53-D130": {"K53-D140": 116.75783432627536}, "K52-nU150": {"K52-nU160": 89.24875148950835}, "K54-U020": {"K54-U030": 148.69421026752008}, "K52-nD260": {"K52-nD270": 50.84573906340757}, "K52-nU050": {"K52-nU060": 253.0262311921696}, "K51A-U060": {"K51A-U070": 295.3195132530307}, "K52A-D170": {"K52A-D180": 103.4615602631449}, "K51A-D110": {"K51A-D120": 50.56219699899073}, "K51-U110": {"K51-U120": 127.6011092491497}, "K51-U240": {"K51-U250": 110.02948797182337}, "K53-D070": {"K53-D080": 89.39813042740325}, "K52A-D080": {"K52A-D090": 67.21530444885512}, "K51A-U130": {"K51A-U140": 84.99889025184812}, "K54-D050": {"K54-D060": 89.37317497422542}, "K52-nD180": {"K52-nD190": 149.2524636012938}, "K51A-U020": {"K51A-U030": 112.7866023099102}, "K51A-D060": {"K51A-D070": 73.91141378946418}, "K51-U150": {"K51-U160": 86.21540853570377}, "K53-D160": {"K53-U011": 161.99507806357587, "K53-D170": 378.85025677658365}, "K51-U160": {"K51-U170": 91.67183669216368}, "K53-U090": {"K53-U100": 101.98270623948649}, "K52-nD160": {"K52-nD170": 154.55473439245276}, "K51A-D150": {"K51A-D160": 117.80043825792932}, "K52-nU070": {"K52-nU080": 96.00326728860496}, "K52A-U120": {"K52A-U130": 68.50055315528441}, "K52A-U150": {"K52A-U160": 38.183465657092725}, "K51-U230": {"K51-U240": 48.408044216303054}, "K52A-U050": {"K52A-U060": 54.679825766023086}, "K52A-U020": {"K52A-U030": 94.29577283255914}, "K52A-D030": {"K52A-D040": 24.539081128287187}, "K51A-U140": {"K51A-U150": 58.75770396028297}, "K53-U060": {"K53-U070": 80.47081525093539}, "K52A-U170": {"K52A-U180": 275.3750320785299}, "K53-U040": {"K53-U050": 136.21344843192674}, "K51-U070": {"K51-U080": 199.4089048330719}, "K52-nU030": {"K52-nU040": 122.4233104477275}, "K52-nU280": {"K52-nU290": 42.32321974943814}, "K54-U010": {"K54-U020": 70.3593445553845}, "K54-U070": {"K54-D010": 162.50837690936288}, "K51A-U170": {"K51A-U180": 81.14167210884959}, "K51-D240": {"K51-D250": 233.35698520837573}, "K51-D050": {"K51-D060": 62.36402288942444}, "K53-U080": {"K53-U090": 76.87816421933181}, "K51-D010": {"K51-D020": 76.3683241330287}, "K51-D170": {"K51-D180": 104.44061440568696}, "K51-U050": {"K51-U060": 260.57968437522226}, "K53-U130": {"K53-U140": 59.92520184985558}, "K51A-D230": {"K51A-D240": 164.11452797920228}, "K52-nD030": {"K52-nD040": 30.992957553856552},