{"K53-U100": {"K53-U110": 74.06688267511122}, "K53-D010": {"K53-D015": 107.88530117801263}, "K51-D150": {"K51-D160": 178.02780616822477}, "K52-nU290": {"K52-nU300": 48.75536577736348}, "K52-nU260": {"K52-nU270": 67.93852412753212}, "K52-nD110": {"K52-nD120": 164.83507841954372}, "K51-D130": {"K51-D140": 52.60347109727358}, "K51-U080": {"K51-U090": 170.5508284539748}, "K54-D030": {"K54-D040": 81.28573443669981}, "K52-nD240": {"K52-nD250": 156.17346916924984}, "K53-U010": {"K53-U020": 233.6473727569306}, "K58-D070": {"K58-D080": 113.36871060815815}, "K52-nD250": {"K52-nD260": 188.8511155556621}, "K52-nD130": {"K52-nD140": 89.23350404799031}, "K58-D020": {"K58-D030": 133.70445815226836}, "K53-D030": {"K53-D040": 76.82465393120997}, "K52A-U100": {"K52A-U110": 74.68374777327014}, "K58-U140": {"K58-U150": 147.25478957898778}, "K52A-U010": {"K52A-U015": 271.6205708897006}, "K52-nD210": {"K52-nD220": 214.63294820763286}, "K53-U030": {"K53-U040": 205.79287651020877}, "K54-U050": {"K54-U060": 338.56685580977114}, "K51-D040": {"K51-D050": 54.02645695970144}, "K58-D200": {"K58-D210": 68.54780689109941}, "K53-U110": {"K53-U120": 97.60364743766291}, "K58-U010": {"K58-U020": 55.69260922821083}, "K51A-D250": {"K51A-D260": 101.34992273175511}, "K58-D140": {"K58-D150": 43.027271812405964}, "K51A-D210": {"K51A-D220": 73.2222041819797}, "K54-U040": {"K54-U050": 153.49809556229445}, "K51A-U240": {"K51A-U250": 70.49445208389191}, "K54-U030": {"K54-U040": 126.91163434789605}, "K51-D250": {"K51-D260": 163.22472589258172}, "K51-D190": {"K51-D200": 162.3394459251105}, "K51A-U100": {"K51A-U110": 227.28010549638324}, "K51A-U090": {"K51A-U100": 159.77442192752818}, "K52-nD120": {"K52-nD130": 40.84936813963172}, "K58-D060": {"K58-D070": 163.60675295195713}, "K52A-D060": {"K52A-D070": 129.34768316859805}, "K51A-D190": {"K51A-D200": 208.79155111370193}, "K58-U180": {"K58-U190": 128.62154932129184}, "K58-D050": {"K58-D060": 209.60093225448435}, "K58-U130": {"K58-U140": 95.4467189304292}, "K54-U060": {"K54-U070": 217.83799215302082}, "K51A-U230": {"K51A-U240": 40.31498828660074}, "K53-U070": {"K53-U080": 57.50902895617746}, "K58-D170": {"K58-D180": 149.40732857730572}, "K51A-D170": {"K51A-D180": 166.54802546937626}, "K51A-D010": {"K51A-D020": 54.37612307492459}, "K52-nU010": {"K52-nU020": 38.114817691628694}, "K51-D270": {"K51-D280": 104.44046906507747}, "K51A-U190": {"K51A-U200": 71.97431861454234}, "K53-D040": {"K53-D050": 73.51848493660074}, "K52-nU040": {"K52-nU050": 71.34372008767505}, "K51-D220": {"K51-D230": 279.7427152800533}, "K52-nU170": {"K52-nU180": 135.63752185861333}, "K52-nD290": {"K52-nD300": 102.71563059605948}, "K52-nD010": {"K52-nD020": 17.47578711768212}, "K52A-U030": {"K52A-U040": 40.8988855402952}, "K54-D020": {"K54-D030": 132.85795037618922}, "K51A-D140": {"K51A-D150": 83.70584550776766}, "K51A-U030": {"K51A-U040": 78.4584038510131}, "K53-D015": {"K53-D020": 46.35580306731098}, "K51A-D090": {"K51A-D100": 68.30507340235633}, "K51-U020": {"K51-U030": 115.92047634495616}, "K51-U130": {"K51-U140": 72.21491260926175}, "K58-U170": {"K58-U180": 228.49373109820158}, "K51-U170": {"K51-U180": 79.33151655059297}, "K51-D030": {"K51-D040": 40.201134715152165}, "K52-nD140": {"K52-nD150": 113.34016371713282}, "K58-D180": {"K58-D190": 304.39893703584823}, "K58-D160": {"K58-D170": 206.03989897012397}, "K51-D020": {"K51-D030": 61.486075575592054}, "K52A-U130": {"K52A-U140": 55.66309158770107}, "K52-nD020": {"K52-nD030": 25.159870333821818}, "K52A-U040": {"K52A-U050": 140.3428262556426}, "K58-D010": {"K58-D020": 19.463446276324728}, "K52-nU200": {"K52-nU210": 79.51378750419586}, "K51-U040": {"K51-U050": 126.92684813535888}, "K51A-U210": {"K51A-U220": 81.8467885405855}, "K52-nU250": {"K52-nU260": 72.08362046840432}, "K52-nU060": {"K52-nU070": 155.86410154414062}, "K51-U030": {"K51-U040": 67.44972653909528}, "K58-U070": {"K58-U080": 129.98958386312992}, "K52-nU190": {"K52-nU200": 141.09824891869235}, "K52A-D140": {"K52A-D150": 113.31420843927756}, "K51-D260": {"K51-D270": 63.93518456989621}, "K51-D060": {"K51-D070": 59.44870084996545}, "K53-D060": {"K53-D070": 152.04531774463402}, "K52-nU080": {"K52-nU090": 83.71903947495473}, "K58-U060": {"K58-U070": 171.29559013357564}, "K52-nD280": {"K52-nD290": 91.27069061602415}, "K51-D210": {"K51-D220": 194.77133253388146}, "K52A-U060": {"K52A-U070": 133.8070061119856}, "K51-D140": {"K51-D150": 87.18174603371497}, "K52-nD150": {"K52-nD160": 99.92345452080534}, "K51A-D160": {"K51A-D170": 198.40052829036685}, "K58-D030": {"K58-D040": 57.581641249713925}, "K51-U220": {"K51-U230": 63.44353105041223}, "K58-U120": {"K58-U130": 115.95635304855998}, "K51A-D020": {"K51A-D030": 105.19881201868984}, "K51A-U010": {"K51A-U020": 52.00255724049903}, "K54-D040": {"K54-D050": 169.61845244745734}, "K51A-D240": {"K51A-D250": 67.42149404510945}, "K51-U140": {"K51-U150": 57.35085064123283}, "K51-D200": {"K51-D210": 121.53854561054179}, "K51A-D040": {"K51A-D050": 101.76245774533669}, "K51A-U070": {"K51A-U080": 199.9915835584505}, "K52-nU210": {"K52-nU220": 76.83890179374774}, "K58-U190": {"K58-U200": 149.9110061901135}, "K54-D060": {"K54-D070": 169.82507878232119}, "K52A-U140": {"K52A-U150": 160.35850776269055}, "K52-nD100": {"K52-nD110": 54.618120473620685}, "K52A-U110": {"K52A-U120": 59.34745803555054}, "K53-U050": {"K53-U060": 159.3235740925865}, "K51A-U110": {"K51A-U120": 134.1571243393371}, "K52A-U080": {"K52A-U090": 71.7847319544227}, "K51A-D050": {"K51A-D060": 81.83703981307809}, "K52A-D130": {"K52A-D140": 90.0210394863062}, "K51A-U080": {"K51A-U090": 185.32008649914064}, "K52-nU120": {"K52-nU130": 142.88512956740846, "K52-nU140": 111.71704118889545}, "K52-nU130": {"K52-nU140": 328.31723641397036}, "K53-D130": {"K53-D140": 96.88136240889465}, "K52-nU150": {"K52-nU160": 83.78776114521288}, "K54-U020": {"K54-U030": 146.97286403579383}, "K52-nD260": {"K52-nD270": 65.48522500709032}, "K52-nU050": {"K52-nU060": 262.1816398193847}, "K51A-U060": {"K51A-U070": 317.7585763515514}, "K52A-D170": {"K52A-D180": 107.71451409776444}, "K51A-D110": {"K51A-D120": 57.573838431133254}, "K51-U110": {"K51-U120": 132.46042083838677}, "K51-U240": {"K51-U250": 115.11102387405276}, "K53-D070": {"K53-D080": 61.89135277474181}, "K52A-D080": {"K52A-D090": 64.30638036970277}, "K51A-U130": {"K51A-U140": 75.00844484134659}, "K54-D050": {"K54-D060": 92.82177674460793}, "K52-nD180": {"K52-nD190": 154.20876351728862}, "K51A-U020": {"K51A-U030": 119.39301675922317}, "K51A-D060": {"K51A-D070": 86.98765264235165}, "K51-U150": {"K51-U160": 83.37674778338452}, "K53-D160": {"K53-U011": 161.99507806357587, "K53-D170": 224.62555113081254}, "K51-U160": {"K51-U170": 110.13328640850932}, "K53-U090": {"K53-U100": 114.60122629815594}, "K52-nD160": {"K52-nD170": 148.98128216752534}, "K51A-D150": {"K51A-D160": 120.2654123387791}, "K52-nU070": {"K52-nU080": 101.54344071000091}, "K52A-U120": {"K52A-U130": 73.60870753130777}, "K52A-U150": {"K52A-U160": 32.3281797246853}, "K51-U230": {"K51-U240": 46.36773944652}, "K52A-U050": {"K52A-U060": 57.89119968873405}, "K52A-U020": {"K52A-U030": 90.65973508714686}, "K52A-D030": {"K52A-D040": 29.15282636236909}, "K51A-U140": {"K51A-U150": 59.646529921950446}, "K53-U060": {"K53-U070": 72.9603418908561}, "K52A-U170": {"K52A-U180": 275.3346051104672}, "K53-U040": {"K53-U050": 137.75074803267748}, "K51-U070": {"K51-U080": 233.52836395314458}, "K52-nU030": {"K52-nU040": 133.2382522077005}, "K52-nU280": {"K52-nU290": 41.42937626485748}, "K54-U010": {"K54-U020": 84.56975718257402}, "K54-U070": {"K54-D010": 161.68882471831233}, "K51A-U170": {"K51A-U180": 78.16847944764532}, "K51-D240": {"K51-D250": 116.9290425703384}, "K51-D050": {"K51-D060": 62.704313953674806}, "K53-U080": {"K53-U090": 70.54261798411434}, "K51-D010": {"K51-D020": 81.47552302706825}, "K51-D170": {"K51-D180": 106.11882179668177}, "K51-U050": {"K51-U060": 263.76771012712845}, "K53-U130": {"K53-U140": 58.345496576833895}, "K51A-D230": {"K51A-D240": 144.29594339226006},