{"K53-U100": {"K53-U110": 79.42914337608373}, "K53-D010": {"K53-D015": 106.7374216744284}, "K51-D150": {"K51-D160": 194.59233336645985}, "K52-nU290": {"K52-nU300": 31.01553025450246}, "K52-nU260": {"K52-nU270": 77.42931951453602}, "K52-nD110": {"K52-nD120": 154.3521859828164}, "K51-D130": {"K51-D140": 51.96197064006759}, "K51-U080": {"K51-U090": 172.19862262946896}, "K54-D030": {"K54-D040": 81.87692942465515}, "K52-nD240": {"K52-nD250": 157.39433894217592}, "K53-U010": {"K53-U020": 226.88142130643104}, "K58-D070": {"K58-D080": 102.84805549956675}, "K52-nD250": {"K52-nD260": 180.38114069436045}, "K52-nD130": {"K52-nD140": 84.43795458838117}, "K58-D020": {"K58-D030": 119.38683160752639}, "K53-D030": {"K53-D040": 77.10943082841251}, "K52A-U100": {"K52A-U110": 85.49170279668746}, "K58-U140": {"K58-U150": 142.70128996628543}, "K52A-U010": {"K52A-U015": 287.9386639184937}, "K52-nD210": {"K52-nD220": 199.2755840489455}, "K53-U030": {"K53-U040": 200.37086591181765}, "K54-U050": {"K54-U060": 314.58823725786385}, "K51-D040": {"K51-D050": 52.75924273190128}, "K58-D200": {"K58-D210": 65.1998470461893}, "K53-U110": {"K53-U120": 95.29925410049131}, "K58-U010": {"K58-U020": 113.93791269114317}, "K51A-D250": {"K51A-D260": 99.8326383466922}, "K58-D140": {"K58-D150": 42.70731890371176}, "K51A-D210": {"K51A-D220": 81.69529116529331}, "K54-U040": {"K54-U050": 158.1873322281621}, "K51A-U240": {"K51A-U250": 70.52863974043285}, "K54-U030": {"K54-U040": 120.43163461378178}, "K51-D250": {"K51-D260": 165.7318249604342}, "K51-D190": {"K51-D200": 144.7982402405015}, "K51A-U100": {"K51A-U110": 218.80663126867339}, "K51A-U090": {"K51A-U100": 151.54634229177654}, "K52-nD120": {"K52-nD130": 40.386369100307704}, "K58-D060": {"K58-D070": 165.80179185342203}, "K52A-D060": {"K52A-D070": 129.34768316859805}, "K51A-D190": {"K51A-D200": 210.5375734086947}, "K58-U180": {"K58-U190": 121.64254291373099}, "K58-D050": {"K58-D060": 190.93316688229734}, "K58-U130": {"K58-U140": 83.09466297212659}, "K54-U060": {"K54-U070": 215.55434703038236}, "K51A-U230": {"K51A-U240": 35.43934545037349}, "K53-U070": {"K53-U080": 55.33800386319065}, "K58-D170": {"K58-D180": 136.1251309334585}, "K51A-D170": {"K51A-D180": 167.09309255231975}, "K51A-D010": {"K51A-D020": 56.0976799430497}, "K52-nU010": {"K52-nU020": 61.56520005292958}, "K51-D270": {"K51-D280": 101.35616435939848}, "K51A-U190": {"K51A-U200": 70.35848037131498}, "K53-D040": {"K53-D050": 69.35697554529297}, "K52-nU040": {"K52-nU050": 61.35330217220205}, "K51-D220": {"K51-D230": 264.13660065219267}, "K52-nU170": {"K52-nU180": 129.72554559319244}, "K52-nD290": {"K52-nD300": 99.32845021165072}, "K52-nD010": {"K52-nD020": 17.889854439357187}, "K52A-U030": {"K52A-U040": 39.26135799403802}, "K54-D020": {"K54-D030": 132.83763902433572}, "K51A-D140": {"K51A-D150": 78.7918397399209}, "K51A-U030": {"K51A-U040": 63.26650437002586}, "K53-D015": {"K53-D020": 48.39351224940619}, "K51A-D090": {"K51A-D100": 84.41263877395748}, "K51-U020": {"K51-U030": 102.4692383205232}, "K51-U130": {"K51-U140": 70.38903904978142}, "K58-U170": {"K58-U180": 202.3447423422156}, "K51-U170": {"K51-U180": 75.17301147012748}, "K51-D030": {"K51-D040": 38.0344447015069}, "K52-nD140": {"K52-nD150": 112.94081567827297}, "K58-D180": {"K58-D190": 309.2747538240464}, "K58-D160": {"K58-D170": 199.07177663126748}, "K51-D020": {"K51-D030": 55.04267326858495}, "K52A-U130": {"K52A-U140": 66.96408410973056}, "K52-nD020": {"K52-nD030": 25.565352450824932}, "K52A-U040": {"K52A-U050": 136.39409970774182}, "K58-D010": {"K58-D020": 21.931064185857494}, "K52-nU200": {"K52-nU210": 85.34726974937351}, "K51-U040": {"K51-U050": 130.80650605752643}, "K51A-U210": {"K51A-U220": 79.0136719616467}, "K52-nU250": {"K52-nU260": 75.38488770454586}, "K52-nU060": {"K52-nU070": 151.77370967096712}, "K51-U030": {"K51-U040": 66.05719132790715}, "K58-U070": {"K58-U080": 123.86969798416003}, "K52-nU190": {"K52-nU200": 130.62018392528498}, "K52A-D140": {"K52A-D150": 109.31397048245341}, "K51-D260": {"K51-D270": 57.65430230242767}, "K51-D060": {"K51-D070": 61.29351060132925}, "K53-D060": {"K53-D070": 144.3518619078445}, "K52-nU080": {"K52-nU090": 83.5029198635745}, "K58-U060": {"K58-U070": 177.4600373729793}, "K52-nD280": {"K52-nD290": 91.14964676312768}, "K51-D210": {"K51-D220": 187.80435106432566}, "K52A-U060": {"K52A-U070": 144.76830005046736}, "K51-D140": {"K51-D150": 81.99603072647696}, "K52-nD150": {"K52-nD160": 98.12053305645547}, "K51A-D160": {"K51A-D170": 210.34896016829413}, "K58-D030": {"K58-D040": 58.881744843903576}, "K51-U220": {"K51-U230": 62.373659360703506}, "K58-U120": {"K58-U130": 130.77374562962672}, "K51A-D020": {"K51A-D030": 95.75542852420226}, "K51A-U010": {"K51A-U020": 51.868500207620016}, "K54-D040": {"K54-D050": 146.7462498192085}, "K51A-D240": {"K51A-D250": 64.24837459081104}, "K51-U140": {"K51-U150": 55.24400754916845}, "K51-D200": {"K51-D210": 127.89938071334757}, "K51A-D040": {"K51A-D050": 98.45574739218895}, "K51A-U070": {"K51A-U080": 219.83364747012942}, "K52-nU210": {"K52-nU220": 74.96888424209023}, "K58-U190": {"K58-U200": 153.29341303447427}, "K54-D060": {"K54-D070": 154.29206869394403}, "K52A-U140": {"K52A-U150": 160.36747851973956}, "K52-nD100": {"K52-nD110": 62.57854458790193}, "K52A-U110": {"K52A-U120": 56.16315635038056}, "K53-U050": {"K53-U060": 144.0601046174173}, "K51A-U110": {"K51A-U120": 127.7882584480066}, "K52A-U080": {"K52A-U090": 70.46765274895978}, "K51A-D050": {"K51A-D060": 86.29404383273308}, "K52A-D130": {"K52A-D140": 81.44735188310234}, "K51A-U080": {"K51A-U090": 180.1031164298475}, "K52-nU120": {"K52-nU130": 142.88512956740846, "K52-nU140": 118.95718948459225}, "K52-nU130": {"K52-nU140": 328.31723641397036}, "K53-D130": {"K53-D140": 102.78942988703398}, "K52-nU150": {"K52-nU160": 93.1529564858077}, "K54-U020": {"K54-U030": 140.01929514157987}, "K52-nD260": {"K52-nD270": 60.19860040665661}, "K52-nU050": {"K52-nU060": 258.5589697369349}, "K51A-U060": {"K51A-U070": 326.3079161588113}, "K52A-D170": {"K52A-D180": 104.43367058412548}, "K51A-D110": {"K51A-D120": 57.87147542483028}, "K51-U110": {"K51-U120": 127.54251826243834}, "K51-U240": {"K51-U250": 111.46165561152281}, "K53-D070": {"K53-D080": 78.38404426485663}, "K52A-D080": {"K52A-D090": 58.60313302308575}, "K51A-U130": {"K51A-U140": 79.70133490671014}, "K54-D050": {"K54-D060": 74.55546121513693}, "K52-nD180": {"K52-nD190": 142.88249278851714}, "K51A-U020": {"K51A-U030": 116.76706983095491}, "K51A-D060": {"K51A-D070": 80.89607807494414}, "K51-U150": {"K51-U160": 86.7001938339763}, "K53-D160": {"K53-U011": 161.99507806357587, "K53-D170": 210.05762863164964}, "K51-U160": {"K51-U170": 109.67306352769572}, "K53-U090": {"K53-U100": 103.91778263319759}, "K52-nD160": {"K52-nD170": 154.46804802495032}, "K51A-D150": {"K51A-D160": 117.4885298399834}, "K52-nU070": {"K52-nU080": 101.52015515514275}, "K52A-U120": {"K52A-U130": 64.0860159439406}, "K52A-U150": {"K52A-U160": 31.055943930174873}, "K51-U230": {"K51-U240": 46.01778759962668}, "K52A-U050": {"K52A-U060": 60.86074643515489}, "K52A-U020": {"K52A-U030": 91.47380264497924}, "K52A-D030": {"K52A-D040": 17.158003172064213}, "K51A-U140": {"K51A-U150": 57.72119494708276}, "K53-U060": {"K53-U070": 72.17435182978774}, "K52A-U170": {"K52A-U180": 275.3750320785299}, "K53-U040": {"K53-U050": 135.31286358754718}, "K51-U070": {"K51-U080": 186.78656875388484}, "K52-nU030": {"K52-nU040": 131.02532443022932}, "K52-nU280": {"K52-nU290": 44.63372021433869}, "K54-U010": {"K54-U020": 74.90608088135865}, "K54-U070": {"K54-D010": 157.99878379708346}, "K51A-U170": {"K51A-U180": 77.92651049117565}, "K51-D240": {"K51-D250": 115.19940018963116}, "K51-D050": {"K51-D060": 58.031875196556186}, "K53-U080": {"K53-U090": 69.44867931789796}, "K51-D010": {"K51-D020": 76.35199246932058}, "K51-D170": {"K51-D180": 106.4191676490195}, "K51-U050": {"K51-U060": 257.4115095096749}, "K53-U130": {"K53-U140": 74.89000226850017}, "K51A-D230": {"K51A-D240": 157.57624661010533}, "K52-nD030": {"K52-nD040": 30.988867488068006},