{"K53-U100": {"K53-U110": 70.33165874339156}, "K53-D010": {"K53-D015": 101.53703765349816}, "K51-D150": {"K51-D160": 163.28906150723014}, "K52-nU290": {"K52-nU300": 32.35309252860064}, "K52-nU260": {"K52-nU270": 66.39915843617766}, "K52-nD110": {"K52-nD120": 145.06928340437952}, "K51-D130": {"K51-D140": 79.5877440914475}, "K51-U080": {"K51-U090": 189.87216604281716}, "K54-D030": {"K54-D040": 61.539060604266034}, "K52-nD240": {"K52-nD250": 157.3688502901366}, "K53-U010": {"K53-U020": 149.93750448137092}, "K58-D070": {"K58-D080": 98.14311763767233}, "K52-nD250": {"K52-nD260": 170.134696150113}, "K52-nD130": {"K52-nD140": 85.27402066632962}, "K58-D020": {"K58-D030": 92.59003566793757}, "K53-D030": {"K53-D040": 74.6520548758007}, "K52A-U100": {"K52A-U110": 87.0321298853989}, "K58-U140": {"K58-U150": 121.72675298349418}, "K52A-U010": {"K52A-U015": 283.561842979564}, "K52-nD210": {"K52-nD220": 170.11983685571113}, "K53-U030": {"K53-U040": 149.48033476307637}, "K54-U050": {"K54-U060": 321.76352535936786}, "K51-D040": {"K51-D050": 50.10685846484496}, "K58-D200": {"K58-D210": 64.48214680775108}, "K53-U110": {"K53-U120": 93.46595441461156}, "K58-U010": {"K58-U020": 56.54314187096052}, "K51A-D250": {"K51A-D260": 105.3570771187841}, "K58-D140": {"K58-D150": 44.375384592644}, "K51A-D210": {"K51A-D220": 80.64969184053126}, "K54-U040": {"K54-U050": 148.11574572531785}, "K51A-U240": {"K51A-U250": 68.92130311938432}, "K54-U030": {"K54-U040": 119.00353429393108}, "K51-D250": {"K51-D260": 160.2734665600945}, "K51-D190": {"K51-D200": 160.4500805936728}, "K51A-U100": {"K51A-U110": 177.42126182678857}, "K51A-U090": {"K51A-U100": 150.42395162747871}, "K52-nD120": {"K52-nD130": 39.031057205832234}, "K58-D060": {"K58-D070": 170.96672374403508}, "K52A-D060": {"K52A-D070": 129.34768316859805}, "K51A-D190": {"K51A-D200": 190.14869754939423}, "K58-U180": {"K58-U190": 95.71433026407828}, "K58-D050": {"K58-D060": 194.3466020002225}, "K58-U130": {"K58-U140": 84.7617649474951}, "K54-U060": {"K54-U070": 202.27997107817464}, "K51A-U230": {"K51A-U240": 38.7081039674752}, "K53-U070": {"K53-U080": 58.24357576380987}, "K58-D170": {"K58-D180": 148.07538485869074}, "K51A-D170": {"K51A-D180": 163.95590777031666}, "K51A-D010": {"K51A-D020": 52.335084896850255}, "K52-nU010": {"K52-nU020": 42.55757393202183}, "K51-D270": {"K51-D280": 99.1420534135632}, "K51A-U190": {"K51A-U200": 72.2803707700312}, "K53-D040": {"K53-D050": 76.5029567591494}, "K52-nU040": {"K52-nU050": 55.23134208414962}, "K51-D220": {"K51-D230": 260.6698907801985}, "K52-nU170": {"K52-nU180": 133.92936798541535}, "K52-nD290": {"K52-nD300": 111.03146748271459}, "K52-nD010": {"K52-nD020": 18.58803599493349}, "K52A-U030": {"K52A-U040": 40.61708400816565}, "K54-D020": {"K54-D030": 132.83763902433572}, "K51A-D140": {"K51A-D150": 89.93814343603009}, "K51A-U030": {"K51A-U040": 68.23976356951299}, "K53-D015": {"K53-D020": 51.52570215364135}, "K51A-D090": {"K51A-D100": 86.73969978434351}, "K51-U020": {"K51-U030": 99.52729127365652}, "K51-U130": {"K51-U140": 83.98673216291944}, "K58-U170": {"K58-U180": 164.49417956417594}, "K51-U170": {"K51-U180": 77.30086397833429}, "K51-D030": {"K51-D040": 41.71559037850138}, "K52-nD140": {"K52-nD150": 108.07285991778262}, "K58-D180": {"K58-D190": 301.1269752675175}, "K58-D160": {"K58-D170": 205.5540538154365}, "K51-D020": {"K51-D030": 59.88339582430855}, "K52A-U130": {"K52A-U140": 53.71166698146867}, "K52-nD020": {"K52-nD030": 26.930004741858784}, "K52A-U040": {"K52A-U050": 131.46398607063665}, "K58-D010": {"K58-D020": 51.61945007817676}, "K52-nU200": {"K52-nU210": 89.7703727944413}, "K51-U040": {"K51-U050": 124.06290071076987}, "K51A-U210": {"K51A-U220": 79.48999440866895}, "K52-nU250": {"K52-nU260": 71.93243000924974}, "K52-nU060": {"K52-nU070": 152.9059627835181}, "K51-U030": {"K51-U040": 65.05576056346645}, "K58-U070": {"K58-U080": 124.18476941061083}, "K52-nU190": {"K52-nU200": 137.96422581455445}, "K52A-D140": {"K52A-D150": 106.69724163069134}, "K51-D260": {"K51-D270": 61.71845914268947}, "K51-D060": {"K51-D070": 58.73917948411571}, "K53-D060": {"K53-D070": 126.95756145080668}, "K52-nU080": {"K52-nU090": 87.39574174745465}, "K58-U060": {"K58-U070": 182.0153787861694}, "K52-nD280": {"K52-nD290": 93.17655890756939}, "K51-D210": {"K51-D220": 178.25343633832316}, "K52A-U060": {"K52A-U070": 135.4178330274655}, "K51-D140": {"K51-D150": 44.729475642307435}, "K52-nD150": {"K52-nD160": 106.39614151376279}, "K51A-D160": {"K51A-D170": 189.75003474436238}, "K58-D030": {"K58-D040": 66.34395618194903}, "K51-U220": {"K51-U230": 61.48697840162519}, "K58-U120": {"K58-U130": 124.93157837926105}, "K51A-D020": {"K51A-D030": 115.3820307565937}, "K51A-U010": {"K51A-U020": 48.00115332579291}, "K54-D040": {"K54-D050": 155.99853487147305}, "K51A-D240": {"K51A-D250": 61.079289681312886}, "K51-U140": {"K51-U150": 58.25616335141224}, "K51-D200": {"K51-D210": 121.90187160059797}, "K51A-D040": {"K51A-D050": 99.64506727047566}, "K51A-U070": {"K51A-U080": 208.76880327370435}, "K52-nU210": {"K52-nU220": 78.47358569204968}, "K58-U190": {"K58-U200": 107.90280455970647}, "K54-D060": {"K54-D070": 155.50005558836352}, "K52A-U140": {"K52A-U150": 160.36747851973956}, "K52-nD100": {"K52-nD110": 63.84271472788871}, "K52A-U110": {"K52A-U120": 59.36493778581183}, "K53-U050": {"K53-U060": 121.04495266776739}, "K51A-U110": {"K51A-U120": 123.34258585315574}, "K52A-U080": {"K52A-U090": 72.68347461944477}, "K51A-D050": {"K51A-D060": 89.34519367515777}, "K52A-D130": {"K52A-D140": 94.88440428468745}, "K51A-U080": {"K51A-U090": 205.2931835574196}, "K52-nU120": {"K52-nU130": 142.88512956740846, "K52-nU140": 106.37636848076151}, "K52-nU130": {"K52-nU140": 328.31723641397036}, "K53-D130": {"K53-D140": 97.21413176472554}, "K52-nU150": {"K52-nU160": 88.57415954347672}, "K54-U020": {"K54-U030": 150.8228533100165}, "K52-nD260": {"K52-nD270": 43.135126313788795}, "K52-nU050": {"K52-nU060": 245.51717554887924}, "K51A-U060": {"K51A-U070": 326.22928412461886}, "K52A-D170": {"K52A-D180": 108.95601667351195}, "K51A-D110": {"K51A-D120": 73.17641036232683}, "K51-U110": {"K51-U120": 113.41266418653773}, "K51-U240": {"K51-U250": 109.4245560732257}, "K53-D070": {"K53-D080": 73.94001063587874}, "K52A-D080": {"K52A-D090": 65.72212889834593}, "K51A-U130": {"K51A-U140": 90.73274406152494}, "K54-D050": {"K54-D060": 85.38445170433872}, "K52-nD180": {"K52-nD190": 144.1147649452349}, "K51A-U020": {"K51A-U030": 110.19868709377184}, "K51A-D060": {"K51A-D070": 75.72353350992324}, "K51-U150": {"K51-U160": 93.22891957040903}, "K53-D160": {"K53-U011": 161.99507806357587}, "K51-U160": {"K51-U170": 95.86393035569658}, "K53-U090": {"K53-U100": 102.95454210887215}, "K52-nD160": {"K52-nD170": 140.96566075575285}, "K51A-D150": {"K51A-D160": 116.71208018915188}, "K52-nU070": {"K52-nU080": 96.20504255190829}, "K52A-U120": {"K52A-U130": 73.11420621172086}, "K52A-U150": {"K52A-U160": 35.26565358393576}, "K51-U230": {"K51-U240": 45.218387563099576}, "K52A-U050": {"K52A-U060": 60.506686344714105}, "K52A-U020": {"K52A-U030": 84.59164652729244}, "K52A-D030": {"K52A-D040": 21.066519030165313}, "K51A-U140": {"K51A-U150": 55.19386072500729}, "K53-U060": {"K53-U070": 78.15770729509299}, "K52A-U170": {"K52A-U180": 275.3750320785299}, "K53-U040": {"K53-U050": 124.76238265577967}, "K51-U070": {"K51-U080": 178.44981252155713}, "K52-nU030": {"K52-nU040": 131.37114079550287}, "K52-nU280": {"K52-nU290": 44.579194103855}, "K54-U010": {"K54-U020": 83.45480944567899}, "K54-U070": {"K54-D010": 150.490039795331}, "K51A-U170": {"K51A-U180": 77.70753457391615}, "K51-D240": {"K51-D250": 114.42549528054894}, "K51-D050": {"K51-D060": 59.27084301807332}, "K53-U080": {"K53-U090": 93.50237036737433}, "K51-D010": {"K51-D020": 83.2398451889664}, "K51-D170": {"K51-D180": 111.53838074194213}, "K51-U050": {"K51-U060": 266.11006053413314}, "K53-U130": {"K53-U140": 62.23211841284116}, "K51A-D230": {"K51A-D240": 148.94173711488943}, "K52-nD030": {"K52-nD040": 35.19104053577371},