{"K53-U100": {"K53-U110": 80.441603672107}, "K53-D010": {"K53-D015": 105.87818818541942}, "K51-D150": {"K51-D160": 165.7380017709062}, "K52-nU290": {"K52-nU300": 37.16926264682506}, "K52-nU260": {"K52-nU270": 71.18392881415333}, "K52-nD110": {"K52-nD120": 150.75706543621257}, "K51-D130": {"K51-D140": 56.44926997267261}, "K51-U080": {"K51-U090": 161.6466316457623}, "K54-D030": {"K54-D040": 68.36490549528946}, "K52-nD240": {"K52-nD250": 154.06999985055285}, "K53-U010": {"K53-U020": 250.12923473075278}, "K58-D070": {"K58-D080": 105.71072377048615}, "K52-nD250": {"K52-nD260": 175.00593603588385}, "K52-nD130": {"K52-nD140": 85.3944300187533}, "K58-D020": {"K58-D030": 94.87657795012115}, "K53-D030": {"K53-D040": 83.01934514983517}, "K52A-U100": {"K52A-U110": 82.21105550547723}, "K58-U140": {"K58-U150": 134.75020997727205}, "K52A-U010": {"K52A-U015": 272.5615098393897}, "K52-nD210": {"K52-nD220": 205.86834913033755}, "K53-U030": {"K53-U040": 197.94539596082376}, "K54-U050": {"K54-U060": 368.1140108036593}, "K51-D040": {"K51-D050": 49.712556226007635}, "K58-D200": {"K58-D210": 69.82362053038239}, "K53-U110": {"K53-U120": 100.41574790371705}, "K58-U010": {"K58-U020": 42.08375912638341}, "K51A-D250": {"K51A-D260": 98.27142936196414}, "K58-D140": {"K58-D150": 37.16014176111016}, "K51A-D210": {"K51A-D220": 81.50205053415371}, "K54-U040": {"K54-U050": 151.57671599600937}, "K51A-U240": {"K51A-U250": 74.09894177123894}, "K54-U030": {"K54-U040": 126.8279929429189}, "K51-D250": {"K51-D260": 151.11652443354245}, "K51-D190": {"K51-D200": 163.96265985656765}, "K51A-U100": {"K51A-U110": 194.7485349527018}, "K51A-U090": {"K51A-U100": 152.3236862911766}, "K52-nD120": {"K52-nD130": 39.89496866680008}, "K58-D060": {"K58-D070": 164.3442565880701}, "K52A-D060": {"K52A-D070": 129.34768316859805}, "K51A-D190": {"K51A-D200": 188.27852179912298}, "K58-U180": {"K58-U190": 108.46215736858274}, "K58-D050": {"K58-D060": 184.63601085584122}, "K58-U130": {"K58-U140": 87.54702105785499}, "K54-U060": {"K54-U070": 200.5066684810592}, "K51A-U230": {"K51A-U240": 37.07347290027878}, "K53-U070": {"K53-U080": 51.78926656021652}, "K58-D170": {"K58-D180": 147.46987815356508}, "K51A-D170": {"K51A-D180": 161.2610716629297}, "K51A-D010": {"K51A-D020": 53.60086285777713}, "K52-nU010": {"K52-nU020": 58.15017316866262}, "K51-D270": {"K51-D280": 100.96660933195103}, "K51A-U190": {"K51A-U200": 68.2289135895581}, "K53-D040": {"K53-D050": 73.25405038514796}, "K52-nU040": {"K52-nU050": 58.738879945760196}, "K51-D220": {"K51-D230": 258.8474939559622}, "K52-nU170": {"K52-nU180": 135.30580707229137}, "K52-nD290": {"K52-nD300": 100.9446072847103}, "K52-nD010": {"K52-nD020": 19.249252745050175}, "K52A-U030": {"K52A-U040": 47.04100944813004}, "K54-D020": {"K54-D030": 132.83763902433572}, "K51A-D140": {"K51A-D150": 70.9331923573262}, "K51A-U030": {"K51A-U040": 64.09552681203054}, "K53-D015": {"K53-D020": 49.02703765480463}, "K51A-D090": {"K51A-D100": 78.21839284368816}, "K51-U020": {"K51-U030": 121.93769958694357}, "K51-U130": {"K51-U140": 77.76564150164646}, "K58-U170": {"K58-U180": 205.6628171946924}, "K51-U170": {"K51-U180": 74.25319396730382}, "K51-D030": {"K51-D040": 38.34898311343015}, "K52-nD140": {"K52-nD150": 110.30647585147499}, "K58-D180": {"K58-D190": 300.5528725836047}, "K58-D160": {"K58-D170": 198.12029727325364}, "K51-D020": {"K51-D030": 58.81488770189024}, "K52A-U130": {"K52A-U140": 56.21778086969846}, "K52-nD020": {"K52-nD030": 26.22757083779939}, "K52A-U040": {"K52A-U050": 134.99961898346345}, "K58-D010": {"K58-D020": 30.06034516346595}, "K52-nU200": {"K52-nU210": 81.63980120030402}, "K51-U040": {"K51-U050": 127.24680292871378}, "K51A-U210": {"K51A-U220": 81.72576200564228}, "K52-nU250": {"K52-nU260": 79.0168439316073}, "K52-nU060": {"K52-nU070": 150.92934096937236}, "K51-U030": {"K51-U040": 61.94477889497681}, "K58-U070": {"K58-U080": 115.93706578083709}, "K52-nU190": {"K52-nU200": 137.67121787107774}, "K52A-D140": {"K52A-D150": 113.95823384313171}, "K51-D260": {"K51-D270": 63.75182329028128}, "K51-D060": {"K51-D070": 55.392294079907266}, "K53-D060": {"K53-D070": 124.70620799892988}, "K52-nU080": {"K52-nU090": 86.22731253989237}, "K58-U060": {"K58-U070": 168.42525712689664}, "K52-nD280": {"K52-nD290": 91.33679850910637}, "K51-D210": {"K51-D220": 170.07200098342508}, "K52A-U060": {"K52A-U070": 139.70001182607945}, "K51-D140": {"K51-D150": 58.2104273865559}, "K52-nD150": {"K52-nD160": 94.7527068068161}, "K51A-D160": {"K51A-D170": 202.26752175487513}, "K58-D030": {"K58-D040": 63.91077187676319}, "K51-U220": {"K51-U230": 63.305766813839}, "K58-U120": {"K58-U130": 118.5771545442756}, "K51A-D020": {"K51A-D030": 98.42612113064662}, "K51A-U010": {"K51A-U020": 66.71379620628727}, "K54-D040": {"K54-D050": 154.9848525618664}, "K51A-D240": {"K51A-D250": 65.70538415721468}, "K51-U140": {"K51-U150": 55.5428394933131}, "K51-D200": {"K51-D210": 129.9498875520415}, "K51A-D040": {"K51A-D050": 102.36191683471947}, "K51A-U070": {"K51A-U080": 196.95081425803897}, "K52-nU210": {"K52-nU220": 80.24905513769262}, "K58-U190": {"K58-U200": 121.79093994961522}, "K54-D060": {"K54-D070": 149.8516114359971}, "K52A-U140": {"K52A-U150": 160.36747851973956}, "K52-nD100": {"K52-nD110": 62.23160788829618}, "K52A-U110": {"K52A-U120": 62.338744161293754}, "K53-U050": {"K53-U060": 122.08235095908033}, "K51A-U110": {"K51A-U120": 133.93969992480652}, "K52A-U080": {"K52A-U090": 73.74454658318999}, "K51A-D050": {"K51A-D060": 77.81912744087961}, "K52A-D130": {"K52A-D140": 89.17406044945187}, "K51A-U080": {"K51A-U090": 175.22286749930754}, "K52-nU120": {"K52-nU130": 142.88512956740846, "K52-nU140": 115.16952208610924}, "K52-nU130": {"K52-nU140": 328.31723641397036}, "K53-D130": {"K53-D140": 117.50925921461717}, "K52-nU150": {"K52-nU160": 88.04305721056483}, "K54-U020": {"K54-U030": 152.63030409917195}, "K52-nD260": {"K52-nD270": 49.26108682122781}, "K52-nU050": {"K52-nU060": 253.5180346579662}, "K51A-U060": {"K51A-U070": 294.2772369478119}, "K52A-D170": {"K52A-D180": 102.15877192980477}, "K51A-D110": {"K51A-D120": 53.919063098752716}, "K51-U110": {"K51-U120": 134.079010276833}, "K51-U240": {"K51-U250": 110.02948797182337}, "K53-D070": {"K53-D080": 89.1149758363003}, "K52A-D080": {"K52A-D090": 68.00284499858657}, "K51A-U130": {"K51A-U140": 83.68381512573842}, "K54-D050": {"K54-D060": 85.12473365209475}, "K52-nD180": {"K52-nD190": 148.22546447365409}, "K51A-U020": {"K51A-U030": 114.31844701101133}, "K51A-D060": {"K51A-D070": 75.25112813514095}, "K51-U150": {"K51-U160": 86.21540853570377}, "K53-D160": {"K53-U011": 161.99507806357587, "K53-D170": 440.4682534658212}, "K51-U160": {"K51-U170": 93.61955147180701}, "K53-U090": {"K53-U100": 99.76171783412607}, "K52-nD160": {"K52-nD170": 154.86081599161417}, "K51A-D150": {"K51A-D160": 117.80043825792932}, "K52-nU070": {"K52-nU080": 97.74807476511663}, "K52A-U120": {"K52A-U130": 69.26364587072149}, "K52A-U150": {"K52A-U160": 38.27155259425807}, "K51-U230": {"K51-U240": 48.4089380181145}, "K52A-U050": {"K52A-U060": 54.75410588397913}, "K52A-U020": {"K52A-U030": 92.5132997932829}, "K52A-D030": {"K52A-D040": 25.22972978800888}, "K51A-U140": {"K51A-U150": 58.808559955869974}, "K53-U060": {"K53-U070": 81.3262976635127}, "K52A-U170": {"K52A-U180": 275.3750320785299}, "K53-U040": {"K53-U050": 131.0376595517859}, "K51-U070": {"K51-U080": 202.98767203674655}, "K52-nU030": {"K52-nU040": 116.11643265151542}, "K52-nU280": {"K52-nU290": 43.35913305493126}, "K54-U010": {"K54-U020": 71.34116611775863}, "K54-U070": {"K54-D010": 164.67656898241555}, "K51A-U170": {"K51A-U180": 80.83663223314765}, "K51-D240": {"K51-D250": 254.21232741774784}, "K51-D050": {"K51-D060": 62.651880110400555}, "K53-U080": {"K53-U090": 74.25098951277519}, "K51-D010": {"K51-D020": 79.62815381759766}, "K51-D170": {"K51-D180": 111.37977087121847}, "K51-U050": {"K51-U060": 264.93154149553766}, "K53-U130": {"K53-U140": 67.46219349635379}, "K51A-D230": {"K51A-D240": 156.9454520469479}, "K52-nD030": {"K52-nD040": 30.992957553856552},