{"K53-U100": {"K53-U110": 78.74447454249861}, "K53-D010": {"K53-D015": 103.53740166210498}, "K51-D150": {"K51-D160": 165.88538326036849}, "K52-nU290": {"K52-nU300": 32.33776855637084}, "K52-nU260": {"K52-nU270": 79.16211292526451}, "K52-nD110": {"K52-nD120": 144.75302652736065}, "K51-D130": {"K51-D140": 68.08525390620352}, "K51-U080": {"K51-U090": 165.24419323008937}, "K54-D030": {"K54-D040": 73.00312625184687}, "K52-nD240": {"K52-nD250": 158.2558314110848}, "K53-U010": {"K53-U020": 239.3148845664638}, "K58-D070": {"K58-D080": 106.44944572257725}, "K52-nD250": {"K52-nD260": 173.75702308005629}, "K52-nD130": {"K52-nD140": 86.08155286414002}, "K58-D020": {"K58-D030": 85.65214903942233}, "K53-D030": {"K53-D040": 79.3265885351239}, "K52A-U100": {"K52A-U110": 79.49621944112546}, "K58-U140": {"K58-U150": 130.8397270420174}, "K52A-U010": {"K52A-U015": 320.0771651042557}, "K52-nD210": {"K52-nD220": 183.19892500820342}, "K53-U030": {"K53-U040": 199.05826978434237}, "K54-U050": {"K54-U060": 340.5027727964101}, "K51-D040": {"K51-D050": 53.923175928632915}, "K58-D200": {"K58-D210": 66.25633963577268}, "K53-U110": {"K53-U120": 98.9478049765335}, "K58-U010": {"K58-U020": 51.03016760837867}, "K51A-D250": {"K51A-D260": 98.39655771691048}, "K58-D140": {"K58-D150": 40.325822248403846}, "K51A-D210": {"K51A-D220": 80.91519066923318}, "K54-U040": {"K54-U050": 157.16818209681432}, "K51A-U240": {"K51A-U250": 70.81744667868868}, "K54-U030": {"K54-U040": 120.271467340342}, "K51-D250": {"K51-D260": 162.14852758901174}, "K51-D190": {"K51-D200": 158.40534477040256}, "K51A-U100": {"K51A-U110": 187.86201782246792}, "K51A-U090": {"K51A-U100": 150.24881920483563}, "K52-nD120": {"K52-nD130": 40.17721655865534}, "K58-D060": {"K58-D070": 165.847099782897}, "K52A-D060": {"K52A-D070": 129.34768316859805}, "K51A-D190": {"K51A-D200": 196.48333054311908}, "K58-U180": {"K58-U190": 101.94136756004364}, "K58-D050": {"K58-D060": 182.95426738845617}, "K58-U130": {"K58-U140": 87.25786206776766}, "K54-U060": {"K54-U070": 199.44120987849777}, "K51A-U230": {"K51A-U240": 40.56858314852491}, "K53-U070": {"K53-U080": 58.96729810917967}, "K58-D170": {"K58-D180": 152.85571644795243}, "K51A-D170": {"K51A-D180": 162.9303488491294}, "K51A-D010": {"K51A-D020": 55.93590642142016}, "K52-nU010": {"K52-nU020": 49.52139299385694}, "K51-D270": {"K51-D280": 99.52079837856307}, "K51A-U190": {"K51A-U200": 71.61376324068405}, "K53-D040": {"K53-D050": 77.72434880806918}, "K52-nU040": {"K52-nU050": 56.84122004612475}, "K51-D220": {"K51-D230": 241.55195999513745}, "K52-nU170": {"K52-nU180": 133.20815950749528}, "K52-nD290": {"K52-nD300": 107.16835376296233}, "K52-nD010": {"K52-nD020": 19.344089301887106}, "K52A-U030": {"K52A-U040": 34.62018441679487}, "K54-D020": {"K54-D030": 132.83763902433572}, "K51A-D140": {"K51A-D150": 79.54110927085674}, "K51A-U030": {"K51A-U040": 65.12507335419771}, "K53-D015": {"K53-D020": 49.86945604799581}, "K51A-D090": {"K51A-D100": 84.01231454934212}, "K51-U020": {"K51-U030": 104.79752172713324}, "K51-U130": {"K51-U140": 83.36103309567302}, "K58-U170": {"K58-U180": 158.41429732096748}, "K51-U170": {"K51-U180": 82.02358905141402}, "K51-D030": {"K51-D040": 35.125265604283165}, "K52-nD140": {"K52-nD150": 107.45816580270466}, "K58-D180": {"K58-D190": 295.3698733331472}, "K58-D160": {"K58-D170": 208.81123874920877}, "K51-D020": {"K51-D030": 59.9776282221217}, "K52A-U130": {"K52A-U140": 58.80868774766018}, "K52-nD020": {"K52-nD030": 26.080152929609817}, "K52A-U040": {"K52A-U050": 131.02435540316193}, "K58-D010": {"K58-D020": 49.34813541690825}, "K52-nU200": {"K52-nU210": 84.90190126092135}, "K51-U040": {"K51-U050": 126.07732726749035}, "K51A-U210": {"K51A-U220": 82.47987071842692}, "K52-nU250": {"K52-nU260": 78.27269894796709}, "K52-nU060": {"K52-nU070": 139.55229734908974}, "K51-U030": {"K51-U040": 60.96296957284043}, "K58-U070": {"K58-U080": 123.12115659681668}, "K52-nU190": {"K52-nU200": 144.23880161592132}, "K52A-D140": {"K52A-D150": 109.66518892443882}, "K51-D260": {"K51-D270": 58.75828443692099}, "K51-D060": {"K51-D070": 53.57421065744164}, "K53-D060": {"K53-D070": 143.62961213416241}, "K52-nU080": {"K52-nU090": 85.69156621374539}, "K58-U060": {"K58-U070": 178.22661102958256}, "K52-nD280": {"K52-nD290": 96.13631867462956}, "K51-D210": {"K51-D220": 183.14710900288458}, "K52A-U060": {"K52A-U070": 149.22708348209255}, "K51-D140": {"K51-D150": 46.69374484779782}, "K52-nD150": {"K52-nD160": 92.84009405303595}, "K51A-D160": {"K51A-D170": 182.26425481546121}, "K58-D030": {"K58-D040": 58.292686791264586}, "K51-U220": {"K51-U230": 68.57254480173626}, "K58-U120": {"K58-U130": 120.72797649436242}, "K51A-D020": {"K51A-D030": 105.66980589996346}, "K51A-U010": {"K51A-U020": 44.51889595454994}, "K54-D040": {"K54-D050": 158.5172433479459}, "K51A-D240": {"K51A-D250": 59.12899057926957}, "K51-U140": {"K51-U150": 67.37535629696092}, "K51-D200": {"K51-D210": 124.45228553302597}, "K51A-D040": {"K51A-D050": 98.57567613333964}, "K51A-U070": {"K51A-U080": 199.86884412902413}, "K52-nU210": {"K52-nU220": 74.86648738861727}, "K58-U190": {"K58-U200": 117.88095100746459}, "K54-D060": {"K54-D070": 143.55324080249807}, "K52A-U140": {"K52A-U150": 160.36747851973956}, "K52-nD100": {"K52-nD110": 61.76938027388552}, "K52A-U110": {"K52A-U120": 56.240436863356216}, "K53-U050": {"K53-U060": 126.41362065327853}, "K51A-U110": {"K51A-U120": 127.2381790163035}, "K52A-U080": {"K52A-U090": 68.33522911407253}, "K51A-D050": {"K51A-D060": 83.689136287195}, "K52A-D130": {"K52A-D140": 90.31773897303731}, "K51A-U080": {"K51A-U090": 196.18913063799144}, "K52-nU120": {"K52-nU130": 142.88512956740846, "K52-nU140": 105.6572721821835}, "K52-nU130": {"K52-nU140": 328.31723641397036}, "K53-D130": {"K53-D140": 115.74393457272296}, "K52-nU150": {"K52-nU160": 85.53370822127309}, "K54-U020": {"K54-U030": 156.95722839049432}, "K52-nD260": {"K52-nD270": 50.46408310940236}, "K52-nU050": {"K52-nU060": 259.24397305858275}, "K51A-U060": {"K51A-U070": 313.2807490620642}, "K52A-D170": {"K52A-D180": 107.87910493837686}, "K51A-D110": {"K51A-D120": 72.32423923721491}, "K51-U110": {"K51-U120": 119.5994099320661}, "K51-U240": {"K51-U250": 113.51049613240536}, "K53-D070": {"K53-D080": 79.65728012666852}, "K52A-D080": {"K52A-D090": 73.54996049733352}, "K51A-U130": {"K51A-U140": 83.22815600821431}, "K54-D050": {"K54-D060": 83.62879600347057}, "K52-nD180": {"K52-nD190": 144.38752916547313}, "K51A-U020": {"K51A-U030": 121.47048490919526}, "K51A-D060": {"K51A-D070": 80.67959176695322}, "K51-U150": {"K51-U160": 89.20461869004976}, "K53-D160": {"K53-U011": 161.99507806357587, "K53-D170": 284.6285224185516}, "K51-U160": {"K51-U170": 94.1573287846089}, "K53-U090": {"K53-U100": 103.53974846483193}, "K52-nD160": {"K52-nD170": 143.3516118293549}, "K51A-D150": {"K51A-D160": 123.91229630291562}, "K52-nU070": {"K52-nU080": 92.63986445692126}, "K52A-U120": {"K52A-U130": 72.68610609744334}, "K52A-U150": {"K52A-U160": 32.09449697373837}, "K51-U230": {"K51-U240": 44.48219052447297}, "K52A-U050": {"K52A-U060": 58.869974707873894}, "K52A-U020": {"K52A-U030": 86.64316802538757}, "K52A-D030": {"K52A-D040": 22.076080569981965}, "K51A-U140": {"K51A-U150": 55.85202603808965}, "K53-U060": {"K53-U070": 77.42142143083535}, "K52A-U170": {"K52A-U180": 275.3750320785299}, "K53-U040": {"K53-U050": 128.8429448161693}, "K51-U070": {"K51-U080": 206.71944201183337}, "K52-nU030": {"K52-nU040": 130.03642853739353}, "K52-nU280": {"K52-nU290": 43.343508594103675}, "K54-U010": {"K54-U020": 72.44766155486072}, "K54-U070": {"K54-D010": 149.85289465160707}, "K51A-U170": {"K51A-U180": 79.31897612812219}, "K51-D240": {"K51-D250": 119.99375449589745}, "K51-D050": {"K51-D060": 55.0837832384055}, "K53-U080": {"K53-U090": 78.74849157070051}, "K51-D010": {"K51-D020": 77.9879918299459}, "K51-D170": {"K51-D180": 113.73721995707562}, "K51-U050": {"K51-U060": 258.7638581399219}, "K53-U130": {"K53-U140": 62.26149567097775}, "K51A-D230": {"K51A-D240": 150.37655613241424}, "K52-nD030": {"K52-nD040": 35.133589669144946},