{"K53-U100": {"K53-U110": 73.9925462249042}, "K53-D010": {"K53-D015": 103.04024526414916}, "K51-D150": {"K51-D160": 185.57043513390937}, "K52-nU290": {"K52-nU300": 34.06478663497614}, "K52-nU260": {"K52-nU270": 68.0799461830353}, "K52-nD110": {"K52-nD120": 161.73170894161714}, "K51-D130": {"K51-D140": 51.78479710413817}, "K51-U080": {"K51-U090": 158.9879220386308}, "K54-D030": {"K54-D040": 74.78057043847826}, "K52-nD240": {"K52-nD250": 151.1168198860932}, "K53-U010": {"K53-U020": 234.30400097343195}, "K58-D070": {"K58-D080": 105.0605359533952}, "K52-nD250": {"K52-nD260": 169.36616599730783}, "K52-nD130": {"K52-nD140": 87.94239979696788}, "K58-D020": {"K58-D030": 137.3307753740487}, "K53-D030": {"K53-D040": 75.23583858011405}, "K52A-U100": {"K52A-U110": 84.73634252962938}, "K58-U140": {"K58-U150": 149.66878959644137}, "K52A-U010": {"K52A-U015": 268.78153750305546}, "K52-nD210": {"K52-nD220": 203.89704446479172}, "K53-U030": {"K53-U040": 204.7508873396269}, "K54-U050": {"K54-U060": 335.5686191524077}, "K51-D040": {"K51-D050": 49.40242194192016}, "K58-D200": {"K58-D210": 70.77658053965733}, "K53-U110": {"K53-U120": 100.26168896475637}, "K58-U010": {"K58-U020": 57.42821341600438}, "K51A-D250": {"K51A-D260": 94.90798536248381}, "K58-D140": {"K58-D150": 44.6620165307072}, "K51A-D210": {"K51A-D220": 80.68400704707713}, "K54-U040": {"K54-U050": 158.5658768323629}, "K51A-U240": {"K51A-U250": 71.1250551411653}, "K54-U030": {"K54-U040": 122.6424117276094}, "K51-D250": {"K51-D260": 161.84659904083728}, "K51-D190": {"K51-D200": 151.8459327491184}, "K51A-U100": {"K51A-U110": 231.0447871004852}, "K51A-U090": {"K51A-U100": 155.64552363053366}, "K52-nD120": {"K52-nD130": 39.46717109782853}, "K58-D060": {"K58-D070": 160.84278801592583}, "K52A-D060": {"K52A-D070": 129.34768316859805}, "K51A-D190": {"K51A-D200": 199.6990502792459}, "K58-U180": {"K58-U190": 134.78455138881026}, "K58-D050": {"K58-D060": 171.26339046764028}, "K58-U130": {"K58-U140": 87.75993865673797}, "K54-U060": {"K54-U070": 214.35083937371627}, "K51A-U230": {"K51A-U240": 38.426455686715755}, "K53-U070": {"K53-U080": 56.03350122462742}, "K58-D170": {"K58-D180": 149.16494659626113}, "K51A-D170": {"K51A-D180": 160.8287116249253}, "K51A-D010": {"K51A-D020": 98.7928269214155}, "K52-nU010": {"K52-nU020": 36.95378026520051}, "K51-D270": {"K51-D280": 91.62468296715548}, "K51A-U190": {"K51A-U200": 73.41131344559999}, "K53-D040": {"K53-D050": 75.35019347507686}, "K52-nU040": {"K52-nU050": 67.5147219252}, "K51-D220": {"K51-D230": 255.11123722756133}, "K52-nU170": {"K52-nU180": 132.34593187728265}, "K52-nD290": {"K52-nD300": 101.06983810777109}, "K52-nD010": {"K52-nD020": 61.237657138396386}, "K52A-U030": {"K52A-U040": 42.94021076712545}, "K54-D020": {"K54-D030": 132.858094992736}, "K51A-D140": {"K51A-D150": 77.16073946486036}, "K51A-U030": {"K51A-U040": 79.81215694068229}, "K53-D015": {"K53-D020": 49.178538315463044}, "K51A-D090": {"K51A-D100": 47.178902342215494}, "K51-U020": {"K51-U030": 108.24032554201617}, "K51-U130": {"K51-U140": 74.82732343494243}, "K58-U170": {"K58-U180": 232.55958935311133}, "K51-U170": {"K51-U180": 74.12082095680026}, "K51-D030": {"K51-D040": 39.552352359238284}, "K52-nD140": {"K52-nD150": 115.34369344498899}, "K58-D180": {"K58-D190": 298.6103097787361}, "K58-D160": {"K58-D170": 222.16775945404362}, "K51-D020": {"K51-D030": 57.24953094813189}, "K52A-U130": {"K52A-U140": 60.346900629389985}, "K52-nD020": {"K52-nD030": 24.435847416384142}, "K52A-U040": {"K52A-U050": 128.17555467531815}, "K58-D010": {"K58-D020": 18.599957264443514}, "K52-nU200": {"K52-nU210": 86.33254001618629}, "K51-U040": {"K51-U050": 122.22239792863283}, "K51A-U210": {"K51A-U220": 77.25647677089515}, "K52-nU250": {"K52-nU260": 74.81866449916136}, "K52-nU060": {"K52-nU070": 153.58754288124524}, "K51-U030": {"K51-U040": 72.09542255518895}, "K58-U070": {"K58-U080": 121.66957619773459}, "K52-nU190": {"K52-nU200": 136.94413346956912}, "K52A-D140": {"K52A-D150": 121.1264313423101}, "K51-D260": {"K51-D270": 62.69400186838085}, "K51-D060": {"K51-D070": 59.17654154025744}, "K53-D060": {"K53-D070": 158.52887587075423}, "K52-nU080": {"K52-nU090": 85.23518633114033}, "K58-U060": {"K58-U070": 167.55771414180467}, "K52-nD280": {"K52-nD290": 96.17930467460485}, "K51-D210": {"K51-D220": 176.5185430136507}, "K52A-U060": {"K52A-U070": 145.99296655309413}, "K51-D140": {"K51-D150": 80.56330562560319}, "K52-nD150": {"K52-nD160": 95.98594489166227}, "K51A-D160": {"K51A-D170": 167.23056720504187}, "K58-D030": {"K58-D040": 48.9639007476532}, "K51-U220": {"K51-U230": 64.7056956996772}, "K58-U120": {"K58-U130": 127.84213864793371}, "K51A-D020": {"K51A-D030": 99.82979066950728}, "K51A-U010": {"K51A-U020": 62.70088573255704}, "K54-D040": {"K54-D050": 157.8302088883228}, "K51A-D240": {"K51A-D250": 62.913575523599796}, "K51-U140": {"K51-U150": 56.58759492918729}, "K51-D200": {"K51-D210": 125.23883382949994}, "K51A-D040": {"K51A-D050": 103.37565216656859}, "K51A-U070": {"K51A-U080": 203.95329478027196}, "K52-nU210": {"K52-nU220": 73.07484938999269}, "K58-U190": {"K58-U200": 145.63252630714996}, "K54-D060": {"K54-D070": 160.11263302642732}, "K52A-U140": {"K52A-U150": 160.357527849655}, "K52-nD100": {"K52-nD110": 58.692908749863705}, "K52A-U110": {"K52A-U120": 58.74775175230335}, "K53-U050": {"K53-U060": 147.8145833353231}, "K51A-U110": {"K51A-U120": 141.41273920762765}, "K52A-U080": {"K52A-U090": 70.33511894719284}, "K51A-D050": {"K51A-D060": 79.04175443750142}, "K52A-D130": {"K52A-D140": 87.7774752996522}, "K51A-U080": {"K51A-U090": 188.20881766491186}, "K52-nU120": {"K52-nU130": 142.88512956740846, "K52-nU140": 115.66298651903885}, "K52-nU130": {"K52-nU140": 328.31723641397036}, "K53-D130": {"K53-D140": 102.74909486172817}, "K52-nU150": {"K52-nU160": 86.71418324052699}, "K54-U020": {"K54-U030": 131.14547871369794}, "K52-nD260": {"K52-nD270": 67.07062740861974}, "K52-nU050": {"K52-nU060": 256.2318737960361}, "K51A-U060": {"K51A-U070": 324.75465583511715}, "K52A-D170": {"K52A-D180": 119.80519726733571}, "K51A-D110": {"K51A-D120": 58.00512021364182}, "K51-U110": {"K51-U120": 138.64636979638163}, "K51-U240": {"K51-U250": 108.6485555550943}, "K53-D070": {"K53-D080": 46.49159278139626}, "K52A-D080": {"K52A-D090": 69.17819950827905}, "K51A-U130": {"K51A-U140": 78.05964027978722}, "K54-D050": {"K54-D060": 87.78101401667072}, "K52-nD180": {"K52-nD190": 158.53487970908262}, "K51A-U020": {"K51A-U030": 122.66509189950993}, "K51A-D060": {"K51A-D070": 80.56082415005952}, "K51-U150": {"K51-U160": 81.69335835030873}, "K53-D160": {"K53-U011": 161.99507806357587, "K53-D170": 265.3658675727021}, "K51-U160": {"K51-U170": 112.21571458505068}, "K53-U090": {"K53-U100": 104.67488274211686}, "K52-nD160": {"K52-nD170": 152.18031913973942}, "K51A-D150": {"K51A-D160": 113.24290310741276}, "K52-nU070": {"K52-nU080": 104.06687175912911}, "K52A-U120": {"K52A-U130": 71.0773456215397}, "K52A-U150": {"K52A-U160": 38.69382558113556}, "K51-U230": {"K51-U240": 47.042339436506886}, "K52A-U050": {"K52A-U060": 57.83747723436511}, "K52A-U020": {"K52A-U030": 94.74286109456366}, "K52A-D030": {"K52A-D040": 24.299424124087032}, "K51A-U140": {"K51A-U150": 49.71383228789422}, "K53-U060": {"K53-U070": 68.26313142777813}, "K52A-U170": {"K52A-U180": 275.3301891049085}, "K53-U040": {"K53-U050": 141.0198044592423}, "K51-U070": {"K51-U080": 193.30205524504888}, "K52-nU030": {"K52-nU040": 129.04909321843277}, "K52-nU280": {"K52-nU290": 48.277670659594044}, "K54-U010": {"K54-U020": 75.10944521570619}, "K54-U070": {"K54-D010": 158.51662428647535}, "K51A-U170": {"K51A-U180": 83.13054042875174}, "K51-D240": {"K51-D250": 121.60507834117443}, "K51-D050": {"K51-D060": 61.159914648227925}, "K53-U080": {"K53-U090": 74.23108639601415}, "K51-D010": {"K51-D020": 74.5452909043074}, "K51-D170": {"K51-D180": 101.42399312321994}, "K51-U050": {"K51-U060": 262.8604989164809}, "K53-U130": {"K53-U140": 52.69031491260027}, "K51A-D230": {"K51A-D240": 147.75497043906063}, "K52-nD030": {"K52-nD040": 31.309654336030224},