{"K53-U100": {"K53-U110": 75.45008192540016}, "K53-D010": {"K53-D015": 105.98183098710676}, "K51-D150": {"K51-D160": 188.46811094525253}, "K52-nU290": {"K52-nU300": 37.64954966851235}, "K52-nU260": {"K52-nU270": 73.23270300771705}, "K52-nD110": {"K52-nD120": 151.28193280154815}, "K51-D130": {"K51-D140": 52.816296568610085}, "K51-U080": {"K51-U090": 152.2604593218966}, "K54-D030": {"K54-D040": 83.2404831962825}, "K52-nD240": {"K52-nD250": 151.18533030811182}, "K53-U010": {"K53-U020": 236.18398399781103}, "K58-D070": {"K58-D080": 100.80143530564243}, "K52-nD250": {"K52-nD260": 167.73630294818798}, "K52-nD130": {"K52-nD140": 88.87195745260365}, "K58-D020": {"K58-D030": 137.96556443159753}, "K53-D030": {"K53-D040": 72.87704638275268}, "K52A-U100": {"K52A-U110": 83.71778296164157}, "K58-U140": {"K58-U150": 157.13275130675308}, "K52A-U010": {"K52A-U015": 326.82842591302176}, "K52-nD210": {"K52-nD220": 218.48770425506146}, "K53-U030": {"K53-U040": 214.95152273541788}, "K54-U050": {"K54-U060": 383.8101259541189}, "K51-D040": {"K51-D050": 52.38882023071339}, "K58-D200": {"K58-D210": 60.64104077306482}, "K53-U110": {"K53-U120": 95.29359890644275}, "K58-U010": {"K58-U020": 59.458446662891994}, "K51A-D250": {"K51A-D260": 107.8824882128653}, "K58-D140": {"K58-D150": 41.286658321034416}, "K51A-D210": {"K51A-D220": 77.57783450165883}, "K54-U040": {"K54-U050": 157.5752708030438}, "K51A-U240": {"K51A-U250": 72.86068164919666}, "K54-U030": {"K54-U040": 120.53057285544989}, "K51-D250": {"K51-D260": 160.91978833742039}, "K51-D190": {"K51-D200": 154.80420932647058}, "K51A-U100": {"K51A-U110": 236.29087756343264}, "K51A-U090": {"K51A-U100": 150.6347463756112}, "K52-nD120": {"K52-nD130": 40.05397889698342}, "K58-D060": {"K58-D070": 155.2966968953745}, "K52A-D060": {"K52A-D070": 129.34768316859805}, "K51A-D190": {"K51A-D200": 192.12053492672993}, "K58-U180": {"K58-U190": 120.19234175552863}, "K58-D050": {"K58-D060": 173.42148503680875}, "K58-U130": {"K58-U140": 84.62002920691849}, "K54-U060": {"K54-U070": 214.20274982299935}, "K51A-U230": {"K51A-U240": 39.60965411568908}, "K53-U070": {"K53-U080": 52.47554771612624}, "K58-D170": {"K58-D180": 147.91198592210236}, "K51A-D170": {"K51A-D180": 160.53278739211447}, "K51A-D010": {"K51A-D020": 56.04450291135489}, "K52-nU010": {"K52-nU020": 33.87180654127454}, "K51-D270": {"K51-D280": 97.15273048613709}, "K51A-U190": {"K51A-U200": 72.91351953947427}, "K53-D040": {"K53-D050": 79.74081187965038}, "K52-nU040": {"K52-nU050": 71.0019287562279}, "K51-D220": {"K51-D230": 263.95936773891185}, "K52-nU170": {"K52-nU180": 134.56527252680732}, "K52-nD290": {"K52-nD300": 108.37510416781791}, "K52-nD010": {"K52-nD020": 121.0014145630176}, "K52A-U030": {"K52A-U040": 45.03569680904955}, "K54-D020": {"K54-D030": 132.858094992736}, "K51A-D140": {"K51A-D150": 79.20027494403529}, "K51A-U030": {"K51A-U040": 80.00509841587635}, "K53-D015": {"K53-D020": 51.560762201625266}, "K51A-D090": {"K51A-D100": 49.912397266201786}, "K51-U020": {"K51-U030": 120.38345370169888}, "K51-U130": {"K51-U140": 72.29229081493231}, "K58-U170": {"K58-U180": 230.83487899392154}, "K51-U170": {"K51-U180": 79.84440827428053}, "K51-D030": {"K51-D040": 41.445711187049355}, "K52-nD140": {"K52-nD150": 111.42997396847329}, "K58-D180": {"K58-D190": 299.86543252673783}, "K58-D160": {"K58-D170": 221.2294028345891}, "K51-D020": {"K51-D030": 59.55583295661317}, "K52A-U130": {"K52A-U140": 65.99733935660353}, "K52-nD020": {"K52-nD030": 23.915913062517824}, "K52A-U040": {"K52A-U050": 125.77539933140615}, "K58-D010": {"K58-D020": 16.411380621598816}, "K52-nU200": {"K52-nU210": 87.4621151468709}, "K51-U040": {"K51-U050": 125.43542937550592}, "K51A-U210": {"K51A-U220": 74.41545903625635}, "K52-nU250": {"K52-nU260": 72.65894761811155}, "K52-nU060": {"K52-nU070": 144.65910269704332}, "K51-U030": {"K51-U040": 72.55729555320397}, "K58-U070": {"K58-U080": 122.2225845936122}, "K52-nU190": {"K52-nU200": 134.7118130628863}, "K52A-D140": {"K52A-D150": 112.11993953558203}, "K51-D260": {"K51-D270": 61.82823797352226}, "K51-D060": {"K51-D070": 58.89657371038895}, "K53-D060": {"K53-D070": 162.17299189940218}, "K52-nU080": {"K52-nU090": 92.4672342819093}, "K58-U060": {"K58-U070": 170.81721504560022}, "K52-nD280": {"K52-nD290": 96.34334067419039}, "K51-D210": {"K51-D220": 182.93576117202005}, "K52A-U060": {"K52A-U070": 139.76625859738652}, "K51-D140": {"K51-D150": 82.5132405264969}, "K52-nD150": {"K52-nD160": 99.64439314293894}, "K51A-D160": {"K51A-D170": 174.52842728436664}, "K58-D030": {"K58-D040": 55.710890896572174}, "K51-U220": {"K51-U230": 62.93374219874147}, "K58-U120": {"K58-U130": 126.08115884758044}, "K51A-D020": {"K51A-D030": 107.05661084382955}, "K51A-U010": {"K51A-U020": 51.473444205380815}, "K54-D040": {"K54-D050": 157.19710683065423}, "K51A-D240": {"K51A-D250": 60.1004987764793}, "K51-U140": {"K51-U150": 49.093061157515386}, "K51-D200": {"K51-D210": 120.23900365286761}, "K51A-D040": {"K51A-D050": 100.17774510116988}, "K51A-U070": {"K51A-U080": 213.18313757101092}, "K52-nU210": {"K52-nU220": 76.95578239783617}, "K58-U190": {"K58-U200": 147.66224787131938}, "K54-D060": {"K54-D070": 140.36679232080002}, "K52A-U140": {"K52A-U150": 160.357527849655}, "K52-nD100": {"K52-nD110": 64.92153203624191}, "K52A-U110": {"K52A-U120": 56.175493632091694}, "K53-U050": {"K53-U060": 154.21586905586264}, "K51A-U110": {"K51A-U120": 143.3388401588233}, "K52A-U080": {"K52A-U090": 71.66648282360697}, "K51A-D050": {"K51A-D060": 79.71561983499791}, "K52A-D130": {"K52A-D140": 90.91003006911042}, "K51A-U080": {"K51A-U090": 190.49265430123054}, "K52-nU120": {"K52-nU130": 142.88512956740846, "K52-nU140": 117.19680341458346}, "K52-nU130": {"K52-nU140": 328.31723641397036}, "K53-D130": {"K53-D140": 90.22020177800172}, "K52-nU150": {"K52-nU160": 90.1744523040013}, "K54-U020": {"K54-U030": 151.02471821788635}, "K52-nD260": {"K52-nD270": 63.102662112842985}, "K52-nU050": {"K52-nU060": 250.05504946111856}, "K51A-U060": {"K51A-U070": 319.8224940309649}, "K52A-D170": {"K52A-D180": 114.57628269698748}, "K51A-D110": {"K51A-D120": 55.67630688878969}, "K51-U110": {"K51-U120": 140.07725793102492}, "K51-U240": {"K51-U250": 107.67350152584306}, "K53-D070": {"K53-D080": 44.307265081069964}, "K52A-D080": {"K52A-D090": 67.46631742608876}, "K51A-U130": {"K51A-U140": 79.30408230419684}, "K54-D050": {"K54-D060": 89.17090809565067}, "K52-nD180": {"K52-nD190": 136.57570506017356}, "K51A-U020": {"K51A-U030": 128.1478605005084}, "K51A-D060": {"K51A-D070": 81.88815145980402}, "K51-U150": {"K51-U160": 78.33347225420646}, "K53-D160": {"K53-U011": 161.99507806357587, "K53-D170": 435.2682014127501}, "K51-U160": {"K51-U170": 107.2200117164306}, "K53-U090": {"K53-U100": 115.59995333512279}, "K52-nD160": {"K52-nD170": 151.7876387156742}, "K51A-D150": {"K51A-D160": 115.20131597971829}, "K52-nU070": {"K52-nU080": 99.14033238594394}, "K52A-U120": {"K52A-U130": 73.87870696883013}, "K52A-U150": {"K52A-U160": 38.94873375291478}, "K51-U230": {"K51-U240": 50.86910193439042}, "K52A-U050": {"K52A-U060": 58.77299968471381}, "K52A-U020": {"K52A-U030": 87.2794497940607}, "K52A-D030": {"K52A-D040": 25.31286013312005}, "K51A-U140": {"K51A-U150": 49.09607051058074}, "K53-U060": {"K53-U070": 73.49229182698774}, "K52A-U170": {"K52A-U180": 275.3301891049085}, "K53-U040": {"K53-U050": 133.5231757478463}, "K51-U070": {"K51-U080": 206.22192956178895}, "K52-nU030": {"K52-nU040": 131.17507472190522}, "K52-nU280": {"K52-nU290": 43.86256097178001}, "K54-U010": {"K54-U020": 73.19261183582289}, "K54-U070": {"K54-D010": 150.06772736424233}, "K51A-U170": {"K51A-U180": 81.24011818567143}, "K51-D240": {"K51-D250": 121.57982800805311}, "K51-D050": {"K51-D060": 59.40610146401982}, "K53-U080": {"K53-U090": 75.6298588569545}, "K51-D010": {"K51-D020": 83.93917235082611}, "K51-D170": {"K51-D180": 94.65153141825752}, "K51-U050": {"K51-U060": 274.66412338518296}, "K53-U130": {"K53-U140": 61.37741345708389}, "K51A-D230": {"K51A-D240": 154.0143171124556},