{"K53-U100": {"K53-U110": 80.15440936654466}, "K53-D010": {"K53-D015": 98.1895972259922}, "K51-D150": {"K51-D160": 172.41587449783142}, "K52-nU290": {"K52-nU300": 34.62755518571211}, "K52-nU260": {"K52-nU270": 63.68855069767454}, "K52-nD110": {"K52-nD120": 150.29991673186376}, "K51-D130": {"K51-D140": 47.85998140936668}, "K51-U080": {"K51-U090": 174.45685149215112}, "K54-D030": {"K54-D040": 86.57581748092305}, "K52-nD240": {"K52-nD250": 158.0290362129818}, "K53-U010": {"K53-U020": 237.2534215048876}, "K58-D070": {"K58-D080": 103.21534329398162}, "K52-nD250": {"K52-nD260": 170.87898913651495}, "K52-nD130": {"K52-nD140": 93.00078704704737}, "K58-D020": {"K58-D030": 142.05321305989446}, "K53-D030": {"K53-D040": 78.05791162497668}, "K52A-U100": {"K52A-U110": 89.6456733366027}, "K58-U140": {"K58-U150": 160.69506012178346}, "K52A-U010": {"K52A-U015": 251.04709807926346}, "K52-nD210": {"K52-nD220": 214.58267080224027}, "K53-U030": {"K53-U040": 226.43498689959506}, "K54-U050": {"K54-U060": 346.5988114130497}, "K51-D040": {"K51-D050": 53.82086952325086}, "K58-D200": {"K58-D210": 67.13566533470815}, "K53-U110": {"K53-U120": 91.69310652982391}, "K58-U010": {"K58-U020": 64.26059250781823}, "K51A-D250": {"K51A-D260": 93.41262244017162}, "K58-D140": {"K58-D150": 44.96118050364735}, "K51A-D210": {"K51A-D220": 83.13974980984031}, "K54-U040": {"K54-U050": 153.16029105007874}, "K51A-U240": {"K51A-U250": 74.07939966225638}, "K54-U030": {"K54-U040": 118.7050274687897}, "K51-D250": {"K51-D260": 154.29104391340576}, "K51-D190": {"K51-D200": 162.2404659208578}, "K51A-U100": {"K51A-U110": 227.962894549841}, "K51A-U090": {"K51A-U100": 160.2642677523051}, "K52-nD120": {"K52-nD130": 41.08138024412743}, "K58-D060": {"K58-D070": 164.81193288105072}, "K52A-D060": {"K52A-D070": 129.34768316859805}, "K51A-D190": {"K51A-D200": 196.27535180568137}, "K58-U180": {"K58-U190": 122.90560761906332}, "K58-D050": {"K58-D060": 176.03823936101884}, "K58-U130": {"K58-U140": 95.08201389004981}, "K54-U060": {"K54-U070": 213.64284992155953}, "K51A-U230": {"K51A-U240": 38.59000841664458}, "K53-U070": {"K53-U080": 56.923074103862255}, "K58-D170": {"K58-D180": 154.1044164608059}, "K51A-D170": {"K51A-D180": 162.96009283261895}, "K51A-D010": {"K51A-D020": 51.8735349699178}, "K52-nU010": {"K52-nU020": 37.63989939406778}, "K51-D270": {"K51-D280": 102.00690064946045}, "K51A-U190": {"K51A-U200": 75.88465738372413}, "K53-D040": {"K53-D050": 78.09938423525156}, "K52-nU040": {"K52-nU050": 78.96901214860138}, "K51-D220": {"K51-D230": 258.69792937174435}, "K52-nU170": {"K52-nU180": 138.0362923544761}, "K52-nD290": {"K52-nD300": 104.51206896935275}, "K52-nD010": {"K52-nD020": 19.363439981546374}, "K52A-U030": {"K52A-U040": 45.26781918123877}, "K54-D020": {"K54-D030": 132.858094992736}, "K51A-D140": {"K51A-D150": 83.94551006613226}, "K51A-U030": {"K51A-U040": 75.97137389701668}, "K53-D015": {"K53-D020": 49.554317886552916}, "K51A-D090": {"K51A-D100": 52.490042093427554}, "K51-U020": {"K51-U030": 120.8890749854244}, "K51-U130": {"K51-U140": 69.82731412783016}, "K58-U170": {"K58-U180": 234.27560133198676}, "K51-U170": {"K51-U180": 79.28498485245123}, "K51-D030": {"K51-D040": 41.18202311905502}, "K52-nD140": {"K52-nD150": 115.2041577384362}, "K58-D180": {"K58-D190": 301.889075952878}, "K58-D160": {"K58-D170": 220.3449494847389}, "K51-D020": {"K51-D030": 57.21783903083485}, "K52A-U130": {"K52A-U140": 64.50182694873662}, "K52-nD020": {"K52-nD030": 28.418136255418204}, "K52A-U040": {"K52A-U050": 130.01642955954168}, "K58-D010": {"K58-D020": 18.4658556336677}, "K52-nU200": {"K52-nU210": 82.69151798901382}, "K51-U040": {"K51-U050": 121.4144526107591}, "K51A-U210": {"K51A-U220": 80.68861065904437}, "K52-nU250": {"K52-nU260": 75.78260041840852}, "K52-nU060": {"K52-nU070": 162.5399934388031}, "K51-U030": {"K51-U040": 70.25864630718527}, "K58-U070": {"K58-U080": 118.74163302679551}, "K52-nU190": {"K52-nU200": 143.72279147750416}, "K52A-D140": {"K52A-D150": 113.23256825345747}, "K51-D260": {"K51-D270": 62.28854437008677}, "K51-D060": {"K51-D070": 59.574813593225144}, "K53-D060": {"K53-D070": 162.85943275828726}, "K52-nU080": {"K52-nU090": 88.98785541138862}, "K58-U060": {"K58-U070": 178.23474908439192}, "K52-nD280": {"K52-nD290": 95.35348461913213}, "K51-D210": {"K51-D220": 194.09183111380742}, "K52A-U060": {"K52A-U070": 138.69311141937428}, "K51-D140": {"K51-D150": 84.65451386559967}, "K52-nD150": {"K52-nD160": 101.80768321274067}, "K51A-D160": {"K51A-D170": 176.02430196600315}, "K58-D030": {"K58-D040": 56.457616313204504}, "K51-U220": {"K51-U230": 66.53271018953777}, "K58-U120": {"K58-U130": 116.5718621207819}, "K51A-D020": {"K51A-D030": 110.73759831052261}, "K51A-U010": {"K51A-U020": 48.854825193994174}, "K54-D040": {"K54-D050": 154.91334951364055}, "K51A-D240": {"K51A-D250": 67.2379202282701}, "K51-U140": {"K51-U150": 54.29241079487152}, "K51-D200": {"K51-D210": 122.66527876353864}, "K51A-D040": {"K51A-D050": 102.0981005452646}, "K51A-U070": {"K51A-U080": 208.9088716076238}, "K52-nU210": {"K52-nU220": 77.72575099641169}, "K58-U190": {"K58-U200": 148.6635352452895}, "K54-D060": {"K54-D070": 151.96399142596016}, "K52A-U140": {"K52A-U150": 160.357527849655}, "K52-nD100": {"K52-nD110": 61.1651029998056}, "K52A-U110": {"K52A-U120": 63.52106445051603}, "K53-U050": {"K53-U060": 144.78357224008684}, "K51A-U110": {"K51A-U120": 136.59005784991382}, "K52A-U080": {"K52A-U090": 66.58961443019277}, "K51A-D050": {"K51A-D060": 81.23500793851801}, "K52A-D130": {"K52A-D140": 87.66024552197987}, "K51A-U080": {"K51A-U090": 189.30440703783037}, "K52-nU120": {"K52-nU130": 142.88512956740846, "K52-nU140": 111.78387313616682}, "K52-nU130": {"K52-nU140": 328.31723641397036}, "K53-D130": {"K53-D140": 104.66001383807732}, "K52-nU150": {"K52-nU160": 82.32520298180984}, "K54-U020": {"K54-U030": 132.05656889764893}, "K52-nD260": {"K52-nD270": 60.62755122788135}, "K52-nU050": {"K52-nU060": 256.09309426439603}, "K51A-U060": {"K51A-U070": 312.2630361626189}, "K52A-D170": {"K52A-D180": 118.4832023214577}, "K51A-D110": {"K51A-D120": 53.32233651787344}, "K51-U110": {"K51-U120": 126.35403262110628}, "K51-U240": {"K51-U250": 110.12320288830833}, "K53-D070": {"K53-D080": 47.700797258149684}, "K52A-D080": {"K52A-D090": 63.36321495638002}, "K51A-U130": {"K51A-U140": 77.89094167137966}, "K54-D050": {"K54-D060": 95.78612754966062}, "K52-nD180": {"K52-nD190": 149.09532643919383}, "K51A-U020": {"K51A-U030": 117.70664899791241}, "K51A-D060": {"K51A-D070": 80.90853555536397}, "K51-U150": {"K51-U160": 85.04053480383102}, "K53-D160": {"K53-U011": 161.99507806357587, "K53-D170": 215.0507452395321}, "K51-U160": {"K51-U170": 100.97896844149535}, "K53-U090": {"K53-U100": 115.8284056099615}, "K52-nD160": {"K52-nD170": 151.38289183532052}, "K51A-D150": {"K51A-D160": 101.93152597284359}, "K52-nU070": {"K52-nU080": 106.60331420761145}, "K52A-U120": {"K52A-U130": 64.79046368189844}, "K52A-U150": {"K52A-U160": 28.2342646041183}, "K51-U230": {"K51-U240": 53.92313597467771}, "K52A-U050": {"K52A-U060": 62.13148837755589}, "K52A-U020": {"K52A-U030": 85.95070440636383}, "K52A-D030": {"K52A-D040": 28.33870793864303}, "K51A-U140": {"K51A-U150": 51.061189693926806}, "K53-U060": {"K53-U070": 70.87048398933163}, "K52A-U170": {"K52A-U180": 275.3301891049085}, "K53-U040": {"K53-U050": 135.82683106363035}, "K51-U070": {"K51-U080": 209.77018986261228}, "K52-nU030": {"K52-nU040": 130.0313569500907}, "K52-nU280": {"K52-nU290": 46.200414853543705}, "K54-U010": {"K54-U020": 69.00927422971866}, "K54-U070": {"K54-D010": 157.92209307054878}, "K51A-U170": {"K51A-U180": 79.89191526829954}, "K51-D240": {"K51-D250": 120.49979778771055}, "K51-D050": {"K51-D060": 62.97358763596581}, "K53-U080": {"K53-U090": 78.73143759328964}, "K51-D010": {"K51-D020": 80.71597323274395}, "K51-D170": {"K51-D180": 96.78119279088695}, "K51-U050": {"K51-U060": 267.7553131169496}, "K53-U130": {"K53-U140": 64.61006664166726}, "K51A-D230": {"K51A-D240": 161.31304365959846}, "K52-nD030": {"K52-nD040": 34.07603151343745},