{"K53-U100": {"K53-U110": 77.303899072038}, "K53-D010": {"K53-D015": 105.6611166141324}, "K51-D150": {"K51-D160": 186.9627140228748}, "K52-nU290": {"K52-nU300": 36.750196477748155}, "K52-nU260": {"K52-nU270": 65.69782899306115}, "K52-nD110": {"K52-nD120": 167.72879318792138}, "K51-D130": {"K51-D140": 50.395374814984635}, "K51-U080": {"K51-U090": 169.29155318496987}, "K54-D030": {"K54-D040": 73.31844583591052}, "K52-nD240": {"K52-nD250": 153.1900603884688}, "K53-U010": {"K53-U020": 252.63915830678087}, "K58-D070": {"K58-D080": 112.93524780921878}, "K52-nD250": {"K52-nD260": 188.51846101003846}, "K52-nD130": {"K52-nD140": 97.65880606822736}, "K58-D020": {"K58-D030": 135.69339482982159}, "K53-D030": {"K53-D040": 85.14428597861128}, "K52A-U100": {"K52A-U110": 75.64077031553181}, "K58-U140": {"K58-U150": 148.87522152439857}, "K52A-U010": {"K52A-U015": 308.17102329147997}, "K52-nD210": {"K52-nD220": 223.38058044273308}, "K53-U030": {"K53-U040": 211.65247903348228}, "K54-U050": {"K54-U060": 338.77190318281225}, "K51-D040": {"K51-D050": 50.08391320600744}, "K58-D200": {"K58-D210": 63.16059196639753}, "K53-U110": {"K53-U120": 97.52160542565449}, "K58-U010": {"K58-U020": 52.8247681034764}, "K51A-D250": {"K51A-D260": 97.17677211590686}, "K58-D140": {"K58-D150": 44.78794883033668}, "K51A-D210": {"K51A-D220": 78.77454925823336}, "K54-U040": {"K54-U050": 173.48378271809037}, "K51A-U240": {"K51A-U250": 72.14745683334996}, "K54-U030": {"K54-U040": 127.36474647000193}, "K51-D250": {"K51-D260": 159.13472204067776}, "K51-D190": {"K51-D200": 150.07959433744935}, "K51A-U100": {"K51A-U110": 231.36766589530575}, "K51A-U090": {"K51A-U100": 151.91979924306813}, "K52-nD120": {"K52-nD130": 41.59297816562709}, "K58-D060": {"K58-D070": 156.3942504177267}, "K52A-D060": {"K52A-D070": 129.34768316859805}, "K51A-D190": {"K51A-D200": 189.95130470712903}, "K58-U180": {"K58-U190": 136.21637795627174}, "K58-D050": {"K58-D060": 185.3485418960779}, "K58-U130": {"K58-U140": 92.49145279101359}, "K54-U060": {"K54-U070": 212.6632430968507}, "K51A-U230": {"K51A-U240": 41.09192193104317}, "K53-U070": {"K53-U080": 60.50994819507688}, "K58-D170": {"K58-D180": 154.22663117732753}, "K51A-D170": {"K51A-D180": 161.54343805091895}, "K51A-D010": {"K51A-D020": 55.09428070221103}, "K52-nU010": {"K52-nU020": 41.23484921077806}, "K51-D270": {"K51-D280": 87.44698954337647}, "K51A-U190": {"K51A-U200": 70.62453456913143}, "K53-D040": {"K53-D050": 78.40919440312038}, "K52-nU040": {"K52-nU050": 76.3906879474004}, "K51-D220": {"K51-D230": 244.68540892716086}, "K52-nU170": {"K52-nU180": 137.62676875014174}, "K52-nD290": {"K52-nD300": 100.29054690786988}, "K52-nD010": {"K52-nD020": 19.371734210605062}, "K52A-U030": {"K52A-U040": 41.00919712627142}, "K54-D020": {"K54-D030": 132.858094992736}, "K51A-D140": {"K51A-D150": 89.02681974705531}, "K51A-U030": {"K51A-U040": 81.14738421624939}, "K53-D015": {"K53-D020": 49.724383785243894}, "K51A-D090": {"K51A-D100": 48.753531290587816}, "K51-U020": {"K51-U030": 118.52954052758533}, "K51-U130": {"K51-U140": 70.08008958332616}, "K58-U170": {"K58-U180": 242.90717880499741}, "K51-U170": {"K51-U180": 81.38686306623545}, "K51-D030": {"K51-D040": 40.96822214978046}, "K52-nD140": {"K52-nD150": 119.15801955556205}, "K58-D180": {"K58-D190": 310.1773848542556}, "K58-D160": {"K58-D170": 234.1607453812071}, "K51-D020": {"K51-D030": 60.03326089132205}, "K52A-U130": {"K52A-U140": 67.77119665555213}, "K52-nD020": {"K52-nD030": 26.97369520558475}, "K52A-U040": {"K52A-U050": 136.75118032279246}, "K58-D010": {"K58-D020": 35.01475359056323}, "K52-nU200": {"K52-nU210": 92.0074038428914}, "K51-U040": {"K51-U050": 115.36140500358638}, "K51A-U210": {"K51A-U220": 77.37625175124131}, "K52-nU250": {"K52-nU260": 79.7974676948909}, "K52-nU060": {"K52-nU070": 162.81993011253596}, "K51-U030": {"K51-U040": 78.91819034096793}, "K58-U070": {"K58-U080": 133.06523263608796}, "K52-nU190": {"K52-nU200": 146.47992164611037}, "K52A-D140": {"K52A-D150": 117.99240974245734}, "K51-D260": {"K51-D270": 60.0731897223277}, "K51-D060": {"K51-D070": 56.38828126241426}, "K53-D060": {"K53-D070": 175.1827584500448}, "K52-nU080": {"K52-nU090": 88.55031797546015}, "K58-U060": {"K58-U070": 166.485890958636}, "K52-nD280": {"K52-nD290": 94.72320728392756}, "K51-D210": {"K51-D220": 182.36792150069186}, "K52A-U060": {"K52A-U070": 140.8499036818266}, "K51-D140": {"K51-D150": 82.700812768742}, "K52-nD150": {"K52-nD160": 97.757788909276}, "K51A-D160": {"K51A-D170": 184.88079448509387}, "K58-D030": {"K58-D040": 66.41666628164492}, "K51-U220": {"K51-U230": 66.53266170412181}, "K58-U120": {"K58-U130": 144.50999910682285}, "K51A-D020": {"K51A-D030": 114.69356531911777}, "K51A-U010": {"K51A-U020": 56.56034648470764}, "K54-D040": {"K54-D050": 156.21448482642347}, "K51A-D240": {"K51A-D250": 66.26783844536747}, "K51-U140": {"K51-U150": 52.89994245230061}, "K51-D200": {"K51-D210": 123.2739354822983}, "K51A-D040": {"K51A-D050": 99.36997880948256}, "K51A-U070": {"K51A-U080": 204.21163824596016}, "K52-nU210": {"K52-nU220": 79.60546430039354}, "K58-U190": {"K58-U200": 145.73941715535528}, "K54-D060": {"K54-D070": 158.38119729442465}, "K52A-U140": {"K52A-U150": 160.35752784974284}, "K52-nD100": {"K52-nD110": 63.820645836062354}, "K52A-U110": {"K52A-U120": 57.0208739412364}, "K53-U050": {"K53-U060": 148.51121518502015}, "K51A-U110": {"K51A-U120": 136.94393238425468}, "K52A-U080": {"K52A-U090": 73.6088207645712}, "K51A-D050": {"K51A-D060": 75.50803308812085}, "K52A-D130": {"K52A-D140": 103.24435925414336}, "K51A-U080": {"K51A-U090": 178.82606840162018}, "K52-nU120": {"K52-nU130": 142.88512956740846, "K52-nU140": 121.38760908138345}, "K52-nU130": {"K52-nU140": 328.31723641397036}, "K53-D130": {"K53-D140": 100.5741209886896}, "K52-nU150": {"K52-nU160": 95.47607936610939}, "K54-U020": {"K54-U030": 142.95137051700954}, "K52-nD260": {"K52-nD270": 68.53622735075521}, "K52-nU050": {"K52-nU060": 261.08801738878134}, "K51A-U060": {"K51A-U070": 318.4847166689242}, "K52A-D170": {"K52A-D180": 125.93459993615787}, "K51A-D110": {"K51A-D120": 54.27525787256047}, "K51-U110": {"K51-U120": 128.9097545733801}, "K51-U240": {"K51-U250": 100.0038537753959}, "K53-D070": {"K53-D080": 44.64577802139266}, "K52A-D080": {"K52A-D090": 63.46977527513468}, "K51A-U130": {"K51A-U140": 78.53288650005692}, "K54-D050": {"K54-D060": 93.6485960486945}, "K52-nD180": {"K52-nD190": 130.32325223179208}, "K51A-U020": {"K51A-U030": 132.1201939971527}, "K51A-D060": {"K51A-D070": 84.39554537645353}, "K51-U150": {"K51-U160": 85.73577331119489}, "K53-D160": {"K53-U011": 161.99507806357587, "K53-D170": 409.9336163338442}, "K51-U160": {"K51-U170": 110.23056140134301}, "K53-U090": {"K53-U100": 116.00430986409938}, "K52-nD160": {"K52-nD170": 152.19376065731518}, "K51A-D150": {"K51A-D160": 113.94784538493941}, "K52-nU070": {"K52-nU080": 106.7074522540149}, "K52A-U120": {"K52A-U130": 62.783469557498584}, "K52A-U150": {"K52A-U160": 38.34255549090334}, "K51-U230": {"K51-U240": 49.3575507229219}, "K52A-U050": {"K52A-U060": 60.19347038060744}, "K52A-U020": {"K52A-U030": 96.22524246383327}, "K52A-D030": {"K52A-D040": 21.2914116445994}, "K51A-U140": {"K51A-U150": 50.78256282115517}, "K53-U060": {"K53-U070": 74.44812365424437}, "K52A-U170": {"K52A-U180": 275.3301891049898}, "K53-U040": {"K53-U050": 131.67282402762953}, "K51-U070": {"K51-U080": 199.2366790637994}, "K52-nU030": {"K52-nU040": 125.79035488399934}, "K52-nU280": {"K52-nU290": 44.92988796266157}, "K54-U010": {"K54-U020": 110.171508833203}, "K54-U070": {"K54-D010": 151.60449445793782}, "K51A-U170": {"K51A-U180": 79.5404988937313}, "K51-D240": {"K51-D250": 121.49619264325479}, "K51-D050": {"K51-D060": 56.368827106068565}, "K53-U080": {"K53-U090": 82.40011667349798}, "K51-D010": {"K51-D020": 76.45892477198514}, "K51-D170": {"K51-D180": 100.51956236035895}, "K51-U050": {"K51-U060": 267.3307807148197}, "K53-U130": {"K53-U140": 76.06049959144374}, "K51A-D230": {"K51A-D240": 146.94267247871176}, "K52-nD030": {"K52-nD040": 28.941144349677852},