{"K53-U100": {"K53-U110": 75.93836480660568}, "K53-D010": {"K53-D015": 98.61917065340504}, "K51-D150": {"K51-D160": 175.37755285098953}, "K52-nU290": {"K52-nU300": 34.33378635734219}, "K52-nU260": {"K52-nU270": 81.4345214365737}, "K52-nD110": {"K52-nD120": 152.72619676738182}, "K51-D130": {"K51-D140": 55.01608055946771}, "K51-U080": {"K51-U090": 170.71796697835038}, "K54-D030": {"K54-D040": 75.88933860103492}, "K52-nD240": {"K52-nD250": 154.7570575626632}, "K53-U010": {"K53-U020": 259.4601138458148}, "K58-D070": {"K58-D080": 101.85371124769102}, "K52-nD250": {"K52-nD260": 178.4300496548092}, "K52-nD130": {"K52-nD140": 91.58229222974511}, "K58-D020": {"K58-D030": 111.48097614201154}, "K53-D030": {"K53-D040": 76.30434218498135}, "K52A-U100": {"K52A-U110": 87.16011071160762}, "K58-U140": {"K58-U150": 150.82376099376117}, "K52A-U010": {"K52A-U015": 254.1475499980125}, "K52-nD210": {"K52-nD220": 198.8939249395118}, "K53-U030": {"K53-U040": 201.48262622142025}, "K54-U050": {"K54-U060": 280.06880654046347}, "K51-D040": {"K51-D050": 54.63609473868706}, "K58-D200": {"K58-D210": 66.3991516303228}, "K53-U110": {"K53-U120": 99.11955935035512}, "K58-U010": {"K58-U020": 145.0163198029157}, "K51A-D250": {"K51A-D260": 101.0486332974487}, "K58-D140": {"K58-D150": 38.34022121686463}, "K51A-D210": {"K51A-D220": 79.83990868143528}, "K54-U040": {"K54-U050": 142.41574194126753}, "K51A-U240": {"K51A-U250": 72.78258324120165}, "K54-U030": {"K54-U040": 128.2270103207991}, "K51-D250": {"K51-D260": 164.88733130077622}, "K51-D190": {"K51-D200": 162.11759308450388}, "K51A-U100": {"K51A-U110": 208.2478261264004}, "K51A-U090": {"K51A-U100": 157.30811726872685}, "K52-nD120": {"K52-nD130": 41.97394154127739}, "K58-D060": {"K58-D070": 158.45282944866918}, "K52A-D060": {"K52A-D070": 129.34768316859805}, "K51A-D190": {"K51A-D200": 203.03440432301085}, "K58-U180": {"K58-U190": 115.61963270119902}, "K58-D050": {"K58-D060": 192.39115721566176}, "K58-U130": {"K58-U140": 83.56424102111413}, "K54-U060": {"K54-U070": 202.97096214910783}, "K51A-U230": {"K51A-U240": 38.57123220602574}, "K53-U070": {"K53-U080": 53.165651890277196}, "K58-D170": {"K58-D180": 136.31115354383886}, "K51A-D170": {"K51A-D180": 161.4781202595447}, "K51A-D010": {"K51A-D020": 55.78846858056788}, "K52-nU010": {"K52-nU020": 129.71095028471888}, "K51-D270": {"K51-D280": 102.10228584897189}, "K51A-U190": {"K51A-U200": 68.05306672647292}, "K53-D040": {"K53-D050": 75.47362660287074}, "K52-nU040": {"K52-nU050": 60.210513716579285}, "K51-D220": {"K51-D230": 268.61835557043366}, "K52-nU170": {"K52-nU180": 131.91786738152058}, "K52-nD290": {"K52-nD300": 101.48788924863918}, "K52-nD010": {"K52-nD020": 18.233641585167703}, "K52A-U030": {"K52A-U040": 44.61607408992416}, "K54-D020": {"K54-D030": 132.83763902433572}, "K51A-D140": {"K51A-D150": 77.64633959673931}, "K51A-U030": {"K51A-U040": 64.37878066491025}, "K53-D015": {"K53-D020": 50.07143411950007}, "K51A-D090": {"K51A-D100": 88.14452126331153}, "K51-U020": {"K51-U030": 126.27584528818036}, "K51-U130": {"K51-U140": 74.07910047866588}, "K58-U170": {"K58-U180": 198.8872981990769}, "K51-U170": {"K51-U180": 78.85212571734021}, "K51-D030": {"K51-D040": 35.968694607996824}, "K52-nD140": {"K52-nD150": 115.30687370653145}, "K58-D180": {"K58-D190": 299.5715099011646}, "K58-D160": {"K58-D170": 204.21423406209533}, "K51-D020": {"K51-D030": 57.57229025251841}, "K52A-U130": {"K52A-U140": 80.90460579769068}, "K52-nD020": {"K52-nD030": 26.090631673135213}, "K52A-U040": {"K52A-U050": 137.59495459189426}, "K58-D010": {"K58-D020": 19.8576867156608}, "K52-nU200": {"K52-nU210": 84.45729183148528}, "K51-U040": {"K51-U050": 130.90145820985168}, "K51A-U210": {"K51A-U220": 81.21322115088353}, "K52-nU250": {"K52-nU260": 66.47158520981397}, "K52-nU060": {"K52-nU070": 153.87681929085005}, "K51-U030": {"K51-U040": 68.5220693067937}, "K58-U070": {"K58-U080": 114.41872991478267}, "K52-nU190": {"K52-nU200": 135.50333378014247}, "K52A-D140": {"K52A-D150": 110.55945140734116}, "K51-D260": {"K51-D270": 57.64053752425515}, "K51-D060": {"K51-D070": 63.70307034707664}, "K53-D060": {"K53-D070": 130.14673520376664}, "K52-nU080": {"K52-nU090": 85.76250574513567}, "K58-U060": {"K58-U070": 176.72021587514305}, "K52-nD280": {"K52-nD290": 91.05355904531852}, "K51-D210": {"K51-D220": 175.87500565930003}, "K52A-U060": {"K52A-U070": 147.78961559859687}, "K51-D140": {"K51-D150": 79.54764092444864}, "K52-nD150": {"K52-nD160": 100.92731512605718}, "K51A-D160": {"K51A-D170": 192.16761376965923}, "K58-D030": {"K58-D040": 66.25988271883372}, "K51-U220": {"K51-U230": 63.70292362733858}, "K58-U120": {"K58-U130": 130.0263840329186}, "K51A-D020": {"K51A-D030": 115.94143526745961}, "K51A-U010": {"K51A-U020": 51.08350254397625}, "K54-D040": {"K54-D050": 147.40931551351335}, "K51A-D240": {"K51A-D250": 62.905234632879626}, "K51-U140": {"K51-U150": 56.613527115860144}, "K51-D200": {"K51-D210": 123.03811267842579}, "K51A-D040": {"K51A-D050": 97.96002765796092}, "K51A-U070": {"K51A-U080": 197.71334520676166}, "K52-nU210": {"K52-nU220": 80.91374464153238}, "K58-U190": {"K58-U200": 138.31296725511737}, "K54-D060": {"K54-D070": 146.05999579254964}, "K52A-U140": {"K52A-U150": 160.36747851973956}, "K52-nD100": {"K52-nD110": 68.40687971999323}, "K52A-U110": {"K52A-U120": 59.90643319662055}, "K53-U050": {"K53-U060": 138.77830714395}, "K51A-U110": {"K51A-U120": 123.31513225966}, "K52A-U080": {"K52A-U090": 74.27262753336635}, "K51A-D050": {"K51A-D060": 84.56844626112733}, "K52A-D130": {"K52A-D140": 83.70666206557661}, "K51A-U080": {"K51A-U090": 164.46481735673405}, "K52-nU120": {"K52-nU130": 142.88512956740846, "K52-nU140": 116.56347169423898}, "K52-nU130": {"K52-nU140": 328.31723641397036}, "K53-D130": {"K53-D140": 108.10598318100843}, "K52-nU150": {"K52-nU160": 91.65381831172796}, "K54-U020": {"K54-U030": 157.18660511920788}, "K52-nD260": {"K52-nD270": 56.50227691130217}, "K52-nU050": {"K52-nU060": 258.1908970192202}, "K51A-U060": {"K51A-U070": 304.9222461782625}, "K52A-D170": {"K52A-D180": 114.43681539907637}, "K51A-D110": {"K51A-D120": 54.98189810923685}, "K51-U110": {"K51-U120": 121.43033316610274}, "K51-U240": {"K51-U250": 104.25853102514093}, "K53-D070": {"K53-D080": 71.71435177651247}, "K52A-D080": {"K52A-D090": 57.414592247873045}, "K51A-U130": {"K51A-U140": 80.378871626463}, "K54-D050": {"K54-D060": 77.95070634881344}, "K52-nD180": {"K52-nD190": 134.48937095278146}, "K51A-U020": {"K51A-U030": 116.53084090855471}, "K51A-D060": {"K51A-D070": 74.0601821917171}, "K51-U150": {"K51-U160": 87.90732323683942}, "K53-D160": {"K53-U011": 161.99507806357587, "K53-D170": 229.62692159152994}, "K51-U160": {"K51-U170": 105.50392964702753}, "K53-U090": {"K53-U100": 110.6799008877767}, "K52-nD160": {"K52-nD170": 156.4057809608118}, "K51A-D150": {"K51A-D160": 106.78942395070472}, "K52-nU070": {"K52-nU080": 100.62819549042786}, "K52A-U120": {"K52A-U130": 69.49455119692065}, "K52A-U150": {"K52A-U160": 34.48586844015593}, "K51-U230": {"K51-U240": 43.708862330363175}, "K52A-U050": {"K52A-U060": 61.75003590437211}, "K52A-U020": {"K52A-U030": 92.12568227775213}, "K52A-D030": {"K52A-D040": 20.8668611794427}, "K51A-U140": {"K51A-U150": 54.326728630695825}, "K53-U060": {"K53-U070": 70.32199600537187}, "K52A-U170": {"K52A-U180": 275.3750320785299}, "K53-U040": {"K53-U050": 121.51256040104587}, "K51-U070": {"K51-U080": 181.69170802462833}, "K52-nU030": {"K52-nU040": 129.68747809144887}, "K52-nU280": {"K52-nU290": 44.215481832226885}, "K54-U010": {"K54-U020": 83.31721883688773}, "K54-U070": {"K54-D010": 148.23290007106704}, "K51A-U170": {"K51A-U180": 80.10396797716157}, "K51-D240": {"K51-D250": 132.95814305879668}, "K51-D050": {"K51-D060": 59.400286008336174}, "K53-U080": {"K53-U090": 75.32685807724846}, "K51-D010": {"K51-D020": 77.05713035594593}, "K51-D170": {"K51-D180": 97.10316727308113}, "K51-U050": {"K51-U060": 257.3781698963133}, "K53-U130": {"K53-U140": 62.80660810851297}, "K51A-D230": {"K51A-D240": 153.11341531627178},