{"K53-U100": {"K53-U110": 75.18637034651996}, "K53-D010": {"K53-D015": 94.15617061682187}, "K51-D150": {"K51-D160": 163.8516172935379}, "K52-nU290": {"K52-nU300": 36.17293777488719}, "K52-nU260": {"K52-nU270": 65.61380041914148}, "K52-nD110": {"K52-nD120": 152.50095851986742}, "K51-D130": {"K51-D140": 64.99322149754258}, "K51-U080": {"K51-U090": 172.20932425947555}, "K54-D030": {"K54-D040": 74.9519731866462}, "K52-nD240": {"K52-nD250": 157.37887122804563}, "K53-U010": {"K53-U020": 261.101315774925}, "K58-D070": {"K58-D080": 104.95147427124428}, "K52-nD250": {"K52-nD260": 174.59833097331165}, "K52-nD130": {"K52-nD140": 85.16932576842557}, "K58-D020": {"K58-D030": 92.10272126727541}, "K53-D030": {"K53-D040": 78.69128543792564}, "K52A-U100": {"K52A-U110": 85.89770279052894}, "K58-U140": {"K58-U150": 140.05292132022024}, "K52A-U010": {"K52A-U015": 284.4797361301536}, "K52-nD210": {"K52-nD220": 194.9989424164878}, "K53-U030": {"K53-U040": 197.01700530350752}, "K54-U050": {"K54-U060": 315.4862213369248}, "K51-D040": {"K51-D050": 55.75937456773395}, "K58-D200": {"K58-D210": 64.26163587882348}, "K53-U110": {"K53-U120": 100.29492317926072}, "K58-U010": {"K58-U020": 41.86656679909004}, "K51A-D250": {"K51A-D260": 90.88065127025558}, "K58-D140": {"K58-D150": 39.49752715136259}, "K51A-D210": {"K51A-D220": 82.96151517933743}, "K54-U040": {"K54-U050": 159.53770991325814}, "K51A-U240": {"K51A-U250": 72.31771307835021}, "K54-U030": {"K54-U040": 117.49185314555739}, "K51-D250": {"K51-D260": 139.98476196653405}, "K51-D190": {"K51-D200": 162.25720589647204}, "K51A-U100": {"K51A-U110": 202.33948365540724}, "K51A-U090": {"K51A-U100": 146.85874536373757}, "K52-nD120": {"K52-nD130": 41.118100519585965}, "K58-D060": {"K58-D070": 159.6047758557226}, "K52A-D060": {"K52A-D070": 129.34768316859805}, "K51A-D190": {"K51A-D200": 202.47049677768783}, "K58-U180": {"K58-U190": 109.51505901747714}, "K58-D050": {"K58-D060": 181.78446374366968}, "K58-U130": {"K58-U140": 91.08678144740263}, "K54-U060": {"K54-U070": 211.42956807601757}, "K51A-U230": {"K51A-U240": 39.06775238102771}, "K53-U070": {"K53-U080": 59.24154660896336}, "K58-D170": {"K58-D180": 149.00422430812}, "K51A-D170": {"K51A-D180": 163.27358582865395}, "K51A-D010": {"K51A-D020": 57.2751059822693}, "K52-nU010": {"K52-nU020": 71.29129163293786}, "K51-D270": {"K51-D280": 92.05221332358363}, "K51A-U190": {"K51A-U200": 64.65767939566324}, "K53-D040": {"K53-D050": 72.42334624334534}, "K52-nU040": {"K52-nU050": 57.659750508783546}, "K51-D220": {"K51-D230": 257.7696321333657}, "K52-nU170": {"K52-nU180": 134.14726574372455}, "K52-nD290": {"K52-nD300": 99.51756948292821}, "K52-nD010": {"K52-nD020": 16.04557717060982}, "K52A-U030": {"K52A-U040": 38.851923523981306}, "K54-D020": {"K54-D030": 132.83763902433572}, "K51A-D140": {"K51A-D150": 85.97528330581775}, "K51A-U030": {"K51A-U040": 59.32178568818375}, "K53-D015": {"K53-D020": 48.539580979492435}, "K51A-D090": {"K51A-D100": 85.0039075234311}, "K51-U020": {"K51-U030": 110.21901573748087}, "K51-U130": {"K51-U140": 78.61857815986063}, "K58-U170": {"K58-U180": 174.09910642505807}, "K51-U170": {"K51-U180": 79.54902642315602}, "K51-D030": {"K51-D040": 39.87585953762502}, "K52-nD140": {"K52-nD150": 113.8861804355208}, "K58-D180": {"K58-D190": 301.070405754041}, "K58-D160": {"K58-D170": 209.13300075143283}, "K51-D020": {"K51-D030": 60.986704401880175}, "K52A-U130": {"K52A-U140": 61.19204591277385}, "K52-nD020": {"K52-nD030": 26.647480102982467}, "K52A-U040": {"K52A-U050": 131.86992338252895}, "K58-D010": {"K58-D020": 39.85295235250114}, "K52-nU200": {"K52-nU210": 80.44877419559569}, "K51-U040": {"K51-U050": 125.30117460622046}, "K51A-U210": {"K51A-U220": 76.60908970038186}, "K52-nU250": {"K52-nU260": 71.7946559936477}, "K52-nU060": {"K52-nU070": 151.50979074101195}, "K51-U030": {"K51-U040": 68.53542000330563}, "K58-U070": {"K58-U080": 125.46419068620477}, "K52-nU190": {"K52-nU200": 135.75889033247873}, "K52A-D140": {"K52A-D150": 112.62087521113124}, "K51-D260": {"K51-D270": 59.019883510266894}, "K51-D060": {"K51-D070": 57.38264087194942}, "K53-D060": {"K53-D070": 140.52702214285057}, "K52-nU080": {"K52-nU090": 87.35744504660512}, "K58-U060": {"K58-U070": 170.88672060295514}, "K52-nD280": {"K52-nD290": 92.10517501553868}, "K51-D210": {"K51-D220": 186.92665035091048}, "K52A-U060": {"K52A-U070": 148.99624852534083}, "K51-D140": {"K51-D150": 49.62338405517506}, "K52-nD150": {"K52-nD160": 89.27418900917836}, "K51A-D160": {"K51A-D170": 188.28166625008677}, "K58-D030": {"K58-D040": 71.38414838943953}, "K51-U220": {"K51-U230": 65.55538800279422}, "K58-U120": {"K58-U130": 119.67292007052637}, "K51A-D020": {"K51A-D030": 107.41848980643579}, "K51A-U010": {"K51A-U020": 53.134760004284374}, "K54-D040": {"K54-D050": 141.10721848178906}, "K51A-D240": {"K51A-D250": 64.0143712125445}, "K51-U140": {"K51-U150": 58.01031771223023}, "K51-D200": {"K51-D210": 117.70324929123763}, "K51A-D040": {"K51A-D050": 103.53213293338408}, "K51A-U070": {"K51A-U080": 209.61732657779353}, "K52-nU210": {"K52-nU220": 79.97145807331334}, "K58-U190": {"K58-U200": 117.44592588435799}, "K54-D060": {"K54-D070": 138.19900520964114}, "K52A-U140": {"K52A-U150": 160.36747851973956}, "K52-nD100": {"K52-nD110": 67.57605711220096}, "K52A-U110": {"K52A-U120": 56.42991233847509}, "K53-U050": {"K53-U060": 135.98163510957173}, "K51A-U110": {"K51A-U120": 131.4006629193682}, "K52A-U080": {"K52A-U090": 68.21777741420881}, "K51A-D050": {"K51A-D060": 83.44208886951138}, "K52A-D130": {"K52A-D140": 83.394389680574}, "K51A-U080": {"K51A-U090": 177.58733501793432}, "K52-nU120": {"K52-nU130": 142.88512956740846, "K52-nU140": 109.4345653396604}, "K52-nU130": {"K52-nU140": 328.31723641397036}, "K53-D130": {"K53-D140": 110.16952543000357}, "K52-nU150": {"K52-nU160": 90.64065645339225}, "K54-U020": {"K54-U030": 156.24855215750378}, "K52-nD260": {"K52-nD270": 49.379405259909774}, "K52-nU050": {"K52-nU060": 257.972035217884}, "K51A-U060": {"K51A-U070": 307.20142849145697}, "K52A-D170": {"K52A-D180": 111.74950393867353}, "K51A-D110": {"K51A-D120": 65.49479336353671}, "K51-U110": {"K51-U120": 123.19762379275191}, "K51-U240": {"K51-U250": 111.98367494609563}, "K53-D070": {"K53-D080": 79.36450558211087}, "K52A-D080": {"K52A-D090": 75.8210187263958}, "K51A-U130": {"K51A-U140": 83.8473939729707}, "K54-D050": {"K54-D060": 91.55066310586847}, "K52-nD180": {"K52-nD190": 140.01167874354044}, "K51A-U020": {"K51A-U030": 110.6422511335649}, "K51A-D060": {"K51A-D070": 81.28189092282605}, "K51-U150": {"K51-U160": 83.37062045225575}, "K53-D160": {"K53-U011": 161.99507806357587, "K53-D170": 352.16970317815344}, "K51-U160": {"K51-U170": 95.5723068264048}, "K53-U090": {"K53-U100": 102.2642273600726}, "K52-nD160": {"K52-nD170": 149.34692846665217}, "K51A-D150": {"K51A-D160": 128.2571567906011}, "K52-nU070": {"K52-nU080": 96.50606666456889}, "K52A-U120": {"K52A-U130": 72.21258468908412}, "K52A-U150": {"K52A-U160": 34.990647338474744}, "K51-U230": {"K51-U240": 46.14586922657161}, "K52A-U050": {"K52A-U060": 62.787943825797925}, "K52A-U020": {"K52A-U030": 97.54872620151845}, "K52A-D030": {"K52A-D040": 21.650046593798727}, "K51A-U140": {"K51A-U150": 51.65146141273756}, "K53-U060": {"K53-U070": 76.01943874616347}, "K52A-U170": {"K52A-U180": 275.3750320785299}, "K53-U040": {"K53-U050": 121.29196034185934}, "K51-U070": {"K51-U080": 189.09478711058665}, "K52-nU030": {"K52-nU040": 131.60453557488472}, "K52-nU280": {"K52-nU290": 43.7283816232876}, "K54-U010": {"K54-U020": 67.15123621691153}, "K54-U070": {"K54-D010": 141.56635583360156}, "K51A-U170": {"K51A-U180": 80.43350497714489}, "K51-D240": {"K51-D250": 121.46311464969872}, "K51-D050": {"K51-D060": 59.13908869213922}, "K53-U080": {"K53-U090": 68.27905858586547}, "K51-D010": {"K51-D020": 84.97701351414226}, "K51-D170": {"K51-D180": 111.24725935584809}, "K51-U050": {"K51-U060": 268.7189113913522}, "K53-U130": {"K53-U140": 66.11255871865811}, "K51A-D230": {"K51A-D240": 156.59599532102987}, "K52-nD030": {"K52-nD040": 31.959814225576952},