{"K53-U100": {"K53-U110": 74.39062665424674}, "K53-D010": {"K53-D015": 101.83333388814835}, "K51-D150": {"K51-D160": 162.07412583877078}, "K52-nU290": {"K52-nU300": 34.72950445334987}, "K52-nU260": {"K52-nU270": 72.41584006497854}, "K52-nD110": {"K52-nD120": 149.35111955754743}, "K51-D130": {"K51-D140": 79.5877440914475}, "K51-U080": {"K51-U090": 191.67494943853544}, "K54-D030": {"K54-D040": 66.59871780593258}, "K52-nD240": {"K52-nD250": 159.65476873501066}, "K53-U010": {"K53-U020": 194.87086902120473}, "K58-D070": {"K58-D080": 97.1288058739051}, "K52-nD250": {"K52-nD260": 170.89710388159156}, "K52-nD130": {"K52-nD140": 85.450956739727}, "K58-D020": {"K58-D030": 93.34103210114382}, "K53-D030": {"K53-D040": 74.77684938822063}, "K52A-U100": {"K52A-U110": 86.90891689685903}, "K58-U140": {"K58-U150": 121.72675298349418}, "K52A-U010": {"K52A-U015": 289.08565868160764}, "K52-nD210": {"K52-nD220": 170.11983685571113}, "K53-U030": {"K53-U040": 170.88973971832752}, "K54-U050": {"K54-U060": 327.3264689882813}, "K51-D040": {"K51-D050": 50.376172618360464}, "K58-D200": {"K58-D210": 66.33253891427837}, "K53-U110": {"K53-U120": 93.02866916097705}, "K58-U010": {"K58-U020": 56.16882768386447}, "K51A-D250": {"K51A-D260": 105.3570771187841}, "K58-D140": {"K58-D150": 44.33784613337959}, "K51A-D210": {"K51A-D220": 80.21252281657254}, "K54-U040": {"K54-U050": 155.0695786337567}, "K51A-U240": {"K51A-U250": 69.06880697662807}, "K54-U030": {"K54-U040": 124.49589796522335}, "K51-D250": {"K51-D260": 166.29750791367658}, "K51-D190": {"K51-D200": 156.98845787750875}, "K51A-U100": {"K51A-U110": 168.57122207969874}, "K51A-U090": {"K51A-U100": 147.27540081825776}, "K52-nD120": {"K52-nD130": 39.307951485249006}, "K58-D060": {"K58-D070": 170.96672374403508}, "K52A-D060": {"K52A-D070": 129.34768316859805}, "K51A-D190": {"K51A-D200": 190.14869754939423}, "K58-U180": {"K58-U190": 99.56289723767046}, "K58-D050": {"K58-D060": 180.53067285816218}, "K58-U130": {"K58-U140": 83.89202960747103}, "K54-U060": {"K54-U070": 201.1989190243904}, "K51A-U230": {"K51A-U240": 36.435564213654914}, "K53-U070": {"K53-U080": 58.217142033421396}, "K58-D170": {"K58-D180": 146.516740005787}, "K51A-D170": {"K51A-D180": 161.3187089792943}, "K51A-D010": {"K51A-D020": 53.48077688980385}, "K52-nU010": {"K52-nU020": 44.28937139644391}, "K51-D270": {"K51-D280": 99.97306326498621}, "K51A-U190": {"K51A-U200": 72.79269029135273}, "K53-D040": {"K53-D050": 76.5029567591494}, "K52-nU040": {"K52-nU050": 54.3623870881612}, "K51-D220": {"K51-D230": 264.5254594261195}, "K52-nU170": {"K52-nU180": 134.39643118687383}, "K52-nD290": {"K52-nD300": 113.57448866099881}, "K52-nD010": {"K52-nD020": 18.709232395440143}, "K52A-U030": {"K52A-U040": 40.61708400816565}, "K54-D020": {"K54-D030": 132.83763902433572}, "K51A-D140": {"K51A-D150": 85.80050656486594}, "K51A-U030": {"K51A-U040": 72.58516887795749}, "K53-D015": {"K53-D020": 51.65313193827721}, "K51A-D090": {"K51A-D100": 88.97015682531824}, "K51-U020": {"K51-U030": 99.52729127365652}, "K51-U130": {"K51-U140": 83.8380589466275}, "K58-U170": {"K58-U180": 169.55697121205586}, "K51-U170": {"K51-U180": 77.16077758050086}, "K51-D030": {"K51-D040": 42.310397962601286}, "K52-nD140": {"K52-nD150": 103.56601653340392}, "K58-D180": {"K58-D190": 301.1269752675175}, "K58-D160": {"K58-D170": 204.90864843389286}, "K51-D020": {"K51-D030": 59.88339582430855}, "K52A-U130": {"K52A-U140": 53.71166698146867}, "K52-nD020": {"K52-nD030": 24.776536111133545}, "K52A-U040": {"K52A-U050": 131.07758746357297}, "K58-D010": {"K58-D020": 51.140779106990855}, "K52-nU200": {"K52-nU210": 89.7703727944413}, "K51-U040": {"K51-U050": 117.76145461815122}, "K51A-U210": {"K51A-U220": 76.21335533152771}, "K52-nU250": {"K52-nU260": 75.40918700832478}, "K52-nU060": {"K52-nU070": 152.9059627835181}, "K51-U030": {"K51-U040": 62.21155158464825}, "K58-U070": {"K58-U080": 122.10629246954974}, "K52-nU190": {"K52-nU200": 136.27002290978913}, "K52A-D140": {"K52A-D150": 106.69724163069134}, "K51-D260": {"K51-D270": 60.93661322842051}, "K51-D060": {"K51-D070": 58.95273538213373}, "K53-D060": {"K53-D070": 124.821805305726}, "K52-nU080": {"K52-nU090": 85.87155081543827}, "K58-U060": {"K58-U070": 171.73852631750066}, "K52-nD280": {"K52-nD290": 91.88890301681245}, "K51-D210": {"K51-D220": 172.7818550906376}, "K52A-U060": {"K52A-U070": 135.4178330274655}, "K51-D140": {"K51-D150": 45.39528774324212}, "K52-nD150": {"K52-nD160": 104.22781844717979}, "K51A-D160": {"K51A-D170": 186.39503126992616}, "K58-D030": {"K58-D040": 62.890604507378704}, "K51-U220": {"K51-U230": 64.61662652930627}, "K58-U120": {"K58-U130": 125.86757848720147}, "K51A-D020": {"K51A-D030": 115.02913037940111}, "K51A-U010": {"K51A-U020": 47.60103799321362}, "K54-D040": {"K54-D050": 159.40488872917348}, "K51A-D240": {"K51A-D250": 59.90150217767708}, "K51-U140": {"K51-U150": 56.08649231464392}, "K51-D200": {"K51-D210": 120.59751599648436}, "K51A-D040": {"K51A-D050": 100.16319863615908}, "K51A-U070": {"K51A-U080": 213.8584575865305}, "K52-nU210": {"K52-nU220": 78.13860441056025}, "K58-U190": {"K58-U200": 107.90280455970647}, "K54-D060": {"K54-D070": 156.63404502657446}, "K52A-U140": {"K52A-U150": 160.36747851973956}, "K52-nD100": {"K52-nD110": 63.77063903663086}, "K52A-U110": {"K52A-U120": 58.81844400723065}, "K53-U050": {"K53-U060": 144.32316218163984}, "K51A-U110": {"K51A-U120": 121.91849454105616}, "K52A-U080": {"K52A-U090": 72.34512715750029}, "K51A-D050": {"K51A-D060": 90.79460687687781}, "K52A-D130": {"K52A-D140": 93.7559638562187}, "K51A-U080": {"K51A-U090": 204.67386520167764}, "K52-nU120": {"K52-nU130": 142.88512956740846, "K52-nU140": 109.31197262247512}, "K52-nU130": {"K52-nU140": 328.31723641397036}, "K53-D130": {"K53-D140": 97.72271858825297}, "K52-nU150": {"K52-nU160": 89.24606923021615}, "K54-U020": {"K54-U030": 145.29726006300206}, "K52-nD260": {"K52-nD270": 44.420007082752036}, "K52-nU050": {"K52-nU060": 251.21545799399132}, "K51A-U060": {"K51A-U070": 326.22928412461886}, "K52A-D170": {"K52A-D180": 113.2847361549902}, "K51A-D110": {"K51A-D120": 72.01876932609414}, "K51-U110": {"K51-U120": 107.799632191986}, "K51-U240": {"K51-U250": 111.1327512396434}, "K53-D070": {"K53-D080": 73.69600957229086}, "K52A-D080": {"K52A-D090": 68.3269244076602}, "K51A-U130": {"K51A-U140": 91.00946965537244}, "K54-D050": {"K54-D060": 90.21845459820547}, "K52-nD180": {"K52-nD190": 145.67395960564028}, "K51A-U020": {"K51A-U030": 109.32493654595518}, "K51A-D060": {"K51A-D070": 75.47563230227459}, "K51-U150": {"K51-U160": 94.59598236682818}, "K53-D160": {"K53-U011": 161.99507806357587, "K53-D170": 196.9}, "K51-U160": {"K51-U170": 93.21478358811423}, "K53-U090": {"K53-U100": 102.3976611973678}, "K52-nD160": {"K52-nD170": 134.5202456176981}, "K51A-D150": {"K51A-D160": 116.23978495321303}, "K52-nU070": {"K52-nU080": 99.03699841830704}, "K52A-U120": {"K52A-U130": 71.08278559054877}, "K52A-U150": {"K52A-U160": 35.03908822554219}, "K51-U230": {"K51-U240": 45.09654880678961}, "K52A-U050": {"K52A-U060": 60.506686344714105}, "K52A-U020": {"K52A-U030": 86.3624818745632}, "K52A-D030": {"K52A-D040": 21.066519030165313}, "K51A-U140": {"K51A-U150": 56.44402718725591}, "K53-U060": {"K53-U070": 79.27341520631535}, "K52A-U170": {"K52A-U180": 275.3750320785299}, "K53-U040": {"K53-U050": 127.46479926045706}, "K51-U070": {"K51-U080": 186.05351332821516}, "K52-nU030": {"K52-nU040": 126.95608492833648}, "K52-nU280": {"K52-nU290": 41.2454325017103}, "K54-U010": {"K54-U020": 77.18235608589997}, "K54-U070": {"K54-D010": 151.01393223421812}, "K51A-U170": {"K51A-U180": 77.67210300487207}, "K51-D240": {"K51-D250": 112.31965117724467}, "K51-D050": {"K51-D060": 60.16375871626599}, "K53-U080": {"K53-U090": 100.193695109367}, "K51-D010": {"K51-D020": 87.51027460306278}, "K51-D170": {"K51-D180": 110.64108840097315}, "K51-U050": {"K51-U060": 268.1730916448002}, "K53-U130": {"K53-U140": 60.16024289066509}, "K51A-D230": {"K51A-D240": 145.79372635675438}, "K52-nD030": {"K52-nD040": 35.272668550579034},