{"K53-U100": {"K53-U110": 77.8431032362428}, "K53-D010": {"K53-D015": 111.79680050610466}, "K51-D150": {"K51-D160": 171.9818932127613}, "K52-nU290": {"K52-nU300": 65.98732334398059}, "K52-nU260": {"K52-nU270": 75.95329381543934}, "K52-nD110": {"K52-nD120": 172.03534676388102}, "K51-D130": {"K51-D140": 46.85209040948355}, "K51-U080": {"K51-U090": 174.71395696079804}, "K54-D030": {"K54-D040": 72.34845948654583}, "K52-nD240": {"K52-nD250": 152.7345865088796}, "K53-U010": {"K53-U020": 262.78809525654594}, "K58-D070": {"K58-D080": 116.21876823233086}, "K52-nD250": {"K52-nD260": 188.63114777225968}, "K52-nD130": {"K52-nD140": 93.8980224332547}, "K58-D020": {"K58-D030": 129.599326554288}, "K53-D030": {"K53-D040": 86.20339922011178}, "K52A-U100": {"K52A-U110": 73.71756321914305}, "K58-U140": {"K58-U150": 136.61339155445106}, "K52A-U010": {"K52A-U015": 286.30375678726057}, "K52-nD210": {"K52-nD220": 214.01993325351754}, "K53-U030": {"K53-U040": 216.99486918550912}, "K54-U050": {"K54-U060": 343.3422665674382}, "K51-D040": {"K51-D050": 50.73212406290204}, "K58-D200": {"K58-D210": 69.24845110179582}, "K53-U110": {"K53-U120": 94.39709483006382}, "K58-U010": {"K58-U020": 61.50440223348535}, "K51A-D250": {"K51A-D260": 97.33092130739087}, "K58-D140": {"K58-D150": 42.137664704170035}, "K51A-D210": {"K51A-D220": 77.86462488866025}, "K54-U040": {"K54-U050": 135.85710817447261}, "K51A-U240": {"K51A-U250": 73.44122183930615}, "K54-U030": {"K54-U040": 125.71436653257447}, "K51-D250": {"K51-D260": 164.65048216532756}, "K51-D190": {"K51-D200": 159.64809005159648}, "K51A-U100": {"K51A-U110": 227.57062152991654}, "K51A-U090": {"K51A-U100": 165.20849002099857}, "K52-nD120": {"K52-nD130": 40.59232659432307}, "K58-D060": {"K58-D070": 169.42598698041874}, "K52A-D060": {"K52A-D070": 129.34768316859805}, "K51A-D190": {"K51A-D200": 203.15448465659728}, "K58-U180": {"K58-U190": 135.64818544540577}, "K58-D050": {"K58-D060": 218.4490051127638}, "K58-U130": {"K58-U140": 100.04668744545319}, "K54-U060": {"K54-U070": 210.34271767008926}, "K51A-U230": {"K51A-U240": 37.21705726579937}, "K53-U070": {"K53-U080": 55.660956191336744}, "K58-D170": {"K58-D180": 147.54140920180717}, "K51A-D170": {"K51A-D180": 166.07957161374333}, "K51A-D010": {"K51A-D020": 56.458625626339995}, "K52-nU010": {"K52-nU020": 43.13045632921074}, "K51-D270": {"K51-D280": 104.37716637406322}, "K51A-U190": {"K51A-U200": 69.85724536735263}, "K53-D040": {"K53-D050": 78.43276970550168}, "K52-nU040": {"K52-nU050": 75.38567421804115}, "K51-D220": {"K51-D230": 281.49391599664}, "K52-nU170": {"K52-nU180": 137.28280729652727}, "K52-nD290": {"K52-nD300": 102.86290605402834}, "K52-nD010": {"K52-nD020": 19.45001722243994}, "K52A-U030": {"K52A-U040": 40.02032951973069}, "K54-D020": {"K54-D030": 132.84152565833182}, "K51A-D140": {"K51A-D150": 83.43104297303132}, "K51A-U030": {"K51A-U040": 77.01058763730484}, "K53-D015": {"K53-D020": 50.1744809851331}, "K51A-D090": {"K51A-D100": 75.56098485665802}, "K51-U020": {"K51-U030": 113.05409069856027}, "K51-U130": {"K51-U140": 72.57337462439102}, "K58-U170": {"K58-U180": 219.64928820055087}, "K51-U170": {"K51-U180": 78.59334394838432}, "K51-D030": {"K51-D040": 41.17576461770797}, "K52-nD140": {"K52-nD150": 116.28103710110125}, "K58-D180": {"K58-D190": 312.3767063494105}, "K58-D160": {"K58-D170": 235.50197386724062}, "K51-D020": {"K51-D030": 61.30631402613312}, "K52A-U130": {"K52A-U140": 62.1464654808204}, "K52-nD020": {"K52-nD030": 26.5893066408562}, "K52A-U040": {"K52A-U050": 131.99481116192067}, "K58-D010": {"K58-D020": 19.56248924846268}, "K52-nU200": {"K52-nU210": 84.17288131587912}, "K51-U040": {"K51-U050": 128.95450707358913}, "K51A-U210": {"K51A-U220": 75.78726226194168}, "K52-nU250": {"K52-nU260": 75.7901925581738}, "K52-nU060": {"K52-nU070": 163.94809379726988}, "K51-U030": {"K51-U040": 65.06792959063094}, "K58-U070": {"K58-U080": 134.1733660673936}, "K52-nU190": {"K52-nU200": 139.4318078194193}, "K52A-D140": {"K52A-D150": 112.84010980588596}, "K51-D260": {"K51-D270": 59.63539819178264}, "K51-D060": {"K51-D070": 60.01611702891846}, "K53-D060": {"K53-D070": 157.35769702881197}, "K52-nU080": {"K52-nU090": 87.99972035142757}, "K58-U060": {"K58-U070": 181.27707837253178}, "K52-nD280": {"K52-nD290": 97.94207615364532}, "K51-D210": {"K51-D220": 183.42249794379813}, "K52A-U060": {"K52A-U070": 137.30999942083162}, "K51-D140": {"K51-D150": 81.45867616933131}, "K52-nD150": {"K52-nD160": 98.10207438075204}, "K51A-D160": {"K51A-D170": 208.6168952136748}, "K58-D030": {"K58-D040": 57.581641249713925}, "K51-U220": {"K51-U230": 64.02165932907283}, "K58-U120": {"K58-U130": 113.42199824502356}, "K51A-D020": {"K51A-D030": 101.83970080293997}, "K51A-U010": {"K51A-U020": 51.79682428853168}, "K54-D040": {"K54-D050": 173.16043109627367}, "K51A-D240": {"K51A-D250": 72.01792586683852}, "K51-U140": {"K51-U150": 51.17399867961547}, "K51-D200": {"K51-D210": 129.3473581639789}, "K51A-D040": {"K51A-D050": 97.98351771959268}, "K51A-U070": {"K51A-U080": 216.85273637816073}, "K52-nU210": {"K52-nU220": 73.83545339715934}, "K58-U190": {"K58-U200": 145.24617661145928}, "K54-D060": {"K54-D070": 153.7690526837859}, "K52A-U140": {"K52A-U150": 160.3640564842974}, "K52-nD100": {"K52-nD110": 62.39697517272566}, "K52A-U110": {"K52A-U120": 56.77666948972184}, "K53-U050": {"K53-U060": 148.2312731489516}, "K51A-U110": {"K51A-U120": 140.80145593513868}, "K52A-U080": {"K52A-U090": 69.79926371725892}, "K51A-D050": {"K51A-D060": 82.4435317362655}, "K52A-D130": {"K52A-D140": 83.53106141748243}, "K51A-U080": {"K51A-U090": 190.87638591448018}, "K52-nU120": {"K52-nU130": 142.88512956740846, "K52-nU140": 115.93768992060913}, "K52-nU130": {"K52-nU140": 328.31723641397036}, "K53-D130": {"K53-D140": 98.27373895782975}, "K52-nU150": {"K52-nU160": 92.2437268389709}, "K54-U020": {"K54-U030": 141.13526192767867}, "K52-nD260": {"K52-nD270": 69.45655762279853}, "K52-nU050": {"K52-nU060": 260.13219058981235}, "K51A-U060": {"K51A-U070": 318.1288608334902}, "K52A-D170": {"K52A-D180": 109.96054989691126}, "K51A-D110": {"K51A-D120": 57.56474383650855}, "K51-U110": {"K51-U120": 135.67805211910937}, "K51-U240": {"K51-U250": 116.35429537591298}, "K53-D070": {"K53-D080": 71.90027766966921}, "K52A-D080": {"K52A-D090": 71.62299829079083}, "K51A-U130": {"K51A-U140": 78.06044930702447}, "K54-D050": {"K54-D060": 91.2233326513182}, "K52-nD180": {"K52-nD190": 143.799256867574}, "K51A-U020": {"K51A-U030": 124.03151030778045}, "K51A-D060": {"K51A-D070": 91.63898538791952}, "K51-U150": {"K51-U160": 85.49792105712572}, "K53-D160": {"K53-U011": 161.99507806357587, "K53-D170": 230.68878138319414}, "K51-U160": {"K51-U170": 106.6273615026121}, "K53-U090": {"K53-U100": 113.16434437551834}, "K52-nD160": {"K52-nD170": 155.56530795393996}, "K51A-D150": {"K51A-D160": 123.19021878720146}, "K52-nU070": {"K52-nU080": 104.51103366735163}, "K52A-U120": {"K52A-U130": 72.66186939153688}, "K52A-U150": {"K52A-U160": 34.94778776913186}, "K51-U230": {"K51-U240": 47.84832127784814}, "K52A-U050": {"K52A-U060": 62.06311651814591}, "K52A-U020": {"K52A-U030": 92.79692582065721}, "K52A-D030": {"K52A-D040": 22.489545399005685}, "K51A-U140": {"K51A-U150": 54.976002042922026}, "K53-U060": {"K53-U070": 75.06434112296806}, "K52A-U170": {"K52A-U180": 275.3750320785299}, "K53-U040": {"K53-U050": 134.10608337437571}, "K51-U070": {"K51-U080": 193.84606698017578}, "K52-nU030": {"K52-nU040": 132.60815932375868}, "K52-nU280": {"K52-nU290": 42.72637162650188}, "K54-U010": {"K54-U020": 77.7806721526817}, "K54-U070": {"K54-D010": 166.49122602146954}, "K51A-U170": {"K51A-U180": 76.2287021269348}, "K51-D240": {"K51-D250": 112.13194230969725}, "K51-D050": {"K51-D060": 65.18622855716623}, "K53-U080": {"K53-U090": 77.29160900734958}, "K51-D010": {"K51-D020": 85.63145489144557}, "K51-D170": {"K51-D180": 109.63445872784203}, "K51-U050": {"K51-U060": 268.08413289907344}, "K53-U130": {"K53-U140": 69.59288014850026}, "K51A-D230": {"K51A-D240": 154.61269825579083}, "K52-nD030": {"K52-nD040": 29.536973793824178},