{"K53-U100": {"K53-U110": 79.16039849580602}, "K53-D010": {"K53-D015": 101.42050887671076}, "K51-D150": {"K51-D160": 167.11684493433165}, "K52-nU290": {"K52-nU300": 34.42159253066038}, "K52-nU260": {"K52-nU270": 77.69288032251782}, "K52-nD110": {"K52-nD120": 145.67772387462458}, "K51-D130": {"K51-D140": 68.09672851558318}, "K51-U080": {"K51-U090": 165.54070517826167}, "K54-D030": {"K54-D040": 70.03353226399597}, "K52-nD240": {"K52-nD250": 157.83024826997632}, "K53-U010": {"K53-U020": 254.62876197825307}, "K58-D070": {"K58-D080": 107.35450115031954}, "K52-nD250": {"K52-nD260": 173.10132077205066}, "K52-nD130": {"K52-nD140": 88.50305781995341}, "K58-D020": {"K58-D030": 88.34224072193209}, "K53-D030": {"K53-D040": 77.22484473789476}, "K52A-U100": {"K52A-U110": 80.89659749701292}, "K58-U140": {"K58-U150": 135.1961789040341}, "K52A-U010": {"K52A-U015": 320.0771651042557}, "K52-nD210": {"K52-nD220": 189.09321633098028}, "K53-U030": {"K53-U040": 204.97943348024387}, "K54-U050": {"K54-U060": 336.97824596509224}, "K51-D040": {"K51-D050": 54.58085833576963}, "K58-D200": {"K58-D210": 67.22070567219541}, "K53-U110": {"K53-U120": 97.13139484510364}, "K58-U010": {"K58-U020": 46.39149218650806}, "K51A-D250": {"K51A-D260": 98.41221175069748}, "K58-D140": {"K58-D150": 39.72591602120711}, "K51A-D210": {"K51A-D220": 81.51367160230987}, "K54-U040": {"K54-U050": 159.6789238617131}, "K51A-U240": {"K51A-U250": 70.81744667868868}, "K54-U030": {"K54-U040": 115.3120996911093}, "K51-D250": {"K51-D260": 152.2623073470995}, "K51-D190": {"K51-D200": 158.40534477040256}, "K51A-U100": {"K51A-U110": 190.43723443619902}, "K51A-U090": {"K51A-U100": 146.98298028029268}, "K52-nD120": {"K52-nD130": 38.845990871259744}, "K58-D060": {"K58-D070": 164.33238980460732}, "K52A-D060": {"K52A-D070": 129.34768316859805}, "K51A-D190": {"K51A-D200": 193.98849773992646}, "K58-U180": {"K58-U190": 105.41950772363535}, "K58-D050": {"K58-D060": 180.9619565846495}, "K58-U130": {"K58-U140": 87.1120758609909}, "K54-U060": {"K54-U070": 203.0393800015832}, "K51A-U230": {"K51A-U240": 41.64955235030518}, "K53-U070": {"K53-U080": 56.678453136081124}, "K58-D170": {"K58-D180": 153.94901729055738}, "K51A-D170": {"K51A-D180": 163.6611318799138}, "K51A-D010": {"K51A-D020": 57.19367578121529}, "K52-nU010": {"K52-nU020": 42.04502934894259}, "K51-D270": {"K51-D280": 96.7818466866361}, "K51A-U190": {"K51A-U200": 66.82187006221281}, "K53-D040": {"K53-D050": 73.93329161941818}, "K52-nU040": {"K52-nU050": 54.05314941362494}, "K51-D220": {"K51-D230": 241.55195999513745}, "K52-nU170": {"K52-nU180": 136.86384828096408}, "K52-nD290": {"K52-nD300": 107.4515183866661}, "K52-nD010": {"K52-nD020": 17.684541101075702}, "K52A-U030": {"K52A-U040": 35.998165975115384}, "K54-D020": {"K54-D030": 132.83763902433572}, "K51A-D140": {"K51A-D150": 85.28196865845457}, "K51A-U030": {"K51A-U040": 64.43330941690013}, "K53-D015": {"K53-D020": 48.699259398876606}, "K51A-D090": {"K51A-D100": 85.55097478496711}, "K51-U020": {"K51-U030": 106.22829333908014}, "K51-U130": {"K51-U140": 81.78001381407107}, "K58-U170": {"K58-U180": 159.95286758887073}, "K51-U170": {"K51-U180": 79.06694677663273}, "K51-D030": {"K51-D040": 38.20571862552244}, "K52-nD140": {"K52-nD150": 106.66511430019077}, "K58-D180": {"K58-D190": 295.5585973998492}, "K58-D160": {"K58-D170": 210.3865293690203}, "K51-D020": {"K51-D030": 59.33049097392673}, "K52A-U130": {"K52A-U140": 60.29781897289416}, "K52-nD020": {"K52-nD030": 26.45992387298395}, "K52A-U040": {"K52A-U050": 133.96175508890505}, "K58-D010": {"K58-D020": 49.34813541690825}, "K52-nU200": {"K52-nU210": 87.30171113482922}, "K51-U040": {"K51-U050": 126.9936350866672}, "K51A-U210": {"K51A-U220": 81.51072575373323}, "K52-nU250": {"K52-nU260": 78.27269894796709}, "K52-nU060": {"K52-nU070": 131.5920247674864}, "K51-U030": {"K51-U040": 60.65547433674061}, "K58-U070": {"K58-U080": 128.48213684342153}, "K52-nU190": {"K52-nU200": 144.23880161592132}, "K52A-D140": {"K52A-D150": 108.92867003199494}, "K51-D260": {"K51-D270": 58.506210393905995}, "K51-D060": {"K51-D070": 52.45911063252773}, "K53-D060": {"K53-D070": 143.75310566910156}, "K52-nU080": {"K52-nU090": 86.07405176982039}, "K58-U060": {"K58-U070": 175.2539499266243}, "K52-nD280": {"K52-nD290": 92.4626868071666}, "K51-D210": {"K51-D220": 195.71264246310287}, "K52A-U060": {"K52A-U070": 151.6843751338833}, "K51-D140": {"K51-D150": 46.29193332671623}, "K52-nD150": {"K52-nD160": 90.26608464773236}, "K51A-D160": {"K51A-D170": 182.0530464005236}, "K58-D030": {"K58-D040": 59.83341811213813}, "K51-U220": {"K51-U230": 68.93076128940638}, "K58-U120": {"K58-U130": 120.72797649436242}, "K51A-D020": {"K51A-D030": 103.62420468586943}, "K51A-U010": {"K51A-U020": 47.085090872202194}, "K54-D040": {"K54-D050": 146.37274336058732}, "K51A-D240": {"K51A-D250": 65.27921364715289}, "K51-U140": {"K51-U150": 65.06883474048452}, "K51-D200": {"K51-D210": 127.12141615357595}, "K51A-D040": {"K51A-D050": 98.5132976680051}, "K51A-U070": {"K51A-U080": 200.0119597161217}, "K52-nU210": {"K52-nU220": 76.55885478478}, "K58-U190": {"K58-U200": 117.75285590671812}, "K54-D060": {"K54-D070": 149.60067723770948}, "K52A-U140": {"K52A-U150": 160.36747851973956}, "K52-nD100": {"K52-nD110": 61.76938027388552}, "K52A-U110": {"K52A-U120": 56.240436863356216}, "K53-U050": {"K53-U060": 124.07047807359902}, "K51A-U110": {"K51A-U120": 126.50436111467316}, "K52A-U080": {"K52A-U090": 68.82653558239875}, "K51A-D050": {"K51A-D060": 82.3602226584755}, "K52A-D130": {"K52A-D140": 88.51097854020979}, "K51A-U080": {"K51A-U090": 196.18913063799144}, "K52-nU120": {"K52-nU130": 142.88512956740846, "K52-nU140": 105.6572721821835}, "K52-nU130": {"K52-nU140": 328.31723641397036}, "K53-D130": {"K53-D140": 110.33402830351504}, "K52-nU150": {"K52-nU160": 84.16349596397727}, "K54-U020": {"K54-U030": 158.9481875470033}, "K52-nD260": {"K52-nD270": 49.15767479846212}, "K52-nU050": {"K52-nU060": 262.0432607237362}, "K51A-U060": {"K51A-U070": 313.2807490620642}, "K52A-D170": {"K52A-D180": 107.87910493837686}, "K51A-D110": {"K51A-D120": 72.32423923721491}, "K51-U110": {"K51-U120": 121.71946893885948}, "K51-U240": {"K51-U250": 110.45699651247114}, "K53-D070": {"K53-D080": 81.90760834199651}, "K52A-D080": {"K52A-D090": 71.27946800284015}, "K51A-U130": {"K51A-U140": 84.38780636665359}, "K54-D050": {"K54-D060": 90.84289275208934}, "K52-nD180": {"K52-nD190": 143.31520876162992}, "K51A-U020": {"K51A-U030": 119.30358349880335}, "K51A-D060": {"K51A-D070": 79.84522239810889}, "K51-U150": {"K51-U160": 87.00516032254163}, "K53-D160": {"K53-U011": 161.99507806357587, "K53-D170": 278.3856701766964}, "K51-U160": {"K51-U170": 95.08159590614801}, "K53-U090": {"K53-U100": 108.72455017191199}, "K52-nD160": {"K52-nD170": 149.66646252123974}, "K51A-D150": {"K51A-D160": 120.91316400482546}, "K52-nU070": {"K52-nU080": 89.0142509068507}, "K52A-U120": {"K52A-U130": 72.78749548769902}, "K52A-U150": {"K52A-U160": 31.855047276364537}, "K51-U230": {"K51-U240": 43.878516892340805}, "K52A-U050": {"K52A-U060": 59.817679513377854}, "K52A-U020": {"K52A-U030": 87.98885122284881}, "K52A-D030": {"K52A-D040": 22.237625261685395}, "K51A-U140": {"K51A-U150": 55.85202603808965}, "K53-U060": {"K53-U070": 73.49241443652569}, "K52A-U170": {"K52A-U180": 275.3750320785299}, "K53-U040": {"K53-U050": 135.12222963111748}, "K51-U070": {"K51-U080": 201.64174802958502}, "K52-nU030": {"K52-nU040": 132.76350711528875}, "K52-nU280": {"K52-nU290": 44.109600222114835}, "K54-U010": {"K54-U020": 73.12289539937464}, "K54-U070": {"K54-D010": 151.69785650789024}, "K51A-U170": {"K51A-U180": 79.63707851530997}, "K51-D240": {"K51-D250": 120.85384702750926}, "K51-D050": {"K51-D060": 57.27984416444607}, "K53-U080": {"K53-U090": 73.26000193414795}, "K51-D010": {"K51-D020": 82.2762514396275}, "K51-D170": {"K51-D180": 104.08869001383732}, "K51-U050": {"K51-U060": 265.89578559304255}, "K53-U130": {"K53-U140": 64.44427572106409}, "K51A-D230": {"K51A-D240": 151.34530942052996}, "K52-nD030": {"K52-nD040": 36.57278686880666},