{"K53-U100": {"K53-U110": 73.63359998464526}, "K53-D010": {"K53-D015": 100.63143946573823}, "K51-D150": {"K51-D160": 187.5957978634001}, "K52-nU290": {"K52-nU300": 34.839872448159056}, "K52-nU260": {"K52-nU270": 76.87010195453894}, "K52-nD110": {"K52-nD120": 153.48243843666924}, "K51-D130": {"K51-D140": 56.13881056926225}, "K51-U080": {"K51-U090": 178.98099293757915}, "K54-D030": {"K54-D040": 74.59241733408052}, "K52-nD240": {"K52-nD250": 155.53907812095682}, "K53-U010": {"K53-U020": 245.5662516958214}, "K58-D070": {"K58-D080": 106.95388050989482}, "K52-nD250": {"K52-nD260": 182.16378973941158}, "K52-nD130": {"K52-nD140": 87.40989323086026}, "K58-D020": {"K58-D030": 109.42788265164816}, "K53-D030": {"K53-D040": 85.38807464088943}, "K52A-U100": {"K52A-U110": 78.74551557615524}, "K58-U140": {"K58-U150": 136.37844628247328}, "K52A-U010": {"K52A-U015": 252.1973316209598}, "K52-nD210": {"K52-nD220": 192.17577218124094}, "K53-U030": {"K53-U040": 195.96226387668258}, "K54-U050": {"K54-U060": 345.09566877168606}, "K51-D040": {"K51-D050": 53.831862430179754}, "K58-D200": {"K58-D210": 64.06162557257389}, "K53-U110": {"K53-U120": 99.43897918885696}, "K58-U010": {"K58-U020": 203.80567292065183}, "K51A-D250": {"K51A-D260": 102.56592910747892}, "K58-D140": {"K58-D150": 37.34765743306447}, "K51A-D210": {"K51A-D220": 80.54823158404402}, "K54-U040": {"K54-U050": 161.75550365381747}, "K51A-U240": {"K51A-U250": 78.10508064492475}, "K54-U030": {"K54-U040": 126.45617950017038}, "K51-D250": {"K51-D260": 156.44662646940532}, "K51-D190": {"K51-D200": 158.97964522926597}, "K51A-U100": {"K51A-U110": 202.2965005152351}, "K51A-U090": {"K51A-U100": 159.37825138981722}, "K52-nD120": {"K52-nD130": 37.69560098985405}, "K58-D060": {"K58-D070": 156.74860341725451}, "K52A-D060": {"K52A-D070": 129.34768316859805}, "K51A-D190": {"K51A-D200": 216.97335745345225}, "K58-U180": {"K58-U190": 118.37121435149274}, "K58-D050": {"K58-D060": 184.72377935053674}, "K58-U130": {"K58-U140": 83.64759743389342}, "K54-U060": {"K54-U070": 202.47381965210113}, "K51A-U230": {"K51A-U240": 41.178390447436115}, "K53-U070": {"K53-U080": 54.523644948341186}, "K58-D170": {"K58-D180": 144.38844785903694}, "K51A-D170": {"K51A-D180": 161.88023030809134}, "K51A-D010": {"K51A-D020": 84.27788000461183}, "K52-nU010": {"K52-nU020": 36.06024714699985}, "K51-D270": {"K51-D280": 100.05503234078628}, "K51A-U190": {"K51A-U200": 70.62330995885851}, "K53-D040": {"K53-D050": 72.11301057186016}, "K52-nU040": {"K52-nU050": 61.74900756872446}, "K51-D220": {"K51-D230": 265.4590051739837}, "K52-nU170": {"K52-nU180": 135.70628474788018}, "K52-nD290": {"K52-nD300": 100.15335195104471}, "K52-nD010": {"K52-nD020": 18.12129288324383}, "K52A-U030": {"K52A-U040": 39.553376862454186}, "K54-D020": {"K54-D030": 132.83763902433572}, "K51A-D140": {"K51A-D150": 71.17050846150175}, "K51A-U030": {"K51A-U040": 67.72399693513417}, "K53-D015": {"K53-D020": 51.1044089779164}, "K51A-D090": {"K51A-D100": 76.10286937541704}, "K51-U020": {"K51-U030": 106.74274450126504}, "K51-U130": {"K51-U140": 75.83735245939272}, "K58-U170": {"K58-U180": 191.73117460695067}, "K51-U170": {"K51-U180": 78.9919650715203}, "K51-D030": {"K51-D040": 39.432802370458376}, "K52-nD140": {"K52-nD150": 115.4441600421832}, "K58-D180": {"K58-D190": 299.7305194084582}, "K58-D160": {"K58-D170": 192.4106724508076}, "K51-D020": {"K51-D030": 62.72721412633892}, "K52A-U130": {"K52A-U140": 58.27279618551448}, "K52-nD020": {"K52-nD030": 23.82135608376099}, "K52A-U040": {"K52A-U050": 131.8661978554129}, "K58-D010": {"K58-D020": 20.758802064106874}, "K52-nU200": {"K52-nU210": 79.73376837243164}, "K51-U040": {"K51-U050": 121.35130430016753}, "K51A-U210": {"K51A-U220": 71.40199642606419}, "K52-nU250": {"K52-nU260": 70.83425207391166}, "K52-nU060": {"K52-nU070": 155.07283028482553}, "K51-U030": {"K51-U040": 64.05640419474626}, "K58-U070": {"K58-U080": 121.98076580696684}, "K52-nU190": {"K52-nU200": 136.44698782494717}, "K52A-D140": {"K52A-D150": 113.90453234778593}, "K51-D260": {"K51-D270": 59.97726496863028}, "K51-D060": {"K51-D070": 60.002169920093664}, "K53-D060": {"K53-D070": 128.598655390053}, "K52-nU080": {"K52-nU090": 84.61840944298945}, "K58-U060": {"K58-U070": 163.59670007174216}, "K52-nD280": {"K52-nD290": 90.95308027770054}, "K51-D210": {"K51-D220": 183.82307514446651}, "K52A-U060": {"K52A-U070": 148.91089503021152}, "K51-D140": {"K51-D150": 69.03254192705728}, "K52-nD150": {"K52-nD160": 95.32254412801672}, "K51A-D160": {"K51A-D170": 188.35400334320417}, "K58-D030": {"K58-D040": 66.34036891081251}, "K51-U220": {"K51-U230": 67.63919759428201}, "K58-U120": {"K58-U130": 127.16846241672579}, "K51A-D020": {"K51A-D030": 100.59050661399976}, "K51A-U010": {"K51A-U020": 54.79392488664396}, "K54-D040": {"K54-D050": 156.83067168814168}, "K51A-D240": {"K51A-D250": 64.43065037962614}, "K51-U140": {"K51-U150": 58.53359472083086}, "K51-D200": {"K51-D210": 119.76526218649147}, "K51A-D040": {"K51A-D050": 102.15911773487323}, "K51A-U070": {"K51A-U080": 207.71663455313077}, "K52-nU210": {"K52-nU220": 79.02848055812694}, "K58-U190": {"K58-U200": 140.50028606451065}, "K54-D060": {"K54-D070": 152.41586080934934}, "K52A-U140": {"K52A-U150": 160.36747851973956}, "K52-nD100": {"K52-nD110": 63.30921251301559}, "K52A-U110": {"K52A-U120": 69.37051225862572}, "K53-U050": {"K53-U060": 134.84703384164666}, "K51A-U110": {"K51A-U120": 134.0879481662427}, "K52A-U080": {"K52A-U090": 71.35812625539062}, "K51A-D050": {"K51A-D060": 82.17138113209667}, "K52A-D130": {"K52A-D140": 81.6344173405441}, "K51A-U080": {"K51A-U090": 172.17397797203722}, "K52-nU120": {"K52-nU130": 142.88512956740846, "K52-nU140": 121.89211750808802}, "K52-nU130": {"K52-nU140": 328.31723641397036}, "K53-D130": {"K53-D140": 110.79054586909274}, "K52-nU150": {"K52-nU160": 88.23293596037914}, "K54-U020": {"K54-U030": 155.60311770506473}, "K52-nD260": {"K52-nD270": 52.83394333815069}, "K52-nU050": {"K52-nU060": 253.48720290354913}, "K51A-U060": {"K51A-U070": 310.14282908578895}, "K52A-D170": {"K52A-D180": 108.52190634210334}, "K51A-D110": {"K51A-D120": 45.98330860196053}, "K51-U110": {"K51-U120": 137.22164829866875}, "K51-U240": {"K51-U250": 111.01114821149557}, "K53-D070": {"K53-D080": 76.69662967241524}, "K52A-D080": {"K52A-D090": 65.45136683426976}, "K51A-U130": {"K51A-U140": 75.2955426833289}, "K54-D050": {"K54-D060": 84.5387079348251}, "K52-nD180": {"K52-nD190": 144.72905162557194}, "K51A-U020": {"K51A-U030": 112.14409472426073}, "K51A-D060": {"K51A-D070": 75.86188175964209}, "K51-U150": {"K51-U160": 81.84556275702255}, "K53-D160": {"K53-U011": 161.99507806357587, "K53-D170": 252.32579632924762}, "K51-U160": {"K51-U170": 98.27381925140743}, "K53-U090": {"K53-U100": 109.90363429811646}, "K52-nD160": {"K52-nD170": 149.2510421107012}, "K51A-D150": {"K51A-D160": 107.74261891676456}, "K52-nU070": {"K52-nU080": 99.37899059695982}, "K52A-U120": {"K52A-U130": 68.76229207652696}, "K52A-U150": {"K52A-U160": 34.32527902011904}, "K51-U230": {"K51-U240": 47.90538731619797}, "K52A-U050": {"K52A-U060": 58.32999903160095}, "K52A-U020": {"K52A-U030": 90.16192453283941}, "K52A-D030": {"K52A-D040": 25.368385173692168}, "K51A-U140": {"K51A-U150": 55.68794948662223}, "K53-U060": {"K53-U070": 68.27443041676534}, "K52A-U170": {"K52A-U180": 275.3750320785299}, "K53-U040": {"K53-U050": 127.7537891105541}, "K51-U070": {"K51-U080": 189.4506513624146}, "K52-nU030": {"K52-nU040": 131.98148571540463}, "K52-nU280": {"K52-nU290": 40.2406698777614}, "K54-U010": {"K54-U020": 89.58141606745662}, "K54-U070": {"K54-D010": 144.08749834065233}, "K51A-U170": {"K51A-U180": 79.53686329276267}, "K51-D240": {"K51-D250": 138.89788195002234}, "K51-D050": {"K51-D060": 59.37953276848009}, "K53-U080": {"K53-U090": 72.34515899065991}, "K51-D010": {"K51-D020": 76.65045233677087}, "K51-D170": {"K51-D180": 112.97563313526322}, "K51-U050": {"K51-U060": 265.5516237059349}, "K53-U130": {"K53-U140": 57.154183264987594}, "K51A-D230": {"K51A-D240": 155.4981237602331},