{"K53-U100": {"K53-U110": 77.61376467910911}, "K53-D010": {"K53-D015": 105.41821843347034}, "K51-D150": {"K51-D160": 185.42848998269645}, "K52-nU290": {"K52-nU300": 35.86194699925049}, "K52-nU260": {"K52-nU270": 79.1172091477588}, "K52-nD110": {"K52-nD120": 160.3508347635096}, "K51-D130": {"K51-D140": 52.09071003746569}, "K51-U080": {"K51-U090": 154.19996629498672}, "K54-D030": {"K54-D040": 66.25562178622384}, "K52-nD240": {"K52-nD250": 154.11016632920956}, "K53-U010": {"K53-U020": 256.07469957324895}, "K58-D070": {"K58-D080": 100.06896921326575}, "K52-nD250": {"K52-nD260": 183.0829069879183}, "K52-nD130": {"K52-nD140": 89.61015710746281}, "K58-D020": {"K58-D030": 115.72760024188673}, "K53-D030": {"K53-D040": 77.39437099515267}, "K52A-U100": {"K52A-U110": 81.43589658441599}, "K58-U140": {"K58-U150": 131.07551928687542}, "K52A-U010": {"K52A-U015": 277.22268739692373}, "K52-nD210": {"K52-nD220": 211.8747783357184}, "K53-U030": {"K53-U040": 202.4179889981387}, "K54-U050": {"K54-U060": 317.39309238728754}, "K51-D040": {"K51-D050": 53.102890013104854}, "K58-D200": {"K58-D210": 64.09341964700482}, "K53-U110": {"K53-U120": 94.4718049185054}, "K58-U010": {"K58-U020": 94.02600451665901}, "K51A-D250": {"K51A-D260": 101.71923155029148}, "K58-D140": {"K58-D150": 42.769401932725295}, "K51A-D210": {"K51A-D220": 82.32718079595534}, "K54-U040": {"K54-U050": 160.52076563974313}, "K51A-U240": {"K51A-U250": 75.05245372251025}, "K54-U030": {"K54-U040": 122.16051837059145}, "K51-D250": {"K51-D260": 159.9570837839265}, "K51-D190": {"K51-D200": 157.26824746123845}, "K51A-U100": {"K51A-U110": 213.59943754356695}, "K51A-U090": {"K51A-U100": 145.5765102075473}, "K52-nD120": {"K52-nD130": 38.8796104938535}, "K58-D060": {"K58-D070": 166.27161266807983}, "K52A-D060": {"K52A-D070": 129.34768316859805}, "K51A-D190": {"K51A-D200": 202.27850073833292}, "K58-U180": {"K58-U190": 128.687562165129}, "K58-D050": {"K58-D060": 209.6024345669855}, "K58-U130": {"K58-U140": 88.82502253841103}, "K54-U060": {"K54-U070": 209.55147279913712}, "K51A-U230": {"K51A-U240": 39.268062226105236}, "K53-U070": {"K53-U080": 55.04069279650059}, "K58-D170": {"K58-D180": 142.5743000084081}, "K51A-D170": {"K51A-D180": 165.04248205426887}, "K51A-D010": {"K51A-D020": 55.043871136680465}, "K52-nU010": {"K52-nU020": 45.44244081949357}, "K51-D270": {"K51-D280": 94.36853595818427}, "K51A-U190": {"K51A-U200": 69.62847933505176}, "K53-D040": {"K53-D050": 71.65698048827171}, "K52-nU040": {"K52-nU050": 68.77810884271928}, "K51-D220": {"K51-D230": 267.21970860863354}, "K52-nU170": {"K52-nU180": 130.20537262195919}, "K52-nD290": {"K52-nD300": 96.97980742378402}, "K52-nD010": {"K52-nD020": 15.866364598981122}, "K52A-U030": {"K52A-U040": 38.91585252250475}, "K54-D020": {"K54-D030": 132.83763902433572}, "K51A-D140": {"K51A-D150": 78.9907129821248}, "K51A-U030": {"K51A-U040": 71.11844666661784}, "K53-D015": {"K53-D020": 45.68857210405013}, "K51A-D090": {"K51A-D100": 86.64773017345252}, "K51-U020": {"K51-U030": 109.31671300610515}, "K51-U130": {"K51-U140": 73.49543901869718}, "K58-U170": {"K58-U180": 206.04024129719465}, "K51-U170": {"K51-U180": 79.2995101078385}, "K51-D030": {"K51-D040": 39.55692731228402}, "K52-nD140": {"K52-nD150": 113.81473054468094}, "K58-D180": {"K58-D190": 319.41572598395686}, "K58-D160": {"K58-D170": 197.1946869542049}, "K51-D020": {"K51-D030": 54.98682342207705}, "K52A-U130": {"K52A-U140": 56.79550702595482}, "K52-nD020": {"K52-nD030": 26.47725444031027}, "K52A-U040": {"K52A-U050": 133.7773564505881}, "K58-D010": {"K58-D020": 21.152543091107}, "K52-nU200": {"K52-nU210": 84.33293483813021}, "K51-U040": {"K51-U050": 126.78743488849166}, "K51A-U210": {"K51A-U220": 75.93089825818528}, "K52-nU250": {"K52-nU260": 81.43751501066644}, "K52-nU060": {"K52-nU070": 158.4007863660268}, "K51-U030": {"K51-U040": 73.22445818381877}, "K58-U070": {"K58-U080": 123.42576884740743}, "K52-nU190": {"K52-nU200": 139.7141785901078}, "K52A-D140": {"K52A-D150": 106.92873028844897}, "K51-D260": {"K51-D270": 58.634871818536695}, "K51-D060": {"K51-D070": 60.714779074978914}, "K53-D060": {"K53-D070": 136.99143471795784}, "K52-nU080": {"K52-nU090": 89.5028008310536}, "K58-U060": {"K58-U070": 174.85318546837055}, "K52-nD280": {"K52-nD290": 90.39191272544332}, "K51-D210": {"K51-D220": 181.72813590787186}, "K52A-U060": {"K52A-U070": 143.89836840116757}, "K51-D140": {"K51-D150": 81.5701226162137}, "K52-nD150": {"K52-nD160": 101.41748609747538}, "K51A-D160": {"K51A-D170": 209.23608619094202}, "K58-D030": {"K58-D040": 57.0882133235619}, "K51-U220": {"K51-U230": 68.47118428969102}, "K58-U120": {"K58-U130": 136.2520582759916}, "K51A-D020": {"K51A-D030": 106.94561632983589}, "K51A-U010": {"K51A-U020": 50.754833376532744}, "K54-D040": {"K54-D050": 161.84252250962177}, "K51A-D240": {"K51A-D250": 65.57224124091522}, "K51-U140": {"K51-U150": 54.14218048360077}, "K51-D200": {"K51-D210": 127.63523116487765}, "K51A-D040": {"K51A-D050": 98.31125785408567}, "K51A-U070": {"K51A-U080": 204.82388463591224}, "K52-nU210": {"K52-nU220": 77.18798245050553}, "K58-U190": {"K58-U200": 148.80541829191856}, "K54-D060": {"K54-D070": 157.70472181277825}, "K52A-U140": {"K52A-U150": 160.36747851973956}, "K52-nD100": {"K52-nD110": 65.1574543016047}, "K52A-U110": {"K52A-U120": 59.816438663271}, "K53-U050": {"K53-U060": 154.47662947475916}, "K51A-U110": {"K51A-U120": 135.52272884208034}, "K52A-U080": {"K52A-U090": 70.22766604609356}, "K51A-D050": {"K51A-D060": 76.48056778329433}, "K52A-D130": {"K52A-D140": 91.16964666000733}, "K51A-U080": {"K51A-U090": 185.1337281887351}, "K52-nU120": {"K52-nU130": 142.88512956740846, "K52-nU140": 118.58061202084096}, "K52-nU130": {"K52-nU140": 328.31723641397036}, "K53-D130": {"K53-D140": 106.09437388975866}, "K52-nU150": {"K52-nU160": 91.36324864480915}, "K54-U020": {"K54-U030": 148.0923616007804}, "K52-nD260": {"K52-nD270": 62.79039411722404}, "K52-nU050": {"K52-nU060": 253.5706703723698}, "K51A-U060": {"K51A-U070": 319.0512471407974}, "K52A-D170": {"K52A-D180": 108.63514513600839}, "K51A-D110": {"K51A-D120": 57.30936730465531}, "K51-U110": {"K51-U120": 135.39507443749116}, "K51-U240": {"K51-U250": 111.01628345736576}, "K53-D070": {"K53-D080": 79.35811533507702}, "K52A-D080": {"K52A-D090": 66.07116427014233}, "K51A-U130": {"K51A-U140": 74.35527158293092}, "K54-D050": {"K54-D060": 79.61415710210248}, "K52-nD180": {"K52-nD190": 139.1429818865663}, "K51A-U020": {"K51A-U030": 113.89373443965587}, "K51A-D060": {"K51A-D070": 84.10326622645664}, "K51-U150": {"K51-U160": 80.07055480187095}, "K53-D160": {"K53-U011": 161.99507806357587, "K53-D170": 208.6308071279062}, "K51-U160": {"K51-U170": 104.46758519422478}, "K53-U090": {"K53-U100": 117.84709101309393}, "K52-nD160": {"K52-nD170": 145.03205761559775}, "K51A-D150": {"K51A-D160": 118.51231442801311}, "K52-nU070": {"K52-nU080": 93.86685705420493}, "K52A-U120": {"K52A-U130": 69.12857759786326}, "K52A-U150": {"K52A-U160": 38.85901261585565}, "K51-U230": {"K51-U240": 45.867389375400975}, "K52A-U050": {"K52A-U060": 59.14342834051273}, "K52A-U020": {"K52A-U030": 91.65687163630537}, "K52A-D030": {"K52A-D040": 19.492162588296203}, "K51A-U140": {"K51A-U150": 52.696154995056816}, "K53-U060": {"K53-U070": 73.78607277043156}, "K52A-U170": {"K52A-U180": 275.3750320785299}, "K53-U040": {"K53-U050": 138.0136015660193}, "K51-U070": {"K51-U080": 182.00863663427063}, "K52-nU030": {"K52-nU040": 139.07213274983502}, "K52-nU280": {"K52-nU290": 46.952564280255466}, "K54-U010": {"K54-U020": 95.53057041079678}, "K54-U070": {"K54-D010": 144.81107676658388}, "K51A-U170": {"K51A-U180": 77.97129917993429}, "K51-D240": {"K51-D250": 120.82160118327609}, "K51-D050": {"K51-D060": 58.22968633529307}, "K53-U080": {"K53-U090": 77.6660555105294}, "K51-D010": {"K51-D020": 79.40353905976829}, "K51-D170": {"K51-D180": 105.67497542587641}, "K51-U050": {"K51-U060": 253.31116578951824}, "K53-U130": {"K53-U140": 68.69769227752171}, "K51A-D230": {"K51A-D240": 166.57252001487163}, "K52-nD030": {"K52-nD040": 33.87970056405373},