{"K53-U100": {"K53-U110": 73.41783324823487}, "K53-D010": {"K53-D015": 107.11585563900272}, "K51-D150": {"K51-D160": 183.85078039588507}, "K52-nU290": {"K52-nU300": 35.359027575926824}, "K52-nU260": {"K52-nU270": 73.64059847340431}, "K52-nD110": {"K52-nD120": 174.71241882104567}, "K51-D130": {"K51-D140": 51.91530515728398}, "K51-U080": {"K51-U090": 174.44932734058233}, "K54-D030": {"K54-D040": 82.53113930061912}, "K52-nD240": {"K52-nD250": 157.52310157283532}, "K53-U010": {"K53-U020": 248.21048721157467}, "K58-D070": {"K58-D080": 110.47660405662937}, "K52-nD250": {"K52-nD260": 176.80842000804077}, "K52-nD130": {"K52-nD140": 89.08653289036548}, "K58-D020": {"K58-D030": 116.52882223858765}, "K53-D030": {"K53-D040": 80.8429742366882}, "K52A-U100": {"K52A-U110": 76.51808327389533}, "K58-U140": {"K58-U150": 129.93318252269268}, "K52A-U010": {"K52A-U015": 283.01391926467284}, "K52-nD210": {"K52-nD220": 222.1094362517906}, "K53-U030": {"K53-U040": 208.9434425356691}, "K54-U050": {"K54-U060": 336.69794486960467}, "K51-D040": {"K51-D050": 48.93748070075365}, "K58-D200": {"K58-D210": 63.154003367359884}, "K53-U110": {"K53-U120": 86.74379426988294}, "K58-U010": {"K58-U020": 76.114091399704}, "K51A-D250": {"K51A-D260": 106.75472698248477}, "K58-D140": {"K58-D150": 39.82624658721399}, "K51A-D210": {"K51A-D220": 83.86201882466042}, "K54-U040": {"K54-U050": 166.5114076229176}, "K51A-U240": {"K51A-U250": 72.9522761814666}, "K54-U030": {"K54-U040": 120.72652047511761}, "K51-D250": {"K51-D260": 145.43177815600183}, "K51-D190": {"K51-D200": 163.15180194287035}, "K51A-U100": {"K51A-U110": 214.8001604492378}, "K51A-U090": {"K51A-U100": 158.01485536512763}, "K52-nD120": {"K52-nD130": 40.074347241753614}, "K58-D060": {"K58-D070": 159.73292958423474}, "K52A-D060": {"K52A-D070": 129.34768316859805}, "K51A-D190": {"K51A-D200": 202.66713968629253}, "K58-U180": {"K58-U190": 136.4061383063981}, "K58-D050": {"K58-D060": 219.28170012871342}, "K58-U130": {"K58-U140": 100.53254030966418}, "K54-U060": {"K54-U070": 207.98568688879953}, "K51A-U230": {"K51A-U240": 36.75435211924489}, "K53-U070": {"K53-U080": 53.681125453870564}, "K58-D170": {"K58-D180": 157.15818646369158}, "K51A-D170": {"K51A-D180": 168.27092833229395}, "K51A-D010": {"K51A-D020": 57.02785280578578}, "K52-nU010": {"K52-nU020": 37.13916612032689}, "K51-D270": {"K51-D280": 92.26242741615542}, "K51A-U190": {"K51A-U200": 71.9053388495946}, "K53-D040": {"K53-D050": 85.2959818063447}, "K52-nU040": {"K52-nU050": 73.73323237035919}, "K51-D220": {"K51-D230": 259.77261339641274}, "K52-nU170": {"K52-nU180": 133.84515700668655}, "K52-nD290": {"K52-nD300": 105.08140191636707}, "K52-nD010": {"K52-nD020": 18.696061570818948}, "K52A-U030": {"K52A-U040": 41.86745318041244}, "K54-D020": {"K54-D030": 132.83763902433572}, "K51A-D140": {"K51A-D150": 88.35157453305573}, "K51A-U030": {"K51A-U040": 78.42324900723193}, "K53-D015": {"K53-D020": 52.14814819637944}, "K51A-D090": {"K51A-D100": 82.99080548662073}, "K51-U020": {"K51-U030": 120.86278611664693}, "K51-U130": {"K51-U140": 76.2269960068086}, "K58-U170": {"K58-U180": 222.56960909415346}, "K51-U170": {"K51-U180": 82.89907392412631}, "K51-D030": {"K51-D040": 40.41072063844446}, "K52-nD140": {"K52-nD150": 112.36716640350116}, "K58-D180": {"K58-D190": 323.58866424230456}, "K58-D160": {"K58-D170": 215.6056085041274}, "K51-D020": {"K51-D030": 63.38808584831205}, "K52A-U130": {"K52A-U140": 62.52574548333432}, "K52-nD020": {"K52-nD030": 26.38785490915662}, "K52A-U040": {"K52A-U050": 126.05850603743275}, "K58-D010": {"K58-D020": 20.341710543175218}, "K52-nU200": {"K52-nU210": 93.46692773552512}, "K51-U040": {"K51-U050": 117.30575173634266}, "K51A-U210": {"K51A-U220": 73.8516300649949}, "K52-nU250": {"K52-nU260": 69.34699722535163}, "K52-nU060": {"K52-nU070": 155.47071047326557}, "K51-U030": {"K51-U040": 77.09146357478238}, "K58-U070": {"K58-U080": 125.58370411847098}, "K52-nU190": {"K52-nU200": 146.40896749219218}, "K52A-D140": {"K52A-D150": 109.9107390375679}, "K51-D260": {"K51-D270": 59.18234833805836}, "K51-D060": {"K51-D070": 59.01338039428212}, "K53-D060": {"K53-D070": 142.743560351502}, "K52-nU080": {"K52-nU090": 78.51387483301366}, "K58-U060": {"K58-U070": 179.8863648334629}, "K52-nD280": {"K52-nD290": 93.78130682047303}, "K51-D210": {"K51-D220": 169.43104739232845}, "K52A-U060": {"K52A-U070": 141.64268451762882}, "K51-D140": {"K51-D150": 89.40699532587087}, "K52-nD150": {"K52-nD160": 97.89274236996421}, "K51A-D160": {"K51A-D170": 215.9702155415326}, "K58-D030": {"K58-D040": 80.3555674072556}, "K51-U220": {"K51-U230": 61.85212470585797}, "K58-U120": {"K58-U130": 128.81376484904112}, "K51A-D020": {"K51A-D030": 114.1535373577312}, "K51A-U010": {"K51A-U020": 52.633272325399375}, "K54-D040": {"K54-D050": 153.36007659166316}, "K51A-D240": {"K51A-D250": 63.10487898842372}, "K51-U140": {"K51-U150": 52.87729585178295}, "K51-D200": {"K51-D210": 125.5972400837509}, "K51A-D040": {"K51A-D050": 96.25942035538387}, "K51A-U070": {"K51A-U080": 220.50819992266457}, "K52-nU210": {"K52-nU220": 74.35783875516364}, "K58-U190": {"K58-U200": 145.82011750247548}, "K54-D060": {"K54-D070": 150.72391014053653}, "K52A-U140": {"K52A-U150": 160.36747851973956}, "K52-nD100": {"K52-nD110": 65.08841062161957}, "K52A-U110": {"K52A-U120": 58.93406915567989}, "K53-U050": {"K53-U060": 164.53378594287213}, "K51A-U110": {"K51A-U120": 140.00376479839392}, "K52A-U080": {"K52A-U090": 71.66117309356127}, "K51A-D050": {"K51A-D060": 85.82589615288029}, "K52A-D130": {"K52A-D140": 85.26276617700742}, "K51A-U080": {"K51A-U090": 178.5474275420765}, "K52-nU120": {"K52-nU130": 142.88512956740846, "K52-nU140": 113.66959931206426}, "K52-nU130": {"K52-nU140": 328.31723641397036}, "K53-D130": {"K53-D140": 111.82588608650126}, "K52-nU150": {"K52-nU160": 95.6081159796831}, "K54-U020": {"K54-U030": 162.00049150302993}, "K52-nD260": {"K52-nD270": 62.75546234052608}, "K52-nU050": {"K52-nU060": 254.7692876902967}, "K51A-U060": {"K51A-U070": 316.2542306745736}, "K52A-D170": {"K52A-D180": 117.01617122949787}, "K51A-D110": {"K51A-D120": 55.98118811843775}, "K51-U110": {"K51-U120": 122.20390426851972}, "K51-U240": {"K51-U250": 112.68610335619425}, "K53-D070": {"K53-D080": 77.62963386868917}, "K52A-D080": {"K52A-D090": 71.76552572033816}, "K51A-U130": {"K51A-U140": 81.91607865992314}, "K54-D050": {"K54-D060": 88.15814008305085}, "K52-nD180": {"K52-nD190": 148.0491915670341}, "K51A-U020": {"K51A-U030": 116.78202829816988}, "K51A-D060": {"K51A-D070": 82.28492302449841}, "K51-U150": {"K51-U160": 89.64286983642316}, "K53-D160": {"K53-U011": 161.99507806357587, "K53-D170": 203.29657612277575}, "K51-U160": {"K51-U170": 119.60870913694666}, "K53-U090": {"K53-U100": 118.06060771975783}, "K52-nD160": {"K52-nD170": 153.21755753576514}, "K51A-D150": {"K51A-D160": 125.27276394083273}, "K52-nU070": {"K52-nU080": 101.13547409663326}, "K52A-U120": {"K52A-U130": 68.51236230273862}, "K52A-U150": {"K52A-U160": 33.9271047483505}, "K51-U230": {"K51-U240": 48.79887161243341}, "K52A-U050": {"K52A-U060": 60.70813781089612}, "K52A-U020": {"K52A-U030": 89.0597585936085}, "K52A-D030": {"K52A-D040": 22.21258858672393}, "K51A-U140": {"K51A-U150": 54.862539264768984}, "K53-U060": {"K53-U070": 79.96608227059043}, "K52A-U170": {"K52A-U180": 275.3750320785299}, "K53-U040": {"K53-U050": 134.26918537699282}, "K51-U070": {"K51-U080": 193.71056004662304}, "K52-nU030": {"K52-nU040": 136.8448335008026}, "K52-nU280": {"K52-nU290": 44.8479853844474}, "K54-U010": {"K54-U020": 78.36245665825439}, "K54-U070": {"K54-D010": 154.23112827513148}, "K51A-U170": {"K51A-U180": 78.88165533190082}, "K51-D240": {"K51-D250": 114.10203561129902}, "K51-D050": {"K51-D060": 62.631593733909924}, "K53-U080": {"K53-U090": 81.38802473476301}, "K51-D010": {"K51-D020": 77.85105505601548}, "K51-D170": {"K51-D180": 104.61414391911906}, "K51-U050": {"K51-U060": 257.882744990466}, "K53-U130": {"K53-U140": 64.86451806439706}, "K51A-D230": {"K51A-D240": 157.16737866110776}, "K52-nD030": {"K52-nD040": 31.311223653326426},