{"K65A-D050": {"K65A-D060": 59.821884812099015}, "K65A-U100": {"K65A-U110": 56.80588467267161}, "K65A-U110": {"K65A-U120": 75.65791090420251}, "K65A-U120": {"K65A-U130": 79.30514096586626}, "K65-U060": {"K65-U070": 36.32093941072283}, "K66-D090": {"K66-D100": 44.82590561749232}, "K65A-D070": {"K65A-D080": 115.56954213271813}, "K68-D190": {"K68-D200": 62.22540995366167}, "K65A-U030": {"K65A-U040": 31.278943326681276}, "K65-D050": {"K65-D060": 55.58903173840429}, "K65-U070": {"K65-U080": 70.35849310017127}, "K65-U200": {"K65-U210": 57.29679987648365}, "K65-D150": {"K65-D160": 103.72328128499865}, "K66-D170": {"K66-D180": 185.5153111851331}, "K65-D060": {"K65-D070": 89.10577504657574}, "K65-D180": {"K65-D190": 113.29896186116734}, "K66-U190": {"K66-U200": 69.0846554041106}, "K66-U130": {"K66-U140": 55.135974621370885}, "K65-U080": {"K65-U090": 149.9649628040381}, "K66-D200": {"K66-D210": 128.83323612178341}, "K68-U120": {"K68-U130": 155.30108887778496}, "K68-D150": {"K68-D160": 38.52569192760448}, "K65-U100": {"K65-U110": 148.97009492689477}, "K66-U020": {"K66-U030": 192.7308674219598}, "K65-D070": {"K65-D080": 129.31638956770936}, "K65-D100": {"K65-D110": 225.29845572594985}, "K66-U180": {"K66-U190": 68.00533163832233}, "K65-D170": {"K65-D180": 95.8122012708696}, "K66-U040": {"K66-U050": 132.4170206733816}, "K65-U140": {"K65-U150": 97.4046574876381}, "K66-U010": {"K66-U020": 125.16985045620943}, "K66-U080": {"K66-U090": 175.81562499921242}, "K65-U050": {"K65-U060": 112.8985994729915}, "K68-U070": {"K68-U080": 31.565893684348215}, "K66-U140": {"K66-U150": 44.014409532212284}, "K66-U050": {"K66-U060": 48.982677070693796}, "K68-U100": {"K68-U110": 189.61344338070916}, "K68-D160": {"K68-D170": 81.73644058734536}, "K65A-D020": {"K65A-D030": 74.87721442717319}, "K68-U030": {"K68-U040": 30.0486369936305}, "K66-D110": {"K66-D120": 38.63522658336554}, "K65-D120": {"K65-D130": 67.61123547452092}, "K66-D130": {"K66-D140": 44.091129730235636}, "K65A-D100": {"K65A-D110": 225.99860524874924}, "K65-D090": {"K65-D100": 104.448652882435}, "K65A-D080": {"K65A-D090": 58.910014518593826}, "K68-D080": {"K68-D090": 93.65157055166932}, "K65A-U070": {"K65A-U080": 44.84344307954616}, "K66-D010": {"K66-D020": 17.128183746450713}, "K65-D020": {"K65-D030": 82.52884454073683}, "K65A-U090": {"K65A-U100": 52.765771201417216}, "K66-U100": {"K66-U110": 74.65325052318596}, "K65A-D060": {"K65A-D070": 81.49267966156248}, "K65-D080": {"K65-D090": 62.81686207390709}, "K65-D110": {"K65-D120": 123.83632118104815}, "K65-U160": {"K65-U170": 57.81303994021258}, "K68-U170": {"K68-D010": 169.00188482562274}, "K66-U160": {"K66-U170": 47.139504466607136}, "K66-D020": {"K66-D030": 73.91542486970432}, "K68-D050": {"K68-D060": 66.40507731706172}, "K66-D190": {"K66-D200": 86.5101777461301}, "K66-U030": {"K66-U040": 175.88299934444723}, "K66-D100": {"K66-D110": 44.480326535082085}, "K66-D140": {"K66-D150": 99.55524375544346}, "K65-U030": {"K65-U040": 102.25536621806923}, "K65-D140": {"K65-D150": 111.19796483152251}, "K65-D010": {"K65-D020": 38.716510168076915}, "K66-U070": {"K66-U080": 194.06624575898215}, "K65-U170": {"K65-U180": 54.406758368724375}, "K66-D150": {"K66-D160": 91.48633361788748}, "K65-U090": {"K65-U100": 56.35839327654203}, "K66-U090": {"K66-U100": 48.518687409180984}, "K66-U150": {"K66-U160": 56.07748927291542}, "K66-D040": {"K66-D050": 48.362623405755805}, "K68-D110": {"K68-D120": 95.22721700223846}, "K65-U180": {"K65-U190": 74.23162639158491}, "K68-U090": {"K68-U100": 143.75481876784113}, "K66-D070": {"K66-D080": 47.44579057964543}, "K65-U110": {"K65-U120": 108.38395016421916}, "K68-U140": {"K68-U150": 48.65156134729672}, "K68-D090": {"K68-D100": 140.1993035110704}, "K68-D140": {"K68-D150": 41.29639325143947}, "K66-D180": {"K66-D190": 84.4769122873065}, "K68-U150": {"K68-U160": 86.9320127596815}, "K66-D080": {"K66-D090": 65.76612383811018}, "K65-U150": {"K65-U160": 58.12609234436402}, "K65-D030": {"K65-D040": 66.0830044366746}, "K68-D100": {"K68-D110": 94.51045519921743}, "K65-U130": {"K65-U140": 31.258325491936585}, "K65-U010": {"K65-U020": 252.92182132609287}, "K66-U210": {"K66-U220": 53.50380711182974}, "K68-U040": {"K68-U050": 49.72902312674749}, "K68-U110": {"K68-U120": 195.48648466993743}, "K68-D020": {"K68-D030": 90.13591713538251}, "K65-U210": {"K65-U220": 71.36331126322685}, "K66-U120": {"K66-U130": 52.692487907494254}, "K68-D130": {"K68-D140": 63.78006317815781}, "K65-U040": {"K65-U050": 86.37479682329163}, "K65-D130": {"K65-D140": 98.57703726340534}, "K68-U050": {"K68-U060": 49.92658680038553}, "K66-D050": {"K66-D060": 40.2946370986881}, "K68-U010": {"K68-U020": 91.07170605085447}, "K68-D060": {"K68-D070": 98.25958012627535}, "K68-U060": {"K68-U070": 69.88656531540565}, "K65-U220": {"K65-U230": 77.05059207716417}, "K66-U110": {"K66-U120": 40.002593307816866}, "K68-D180": {"K68-D190": 35.95094293070149}, "K68-D170": {"K68-D180": 45.82283435885015}, "K66-U200": {"K66-U210": 54.949307071736314}, "K66-D030": {"K66-D040": 78.29649466498893}, "K65-U020": {"K65-U030": 141.7162535878444}, "K65-U190": {"K65-U200": 47.17195764335484}, "K68-U160": {"K68-U170": 72.15861941677036}, "K66-D160": {"K66-D170": 142.02273445832088}, "K65-U120": {"K65-U130": 178.35311860186758}, "K68-D200": {"K68-U011": 67.25971024485128}, "K65-D040": {"K65-D050": 71.37199477137514}, "K65A-U040": {"K65A-U050": 93.05559758766461}, "K65A-D040": {"K65A-D050": 65.33294835475834}, "K65A-U020": {"K65A-U030": 198.32634380071065}, "K66-U170": {"K66-U180": 32.77603366489613}, "K65A-U050": {"K65A-U060": 53.416843869219804}, "K65A-D090": {"K65A-D100": 116.85774049952457}, "K65A-U080": {"K65A-U090": 71.54344934042831}, "K65A-D030": {"K65A-D040": 58.73248375625906}, "K65A-D010": {"K65A-D020": 63.397950645599224}, "K66-D060": {"K66-D070": 44.39086887208453}, "K65A-U060": {"K65A-U070": 57.37375209358078}, "K66-D210": {"K66-D220": 134.8311784910798}, "K68-D070": {"K68-D080": 197.91440537448926}, "K65-D160": {"K65-D170": 154.02124450838463}, "K68-U130": {"K68-U140": 155.52001053068264}, "K68-U020": {"K68-U030": 51.146196883649154}, "K66-U060": {"K66-U070": 179.79280479977152}, "K68-D010": {"K68-D020": 46.96384770319268}, "K65A-U010": {"K65A-U020": 61.87415508229574}, "K68-D040": {"K68-D050": 122.45585900172982}, "K66-D220": {"K66-D230": 89.06628864032373}, "K66-D120": {"K66-D130": 63.775822142853244}, "K68-U080": {"K68-U090": 44.62617367316448}, "K68-D120": {"K68-D130": 195.84813159769516}, "K66-D230": {"K66-D240": 94.31713532147985}, "K68-D030": {"K68-D040": 86.31113152422499}}