{"K65A-D050": {"K65A-D060": 58.71270238036535}, "K65A-U100": {"K65A-U110": 66.27394833494888}, "K65A-U110": {"K65A-U120": 74.88968664735218}, "K65A-U120": {"K65A-U130": 80.22487278578225}, "K65-U060": {"K65-U070": 34.63641092373257}, "K66-D090": {"K66-D100": 48.14465359346654}, "K65A-D070": {"K65A-D080": 116.9542915251878}, "K68-D190": {"K68-D200": 57.03342480012967}, "K65A-U030": {"K65A-U040": 32.44104309591999}, "K65-D050": {"K65-D060": 55.38413574877986}, "K65-U070": {"K65-U080": 67.37510688141873}, "K65-U200": {"K65-U210": 57.6853794532861}, "K65-D150": {"K65-D160": 104.27258635323558}, "K66-D170": {"K66-D180": 184.87705183074348}, "K65-D060": {"K65-D070": 78.87191529731896}, "K65-D180": {"K65-D190": 120.04707420420443}, "K66-U190": {"K66-U200": 65.58412897246355}, "K66-U130": {"K66-U140": 51.95719424653741}, "K65-U080": {"K65-U090": 148.15180210838764}, "K66-D200": {"K66-D210": 131.86475106299537}, "K68-U120": {"K68-U130": 145.8367302089943}, "K68-D150": {"K68-D160": 44.9206278809053}, "K65-U100": {"K65-U110": 146.80052504608938}, "K66-U020": {"K66-U030": 199.62830329106106}, "K65-D070": {"K65-D080": 120.02684967971854}, "K65-D100": {"K65-D110": 223.03076250416038}, "K66-U180": {"K66-U190": 59.96825798288594}, "K65-D170": {"K65-D180": 102.80402669847201}, "K66-U040": {"K66-U050": 138.5259484015205}, "K65-U140": {"K65-U150": 96.69276168855032}, "K66-U010": {"K66-U020": 132.42252640686033}, "K66-U080": {"K66-U090": 183.5241651688161}, "K65-U050": {"K65-U060": 112.04618247872588}, "K68-U070": {"K68-U080": 33.754249765556374}, "K66-U140": {"K66-U150": 47.241121654605365}, "K66-U050": {"K66-U060": 50.68944345676276}, "K68-U100": {"K68-U110": 183.42916511606592}, "K68-D160": {"K68-D170": 83.6616100292965}, "K65A-D020": {"K65A-D030": 81.77384873174825}, "K68-U030": {"K68-U040": 30.87523092674507}, "K66-D110": {"K66-D120": 38.91831217967781}, "K65-D120": {"K65-D130": 66.88256999176872}, "K66-D130": {"K66-D140": 39.120733087999696}, "K65A-D100": {"K65A-D110": 234.2554356560807}, "K65-D090": {"K65-D100": 107.42966189823728}, "K65A-D080": {"K65A-D090": 57.70360414143645}, "K68-D080": {"K68-D090": 97.41887503622607}, "K65A-U070": {"K65A-U080": 47.175711821361176}, "K66-D010": {"K66-D020": 19.95657613549485}, "K65-D020": {"K65-D030": 143.68873362412936}, "K65A-U090": {"K65A-U100": 47.613619925338085}, "K66-U100": {"K66-U110": 76.95767219822838}, "K65A-D060": {"K65A-D070": 83.72250275737012}, "K65-D080": {"K65-D090": 60.15416085006238}, "K65-D110": {"K65-D120": 119.63929651362659}, "K65-U160": {"K65-U170": 51.866459899396645}, "K68-U170": {"K68-D010": 182.9935868788926}, "K66-U160": {"K66-U170": 43.80318034118689}, "K66-D020": {"K66-D030": 67.48999953523388}, "K68-D050": {"K68-D060": 65.26322711376501}, "K66-D190": {"K66-D200": 88.1433992813636}, "K66-U030": {"K66-U040": 177.41239355898261}, "K66-D100": {"K66-D110": 51.26132221789153}, "K66-D140": {"K66-D150": 85.98648589556443}, "K65-U030": {"K65-U040": 91.66371005659866}, "K65-D140": {"K65-D150": 112.33216145083637}, "K65-D010": {"K65-D020": 49.75700793503971}, "K66-U070": {"K66-U080": 187.68463459896242}, "K65-U170": {"K65-U180": 48.2236611692634}, "K66-D150": {"K66-D160": 101.20564257962744}, "K65-U090": {"K65-U100": 56.52122495577673}, "K66-U090": {"K66-U100": 53.45291899718376}, "K66-U150": {"K66-U160": 55.1806671394949}, "K66-D040": {"K66-D050": 41.88286793008824}, "K68-D110": {"K68-D120": 101.663382188839}, "K65-U180": {"K65-U190": 76.12575801158837}, "K68-U090": {"K68-U100": 141.6131651299969}, "K66-D070": {"K66-D080": 55.85791341540373}, "K65-U110": {"K65-U120": 107.07634930938195}, "K68-U140": {"K68-U150": 43.585262199930526}, "K68-D090": {"K68-D100": 153.51905446235904}, "K68-D140": {"K68-D150": 38.66639154808092}, "K66-D180": {"K66-D190": 87.88169773582125}, "K68-U150": {"K68-U160": 90.01949356995185}, "K66-D080": {"K66-D090": 60.848620457198066}, "K65-U150": {"K65-U160": 46.75094564780851}, "K65-D030": {"K65-D040": 70.0769175219967}, "K68-D100": {"K68-D110": 87.15857492813477}, "K65-U130": {"K65-U140": 30.40232919938351}, "K65-U010": {"K65-U020": 289.4892069616018}, "K66-U210": {"K66-U220": 52.591422898031865}, "K68-U040": {"K68-U050": 50.300810956973756}, "K68-U110": {"K68-U120": 193.88463674527597}, "K68-D020": {"K68-D030": 85.75687899566633}, "K65-U210": {"K65-U220": 79.28626160681922}, "K66-U120": {"K66-U130": 53.37421873211055}, "K68-D130": {"K68-D140": 60.76403896905377}, "K65-U040": {"K65-U050": 91.9206644555239}, "K65-D130": {"K65-D140": 102.25976443900525}, "K68-U050": {"K68-U060": 56.99467124018359}, "K66-D050": {"K66-D060": 49.03854837832678}, "K68-U010": {"K68-U020": 113.32630702119164}, "K68-D060": {"K68-D070": 103.63784775180491}, "K68-U060": {"K68-U070": 63.65772591809532}, "K65-U220": {"K65-U230": 81.4735418688651}, "K66-U110": {"K66-U120": 34.20770433675744}, "K68-D180": {"K68-D190": 37.9045633550285}, "K68-D170": {"K68-D180": 46.64637568898646}, "K66-U200": {"K66-U210": 55.49316311719555}, "K66-D030": {"K66-D040": 75.42694417253537}, "K65-U020": {"K65-U030": 148.5430895968044}, "K65-U190": {"K65-U200": 44.00006901316367}, "K68-U160": {"K68-U170": 77.33658952596748}, "K66-D160": {"K66-D170": 156.6838920207028}, "K65-U120": {"K65-U130": 187.54300342605129}, "K68-D200": {"K68-U011": 81.41418531605586}, "K65-D040": {"K65-D050": 68.66693348203019}, "K65A-U040": {"K65A-U050": 96.43888981833223}, "K65A-D040": {"K65A-D050": 64.486057696213}, "K65A-U020": {"K65A-U030": 183.06534394715214}, "K66-U170": {"K66-U180": 32.12521349604803}, "K65A-U050": {"K65A-U060": 50.28865254631873}, "K65A-D090": {"K65A-D100": 112.56994941772874}, "K65A-U080": {"K65A-U090": 67.18293692285127}, "K65A-D030": {"K65A-D040": 58.93330304911443}, "K65A-D010": {"K65A-D020": 130.80439429494862}, "K66-D060": {"K66-D070": 45.783978044788476}, "K65A-U060": {"K65A-U070": 50.60340553204588}, "K66-D210": {"K66-D220": 135.52113709887917}, "K68-D070": {"K68-D080": 209.39268268675897}, "K65-D160": {"K65-D170": 151.555167059287}, "K68-U130": {"K68-U140": 161.5717607718064}, "K68-U020": {"K68-U030": 44.21124590492996}, "K66-U060": {"K66-U070": 171.54685840803984}, "K68-D010": {"K68-D020": 49.855745128843914}, "K65A-U010": {"K65A-U020": 77.73707860953861}, "K68-D040": {"K68-D050": 127.31742088713327}, "K66-D220": {"K66-D230": 93.70258872291177}, "K66-D120": {"K66-D130": 64.28248864011364}, "K68-U080": {"K68-U090": 44.11321133478568}, "K68-D120": {"K68-D130": 177.1864017643273}, "K66-D230": {"K66-D240": 96.57587388874273}, "K68-D030": {"K68-D040": 84.17229284928591}}