{"K65A-D050": {"K65A-D060": 62.50070885230508}, "K65A-U100": {"K65A-U110": 68.64853621704097}, "K65A-U110": {"K65A-U120": 80.43666192149057}, "K65A-U120": {"K65A-U130": 83.32527601924149}, "K65-U060": {"K65-U070": 35.47967232509241}, "K66-D090": {"K66-D100": 52.16219308930314}, "K65A-D070": {"K65A-D080": 136.33934431841817}, "K68-D190": {"K68-D200": 61.76790063360367}, "K65A-U030": {"K65A-U040": 34.314908966492176}, "K65-D050": {"K65-D060": 64.69281423357023}, "K65-U070": {"K65-U080": 67.71327192315353}, "K65-U200": {"K65-U210": 71.34640101726367}, "K65-D150": {"K65-D160": 107.87024229055812}, "K66-D170": {"K66-D180": 190.63595100386217}, "K65-D060": {"K65-D070": 99.79089373940788}, "K65-D180": {"K65-D190": 119.42510354997174}, "K66-U190": {"K66-U200": 68.24971743430969}, "K66-U130": {"K66-U140": 55.57475465820295}, "K65-U080": {"K65-U090": 151.986129698891}, "K66-D200": {"K66-D210": 129.87891462322605}, "K68-U120": {"K68-U130": 169.08254245316388}, "K68-D150": {"K68-D160": 44.017709818931266}, "K65-U100": {"K65-U110": 159.3075561856174}, "K66-U020": {"K66-U030": 190.56280379153537}, "K65-D070": {"K65-D080": 131.81033900273277}, "K65-D100": {"K65-D110": 230.78522705692671}, "K66-U180": {"K66-U190": 64.85769850788759}, "K65-D170": {"K65-D180": 106.1452244647204}, "K66-U040": {"K66-U050": 132.39826093204175}, "K65-U140": {"K65-U150": 100.49987463432669}, "K66-U010": {"K66-U020": 122.47721224420074}, "K66-U080": {"K66-U090": 176.81811501801687}, "K65-U050": {"K65-U060": 112.17248959424614}, "K68-U070": {"K68-U080": 36.293138867812196}, "K66-U140": {"K66-U150": 49.340537875635}, "K66-U050": {"K66-U060": 47.456833716991}, "K68-U100": {"K68-U110": 189.26796903731875}, "K68-D160": {"K68-D170": 82.34891390296531}, "K65A-D020": {"K65A-D030": 76.48497270576827}, "K68-U030": {"K68-U040": 31.52439347378792}, "K66-D110": {"K66-D120": 42.783255028627906}, "K65-D120": {"K65-D130": 67.0011125351101}, "K66-D130": {"K66-D140": 47.192427395745874}, "K65A-D100": {"K65A-D110": 257.5945389075696}, "K65-D090": {"K65-D100": 112.17235891606511}, "K65A-D080": {"K65A-D090": 66.78047019915294}, "K68-D080": {"K68-D090": 88.00971450072639}, "K65A-U070": {"K65A-U080": 53.60017305318356}, "K66-D010": {"K66-D020": 15.31054185633452}, "K65-D020": {"K65-D030": 82.59494983137905}, "K65A-U090": {"K65A-U100": 63.32523899194384}, "K66-U100": {"K66-U110": 81.30767456363284}, "K65A-D060": {"K65A-D070": 90.8469561348184}, "K65-D080": {"K65-D090": 65.20343237510916}, "K65-D110": {"K65-D120": 118.61586446695148}, "K65-U160": {"K65-U170": 57.44931461828113}, "K68-U170": {"K68-D010": 161.435383545528}, "K66-U160": {"K66-U170": 50.53895463432938}, "K66-D020": {"K66-D030": 68.83743458240336}, "K68-D050": {"K68-D060": 58.021346439023304}, "K66-D190": {"K66-D200": 91.39475939985996}, "K66-U030": {"K66-U040": 184.2269131659516}, "K66-D100": {"K66-D110": 43.29622970368006}, "K66-D140": {"K66-D150": 93.18839132007932}, "K65-U030": {"K65-U040": 87.96540482624803}, "K65-D140": {"K65-D150": 112.38708627824624}, "K65-D010": {"K65-D020": 42.123653837038745}, "K66-U070": {"K66-U080": 182.33300477445465}, "K65-U170": {"K65-U180": 52.42973180180974}, "K66-D150": {"K66-D160": 103.99864894303332}, "K65-U090": {"K65-U100": 53.76238417356492}, "K66-U090": {"K66-U100": 49.98079039328651}, "K66-U150": {"K66-U160": 53.68197395946144}, "K66-D040": {"K66-D050": 47.62855169741481}, "K68-D110": {"K68-D120": 97.85640887161915}, "K65-U180": {"K65-U190": 75.23077008219643}, "K68-U090": {"K68-U100": 143.69391860672025}, "K66-D070": {"K66-D080": 52.463257858653165}, "K65-U110": {"K65-U120": 111.5882079841138}, "K68-U140": {"K68-U150": 48.85176344839324}, "K68-D090": {"K68-D100": 144.73661582840353}, "K68-D140": {"K68-D150": 38.51508584811334}, "K66-D180": {"K66-D190": 91.34641792345407}, "K68-U150": {"K68-U160": 85.67845879758363}, "K66-D080": {"K66-D090": 60.57828603898057}, "K65-U150": {"K65-U160": 59.79057251197694}, "K65-D030": {"K65-D040": 69.82227185923503}, "K68-D100": {"K68-D110": 92.9289118991127}, "K65-U130": {"K65-U140": 31.919996796160923}, "K65-U010": {"K65-U020": 258.8139017313617}, "K66-U210": {"K66-U220": 53.05157879531654}, "K68-U040": {"K68-U050": 47.77614014951048}, "K68-U110": {"K68-U120": 196.06399975357576}, "K68-D020": {"K68-D030": 88.97233915451034}, "K65-U210": {"K65-U220": 80.77316292991365}, "K66-U120": {"K66-U130": 58.33081434981068}, "K68-D130": {"K68-D140": 58.06797412726102}, "K65-U040": {"K65-U050": 90.68568883926642}, "K65-D130": {"K65-D140": 118.10376548043794}, "K68-U050": {"K68-U060": 52.225592071106306}, "K66-D050": {"K66-D060": 47.92385283866447}, "K68-U010": {"K68-U020": 89.95460352527421}, "K68-D060": {"K68-D070": 100.65551176732166}, "K68-U060": {"K68-U070": 65.78133957200308}, "K65-U220": {"K65-U230": 81.9460085485336}, "K66-U110": {"K66-U120": 37.51747573498777}, "K68-D180": {"K68-D190": 37.34295824401714}, "K68-D170": {"K68-D180": 46.01952356246498}, "K66-U200": {"K66-U210": 56.48616249427006}, "K66-D030": {"K66-D040": 79.08180634050372}, "K65-U020": {"K65-U030": 135.73684866840557}, "K65-U190": {"K65-U200": 64.61317296586677}, "K68-U160": {"K68-U170": 69.54576172965903}, "K66-D160": {"K66-D170": 143.50332219264627}, "K65-U120": {"K65-U130": 191.77873185936727}, "K68-D200": {"K68-U011": 66.53139830501061}, "K65-D040": {"K65-D050": 81.11419711002152}, "K65A-U040": {"K65A-U050": 95.7134226035492}, "K65A-D040": {"K65A-D050": 77.22283456134882}, "K65A-U020": {"K65A-U030": 214.44335310115002}, "K66-U170": {"K66-U180": 35.17022522774731}, "K65A-U050": {"K65A-U060": 53.9242803922952}, "K65A-D090": {"K65A-D100": 130.75198058216432}, "K65A-U080": {"K65A-U090": 72.17780065134417}, "K65A-D030": {"K65A-D040": 70.50652382645863}, "K65A-D010": {"K65A-D020": 80.01065041762872}, "K66-D060": {"K66-D070": 41.940282179219196}, "K65A-U060": {"K65A-U070": 55.8599316263071}, "K66-D210": {"K66-D220": 135.2700768805824}, "K68-D070": {"K68-D080": 201.658084930126}, "K65-D160": {"K65-D170": 148.68501009046665}, "K68-U130": {"K68-U140": 160.92971650739756}, "K68-U020": {"K68-U030": 50.830889699708266}, "K66-U060": {"K66-U070": 176.5976195649222}, "K68-D010": {"K68-D020": 47.56528359951276}, "K65A-U010": {"K65A-U020": 70.15771982282035}, "K68-D040": {"K68-D050": 114.40203238015665}, "K66-D220": {"K66-D230": 96.42144881519832}, "K66-D120": {"K66-D130": 69.20031422249687}, "K68-U080": {"K68-U090": 49.078733760376615}, "K68-D120": {"K68-D130": 214.19848551600958}, "K66-D230": {"K66-D240": 99.33525693969275}, "K68-D030": {"K68-D040": 89.94357455612442}}