{"K65A-D050": {"K65A-D060": 63.74814043056417}, "K65A-U100": {"K65A-U110": 62.876197535277484}, "K65A-U110": {"K65A-U120": 78.4921965453128}, "K65A-U120": {"K65A-U130": 83.02013420138702}, "K65-U060": {"K65-U070": 42.0701669451408}, "K66-D090": {"K66-D100": 44.60461099492687}, "K65A-D070": {"K65A-D080": 119.84122297340909}, "K68-D190": {"K68-D200": 61.45462792323699}, "K65A-U030": {"K65A-U040": 35.9486641498594}, "K65-D050": {"K65-D060": 60.94748735251896}, "K65-U070": {"K65-U080": 69.2070604192975}, "K65-U200": {"K65-U210": 59.72720924606735}, "K65-D150": {"K65-D160": 114.19873230769875}, "K66-D170": {"K66-D180": 204.26089254378684}, "K65-D060": {"K65-D070": 80.80941217018433}, "K65-D180": {"K65-D190": 114.79931395103283}, "K66-U190": {"K66-U200": 68.0761562030607}, "K66-U130": {"K66-U140": 53.76717950703609}, "K65-U080": {"K65-U090": 149.30370135092465}, "K66-D200": {"K66-D210": 129.6980590912303}, "K68-U120": {"K68-U130": 153.4955238777206}, "K68-D150": {"K68-D160": 45.14899052899524}, "K65-U100": {"K65-U110": 158.46651728374064}, "K66-U020": {"K66-U030": 202.54944079587494}, "K65-D070": {"K65-D080": 118.91807872167553}, "K65-D100": {"K65-D110": 237.60064614941626}, "K66-U180": {"K66-U190": 67.33048029914619}, "K65-D170": {"K65-D180": 111.50880896729022}, "K66-U040": {"K66-U050": 128.3184327451374}, "K65-U140": {"K65-U150": 102.33876297840031}, "K66-U010": {"K66-U020": 122.30679870480196}, "K66-U080": {"K66-U090": 178.68538760119813}, "K65-U050": {"K65-U060": 109.98306357956794}, "K68-U070": {"K68-U080": 30.553689409806672}, "K66-U140": {"K66-U150": 50.71516433839929}, "K66-U050": {"K66-U060": 48.84594639652794}, "K68-U100": {"K68-U110": 194.1650705468837}, "K68-D160": {"K68-D170": 99.95064247528268}, "K65A-D020": {"K65A-D030": 78.08968847159262}, "K68-U030": {"K68-U040": 30.309988282071107}, "K66-D110": {"K66-D120": 44.023645215995046}, "K65-D120": {"K65-D130": 70.7615978252105}, "K66-D130": {"K66-D140": 46.30295119954449}, "K65A-D100": {"K65A-D110": 262.3896037445768}, "K65-D090": {"K65-D100": 112.85094172897952}, "K65A-D080": {"K65A-D090": 64.77530988981269}, "K68-D080": {"K68-D090": 88.50289243663624}, "K65A-U070": {"K65A-U080": 51.233862295095776}, "K66-D010": {"K66-D020": 15.849292213807312}, "K65-D020": {"K65-D030": 74.82175909280845}, "K65A-U090": {"K65A-U100": 62.92818384548194}, "K66-U100": {"K66-U110": 84.80656014374625}, "K65A-D060": {"K65A-D070": 84.6507677611622}, "K65-D080": {"K65-D090": 61.07745998650246}, "K65-D110": {"K65-D120": 122.43883132559593}, "K65-U160": {"K65-U170": 57.84191030072439}, "K68-U170": {"K68-D010": 170.32045296821158}, "K66-U160": {"K66-U170": 48.687368019506586}, "K66-D020": {"K66-D030": 69.28474767899}, "K68-D050": {"K68-D060": 72.93027380223933}, "K66-D190": {"K66-D200": 83.66774906727159}, "K66-U030": {"K66-U040": 156.85843813492383}, "K66-D100": {"K66-D110": 50.89232753143368}, "K66-D140": {"K66-D150": 101.41335604153873}, "K65-U030": {"K65-U040": 108.91784616909244}, "K65-D140": {"K65-D150": 103.9671682051767}, "K65-D010": {"K65-D020": 41.18928402685902}, "K66-U070": {"K66-U080": 189.6456061254416}, "K65-U170": {"K65-U180": 39.89338651391972}, "K66-D150": {"K66-D160": 98.6464024837913}, "K65-U090": {"K65-U100": 56.04330822300481}, "K66-U090": {"K66-U100": 58.50458042145991}, "K66-U150": {"K66-U160": 56.146220729145696}, "K66-D040": {"K66-D050": 48.81482791750489}, "K68-D110": {"K68-D120": 96.02033790411696}, "K65-U180": {"K65-U190": 75.12159037606827}, "K68-U090": {"K68-U100": 143.99866268287337}, "K66-D070": {"K66-D080": 52.94816487390183}, "K65-U110": {"K65-U120": 112.54366127650488}, "K68-U140": {"K68-U150": 46.15574887425647}, "K68-D090": {"K68-D100": 141.87024775791585}, "K68-D140": {"K68-D150": 41.200087865379444}, "K66-D180": {"K66-D190": 84.527543400506}, "K68-U150": {"K68-U160": 91.35825553394837}, "K66-D080": {"K66-D090": 65.70543741108688}, "K65-U150": {"K65-U160": 53.93066343301177}, "K65-D030": {"K65-D040": 69.98920591451285}, "K68-D100": {"K68-D110": 91.80773081626816}, "K65-U130": {"K65-U140": 32.22153889486867}, "K65-U010": {"K65-U020": 265.28648704125607}, "K66-U210": {"K66-U220": 52.98156147180812}, "K68-U040": {"K68-U050": 50.06595599256255}, "K68-U110": {"K68-U120": 194.97836754044366}, "K68-D020": {"K68-D030": 87.26834196871201}, "K65-U210": {"K65-U220": 81.73313671626329}, "K66-U120": {"K66-U130": 56.15571774767504}, "K68-D130": {"K68-D140": 63.222290604509894}, "K65-U040": {"K65-U050": 85.24271796747509}, "K65-D130": {"K65-D140": 102.73576506936544}, "K68-U050": {"K68-U060": 58.96449390478282}, "K66-D050": {"K66-D060": 41.934972870884636}, "K68-U010": {"K68-U020": 102.86929830696633}, "K68-D060": {"K68-D070": 94.29035178724783}, "K68-U060": {"K68-U070": 70.8474480490518}, "K65-U220": {"K65-U230": 80.66899489859102}, "K66-U110": {"K66-U120": 39.61342950486358}, "K68-D180": {"K68-D190": 38.11345984671503}, "K68-D170": {"K68-D180": 44.92443372161043}, "K66-U200": {"K66-U210": 57.58228369270855}, "K66-D030": {"K66-D040": 77.30983636942737}, "K65-U020": {"K65-U030": 140.258986738578}, "K65-U190": {"K65-U200": 51.87623790492508}, "K68-U160": {"K68-U170": 76.09105686095293}, "K66-D160": {"K66-D170": 153.37813376021487}, "K65-U120": {"K65-U130": 179.50981908943285}, "K68-D200": {"K68-U011": 68.66417189765009}, "K65-D040": {"K65-D050": 75.0932314392336}, "K65A-U040": {"K65A-U050": 94.48293252271353}, "K65A-D040": {"K65A-D050": 72.5633934345476}, "K65A-U020": {"K65A-U030": 185.22738896609704}, "K66-U170": {"K66-U180": 37.96284958006024}, "K65A-U050": {"K65A-U060": 51.466469760623}, "K65A-D090": {"K65A-D100": 117.76674045701915}, "K65A-U080": {"K65A-U090": 66.89809718591806}, "K65A-D030": {"K65A-D040": 61.9226335457843}, "K65A-D010": {"K65A-D020": 86.5364539109615}, "K66-D060": {"K66-D070": 49.508250168918224}, "K65A-U060": {"K65A-U070": 53.87025984788354}, "K66-D210": {"K66-D220": 137.41623346517196}, "K68-D070": {"K68-D080": 203.4800229616422}, "K65-D160": {"K65-D170": 157.27660266709069}, "K68-U130": {"K68-U140": 150.38827186286738}, "K68-U020": {"K68-U030": 52.60332941460054}, "K66-U060": {"K66-U070": 168.05182293372542}, "K68-D010": {"K68-D020": 48.68137493721448}, "K65A-U010": {"K65A-U020": 65.52951406461946}, "K68-D040": {"K68-D050": 111.28973657490863}, "K66-D220": {"K66-D230": 93.13809354229376}, "K66-D120": {"K66-D130": 66.60872957243498}, "K68-U080": {"K68-U090": 49.52574685207871}, "K68-D120": {"K68-D130": 188.0869577066373}, "K66-D230": {"K66-D240": 97.45961719585281}, "K68-D030": {"K68-D040": 98.74992701353801}}