{"K65A-D050": {"K65A-D060": 56.78193133973531}, "K65A-U100": {"K65A-U110": 60.70141547074784}, "K65A-U110": {"K65A-U120": 82.24348091893458}, "K65A-U120": {"K65A-U130": 85.9293551609389}, "K65-U060": {"K65-U070": 37.51120496892301}, "K66-D090": {"K66-D100": 45.161135826205005}, "K65A-D070": {"K65A-D080": 118.69061772933155}, "K68-D190": {"K68-D200": 40.74334831111044}, "K65A-U030": {"K65A-U040": 32.91880018280812}, "K65-D050": {"K65-D060": 69.00803442583774}, "K65-U070": {"K65-U080": 63.76217707850235}, "K65-U200": {"K65-U210": 69.9865400555376}, "K65-D150": {"K65-D160": 108.40704833599827}, "K66-D170": {"K66-D180": 203.55660473663883}, "K65-D060": {"K65-D070": 81.89313449302122}, "K65-D180": {"K65-D190": 112.918999518596}, "K66-U190": {"K66-U200": 68.40353156481568}, "K66-U130": {"K66-U140": 54.32818565754792}, "K65-U080": {"K65-U090": 145.56476384852402}, "K66-D200": {"K66-D210": 131.87537910509116}, "K68-U120": {"K68-U130": 146.58630891643566}, "K68-D150": {"K68-D160": 38.96582139920419}, "K65-U100": {"K65-U110": 144.92022900582091}, "K66-U020": {"K66-U030": 194.1796191249057}, "K65-D070": {"K65-D080": 116.40336188349875}, "K65-D100": {"K65-D110": 219.0288148879607}, "K66-U180": {"K66-U190": 62.56977690883441}, "K65-D170": {"K65-D180": 105.12438907524295}, "K66-U040": {"K66-U050": 132.86892939070913}, "K65-U140": {"K65-U150": 97.29620852768042}, "K66-U010": {"K66-U020": 135.13375036903412}, "K66-U080": {"K66-U090": 170.0616971356064}, "K65-U050": {"K65-U060": 106.36744251162227}, "K68-U070": {"K68-U080": 33.92080558533277}, "K66-U140": {"K66-U150": 40.16676099913116}, "K66-U050": {"K66-U060": 48.817253426329}, "K68-U100": {"K68-U110": 188.88683721295314}, "K68-D160": {"K68-D170": 83.94949068348177}, "K65A-D020": {"K65A-D030": 79.43157600909997}, "K68-U030": {"K68-U040": 28.10732342212207}, "K66-D110": {"K66-D120": 37.372805651417394}, "K65-D120": {"K65-D130": 66.39823385173955}, "K66-D130": {"K66-D140": 42.62440765026558}, "K65A-D100": {"K65A-D110": 240.51319857114717}, "K65-D090": {"K65-D100": 106.22124278080216}, "K65A-D080": {"K65A-D090": 55.48406170498849}, "K68-D080": {"K68-D090": 91.88336163782652}, "K65A-U070": {"K65A-U080": 44.10827789862216}, "K66-D010": {"K66-D020": 16.967681534450506}, "K65-D020": {"K65-D030": 76.94744392458125}, "K65A-U090": {"K65A-U100": 47.09284959595819}, "K66-U100": {"K66-U110": 77.30971120194516}, "K65A-D060": {"K65A-D070": 80.47367274336496}, "K65-D080": {"K65-D090": 62.871250271757205}, "K65-D110": {"K65-D120": 119.2572199492386}, "K65-U160": {"K65-U170": 56.47827816021946}, "K68-U170": {"K68-D010": 152.24151330543526}, "K66-U160": {"K66-U170": 49.84918671311469}, "K66-D020": {"K66-D030": 69.38979757999064}, "K68-D050": {"K68-D060": 63.57367164821719}, "K66-D190": {"K66-D200": 84.9607449805428}, "K66-U030": {"K66-U040": 169.83162557451797}, "K66-D100": {"K66-D110": 45.92839944401638}, "K66-D140": {"K66-D150": 107.72501758616609}, "K65-U030": {"K65-U040": 99.44320336334359}, "K65-D140": {"K65-D150": 117.8661465020148}, "K65-D010": {"K65-D020": 42.47853747407049}, "K66-U070": {"K66-U080": 219.08869859248443}, "K65-U170": {"K65-U180": 54.692839213367414}, "K66-D150": {"K66-D160": 93.24262469927895}, "K65-U090": {"K65-U100": 56.67389216497189}, "K66-U090": {"K66-U100": 58.86501246307621}, "K66-U150": {"K66-U160": 54.23028408507851}, "K66-D040": {"K66-D050": 42.49512509258863}, "K68-D110": {"K68-D120": 95.28369969419884}, "K65-U180": {"K65-U190": 77.30478734724632}, "K68-U090": {"K68-U100": 142.68855638410756}, "K66-D070": {"K66-D080": 53.842696883068335}, "K65-U110": {"K65-U120": 108.71351959629278}, "K68-U140": {"K68-U150": 45.71430509817834}, "K68-D090": {"K68-D100": 147.74407126263463}, "K68-D140": {"K68-D150": 44.35994340692812}, "K66-D180": {"K66-D190": 81.86990323542986}, "K68-U150": {"K68-U160": 86.47774822049323}, "K66-D080": {"K66-D090": 66.76480933238248}, "K65-U150": {"K65-U160": 53.06555741345519}, "K65-D030": {"K65-D040": 66.65826019080667}, "K68-D100": {"K68-D110": 88.42257459740405}, "K65-U130": {"K65-U140": 32.75938506463491}, "K65-U010": {"K65-U020": 274.99994115715543}, "K66-U210": {"K66-U220": 53.327556290921905}, "K68-U040": {"K68-U050": 48.139015500470435}, "K68-U110": {"K68-U120": 191.8481008068697}, "K68-D020": {"K68-D030": 77.32452299389173}, "K65-U210": {"K65-U220": 81.50588126871038}, "K66-U120": {"K66-U130": 54.602009310577465}, "K68-D130": {"K68-D140": 65.68054071515851}, "K65-U040": {"K65-U050": 86.28466741913431}, "K65-D130": {"K65-D140": 102.66103637620684}, "K68-U050": {"K68-U060": 55.94295868242757}, "K66-D050": {"K66-D060": 43.240243319157976}, "K68-U010": {"K68-U020": 93.14543423511093}, "K68-D060": {"K68-D070": 93.97545710174474}, "K68-U060": {"K68-U070": 60.343509904055544}, "K65-U220": {"K65-U230": 73.33012321784796}, "K66-U110": {"K66-U120": 38.66244065215952}, "K68-D180": {"K68-D190": 39.00574663826356}, "K68-D170": {"K68-D180": 44.80622140592785}, "K66-U200": {"K66-U210": 57.57021475456064}, "K66-D030": {"K66-D040": 79.92374532925369}, "K65-U020": {"K65-U030": 135.81518957864017}, "K65-U190": {"K65-U200": 50.73595494912561}, "K68-U160": {"K68-U170": 75.20214855297485}, "K66-D160": {"K66-D170": 161.80900852182393}, "K65-U120": {"K65-U130": 176.6599275260432}, "K68-D200": {"K68-U011": 68.99753768340709}, "K65-D040": {"K65-D050": 75.41074165340953}, "K65A-U040": {"K65A-U050": 87.97196950953743}, "K65A-D040": {"K65A-D050": 75.86372708450115}, "K65A-U020": {"K65A-U030": 194.69538314398125}, "K66-U170": {"K66-U180": 34.35156434367151}, "K65A-U050": {"K65A-U060": 41.71786761598342}, "K65A-D090": {"K65A-D100": 113.11008640755355}, "K65A-U080": {"K65A-U090": 63.5955207185889}, "K65A-D030": {"K65A-D040": 66.71120680852607}, "K65A-D010": {"K65A-D020": 73.9070846908346}, "K66-D060": {"K66-D070": 47.16556025567599}, "K65A-U060": {"K65A-U070": 53.21062974120864}, "K66-D210": {"K66-D220": 137.5564875130636}, "K68-D070": {"K68-D080": 202.96825999429748}, "K65-D160": {"K65-D170": 141.9079110892351}, "K68-U130": {"K68-U140": 169.0370082556255}, "K68-U020": {"K68-U030": 45.04321871597579}, "K66-U060": {"K66-U070": 155.94740174474228}, "K68-D010": {"K68-D020": 45.93492866881377}, "K65A-U010": {"K65A-U020": 59.43612263969651}, "K68-D040": {"K68-D050": 100.18374491420461}, "K66-D220": {"K66-D230": 90.48508188272201}, "K66-D120": {"K66-D130": 62.45156006008189}, "K68-U080": {"K68-U090": 54.2145339129104}, "K68-D120": {"K68-D130": 178.46615174428885}, "K66-D230": {"K66-D240": 93.83777872744963}, "K68-D030": {"K68-D040": 83.70646339011097}}