{"K65A-D050": {"K65A-D060": 59.821884812099015}, "K65A-U100": {"K65A-U110": 56.07529620540445}, "K65A-U110": {"K65A-U120": 74.91211981378225}, "K65A-U120": {"K65A-U130": 78.08462686927963}, "K65-U060": {"K65-U070": 36.758564830416944}, "K66-D090": {"K66-D100": 44.74331505574308}, "K65A-D070": {"K65A-D080": 115.56954213271813}, "K68-D190": {"K68-D200": 60.02758206246595}, "K65A-U030": {"K65A-U040": 31.278943326681276}, "K65-D050": {"K65-D060": 55.310128564563854}, "K65-U070": {"K65-U080": 69.11237941113873}, "K65-U200": {"K65-U210": 58.30037039896091}, "K65-D150": {"K65-D160": 103.03095315649878}, "K66-D170": {"K66-D180": 184.7837800666198}, "K65-D060": {"K65-D070": 87.87267778772636}, "K65-D180": {"K65-D190": 110.22254319679098}, "K66-U190": {"K66-U200": 69.32618986369955}, "K66-U130": {"K66-U140": 53.93597294908143}, "K65-U080": {"K65-U090": 140.26525788414375}, "K66-D200": {"K66-D210": 124.59388621950207}, "K68-U120": {"K68-U130": 155.2848819910058}, "K68-D150": {"K68-D160": 37.25581046135963}, "K65-U100": {"K65-U110": 147.3830854342053}, "K66-U020": {"K66-U030": 192.7308674219598}, "K65-D070": {"K65-D080": 125.40475061093844}, "K65-D100": {"K65-D110": 225.3147491380194}, "K66-U180": {"K66-U190": 68.88931862704109}, "K65-D170": {"K65-D180": 94.59188302940439}, "K66-U040": {"K66-U050": 132.4170206733816}, "K65-U140": {"K65-U150": 99.50077256498687}, "K66-U010": {"K66-U020": 129.08557886952966}, "K66-U080": {"K66-U090": 173.08536156198326}, "K65-U050": {"K65-U060": 114.6331811142297}, "K68-U070": {"K68-U080": 31.565893684348215}, "K66-U140": {"K66-U150": 46.21167172109195}, "K66-U050": {"K66-U060": 48.37440936362442}, "K68-U100": {"K68-U110": 186.94988913837443}, "K68-D160": {"K68-D170": 81.73644058734536}, "K65A-D020": {"K65A-D030": 74.87721442717319}, "K68-U030": {"K68-U040": 30.233773294267444}, "K66-D110": {"K66-D120": 36.07336794521152}, "K65-D120": {"K65-D130": 65.10510073436195}, "K66-D130": {"K66-D140": 43.53201675721208}, "K65A-D100": {"K65A-D110": 225.99860524874924}, "K65-D090": {"K65-D100": 99.45340883477235}, "K65A-D080": {"K65A-D090": 58.910014518593826}, "K68-D080": {"K68-D090": 93.65157055166932}, "K65A-U070": {"K65A-U080": 45.30909877159154}, "K66-D010": {"K66-D020": 16.659845951162573}, "K65-D020": {"K65-D030": 78.78336407799682}, "K65A-U090": {"K65A-U100": 51.2291940812755}, "K66-U100": {"K66-U110": 79.62981963140255}, "K65A-D060": {"K65A-D070": 81.49267966156248}, "K65-D080": {"K65-D090": 62.80517586651638}, "K65-D110": {"K65-D120": 120.86642015664901}, "K65-U160": {"K65-U170": 57.619562351572185}, "K68-U170": {"K68-D010": 166.73169634306046}, "K66-U160": {"K66-U170": 50.10699861795179}, "K66-D020": {"K66-D030": 74.5538823827339}, "K68-D050": {"K68-D060": 66.40507731706172}, "K66-D190": {"K66-D200": 86.5101777461301}, "K66-U030": {"K66-U040": 175.06922946900227}, "K66-D100": {"K66-D110": 44.480326535082085}, "K66-D140": {"K66-D150": 100.07674744190919}, "K65-U030": {"K65-U040": 99.67493577567521}, "K65-D140": {"K65-D150": 111.19796483152251}, "K65-D010": {"K65-D020": 38.58485915126922}, "K66-U070": {"K66-U080": 201.351693158298}, "K65-U170": {"K65-U180": 50.075474278666746}, "K66-D150": {"K66-D160": 90.83493023048885}, "K65-U090": {"K65-U100": 59.96255394888783}, "K66-U090": {"K66-U100": 49.71681866826289}, "K66-U150": {"K66-U160": 56.40974034562388}, "K66-D040": {"K66-D050": 46.386361065180225}, "K68-D110": {"K68-D120": 95.71449530201463}, "K65-U180": {"K65-U190": 74.83846375242642}, "K68-U090": {"K68-U100": 143.75481876784113}, "K66-D070": {"K66-D080": 45.42155387937483}, "K65-U110": {"K65-U120": 109.10899963301753}, "K68-U140": {"K68-U150": 48.65156134729672}, "K68-D090": {"K68-D100": 138.85043584396703}, "K68-D140": {"K68-D150": 39.03487068029936}, "K66-D180": {"K66-D190": 79.93056905744643}, "K68-U150": {"K68-U160": 86.9320127596815}, "K66-D080": {"K66-D090": 64.13951145429915}, "K65-U150": {"K65-U160": 58.12609234436402}, "K65-D030": {"K65-D040": 64.15323359370642}, "K68-D100": {"K68-D110": 93.2404687113661}, "K65-U130": {"K65-U140": 30.4431273552596}, "K65-U010": {"K65-U020": 256.64367527413526}, "K66-U210": {"K66-U220": 52.88342640064676}, "K68-U040": {"K68-U050": 48.606120814072746}, "K68-U110": {"K68-U120": 198.54905258264932}, "K68-D020": {"K68-D030": 87.50046523252446}, "K65-U210": {"K65-U220": 72.58698013690416}, "K66-U120": {"K66-U130": 50.75922368456331}, "K68-D130": {"K68-D140": 64.00205686034204}, "K65-U040": {"K65-U050": 89.34558542686622}, "K65-D130": {"K65-D140": 95.43440018335833}, "K68-U050": {"K68-U060": 50.21392812034698}, "K66-D050": {"K66-D060": 39.41465604993736}, "K68-U010": {"K68-U020": 91.07170605085447}, "K68-D060": {"K68-D070": 95.80362211364782}, "K68-U060": {"K68-U070": 67.84660611493072}, "K65-U220": {"K65-U230": 77.05059207716417}, "K66-U110": {"K66-U120": 41.17389052139849}, "K68-D180": {"K68-D190": 33.23584863763134}, "K68-D170": {"K68-D180": 44.95949583066862}, "K66-U200": {"K66-U210": 54.949307071736314}, "K66-D030": {"K66-D040": 77.47816067864105}, "K65-U020": {"K65-U030": 136.98816540615397}, "K65-U190": {"K65-U200": 47.99928569111742}, "K68-U160": {"K68-U170": 71.81348172758399}, "K66-D160": {"K66-D170": 140.47046101248878}, "K65-U120": {"K65-U130": 183.09802606751276}, "K68-D200": {"K68-U011": 64.93373922036615}, "K65-D040": {"K65-D050": 65.49504576949926}, "K65A-U040": {"K65A-U050": 93.05559758766461}, "K65A-D040": {"K65A-D050": 65.33294835475834}, "K65A-U020": {"K65A-U030": 191.46633847857564}, "K66-U170": {"K66-U180": 33.458430298406526}, "K65A-U050": {"K65A-U060": 53.416843869219804}, "K65A-D090": {"K65A-D100": 116.85774049952457}, "K65A-U080": {"K65A-U090": 71.54344934042831}, "K65A-D030": {"K65A-D040": 58.73248375625906}, "K65A-D010": {"K65A-D020": 63.397950645599224}, "K66-D060": {"K66-D070": 44.39086887208453}, "K65A-U060": {"K65A-U070": 56.3663768842227}, "K66-D210": {"K66-D220": 133.77625457777464}, "K68-D070": {"K68-D080": 197.6336683533363}, "K65-D160": {"K65-D170": 153.79912005754616}, "K68-U130": {"K68-U140": 156.5780094776144}, "K68-U020": {"K68-U030": 51.146196883649154}, "K66-U060": {"K66-U070": 177.07017188781498}, "K68-D010": {"K68-D020": 48.19371663958607}, "K65A-U010": {"K65A-U020": 61.87415508229574}, "K68-D040": {"K68-D050": 122.45585900172982}, "K66-D220": {"K66-D230": 88.984124418796}, "K66-D120": {"K66-D130": 61.3765582171334}, "K68-U080": {"K68-U090": 44.01220067526323}, "K68-D120": {"K68-D130": 195.84813159769516}, "K66-D230": {"K66-D240": 94.34542178933188}, "K68-D030": {"K68-D040": 88.55701653462225}}