{"K65A-D050": {"K65A-D060": 66.18050696493479}, "K65A-U100": {"K65A-U110": 64.49291743470903}, "K65A-U110": {"K65A-U120": 80.15933772423759}, "K65A-U120": {"K65A-U130": 82.492017711347}, "K65-U060": {"K65-U070": 37.48985199850058}, "K66-D090": {"K66-D100": 48.70064429922481}, "K65A-D070": {"K65A-D080": 124.95986053235133}, "K68-D190": {"K68-D200": 62.415718809333534}, "K65A-U030": {"K65A-U040": 37.1702057335353}, "K65-D050": {"K65-D060": 62.11867163380371}, "K65-U070": {"K65-U080": 68.1610151560561}, "K65-U200": {"K65-U210": 66.43884929651672}, "K65-D150": {"K65-D160": 111.74173026854382}, "K66-D170": {"K66-D180": 209.3097102970979}, "K65-D060": {"K65-D070": 85.72656924741007}, "K65-D180": {"K65-D190": 124.6552051386838}, "K66-U190": {"K66-U200": 66.86999202791343}, "K66-U130": {"K66-U140": 52.82160570516595}, "K65-U080": {"K65-U090": 155.35390473298858}, "K66-D200": {"K66-D210": 124.51876470696229}, "K68-U120": {"K68-U130": 145.21448568744833}, "K68-D150": {"K68-D160": 45.70299979814777}, "K65-U100": {"K65-U110": 155.82523440354868}, "K66-U020": {"K66-U030": 197.5241632955562}, "K65-D070": {"K65-D080": 128.1259833596326}, "K65-D100": {"K65-D110": 235.61868029178723}, "K66-U180": {"K66-U190": 67.32253458305406}, "K65-D170": {"K65-D180": 105.92886039069515}, "K66-U040": {"K66-U050": 134.87023838972522}, "K65-U140": {"K65-U150": 99.75551537113192}, "K66-U010": {"K66-U020": 131.2666495294308}, "K66-U080": {"K66-U090": 152.14855225220833}, "K65-U050": {"K65-U060": 108.77424004309255}, "K68-U070": {"K68-U080": 36.723255881446036}, "K66-U140": {"K66-U150": 50.39569415009802}, "K66-U050": {"K66-U060": 48.10249015064958}, "K68-U100": {"K68-U110": 187.0497958777932}, "K68-D160": {"K68-D170": 93.91447117571245}, "K65A-D020": {"K65A-D030": 80.06689333713828}, "K68-U030": {"K68-U040": 31.002736025394654}, "K66-D110": {"K66-D120": 41.536994364836154}, "K65-D120": {"K65-D130": 73.06988265158506}, "K66-D130": {"K66-D140": 47.27644727208012}, "K65A-D100": {"K65A-D110": 268.0796976715561}, "K65-D090": {"K65-D100": 110.95868924416887}, "K65A-D080": {"K65A-D090": 58.417494819679845}, "K68-D080": {"K68-D090": 83.60211859112891}, "K65A-U070": {"K65A-U080": 53.364017346631115}, "K66-D010": {"K66-D020": 15.127467518299762}, "K65-D020": {"K65-D030": 71.46250074840829}, "K65A-U090": {"K65A-U100": 55.12115405102677}, "K66-U100": {"K66-U110": 77.4084885762548}, "K65A-D060": {"K65A-D070": 90.11703490855493}, "K65-D080": {"K65-D090": 62.130955269651736}, "K65-D110": {"K65-D120": 122.65178195850606}, "K65-U160": {"K65-U170": 59.779160737770894}, "K68-U170": {"K68-D010": 178.42904007784605}, "K66-U160": {"K66-U170": 50.28781076110458}, "K66-D020": {"K66-D030": 68.34997400647232}, "K68-D050": {"K68-D060": 66.55634006776745}, "K66-D190": {"K66-D200": 89.31923819837516}, "K66-U030": {"K66-U040": 164.3762018468084}, "K66-D100": {"K66-D110": 47.221963435632645}, "K66-D140": {"K66-D150": 93.96910465077067}, "K65-U030": {"K65-U040": 93.18965126534185}, "K65-D140": {"K65-D150": 115.05045488713927}, "K65-D010": {"K65-D020": 41.67175470457976}, "K66-U070": {"K66-U080": 174.88233860720658}, "K65-U170": {"K65-U180": 47.77588689320606}, "K66-D150": {"K66-D160": 87.97404566713512}, "K65-U090": {"K65-U100": 50.22011502853424}, "K66-U090": {"K66-U100": 56.714642721384976}, "K66-U150": {"K66-U160": 53.15188940117635}, "K66-D040": {"K66-D050": 47.35629606065059}, "K68-D110": {"K68-D120": 95.07882633210127}, "K65-U180": {"K65-U190": 77.05721666678662}, "K68-U090": {"K68-U100": 138.30057032760993}, "K66-D070": {"K66-D080": 49.956160276165164}, "K65-U110": {"K65-U120": 115.30825920220323}, "K68-U140": {"K68-U150": 43.42487669036181}, "K68-D090": {"K68-D100": 137.38525759857174}, "K68-D140": {"K68-D150": 43.714740104197176}, "K66-D180": {"K66-D190": 89.38252718589895}, "K68-U150": {"K68-U160": 86.36081308916584}, "K66-D080": {"K66-D090": 68.14832806318542}, "K65-U150": {"K65-U160": 58.11642314880358}, "K65-D030": {"K65-D040": 66.67435499297454}, "K68-D100": {"K68-D110": 93.59580396969818}, "K65-U130": {"K65-U140": 30.952833066105654}, "K65-U010": {"K65-U020": 283.92671605952404}, "K66-U210": {"K66-U220": 53.88722881233292}, "K68-U040": {"K68-U050": 51.6802819185781}, "K68-U110": {"K68-U120": 198.08231888559638}, "K68-D020": {"K68-D030": 93.52680287177485}, "K65-U210": {"K65-U220": 84.95965289255341}, "K66-U120": {"K66-U130": 52.08354256875025}, "K68-D130": {"K68-D140": 63.41801967939931}, "K65-U040": {"K65-U050": 87.29577149265424}, "K65-D130": {"K65-D140": 110.75615082701404}, "K68-U050": {"K68-U060": 58.533376912628476}, "K66-D050": {"K66-D060": 44.27020078253105}, "K68-U010": {"K68-U020": 102.82093195728055}, "K68-D060": {"K68-D070": 95.68471209630783}, "K68-U060": {"K68-U070": 67.13146009629527}, "K65-U220": {"K65-U230": 80.49107439855558}, "K66-U110": {"K66-U120": 38.65555157385856}, "K68-D180": {"K68-D190": 39.66121100542973}, "K68-D170": {"K68-D180": 47.65762428144636}, "K66-U200": {"K66-U210": 54.77538604507936}, "K66-D030": {"K66-D040": 80.1782494815982}, "K65-U020": {"K65-U030": 140.00614687123834}, "K65-U190": {"K65-U200": 55.11861838322934}, "K68-U160": {"K68-U170": 69.79056164119717}, "K66-D160": {"K66-D170": 155.84767878604396}, "K65-U120": {"K65-U130": 180.93549250923948}, "K68-D200": {"K68-U011": 66.8258349153209}, "K65-D040": {"K65-D050": 74.42431034068872}, "K65A-U040": {"K65A-U050": 102.50950573852306}, "K65A-D040": {"K65A-D050": 71.41882587024944}, "K65A-U020": {"K65A-U030": 203.44869751123855}, "K66-U170": {"K66-U180": 34.62158872170194}, "K65A-U050": {"K65A-U060": 55.17261457453785}, "K65A-D090": {"K65A-D100": 118.44106552589446}, "K65A-U080": {"K65A-U090": 71.21163990493099}, "K65A-D030": {"K65A-D040": 65.34837909420514}, "K65A-D010": {"K65A-D020": 87.05682849334521}, "K66-D060": {"K66-D070": 47.645237652876645}, "K65A-U060": {"K65A-U070": 54.85776473757677}, "K66-D210": {"K66-D220": 138.5530158884612}, "K68-D070": {"K68-D080": 204.33477306513345}, "K65-D160": {"K65-D170": 157.91534695379247}, "K68-U130": {"K68-U140": 157.7797917870741}, "K68-U020": {"K68-U030": 55.23638611193262}, "K66-U060": {"K66-U070": 169.48481026717104}, "K68-D010": {"K68-D020": 49.1292737780082}, "K65A-U010": {"K65A-U020": 62.004343267247236}, "K68-D040": {"K68-D050": 102.96707495559542}, "K66-D220": {"K66-D230": 93.48590778385127}, "K66-D120": {"K66-D130": 64.0367855367189}, "K68-U080": {"K68-U090": 49.03381547542255}, "K68-D120": {"K68-D130": 183.1854447163642}, "K66-D230": {"K66-D240": 91.27320075071108}, "K68-D030": {"K68-D040": 113.01585679889922}}