{"K65A-D050": {"K65A-D060": 65.95611884992755}, "K65A-U100": {"K65A-U110": 65.79213048301004}, "K65A-U110": {"K65A-U120": 80.15933772423759}, "K65A-U120": {"K65A-U130": 84.20224190149666}, "K65-U060": {"K65-U070": 37.48985199850058}, "K66-D090": {"K66-D100": 48.36738255469424}, "K65A-D070": {"K65A-D080": 124.95986053235133}, "K68-D190": {"K68-D200": 62.415718809333534}, "K65A-U030": {"K65A-U040": 38.80025399201888}, "K65-D050": {"K65-D060": 61.32074625978189}, "K65-U070": {"K65-U080": 68.52335017339566}, "K65-U200": {"K65-U210": 66.52820900804534}, "K65-D150": {"K65-D160": 110.71303363171535}, "K66-D170": {"K66-D180": 208.11963003717128}, "K65-D060": {"K65-D070": 85.72656924741007}, "K65-D180": {"K65-D190": 120.80025325763431}, "K66-U190": {"K66-U200": 64.24010402871076}, "K66-U130": {"K66-U140": 54.361241611316}, "K65-U080": {"K65-U090": 156.40482065801058}, "K66-D200": {"K66-D210": 122.83196078551366}, "K68-U120": {"K68-U130": 145.21448568744833}, "K68-D150": {"K68-D160": 45.76999977571975}, "K65-U100": {"K65-U110": 155.13516379087605}, "K66-U020": {"K66-U030": 199.42684810617357}, "K65-D070": {"K65-D080": 126.47331484403625}, "K65-D100": {"K65-D110": 227.7681633349228}, "K66-U180": {"K66-U190": 64.58598473259269}, "K65-D170": {"K65-D180": 104.38995109962363}, "K66-U040": {"K66-U050": 132.98915376636134}, "K65-U140": {"K65-U150": 101.34007595491349}, "K66-U010": {"K66-U020": 131.2666495294308}, "K66-U080": {"K66-U090": 165.54149828835165}, "K65-U050": {"K65-U060": 108.77424004309255}, "K68-U070": {"K68-U080": 36.723255881446036}, "K66-U140": {"K66-U150": 50.00632683344224}, "K66-U050": {"K66-U060": 47.45832238961064}, "K68-U100": {"K68-U110": 187.0497958777932}, "K68-D160": {"K68-D170": 93.9845323156944}, "K65A-D020": {"K65A-D030": 79.09450389182209}, "K68-U030": {"K68-U040": 30.39843953752426}, "K66-D110": {"K66-D120": 39.7266040669906}, "K65-D120": {"K65-D130": 74.3670267939932}, "K66-D130": {"K66-D140": 48.25160808008902}, "K65A-D100": {"K65A-D110": 266.22555268093345}, "K65-D090": {"K65-D100": 110.33187693796542}, "K65A-D080": {"K65A-D090": 58.417494819679845}, "K68-D080": {"K68-D090": 83.60211859112891}, "K65A-U070": {"K65A-U080": 53.364017346631115}, "K66-D010": {"K66-D020": 15.127467518299762}, "K65-D020": {"K65-D030": 77.28957578656829}, "K65A-U090": {"K65A-U100": 55.12115405102677}, "K66-U100": {"K66-U110": 77.15293357510946}, "K65A-D060": {"K65A-D070": 90.11703490855493}, "K65-D080": {"K65-D090": 60.132807909848715}, "K65-D110": {"K65-D120": 125.25281723272352}, "K65-U160": {"K65-U170": 60.19322460599575}, "K68-U170": {"K68-D010": 171.86918528129144}, "K66-U160": {"K66-U170": 49.684951556919245}, "K66-D020": {"K66-D030": 67.63330445163591}, "K68-D050": {"K68-D060": 66.25148896418605}, "K66-D190": {"K66-D200": 88.03980024490761}, "K66-U030": {"K66-U040": 160.32826042086202}, "K66-D100": {"K66-D110": 49.291070484036275}, "K66-D140": {"K66-D150": 87.91317510393782}, "K65-U030": {"K65-U040": 101.83294585037984}, "K65-D140": {"K65-D150": 115.00050543015475}, "K65-D010": {"K65-D020": 41.91077462905317}, "K66-U070": {"K66-U080": 174.88233860720658}, "K65-U170": {"K65-U180": 45.117144312600075}, "K66-D150": {"K66-D160": 90.66005074126124}, "K65-U090": {"K65-U100": 50.54457225392693}, "K66-U090": {"K66-U100": 56.714642721384976}, "K66-U150": {"K66-U160": 51.68628321132881}, "K66-D040": {"K66-D050": 47.35629606065059}, "K68-D110": {"K68-D120": 95.07882633210127}, "K65-U180": {"K65-U190": 76.95475537282114}, "K68-U090": {"K68-U100": 138.30057032760993}, "K66-D070": {"K66-D080": 49.51795586240574}, "K65-U110": {"K65-U120": 115.28695466911469}, "K68-U140": {"K68-U150": 41.89430743373535}, "K68-D090": {"K68-D100": 137.38525759857174}, "K68-D140": {"K68-D150": 43.8052667824413}, "K66-D180": {"K66-D190": 87.94725242877661}, "K68-U150": {"K68-U160": 86.36081308916584}, "K66-D080": {"K66-D090": 68.14258673687269}, "K65-U150": {"K65-U160": 56.546808160224394}, "K65-D030": {"K65-D040": 65.52706110330504}, "K68-D100": {"K68-D110": 94.33978218855354}, "K65-U130": {"K65-U140": 32.03519747920386}, "K65-U010": {"K65-U020": 281.8630178439156}, "K66-U210": {"K66-U220": 53.88722881233292}, "K68-U040": {"K68-U050": 51.6802819185781}, "K68-U110": {"K68-U120": 198.46829492048934}, "K68-D020": {"K68-D030": 93.52680287177485}, "K65-U210": {"K65-U220": 84.95965289255341}, "K66-U120": {"K66-U130": 52.08354256875025}, "K68-D130": {"K68-D140": 63.253355199332574}, "K65-U040": {"K65-U050": 85.59601418846202}, "K65-D130": {"K65-D140": 111.20683425223783}, "K68-U050": {"K68-U060": 53.79429248472652}, "K66-D050": {"K66-D060": 43.23358121300129}, "K68-U010": {"K68-U020": 102.82093195728055}, "K68-D060": {"K68-D070": 95.68471209630783}, "K68-U060": {"K68-U070": 67.13146009629527}, "K65-U220": {"K65-U230": 79.77897155395064}, "K66-U110": {"K66-U120": 38.65555157385856}, "K68-D180": {"K68-D190": 39.66801222825525}, "K68-D170": {"K68-D180": 48.552915868273736}, "K66-U200": {"K66-U210": 54.77538604507936}, "K66-D030": {"K66-D040": 79.13117219950395}, "K65-U020": {"K65-U030": 140.00614687123834}, "K65-U190": {"K65-U200": 55.11861838322934}, "K68-U160": {"K68-U170": 70.21173515688574}, "K66-D160": {"K66-D170": 153.60853198449328}, "K65-U120": {"K65-U130": 180.13867285218038}, "K68-D200": {"K68-U011": 69.28745051274184}, "K65-D040": {"K65-D050": 73.42630906257867}, "K65A-U040": {"K65A-U050": 102.50950573852306}, "K65A-D040": {"K65A-D050": 72.87647318916603}, "K65A-U020": {"K65A-U030": 206.2541083458206}, "K66-U170": {"K66-U180": 34.92398746855771}, "K65A-U050": {"K65A-U060": 55.308166141404755}, "K65A-D090": {"K65A-D100": 119.13094509369685}, "K65A-U080": {"K65A-U090": 71.21163990493099}, "K65A-D030": {"K65A-D040": 65.34837909420514}, "K65A-D010": {"K65A-D020": 68.7059611028953}, "K66-D060": {"K66-D070": 48.6879803194467}, "K65A-U060": {"K65A-U070": 55.208627486196406}, "K66-D210": {"K66-D220": 137.69223987606802}, "K68-D070": {"K68-D080": 200.63863673903717}, "K65-D160": {"K65-D170": 154.52882339974377}, "K68-U130": {"K68-U140": 155.99976865230457}, "K68-U020": {"K68-U030": 55.23638611193262}, "K66-U060": {"K66-U070": 166.31645585241228}, "K68-D010": {"K68-D020": 49.1292737780082}, "K65A-U010": {"K65A-U020": 62.004343267247236}, "K68-D040": {"K68-D050": 103.04119439510603}, "K66-D220": {"K66-D230": 92.50482442450773}, "K66-D120": {"K66-D130": 62.47420615190988}, "K68-U080": {"K68-U090": 49.03381547542255}, "K68-D120": {"K68-D130": 178.32524039057307}, "K66-D230": {"K66-D240": 92.12577861190121}, "K68-D030": {"K68-D040": 113.01585679889922}}