{"K65A-D050": {"K65A-D060": 60.958487883690644}, "K65A-U100": {"K65A-U110": 48.80580722920142}, "K65A-U110": {"K65A-U120": 66.3612053330482}, "K65A-U120": {"K65A-U130": 74.18623023163566}, "K65-U060": {"K65-U070": 35.360997945057235}, "K66-D090": {"K66-D100": 45.45841190305599}, "K65A-D070": {"K65A-D080": 113.09402682379398}, "K68-D190": {"K68-D200": 31.921898951009343}, "K65A-U030": {"K65A-U040": 34.94021136500548}, "K65-D050": {"K65-D060": 64.22047906783311}, "K65-U070": {"K65-U080": 62.425041095759454}, "K65-U200": {"K65-U210": 64.01569130089844}, "K65-D150": {"K65-D160": 96.77320995479934}, "K66-D170": {"K66-D180": 193.31272848355306}, "K65-D060": {"K65-D070": 76.78973482796864}, "K65-D180": {"K65-D190": 116.69261868506028}, "K66-U190": {"K66-U200": 65.83952125373123}, "K66-U130": {"K66-U140": 55.04102543429944}, "K65-U080": {"K65-U090": 134.14657642307512}, "K66-D200": {"K66-D210": 129.03402426638596}, "K68-U120": {"K68-U130": 164.9595950262888}, "K68-D150": {"K68-D160": 41.832007160115566}, "K65-U100": {"K65-U110": 153.03986759849158}, "K66-U020": {"K66-U030": 197.64175243035143}, "K65-D070": {"K65-D080": 112.70856129125596}, "K65-D100": {"K65-D110": 218.9337932296497}, "K66-U180": {"K66-U190": 56.49426038754517}, "K65-D170": {"K65-D180": 98.36189005231863}, "K66-U040": {"K66-U050": 131.3485850664537}, "K65-U140": {"K65-U150": 100.75357362542037}, "K66-U010": {"K66-U020": 124.51416932789314}, "K66-U080": {"K66-U090": 173.72662915220175}, "K65-U050": {"K65-U060": 109.03011608005295}, "K68-U070": {"K68-U080": 33.157927460777955}, "K66-U140": {"K66-U150": 50.35814926651147}, "K66-U050": {"K66-U060": 42.05309306348702}, "K68-U100": {"K68-U110": 182.5067200053282}, "K68-D160": {"K68-D170": 81.99495817967977}, "K65A-D020": {"K65A-D030": 74.18309057552987}, "K68-U030": {"K68-U040": 41.86853051378148}, "K66-D110": {"K66-D120": 42.72881829713073}, "K65-D120": {"K65-D130": 69.87131292242688}, "K66-D130": {"K66-D140": 44.074534066279455}, "K65A-D100": {"K65A-D110": 225.02451547992382}, "K65-D090": {"K65-D100": 100.1268530774515}, "K65A-D080": {"K65A-D090": 57.284570391786815}, "K68-D080": {"K68-D090": 91.22406536437444}, "K65A-U070": {"K65A-U080": 39.237484386169534}, "K66-D010": {"K66-D020": 14.161189806858662}, "K65-D020": {"K65-D030": 74.94779833001179}, "K65A-U090": {"K65A-U100": 53.40307140034649}, "K66-U100": {"K66-U110": 76.28650360053298}, "K65A-D060": {"K65A-D070": 74.61542970317412}, "K65-D080": {"K65-D090": 56.84103407505364}, "K65-D110": {"K65-D120": 124.10866351448847}, "K65-U160": {"K65-U170": 50.19205764158498}, "K68-U170": {"K68-D010": 159.5031888703384}, "K66-U160": {"K66-U170": 48.41094728542602}, "K66-D020": {"K66-D030": 69.72066580454745}, "K68-D050": {"K68-D060": 68.41639352748004}, "K66-D190": {"K66-D200": 87.90254645358124}, "K66-U030": {"K66-U040": 162.6099844289618}, "K66-D100": {"K66-D110": 45.95012635508038}, "K66-D140": {"K66-D150": 97.83700628112882}, "K65-U030": {"K65-U040": 92.23215928956668}, "K65-D140": {"K65-D150": 115.3921290678425}, "K65-D010": {"K65-D020": 37.42211097252819}, "K66-U070": {"K66-U080": 193.9607009310031}, "K65-U170": {"K65-U180": 45.79528387759688}, "K66-D150": {"K66-D160": 88.80167964702994}, "K65-U090": {"K65-U100": 55.35985345386464}, "K66-U090": {"K66-U100": 49.86800915198411}, "K66-U150": {"K66-U160": 54.04430241578407}, "K66-D040": {"K66-D050": 42.301502699884864}, "K68-D110": {"K68-D120": 95.96304385306357}, "K65-U180": {"K65-U190": 71.7654185357849}, "K68-U090": {"K68-U100": 140.37007177962937}, "K66-D070": {"K66-D080": 49.27708344197525}, "K65-U110": {"K65-U120": 110.2674791581707}, "K68-U140": {"K68-U150": 49.00045843316484}, "K68-D090": {"K68-D100": 158.45242017292736}, "K68-D140": {"K68-D150": 43.90924053317026}, "K66-D180": {"K66-D190": 84.42053192090931}, "K68-U150": {"K68-U160": 79.6663366924607}, "K66-D080": {"K66-D090": 66.07937313595804}, "K65-U150": {"K65-U160": 60.777402599625944}, "K65-D030": {"K65-D040": 63.11684883002978}, "K68-D100": {"K68-D110": 87.68743027436443}, "K65-U130": {"K65-U140": 29.774363598591293}, "K65-U010": {"K65-U020": 287.05096055339027}, "K66-U210": {"K66-U220": 52.741576172809644}, "K68-U040": {"K68-U050": 43.17760647186974}, "K68-U110": {"K68-U120": 195.74066677313658}, "K68-D020": {"K68-D030": 80.00930303583189}, "K65-U210": {"K65-U220": 75.56502702692906}, "K66-U120": {"K66-U130": 54.70706320038249}, "K68-D130": {"K68-D140": 64.25758145915214}, "K65-U040": {"K65-U050": 93.5115312104167}, "K65-D130": {"K65-D140": 91.72986608926895}, "K68-U050": {"K68-U060": 50.11757502700296}, "K66-D050": {"K66-D060": 57.14568832246766}, "K68-U010": {"K68-U020": 91.52900112274187}, "K68-D060": {"K68-D070": 100.77045147130977}, "K68-U060": {"K68-U070": 65.02581763781681}, "K65-U220": {"K65-U230": 79.23763416687984}, "K66-U110": {"K66-U120": 41.678570526394914}, "K68-D180": {"K68-D190": 43.1719398038016}, "K68-D170": {"K68-D180": 47.48101537677063}, "K66-U200": {"K66-U210": 57.143750383393936}, "K66-D030": {"K66-D040": 76.66083552603766}, "K65-U020": {"K65-U030": 134.70705794832605}, "K65-U190": {"K65-U200": 48.59465186450929}, "K68-U160": {"K68-U170": 72.74635755787644}, "K66-D160": {"K66-D170": 156.35130059734087}, "K65-U120": {"K65-U130": 179.77805720225032}, "K68-D200": {"K68-U011": 65.85954962721694}, "K65-D040": {"K65-D050": 64.42347805759817}, "K65A-U040": {"K65A-U050": 88.02567865753238}, "K65A-D040": {"K65A-D050": 64.51196107183016}, "K65A-U020": {"K65A-U030": 175.74208248011556}, "K66-U170": {"K66-U180": 34.923452934506344}, "K65A-U050": {"K65A-U060": 49.39816013635063}, "K65A-D090": {"K65A-D100": 112.89448817919144}, "K65A-U080": {"K65A-U090": 64.63257612267026}, "K65A-D030": {"K65A-D040": 61.31664784444445}, "K65A-D010": {"K65A-D020": 101.50335674492861}, "K66-D060": {"K66-D070": 43.96072135313308}, "K65A-U060": {"K65A-U070": 48.32330762340525}, "K66-D210": {"K66-D220": 131.5644997041402}, "K68-D070": {"K68-D080": 205.55027528327392}, "K65-D160": {"K65-D170": 154.18978437025658}, "K68-U130": {"K68-U140": 164.33789217282418}, "K68-U020": {"K68-U030": 33.8833287489784}, "K66-U060": {"K66-U070": 168.822693975881}, "K68-D010": {"K68-D020": 51.13883291216663}, "K65A-U010": {"K65A-U020": 89.22125810407285}, "K68-D040": {"K68-D050": 103.53858323758045}, "K66-D220": {"K66-D230": 87.55321558316638}, "K66-D120": {"K66-D130": 69.24158443405727}, "K68-U080": {"K68-U090": 46.77609924042822}, "K68-D120": {"K68-D130": 166.74212119336363}, "K66-D230": {"K66-D240": 96.4391427247311}, "K68-D030": {"K68-D040": 79.8807833745918}}