{"K65A-D050": {"K65A-D060": 54.15901389978681}, "K65A-U100": {"K65A-U110": 66.2198037601703}, "K65A-U110": {"K65A-U120": 79.88718657107873}, "K65A-U120": {"K65A-U130": 86.42688922256758}, "K65-U060": {"K65-U070": 34.7544835900793}, "K66-D090": {"K66-D100": 48.049674070940696}, "K65A-D070": {"K65A-D080": 117.55281279377644}, "K68-D190": {"K68-D200": 50.366716123421845}, "K65A-U030": {"K65A-U040": 32.12025303746638}, "K65-D050": {"K65-D060": 65.35527737492242}, "K65-U070": {"K65-U080": 63.9276572962837}, "K65-U200": {"K65-U210": 65.27869197494027}, "K65-D150": {"K65-D160": 107.72008972037952}, "K66-D170": {"K66-D180": 200.5426533059444}, "K65-D060": {"K65-D070": 79.2255619577711}, "K65-D180": {"K65-D190": 122.83490033526229}, "K66-U190": {"K66-U200": 58.25845138422604}, "K66-U130": {"K66-U140": 53.47705258949874}, "K65-U080": {"K65-U090": 150.32194298783799}, "K66-D200": {"K66-D210": 133.14232152516712}, "K68-U120": {"K68-U130": 177.29658900749175}, "K68-D150": {"K68-D160": 40.99548268119174}, "K65-U100": {"K65-U110": 154.0032651422186}, "K66-U020": {"K66-U030": 201.1959398347106}, "K65-D070": {"K65-D080": 117.32611537757786}, "K65-D100": {"K65-D110": 227.89011391167725}, "K66-U180": {"K66-U190": 62.393382669427936}, "K65-D170": {"K65-D180": 97.81858935325857}, "K66-U040": {"K66-U050": 139.06912030655778}, "K65-U140": {"K65-U150": 104.80581359837481}, "K66-U010": {"K66-U020": 130.30828126245706}, "K66-U080": {"K66-U090": 177.36740568403792}, "K65-U050": {"K65-U060": 100.19645132486323}, "K68-U070": {"K68-U080": 27.689562633533303}, "K66-U140": {"K66-U150": 47.795171682017326}, "K66-U050": {"K66-U060": 47.24732378822198}, "K68-U100": {"K68-U110": 190.30872269601832}, "K68-D160": {"K68-D170": 81.53043137968027}, "K65A-D020": {"K65A-D030": 78.71747238084221}, "K68-U030": {"K68-U040": 20.66317376185679}, "K66-D110": {"K66-D120": 42.603044983370175}, "K65-D120": {"K65-D130": 64.75466735378505}, "K66-D130": {"K66-D140": 45.14210021140765}, "K65A-D100": {"K65A-D110": 254.150442809697}, "K65-D090": {"K65-D100": 116.43168295522901}, "K65A-D080": {"K65A-D090": 60.259780021012524}, "K68-D080": {"K68-D090": 96.34128887130905}, "K65A-U070": {"K65A-U080": 43.83288490297732}, "K66-D010": {"K66-D020": 17.086530311502933}, "K65-D020": {"K65-D030": 77.99164214870933}, "K65A-U090": {"K65A-U100": 48.82118217114942}, "K66-U100": {"K66-U110": 81.68675910723428}, "K65A-D060": {"K65A-D070": 77.58417181520788}, "K65-D080": {"K65-D090": 62.46722469197912}, "K65-D110": {"K65-D120": 122.67191726750771}, "K65-U160": {"K65-U170": 51.80933826914884}, "K68-U170": {"K68-D010": 162.03036651388123}, "K66-U160": {"K66-U170": 48.149131629918216}, "K66-D020": {"K66-D030": 67.40257226306116}, "K68-D050": {"K68-D060": 62.929352688536326}, "K66-D190": {"K66-D200": 87.75878976383538}, "K66-U030": {"K66-U040": 177.23422163505666}, "K66-D100": {"K66-D110": 44.72831029127947}, "K66-D140": {"K66-D150": 93.16153816573315}, "K65-U030": {"K65-U040": 96.18254459352495}, "K65-D140": {"K65-D150": 109.9630561886142}, "K65-D010": {"K65-D020": 106.65831140691765}, "K66-U070": {"K66-U080": 194.2915208208828}, "K65-U170": {"K65-U180": 46.64472848706096}, "K66-D150": {"K66-D160": 91.6297109637259}, "K65-U090": {"K65-U100": 57.917146767874875}, "K66-U090": {"K66-U100": 60.415823774812075}, "K66-U150": {"K66-U160": 53.66960354715036}, "K66-D040": {"K66-D050": 40.069050907420134}, "K68-D110": {"K68-D120": 105.81537271005998}, "K65-U180": {"K65-U190": 71.595285621945}, "K68-U090": {"K68-U100": 140.2149769923582}, "K66-D070": {"K66-D080": 46.96728971327779}, "K65-U110": {"K65-U120": 100.79307674192833}, "K68-U140": {"K68-U150": 44.761735432842855}, "K68-D090": {"K68-D100": 146.7340939086622}, "K68-D140": {"K68-D150": 42.04506053081501}, "K66-D180": {"K66-D190": 88.21673890061965}, "K68-U150": {"K68-U160": 89.67688236650307}, "K66-D080": {"K66-D090": 63.87352812176518}, "K65-U150": {"K65-U160": 56.17324546721386}, "K65-D030": {"K65-D040": 63.322582322574725}, "K68-D100": {"K68-D110": 98.99150954939579}, "K65-U130": {"K65-U140": 32.90930836525001}, "K65-U010": {"K65-U020": 262.4129347659212}, "K66-U210": {"K66-U220": 47.37197991589569}, "K68-U040": {"K68-U050": 53.83022216360778}, "K68-U110": {"K68-U120": 199.3403304807823}, "K68-D020": {"K68-D030": 96.92598398226014}, "K65-U210": {"K65-U220": 76.795506529806}, "K66-U120": {"K66-U130": 50.450731841048736}, "K68-D130": {"K68-D140": 58.13555347913973}, "K65-U040": {"K65-U050": 87.93778380858194}, "K65-D130": {"K65-D140": 107.09549159233117}, "K68-U050": {"K68-U060": 50.377446003154695}, "K66-D050": {"K66-D060": 39.79220478001059}, "K68-U010": {"K68-U020": 98.2432033582293}, "K68-D060": {"K68-D070": 97.81551327463043}, "K68-U060": {"K68-U070": 63.28764214209262}, "K65-U220": {"K65-U230": 82.7768219742163}, "K66-U110": {"K66-U120": 38.21001465846852}, "K68-D180": {"K68-D190": 39.51569293703544}, "K68-D170": {"K68-D180": 42.7966233421418}, "K66-U200": {"K66-U210": 55.284136628321825}, "K66-D030": {"K66-D040": 77.9815709441155}, "K65-U020": {"K65-U030": 129.1884825228181}, "K65-U190": {"K65-U200": 52.208028204622416}, "K68-U160": {"K68-U170": 75.2207141034248}, "K66-D160": {"K66-D170": 148.27666860717937}, "K65-U120": {"K65-U130": 188.7278343061271}, "K68-D200": {"K68-U011": 77.85080813194023}, "K65-D040": {"K65-D050": 67.71813886848987}, "K65A-U040": {"K65A-U050": 83.52002385790385}, "K65A-D040": {"K65A-D050": 68.92872624212194}, "K65A-U020": {"K65A-U030": 198.32157890456682}, "K66-U170": {"K66-U180": 30.975404817538646}, "K65A-U050": {"K65A-U060": 49.67416825963925}, "K65A-D090": {"K65A-D100": 108.50197571879012}, "K65A-U080": {"K65A-U090": 73.27176929849352}, "K65A-D030": {"K65A-D040": 62.087513992108825}, "K65A-D010": {"K65A-D020": 110.98737756980536}, "K66-D060": {"K66-D070": 40.8832379138715}, "K65A-U060": {"K65A-U070": 53.7083445220513}, "K66-D210": {"K66-D220": 140.6741944941949}, "K68-D070": {"K68-D080": 194.37496070269307}, "K65-D160": {"K65-D170": 157.60502958897715}, "K68-U130": {"K68-U140": 157.3364239779825}, "K68-U020": {"K68-U030": 40.37593306628955}, "K66-U060": {"K66-U070": 176.51469069747668}, "K68-D010": {"K68-D020": 48.96872573815499}, "K65A-U010": {"K65A-U020": 62.13728772639843}, "K68-D040": {"K68-D050": 115.21356208219936}, "K66-D220": {"K66-D230": 88.61241725623657}, "K66-D120": {"K66-D130": 60.348105357336294}, "K68-U080": {"K68-U090": 52.021907092084724}, "K68-D120": {"K68-D130": 177.17485665300538}, "K66-D230": {"K66-D240": 91.6835798780999}, "K68-D030": {"K68-D040": 101.6973227211837}}