{"K65A-D050": {"K65A-D060": 64.91778516983317}, "K65A-U100": {"K65A-U110": 67.71567967491087}, "K65A-U110": {"K65A-U120": 80.18551128153304}, "K65A-U120": {"K65A-U130": 84.19587783281115}, "K65-U060": {"K65-U070": 35.77000761850416}, "K66-D090": {"K66-D100": 49.46375839410471}, "K65A-D070": {"K65A-D080": 123.44428948039035}, "K68-D190": {"K68-D200": 64.50829482633769}, "K65A-U030": {"K65A-U040": 39.81139332446542}, "K65-D050": {"K65-D060": 61.80500785136153}, "K65-U070": {"K65-U080": 69.83710586199679}, "K65-U200": {"K65-U210": 63.78667778771031}, "K65-D150": {"K65-D160": 106.79255352003193}, "K66-D170": {"K66-D180": 211.96445669436267}, "K65-D060": {"K65-D070": 84.05255462643217}, "K65-D180": {"K65-D190": 123.23396375490574}, "K66-U190": {"K66-U200": 64.24010402871076}, "K66-U130": {"K66-U140": 53.56134981148604}, "K65-U080": {"K65-U090": 155.93322449658518}, "K66-D200": {"K66-D210": 121.98897227093782}, "K68-U120": {"K68-U130": 143.38455023141768}, "K68-D150": {"K68-D160": 44.96296268607377}, "K65-U100": {"K65-U110": 157.95018198986227}, "K66-U020": {"K66-U030": 199.34094234019284}, "K65-D070": {"K65-D080": 131.00602780679205}, "K65-D100": {"K65-D110": 229.64577554476872}, "K66-U180": {"K66-U190": 63.49380831184283}, "K65-D170": {"K65-D180": 107.06661233291516}, "K66-U040": {"K66-U050": 132.98915376636134}, "K65-U140": {"K65-U150": 105.05551890704692}, "K66-U010": {"K66-U020": 128.3368306302206}, "K66-U080": {"K66-U090": 150.92548271495147}, "K65-U050": {"K65-U060": 104.31758030011424}, "K68-U070": {"K68-U080": 35.817599853637084}, "K66-U140": {"K66-U150": 48.5075813901814}, "K66-U050": {"K66-U060": 47.45295288768578}, "K68-U100": {"K68-U110": 191.01110545650644}, "K68-D160": {"K68-D170": 92.12610742893605}, "K65A-D020": {"K65A-D030": 79.25988134792848}, "K68-U030": {"K68-U040": 31.13264140435094}, "K66-D110": {"K66-D120": 39.42929612184898}, "K65-D120": {"K65-D130": 74.14324295554718}, "K66-D130": {"K66-D140": 49.57956453343225}, "K65A-D100": {"K65A-D110": 267.85962112979644}, "K65-D090": {"K65-D100": 112.10913644494642}, "K65A-D080": {"K65A-D090": 63.458001554153086}, "K68-D080": {"K68-D090": 85.95361772767706}, "K65A-U070": {"K65A-U080": 53.364017346631115}, "K66-D010": {"K66-D020": 15.161958186968121}, "K65-D020": {"K65-D030": 79.12799235873845}, "K65A-U090": {"K65A-U100": 58.86454602335634}, "K66-U100": {"K66-U110": 77.04649226506545}, "K65A-D060": {"K65A-D070": 84.60279136975983}, "K65-D080": {"K65-D090": 59.65284927141816}, "K65-D110": {"K65-D120": 125.25281723272352}, "K65-U160": {"K65-U170": 59.45750974759363}, "K68-U170": {"K68-D010": 177.36442627319929}, "K66-U160": {"K66-U170": 50.65421666959192}, "K66-D020": {"K66-D030": 66.10367161292879}, "K68-D050": {"K68-D060": 64.69724137748427}, "K66-D190": {"K66-D200": 87.37709224267164}, "K66-U030": {"K66-U040": 154.79806713429116}, "K66-D100": {"K66-D110": 49.26785609337364}, "K66-D140": {"K66-D150": 91.28954060896821}, "K65-U030": {"K65-U040": 99.6857275573538}, "K65-D140": {"K65-D150": 112.12895120734535}, "K65-D010": {"K65-D020": 42.47181013420694}, "K66-U070": {"K66-U080": 191.48894184801998}, "K65-U170": {"K65-U180": 45.56931396617293}, "K66-D150": {"K66-D160": 96.00816288238855}, "K65-U090": {"K65-U100": 53.4717469488077}, "K66-U090": {"K66-U100": 59.19053912724428}, "K66-U150": {"K66-U160": 50.92672594146613}, "K66-D040": {"K66-D050": 48.227611737007464}, "K68-D110": {"K68-D120": 96.47647370233474}, "K65-U180": {"K65-U190": 78.0741500313047}, "K68-U090": {"K68-U100": 139.48952258623325}, "K66-D070": {"K66-D080": 51.231062069339714}, "K65-U110": {"K65-U120": 116.72812782977397}, "K68-U140": {"K68-U150": 44.238651152759694}, "K68-D090": {"K68-D100": 137.9836195539686}, "K68-D140": {"K68-D150": 42.60571575094828}, "K66-D180": {"K66-D190": 87.3985522923083}, "K68-U150": {"K68-U160": 86.78979232129538}, "K66-D080": {"K66-D090": 67.0362074854141}, "K65-U150": {"K65-U160": 55.422782112790664}, "K65-D030": {"K65-D040": 69.98976218113586}, "K68-D100": {"K68-D110": 94.19726196117723}, "K65-U130": {"K65-U140": 30.47393344198059}, "K65-U010": {"K65-U020": 289.597552893723}, "K66-U210": {"K66-U220": 52.16389088909146}, "K68-U040": {"K68-U050": 51.6802819185781}, "K68-U110": {"K68-U120": 198.7796912489566}, "K68-D020": {"K68-D030": 85.68370724910476}, "K65-U210": {"K65-U220": 84.66747270685606}, "K66-U120": {"K66-U130": 52.49282507638916}, "K68-D130": {"K68-D140": 62.58150577703619}, "K65-U040": {"K65-U050": 87.36249757935293}, "K65-D130": {"K65-D140": 107.30662132637988}, "K68-U050": {"K68-U060": 56.38956445092801}, "K66-D050": {"K66-D060": 44.492868014445875}, "K68-U010": {"K68-U020": 102.82093195728055}, "K68-D060": {"K68-D070": 95.5317433287751}, "K68-U060": {"K68-U070": 67.25717788477252}, "K65-U220": {"K65-U230": 80.3321906155007}, "K66-U110": {"K66-U120": 37.839714093084446}, "K68-D180": {"K68-D190": 39.66801222825525}, "K68-D170": {"K68-D180": 48.552915868273736}, "K66-U200": {"K66-U210": 58.18264905514305}, "K66-D030": {"K66-D040": 77.1221036419813}, "K65-U020": {"K65-U030": 140.797712186714}, "K65-U190": {"K65-U200": 55.11861838322934}, "K68-U160": {"K68-U170": 70.21173515688574}, "K66-D160": {"K66-D170": 160.78213825246084}, "K65-U120": {"K65-U130": 183.45605827732965}, "K68-D200": {"K68-U011": 69.54382786384342}, "K65-D040": {"K65-D050": 75.58560528134038}, "K65A-U040": {"K65A-U050": 101.9216730428034}, "K65A-D040": {"K65A-D050": 73.43021381378522}, "K65A-U020": {"K65A-U030": 202.89345371757844}, "K66-U170": {"K66-U180": 33.7741940583782}, "K65A-U050": {"K65A-U060": 54.81008165605525}, "K65A-D090": {"K65A-D100": 116.42462357246522}, "K65A-U080": {"K65A-U090": 68.79461716658146}, "K65A-D030": {"K65A-D040": 63.55231986938908}, "K65A-D010": {"K65A-D020": 75.09871741098185}, "K66-D060": {"K66-D070": 45.695374687776635}, "K65A-U060": {"K65A-U070": 54.74291942910711}, "K66-D210": {"K66-D220": 139.18026652896447}, "K68-D070": {"K68-D080": 203.70202066547796}, "K65-D160": {"K65-D170": 155.1192364879887}, "K68-U130": {"K68-U140": 156.22196516922727}, "K68-U020": {"K68-U030": 52.695984568814026}, "K66-U060": {"K66-U070": 178.344377931722}, "K68-D010": {"K68-D020": 50.01752232922936}, "K65A-U010": {"K65A-U020": 62.97701408401542}, "K68-D040": {"K68-D050": 103.04119439510603}, "K66-D220": {"K66-D230": 91.23633973387022}, "K66-D120": {"K66-D130": 64.14593352087638}, "K68-U080": {"K68-U090": 47.25409317953401}, "K68-D120": {"K68-D130": 188.71089216813863}, "K66-D230": {"K66-D240": 95.15582522218122}, "K68-D030": {"K68-D040": 113.59539644322135}}