{"K65A-D050": {"K65A-D060": 48.435625003666175}, "K65A-U100": {"K65A-U110": 67.1644707165544}, "K65A-U110": {"K65A-U120": 77.92165930270163}, "K65A-U120": {"K65A-U130": 82.68041612639342}, "K65-U060": {"K65-U070": 36.63117741407768}, "K66-D090": {"K66-D100": 44.49107517518534}, "K65A-D070": {"K65A-D080": 114.60499992620858}, "K68-D190": {"K68-D200": 47.27745150667377}, "K65A-U030": {"K65A-U040": 30.731987371035366}, "K65-D050": {"K65-D060": 63.924053527877184}, "K65-U070": {"K65-U080": 69.51929801685615}, "K65-U200": {"K65-U210": 66.66864413212433}, "K65-D150": {"K65-D160": 116.38059722412386}, "K66-D170": {"K66-D180": 186.40921167336}, "K65-D060": {"K65-D070": 79.87782089243625}, "K65-D180": {"K65-D190": 126.67300310338146}, "K66-U190": {"K66-U200": 69.1286079214012}, "K66-U130": {"K66-U140": 53.252260490661754}, "K65-U080": {"K65-U090": 153.72683635940507}, "K66-D200": {"K66-D210": 135.59965145937696}, "K68-U120": {"K68-U130": 164.39772810811147}, "K68-D150": {"K68-D160": 45.32805182470965}, "K65-U100": {"K65-U110": 159.0827803975459}, "K66-U020": {"K66-U030": 200.0764033239947}, "K65-D070": {"K65-D080": 127.73388405024757}, "K65-D100": {"K65-D110": 225.45627822417083}, "K66-U180": {"K66-U190": 62.87933833684434}, "K65-D170": {"K65-D180": 96.49680593306341}, "K66-U040": {"K66-U050": 140.2406187162647}, "K65-U140": {"K65-U150": 104.60431313922746}, "K66-U010": {"K66-U020": 121.92600609700835}, "K66-U080": {"K66-U090": 168.01781709110304}, "K65-U050": {"K65-U060": 107.81810052324673}, "K68-U070": {"K68-U080": 30.570139600598072}, "K66-U140": {"K66-U150": 49.79173094187028}, "K66-U050": {"K66-U060": 48.469891294105764}, "K68-U100": {"K68-U110": 190.21345977358183}, "K68-D160": {"K68-D170": 85.5378229656491}, "K65A-D020": {"K65A-D030": 74.74392861874774}, "K68-U030": {"K68-U040": 24.042408443592265}, "K66-D110": {"K66-D120": 45.64262503250845}, "K65-D120": {"K65-D130": 69.66396792102287}, "K66-D130": {"K66-D140": 49.63441004707841}, "K65A-D100": {"K65A-D110": 238.4855287744111}, "K65-D090": {"K65-D100": 109.18428214936742}, "K65A-D080": {"K65A-D090": 56.86665647943736}, "K68-D080": {"K68-D090": 96.85134055355965}, "K65A-U070": {"K65A-U080": 48.21219308599477}, "K66-D010": {"K66-D020": 37.568342737014106}, "K65-D020": {"K65-D030": 78.24884496560946}, "K65A-U090": {"K65A-U100": 51.44994627221206}, "K66-U100": {"K66-U110": 75.09464720826838}, "K65A-D060": {"K65A-D070": 79.84975276462757}, "K65-D080": {"K65-D090": 59.186167318271615}, "K65-D110": {"K65-D120": 119.98397644547201}, "K65-U160": {"K65-U170": 57.54146404419315}, "K68-U170": {"K68-D010": 165.60618687805876}, "K66-U160": {"K66-U170": 49.47953346654972}, "K66-D020": {"K66-D030": 69.63363815708001}, "K68-D050": {"K68-D060": 61.58681288067519}, "K66-D190": {"K66-D200": 92.43834458813207}, "K66-U030": {"K66-U040": 176.5204567289235}, "K66-D100": {"K66-D110": 46.812635250121225}, "K66-D140": {"K66-D150": 87.39102231393396}, "K65-U030": {"K65-U040": 102.99683843562289}, "K65-D140": {"K65-D150": 109.8118763133305}, "K65-D010": {"K65-D020": 41.505131087315945}, "K66-U070": {"K66-U080": 221.92759920140847}, "K65-U170": {"K65-U180": 51.2596342651215}, "K66-D150": {"K66-D160": 94.49719962294856}, "K65-U090": {"K65-U100": 57.202936470372684}, "K66-U090": {"K66-U100": 63.7539575858126}, "K66-U150": {"K66-U160": 55.16117264734204}, "K66-D040": {"K66-D050": 40.59519744881448}, "K68-D110": {"K68-D120": 98.46787225615823}, "K65-U180": {"K65-U190": 76.87855806626803}, "K68-U090": {"K68-U100": 142.6543421885417}, "K66-D070": {"K66-D080": 49.62191934340143}, "K65-U110": {"K65-U120": 101.4295390723533}, "K68-U140": {"K68-U150": 48.92594460607033}, "K68-D090": {"K68-D100": 145.17057321440822}, "K68-D140": {"K68-D150": 48.32839800739507}, "K66-D180": {"K66-D190": 88.69243867734266}, "K68-U150": {"K68-U160": 92.96035899859262}, "K66-D080": {"K66-D090": 60.67214967832954}, "K65-U150": {"K65-U160": 53.22771285409556}, "K65-D030": {"K65-D040": 64.54539064923011}, "K68-D100": {"K68-D110": 90.09867135358718}, "K65-U130": {"K65-U140": 34.49791913345442}, "K65-U010": {"K65-U020": 262.4247173067357}, "K66-U210": {"K66-U220": 50.980044827508564}, "K68-U040": {"K68-U050": 50.05921630522803}, "K68-U110": {"K68-U120": 195.7445013759895}, "K68-D020": {"K68-D030": 91.57241249692093}, "K65-U210": {"K65-U220": 81.00469374871929}, "K66-U120": {"K66-U130": 51.906805703557495}, "K68-D130": {"K68-D140": 62.86404636833679}, "K65-U040": {"K65-U050": 90.20285197487877}, "K65-D130": {"K65-D140": 116.9430600519911}, "K68-U050": {"K68-U060": 50.43853042872809}, "K66-D050": {"K66-D060": 44.09404258810584}, "K68-U010": {"K68-U020": 97.6592415659063}, "K68-D060": {"K68-D070": 108.56871047668267}, "K68-U060": {"K68-U070": 59.00919106020024}, "K65-U220": {"K65-U230": 79.3296670548954}, "K66-U110": {"K66-U120": 39.6561910845724}, "K68-D180": {"K68-D190": 40.444750020684054}, "K68-D170": {"K68-D180": 47.42323490866506}, "K66-U200": {"K66-U210": 52.4976967278332}, "K66-D030": {"K66-D040": 77.79584536084776}, "K65-U020": {"K65-U030": 129.89805406808622}, "K65-U190": {"K65-U200": 51.69062907023756}, "K68-U160": {"K68-U170": 75.65253337736509}, "K66-D160": {"K66-D170": 139.3594823180635}, "K65-U120": {"K65-U130": 160.82977330190803}, "K68-D200": {"K68-U011": 74.44297974714135}, "K65-D040": {"K65-D050": 70.9789885816397}, "K65A-U040": {"K65A-U050": 84.83775652498073}, "K65A-D040": {"K65A-D050": 67.27677344225744}, "K65A-U020": {"K65A-U030": 204.2599694545276}, "K66-U170": {"K66-U180": 31.549981586650368}, "K65A-U050": {"K65A-U060": 50.17029846469116}, "K65A-D090": {"K65A-D100": 119.79205716855567}, "K65A-U080": {"K65A-U090": 70.71336685461426}, "K65A-D030": {"K65A-D040": 62.406250441006044}, "K65A-D010": {"K65A-D020": 100.22055927113446}, "K66-D060": {"K66-D070": 40.93743952637109}, "K65A-U060": {"K65A-U070": 52.38637645873713}, "K66-D210": {"K66-D220": 142.20038687191223}, "K68-D070": {"K68-D080": 215.59154753777597}, "K65-D160": {"K65-D170": 152.1531498171873}, "K68-U130": {"K68-U140": 155.75187315650427}, "K68-U020": {"K68-U030": 37.91918364430621}, "K66-U060": {"K66-U070": 161.4471161271099}, "K68-D010": {"K68-D020": 48.120469827461505}, "K65A-U010": {"K65A-U020": 67.5997221130093}, "K68-D040": {"K68-D050": 113.20983500940744}, "K66-D220": {"K66-D230": 90.22063098227505}, "K66-D120": {"K66-D130": 59.98640208803276}, "K68-U080": {"K68-U090": 51.02426461687083}, "K68-D120": {"K68-D130": 175.4095116122375}, "K66-D230": {"K66-D240": 95.87796962114525}, "K68-D030": {"K68-D040": 103.91866624506324}}