{"K65A-D050": {"K65A-D060": 64.18238957743746}, "K65A-U100": {"K65A-U110": 63.95426312211432}, "K65A-U110": {"K65A-U120": 78.7619572009692}, "K65A-U120": {"K65A-U130": 79.04098282041478}, "K65-U060": {"K65-U070": 37.538780118785475}, "K66-D090": {"K66-D100": 42.032369694134886}, "K65A-D070": {"K65A-D080": 124.6738744791162}, "K68-D190": {"K68-D200": 60.237803110803725}, "K65A-U030": {"K65A-U040": 36.31318516018177}, "K65-D050": {"K65-D060": 59.76051162104291}, "K65-U070": {"K65-U080": 72.2792920438884}, "K65-U200": {"K65-U210": 63.632634408990135}, "K65-D150": {"K65-D160": 112.67030130627242}, "K66-D170": {"K66-D180": 207.33686534064927}, "K65-D060": {"K65-D070": 83.93146506867157}, "K65-D180": {"K65-D190": 119.67508008234142}, "K66-U190": {"K66-U200": 66.045661769514}, "K66-U130": {"K66-U140": 53.959881952843446}, "K65-U080": {"K65-U090": 156.70266283372075}, "K66-D200": {"K66-D210": 127.3799794713755}, "K68-U120": {"K68-U130": 144.8830371187035}, "K68-D150": {"K68-D160": 45.70299979814777}, "K65-U100": {"K65-U110": 155.35743986687442}, "K66-U020": {"K66-U030": 197.13043353821445}, "K65-D070": {"K65-D080": 120.57663768225495}, "K65-D100": {"K65-D110": 232.62681226260847}, "K66-U180": {"K66-U190": 63.65202771104642}, "K65-D170": {"K65-D180": 101.75873922481676}, "K66-U040": {"K66-U050": 130.70770378610968}, "K65-U140": {"K65-U150": 100.45896745061687}, "K66-U010": {"K66-U020": 127.11940928331322}, "K66-U080": {"K66-U090": 153.83389459185986}, "K65-U050": {"K65-U060": 108.20443800304572}, "K68-U070": {"K68-U080": 34.431837263971296}, "K66-U140": {"K66-U150": 47.469444931879295}, "K66-U050": {"K66-U060": 47.337123787841186}, "K68-U100": {"K68-U110": 187.50233466101253}, "K68-D160": {"K68-D170": 90.42886808454645}, "K65A-D020": {"K65A-D030": 79.14154871849644}, "K68-U030": {"K68-U040": 30.0578945625127}, "K66-D110": {"K66-D120": 39.01824200276899}, "K65-D120": {"K65-D130": 69.0756049477839}, "K66-D130": {"K66-D140": 46.17880254487211}, "K65A-D100": {"K65A-D110": 263.9317279044005}, "K65-D090": {"K65-D100": 110.53282031975198}, "K65A-D080": {"K65A-D090": 58.417494819679845}, "K68-D080": {"K68-D090": 81.62190673201601}, "K65A-U070": {"K65A-U080": 53.364017346631115}, "K66-D010": {"K66-D020": 14.605123820840522}, "K65-D020": {"K65-D030": 71.75976304558965}, "K65A-U090": {"K65A-U100": 50.535976255590796}, "K66-U100": {"K66-U110": 76.67087574676637}, "K65A-D060": {"K65A-D070": 89.57533141769945}, "K65-D080": {"K65-D090": 62.45907376841792}, "K65-D110": {"K65-D120": 122.76061772867827}, "K65-U160": {"K65-U170": 58.61812019759442}, "K68-U170": {"K68-D010": 178.42904007784605}, "K66-U160": {"K66-U170": 49.45804443869217}, "K66-D020": {"K66-D030": 62.143831050718326}, "K68-D050": {"K68-D060": 68.91463545489164}, "K66-D190": {"K66-D200": 86.68920218195396}, "K66-U030": {"K66-U040": 173.229796031691}, "K66-D100": {"K66-D110": 41.824790382862446}, "K66-D140": {"K66-D150": 94.4363746052336}, "K65-U030": {"K65-U040": 96.43075577243421}, "K65-D140": {"K65-D150": 111.23823489567617}, "K65-D010": {"K65-D020": 42.04206718276092}, "K66-U070": {"K66-U080": 168.54262236018823}, "K65-U170": {"K65-U180": 44.97172154514722}, "K66-D150": {"K66-D160": 86.54637136220735}, "K65-U090": {"K65-U100": 51.96866385580146}, "K66-U090": {"K66-U100": 56.06986060432183}, "K66-U150": {"K66-U160": 55.079427373457555}, "K66-D040": {"K66-D050": 47.680666454585534}, "K68-D110": {"K68-D120": 93.85484932900204}, "K65-U180": {"K65-U190": 77.85109985507871}, "K68-U090": {"K68-U100": 137.47746196536406}, "K66-D070": {"K66-D080": 51.703768420393644}, "K65-U110": {"K65-U120": 113.98068995378465}, "K68-U140": {"K68-U150": 43.42487669036181}, "K68-D090": {"K68-D100": 138.9367318387146}, "K68-D140": {"K68-D150": 42.272939484399714}, "K66-D180": {"K66-D190": 81.93816231852034}, "K68-U150": {"K68-U160": 86.36081308916584}, "K66-D080": {"K66-D090": 66.16033115806216}, "K65-U150": {"K65-U160": 56.56486522793002}, "K65-D030": {"K65-D040": 68.03691949367708}, "K68-D100": {"K68-D110": 89.84622357272836}, "K65-U130": {"K65-U140": 32.539493774671925}, "K65-U010": {"K65-U020": 270.0866400082145}, "K66-U210": {"K66-U220": 54.21850593109963}, "K68-U040": {"K68-U050": 50.629625518643444}, "K68-U110": {"K68-U120": 198.94667829733308}, "K68-D020": {"K68-D030": 91.43412258459736}, "K65-U210": {"K65-U220": 82.33728695867144}, "K66-U120": {"K66-U130": 50.929522279357045}, "K68-D130": {"K68-D140": 64.3575363462821}, "K65-U040": {"K65-U050": 92.16543567633046}, "K65-D130": {"K65-D140": 99.01250752484393}, "K68-U050": {"K68-U060": 56.54203529922908}, "K66-D050": {"K66-D060": 40.718776370465136}, "K68-U010": {"K68-U020": 102.82093195728055}, "K68-D060": {"K68-D070": 98.76624088667705}, "K68-U060": {"K68-U070": 67.13146009629527}, "K65-U220": {"K65-U230": 81.05977026283001}, "K66-U110": {"K66-U120": 36.899917387608596}, "K68-D180": {"K68-D190": 39.66121100542973}, "K68-D170": {"K68-D180": 47.65762428144636}, "K66-U200": {"K66-U210": 54.77538604507936}, "K66-D030": {"K66-D040": 81.71798948487658}, "K65-U020": {"K65-U030": 147.6479789657031}, "K65-U190": {"K65-U200": 54.6418349691131}, "K68-U160": {"K68-U170": 70.84150547707745}, "K66-D160": {"K66-D170": 146.67015783502603}, "K65-U120": {"K65-U130": 180.93549250923948}, "K68-D200": {"K68-U011": 64.64492628140994}, "K65-D040": {"K65-D050": 71.38232223836208}, "K65A-U040": {"K65A-U050": 101.95636504354046}, "K65A-D040": {"K65A-D050": 73.69142405941184}, "K65A-U020": {"K65A-U030": 195.4238277601147}, "K66-U170": {"K66-U180": 32.069486864578565}, "K65A-U050": {"K65A-U060": 54.38535311708407}, "K65A-D090": {"K65A-D100": 114.59373676837706}, "K65A-U080": {"K65A-U090": 70.59542832299411}, "K65A-D030": {"K65A-D040": 63.05699152370799}, "K65A-D010": {"K65A-D020": 79.34903107960963}, "K66-D060": {"K66-D070": 48.07464249883008}, "K65A-U060": {"K65A-U070": 54.85776473757677}, "K66-D210": {"K66-D220": 135.0287130351018}, "K68-D070": {"K68-D080": 204.33477306513345}, "K65-D160": {"K65-D170": 159.09709913638326}, "K68-U130": {"K68-U140": 155.7971102523494}, "K68-U020": {"K68-U030": 53.35447275066542}, "K66-U060": {"K66-U070": 165.50732668476772}, "K68-D010": {"K68-D020": 49.1292737780082}, "K65A-U010": {"K65A-U020": 62.40390894052251}, "K68-D040": {"K68-D050": 102.96707495559542}, "K66-D220": {"K66-D230": 92.09158530491955}, "K66-D120": {"K66-D130": 65.88288499064126}, "K68-U080": {"K68-U090": 47.890390535092266}, "K68-D120": {"K68-D130": 183.1854447163642}, "K66-D230": {"K66-D240": 86.94663331128739}, "K68-D030": {"K68-D040": 109.43095960639755}}