{"K65A-D050": {"K65A-D060": 56.732412668446344}, "K65A-U100": {"K65A-U110": 59.906280748518114}, "K65A-U110": {"K65A-U120": 78.65174094447448}, "K65A-U120": {"K65A-U130": 74.21704506171949}, "K65-U060": {"K65-U070": 37.15105159587088}, "K66-D090": {"K66-D100": 51.426473459630884}, "K65A-D070": {"K65A-D080": 116.96361912868856}, "K68-D190": {"K68-D200": 60.813139897594624}, "K65A-U030": {"K65A-U040": 36.58059692743458}, "K65-D050": {"K65-D060": 65.44890165492218}, "K65-U070": {"K65-U080": 68.08493646899493}, "K65-U200": {"K65-U210": 65.33049479035134}, "K65-D150": {"K65-D160": 105.80692518035528}, "K66-D170": {"K66-D180": 196.44492916129815}, "K65-D060": {"K65-D070": 88.19591747820834}, "K65-D180": {"K65-D190": 111.23788439688421}, "K66-U190": {"K66-U200": 70.34235903080176}, "K66-U130": {"K66-U140": 54.4542729456209}, "K65-U080": {"K65-U090": 155.66496953824608}, "K66-D200": {"K66-D210": 131.1948359087236}, "K68-U120": {"K68-U130": 151.67489463136067}, "K68-D150": {"K68-D160": 43.59407735572712}, "K65-U100": {"K65-U110": 149.97563482883118}, "K66-U020": {"K66-U030": 192.5454282915936}, "K65-D070": {"K65-D080": 120.10591947829332}, "K65-D100": {"K65-D110": 236.2169999395553}, "K66-U180": {"K66-U190": 62.98104087142936}, "K65-D170": {"K65-D180": 106.28587070295058}, "K66-U040": {"K66-U050": 134.45616734316746}, "K65-U140": {"K65-U150": 101.08992173433407}, "K66-U010": {"K66-U020": 134.74975738310323}, "K66-U080": {"K66-U090": 168.57844826996387}, "K65-U050": {"K65-U060": 108.54377077658573}, "K68-U070": {"K68-U080": 35.314671521278825}, "K66-U140": {"K66-U150": 45.30068718255751}, "K66-U050": {"K66-U060": 45.62186063157344}, "K68-U100": {"K68-U110": 197.63486360348162}, "K68-D160": {"K68-D170": 87.18861013712713}, "K65A-D020": {"K65A-D030": 81.06106352516007}, "K68-U030": {"K68-U040": 32.09345983668535}, "K66-D110": {"K66-D120": 44.289354778734804}, "K65-D120": {"K65-D130": 65.02023178929059}, "K66-D130": {"K66-D140": 42.94086128404662}, "K65A-D100": {"K65A-D110": 256.0915761461804}, "K65-D090": {"K65-D100": 98.76601788736363}, "K65A-D080": {"K65A-D090": 57.766806715036424}, "K68-D080": {"K68-D090": 94.99898277184131}, "K65A-U070": {"K65A-U080": 47.282525224249845}, "K66-D010": {"K66-D020": 15.752356504263105}, "K65-D020": {"K65-D030": 79.1789272712542}, "K65A-U090": {"K65A-U100": 52.82032014832974}, "K66-U100": {"K66-U110": 85.4273530985362}, "K65A-D060": {"K65A-D070": 88.77213596941559}, "K65-D080": {"K65-D090": 65.79760776976728}, "K65-D110": {"K65-D120": 117.13886217604033}, "K65-U160": {"K65-U170": 57.07059510007351}, "K68-U170": {"K68-D010": 173.32687947407936}, "K66-U160": {"K66-U170": 48.78255855817815}, "K66-D020": {"K66-D030": 68.67258842293731}, "K68-D050": {"K68-D060": 69.37938701340723}, "K66-D190": {"K66-D200": 83.43637804106284}, "K66-U030": {"K66-U040": 177.78227620369333}, "K66-D100": {"K66-D110": 40.17798889667845}, "K66-D140": {"K66-D150": 97.68703248012574}, "K65-U030": {"K65-U040": 94.66200249579381}, "K65-D140": {"K65-D150": 113.55825197815295}, "K65-D010": {"K65-D020": 41.471359166871785}, "K66-U070": {"K66-U080": 214.25305906220842}, "K65-U170": {"K65-U180": 48.7506935662639}, "K66-D150": {"K66-D160": 98.33330551221111}, "K65-U090": {"K65-U100": 57.641375149807935}, "K66-U090": {"K66-U100": 53.32505724390975}, "K66-U150": {"K66-U160": 53.36484575746495}, "K66-D040": {"K66-D050": 45.22375421541394}, "K68-D110": {"K68-D120": 93.41588200997472}, "K65-U180": {"K65-U190": 74.18144984474132}, "K68-U090": {"K68-U100": 142.61555904246742}, "K66-D070": {"K66-D080": 51.63727444894223}, "K65-U110": {"K65-U120": 110.94367417464177}, "K68-U140": {"K68-U150": 39.64534645031118}, "K68-D090": {"K68-D100": 148.23823225290639}, "K68-D140": {"K68-D150": 41.8616879709693}, "K66-D180": {"K66-D190": 83.47370718611982}, "K68-U150": {"K68-U160": 90.22228126362441}, "K66-D080": {"K66-D090": 58.55615708571054}, "K65-U150": {"K65-U160": 54.51862009341884}, "K65-D030": {"K65-D040": 66.53565954741141}, "K68-D100": {"K68-D110": 93.10275707390203}, "K65-U130": {"K65-U140": 33.44274561225227}, "K65-U010": {"K65-U020": 279.8385556851455}, "K66-U210": {"K66-U220": 51.61182367571041}, "K68-U040": {"K68-U050": 48.345687476979904}, "K68-U110": {"K68-U120": 197.27544985120628}, "K68-D020": {"K68-D030": 87.721051514347}, "K65-U210": {"K65-U220": 81.22440398206443}, "K66-U120": {"K66-U130": 56.00616652993826}, "K68-D130": {"K68-D140": 61.57547404858256}, "K65-U040": {"K65-U050": 81.79115954053896}, "K65-D130": {"K65-D140": 107.53359549222185}, "K68-U050": {"K68-U060": 58.22272287788538}, "K66-D050": {"K66-D060": 43.23491555138283}, "K68-U010": {"K68-U020": 90.53190932223798}, "K68-D060": {"K68-D070": 102.4419377268604}, "K68-U060": {"K68-U070": 66.78066637118484}, "K65-U220": {"K65-U230": 81.51842086134295}, "K66-U110": {"K66-U120": 42.91266181963822}, "K68-D180": {"K68-D190": 39.92336893264504}, "K68-D170": {"K68-D180": 46.646713954641}, "K66-U200": {"K66-U210": 53.4601931687284}, "K66-D030": {"K66-D040": 80.04447084737066}, "K65-U020": {"K65-U030": 141.2429158211701}, "K65-U190": {"K65-U200": 52.64220523286848}, "K68-U160": {"K68-U170": 71.71415762211788}, "K66-D160": {"K66-D170": 143.36264825140105}, "K65-U120": {"K65-U130": 168.84921947160987}, "K68-D200": {"K68-U011": 71.53847654905853}, "K65-D040": {"K65-D050": 68.27061802857072}, "K65A-U040": {"K65A-U050": 97.17683981450234}, "K65A-D040": {"K65A-D050": 72.32920429231025}, "K65A-U020": {"K65A-U030": 201.06993403750272}, "K66-U170": {"K66-U180": 34.77130185142029}, "K65A-U050": {"K65A-U060": 55.922929395836015}, "K65A-D090": {"K65A-D100": 118.77937306215472}, "K65A-U080": {"K65A-U090": 72.21986961535157}, "K65A-D030": {"K65A-D040": 61.058426066276}, "K65A-D010": {"K65A-D020": 54.089636495494595}, "K66-D060": {"K66-D070": 45.415337098910925}, "K65A-U060": {"K65A-U070": 53.35139795374888}, "K66-D210": {"K66-D220": 134.3877756146257}, "K68-D070": {"K68-D080": 206.16197164843612}, "K65-D160": {"K65-D170": 150.71137394329878}, "K68-U130": {"K68-U140": 156.4596615679104}, "K68-U020": {"K68-U030": 52.35524067725861}, "K66-U060": {"K66-U070": 172.15726922567782}, "K68-D010": {"K68-D020": 48.17532504958808}, "K65A-U010": {"K65A-U020": 62.50276352192518}, "K68-D040": {"K68-D050": 109.34407871662661}, "K66-D220": {"K66-D230": 90.7081767511112}, "K66-D120": {"K66-D130": 62.46678121801391}, "K68-U080": {"K68-U090": 47.46778131567334}, "K68-D120": {"K68-D130": 206.43420250317837}, "K66-D230": {"K66-D240": 91.57053201023602}, "K68-D030": {"K68-D040": 88.26534451859926}}