{"K65A-D050": {"K65A-D060": 56.4491172898992}, "K65A-U100": {"K65A-U110": 63.76475921901075}, "K65A-U110": {"K65A-U120": 80.91227387480635}, "K65A-U120": {"K65A-U130": 86.19198434596098}, "K65-U060": {"K65-U070": 38.575977077301545}, "K66-D090": {"K66-D100": 43.40799599055875}, "K65A-D070": {"K65A-D080": 131.9456586707432}, "K68-D190": {"K68-D200": 59.98522052692615}, "K65A-U030": {"K65A-U040": 29.96235855875643}, "K65-D050": {"K65-D060": 63.48181997182978}, "K65-U070": {"K65-U080": 65.91750303568398}, "K65-U200": {"K65-U210": 65.65320959480553}, "K65-D150": {"K65-D160": 107.6669999741154}, "K66-D170": {"K66-D180": 213.11936232011627}, "K65-D060": {"K65-D070": 94.6920254543737}, "K65-D180": {"K65-D190": 125.59684326573718}, "K66-U190": {"K66-U200": 67.84714605205228}, "K66-U130": {"K66-U140": 57.85304527737067}, "K65-U080": {"K65-U090": 156.5013304562601}, "K66-D200": {"K66-D210": 127.6036465226681}, "K68-U120": {"K68-U130": 165.5961566197567}, "K68-D150": {"K68-D160": 53.27709754531183}, "K65-U100": {"K65-U110": 151.37601386404077}, "K66-U020": {"K66-U030": 188.80049293787545}, "K65-D070": {"K65-D080": 136.48347770481638}, "K65-D100": {"K65-D110": 221.9454223656186}, "K66-U180": {"K66-U190": 63.71166942497992}, "K65-D170": {"K65-D180": 100.60804074632179}, "K66-U040": {"K66-U050": 128.96221287138323}, "K65-U140": {"K65-U150": 106.76903424961581}, "K66-U010": {"K66-U020": 151.37147429786765}, "K66-U080": {"K66-U090": 172.8750377673945}, "K65-U050": {"K65-U060": 107.99245298536505}, "K68-U070": {"K68-U080": 38.01675861921934}, "K66-U140": {"K66-U150": 50.719398665618755}, "K66-U050": {"K66-U060": 47.74433245439299}, "K68-U100": {"K68-U110": 205.44448116351865}, "K68-D160": {"K68-D170": 82.65238453166191}, "K65A-D020": {"K65A-D030": 80.11184073936398}, "K68-U030": {"K68-U040": 32.63101481111451}, "K66-D110": {"K66-D120": 45.0045784838772}, "K65-D120": {"K65-D130": 66.10403950925306}, "K66-D130": {"K66-D140": 40.94012237124665}, "K65A-D100": {"K65A-D110": 231.71002457304863}, "K65-D090": {"K65-D100": 104.37739348711469}, "K65A-D080": {"K65A-D090": 59.942060079008186}, "K68-D080": {"K68-D090": 93.42527250750202}, "K65A-U070": {"K65A-U080": 53.10747695789096}, "K66-D010": {"K66-D020": 16.614343787034446}, "K65-D020": {"K65-D030": 74.49011153653008}, "K65A-U090": {"K65A-U100": 63.76639860320606}, "K66-U100": {"K66-U110": 78.6478836123607}, "K65A-D060": {"K65A-D070": 84.07554417688871}, "K65-D080": {"K65-D090": 62.40858119319402}, "K65-D110": {"K65-D120": 125.07978919366909}, "K65-U160": {"K65-U170": 59.511129891994656}, "K68-U170": {"K68-D010": 166.74224471910082}, "K66-U160": {"K66-U170": 52.00305691581802}, "K66-D020": {"K66-D030": 63.77589641887242}, "K68-D050": {"K68-D060": 61.79446916620414}, "K66-D190": {"K66-D200": 89.13529392684401}, "K66-U030": {"K66-U040": 184.8694694742253}, "K66-D100": {"K66-D110": 47.78747243083452}, "K66-D140": {"K66-D150": 97.92907919615206}, "K65-U030": {"K65-U040": 99.20980510583196}, "K65-D140": {"K65-D150": 114.1660990495938}, "K65-D010": {"K65-D020": 38.92080332222558}, "K66-U070": {"K66-U080": 211.84643138325288}, "K65-U170": {"K65-U180": 55.52766145790597}, "K66-D150": {"K66-D160": 96.22065093704263}, "K65-U090": {"K65-U100": 55.58183358749811}, "K66-U090": {"K66-U100": 54.18306137956985}, "K66-U150": {"K66-U160": 56.47380252546377}, "K66-D040": {"K66-D050": 38.31995339592969}, "K68-D110": {"K68-D120": 90.59018405564024}, "K65-U180": {"K65-U190": 77.5536295226475}, "K68-U090": {"K68-U100": 146.4267740497898}, "K66-D070": {"K66-D080": 52.15136727985615}, "K65-U110": {"K65-U120": 113.20024008827404}, "K68-U140": {"K68-U150": 47.89625633468845}, "K68-D090": {"K68-D100": 147.59865904108585}, "K68-D140": {"K68-D150": 36.1788880271945}, "K66-D180": {"K66-D190": 88.86608636302742}, "K68-U150": {"K68-U160": 87.6042986253708}, "K66-D080": {"K66-D090": 63.46826162443456}, "K65-U150": {"K65-U160": 63.94370025758652}, "K65-D030": {"K65-D040": 76.6697723718789}, "K68-D100": {"K68-D110": 90.85279533971529}, "K65-U130": {"K65-U140": 29.102528259698584}, "K65-U010": {"K65-U020": 270.8285713335515}, "K66-U210": {"K66-U220": 49.9260185144543}, "K68-U040": {"K68-U050": 47.443039365885376}, "K68-U110": {"K68-U120": 195.04311092188476}, "K68-D020": {"K68-D030": 93.74235563135308}, "K65-U210": {"K65-U220": 83.07707470865657}, "K66-U120": {"K66-U130": 55.43368988874609}, "K68-D130": {"K68-D140": 59.44443028273755}, "K65-U040": {"K65-U050": 82.81529510421908}, "K65-D130": {"K65-D140": 88.19298433802075}, "K68-U050": {"K68-U060": 53.186353046716974}, "K66-D050": {"K66-D060": 48.484559472312114}, "K68-U010": {"K68-U020": 88.0124144329035}, "K68-D060": {"K68-D070": 99.36124832155383}, "K68-U060": {"K68-U070": 68.55740441166881}, "K65-U220": {"K65-U230": 82.47596486170063}, "K66-U110": {"K66-U120": 43.32016619515342}, "K68-D180": {"K68-D190": 38.20663774518033}, "K68-D170": {"K68-D180": 46.36487911064211}, "K66-U200": {"K66-U210": 57.22948118811623}, "K66-D030": {"K66-D040": 77.12184187532188}, "K65-U020": {"K65-U030": 140.00716053688004}, "K65-U190": {"K65-U200": 53.217732497304326}, "K68-U160": {"K68-U170": 70.98672915943469}, "K66-D160": {"K66-D170": 152.08231076539113}, "K65-U120": {"K65-U130": 196.8049688156491}, "K68-D200": {"K68-U011": 66.80324819071829}, "K65-D040": {"K65-D050": 78.09476176763695}, "K65A-U040": {"K65A-U050": 95.96158903062475}, "K65A-D040": {"K65A-D050": 77.41086706693173}, "K65A-U020": {"K65A-U030": 216.5487240381477}, "K66-U170": {"K66-U180": 37.443677079318164}, "K65A-U050": {"K65A-U060": 55.5567142131752}, "K65A-D090": {"K65A-D100": 121.87075546782224}, "K65A-U080": {"K65A-U090": 67.62341691356144}, "K65A-D030": {"K65A-D040": 65.49680773153788}, "K65A-D010": {"K65A-D020": 61.25953269149859}, "K66-D060": {"K66-D070": 44.62100023165347}, "K65A-U060": {"K65A-U070": 57.28928651454298}, "K66-D210": {"K66-D220": 137.88020401785244}, "K68-D070": {"K68-D080": 202.23527085876634}, "K65-D160": {"K65-D170": 143.5842174686678}, "K68-U130": {"K68-U140": 158.7518812667116}, "K68-U020": {"K68-U030": 55.25849470857903}, "K66-U060": {"K66-U070": 152.47653779901393}, "K68-D010": {"K68-D020": 47.67808008171507}, "K65A-U010": {"K65A-U020": 76.94079053137501}, "K68-D040": {"K68-D050": 115.34625907187947}, "K66-D220": {"K66-D230": 97.14275530012745}, "K66-D120": {"K66-D130": 64.77273004930298}, "K68-U080": {"K68-U090": 53.59101643393583}, "K68-D120": {"K68-D130": 200.30424523693432}, "K66-D230": {"K66-D240": 93.04570976277259}, "K68-D030": {"K68-D040": 94.7360843216795}}