{"K65A-D050": {"K65A-D060": 54.947189024985654}, "K65A-U100": {"K65A-U110": 61.35360876409737}, "K65A-U110": {"K65A-U120": 72.72995657397402}, "K65A-U120": {"K65A-U130": 86.1505884217827}, "K65-U060": {"K65-U070": 35.866848463265924}, "K66-D090": {"K66-D100": 45.965629012646446}, "K65A-D070": {"K65A-D080": 118.96940667591443}, "K68-D190": {"K68-D200": 38.83133673038063}, "K65A-U030": {"K65A-U040": 39.08725333291087}, "K65-D050": {"K65-D060": 61.55629614407055}, "K65-U070": {"K65-U080": 69.36763405255826}, "K65-U200": {"K65-U210": 70.96311820518204}, "K65-D150": {"K65-D160": 111.61631586360211}, "K66-D170": {"K66-D180": 208.08094109642246}, "K65-D060": {"K65-D070": 79.29616422699374}, "K65-D180": {"K65-D190": 113.52659998361483}, "K66-U190": {"K66-U200": 65.08354159026432}, "K66-U130": {"K66-U140": 54.418901022573685}, "K65-U080": {"K65-U090": 153.70501344207696}, "K66-D200": {"K66-D210": 129.6105878566861}, "K68-U120": {"K68-U130": 147.20577594215555}, "K68-D150": {"K68-D160": 76.85212860002366}, "K65-U100": {"K65-U110": 153.434787700247}, "K66-U020": {"K66-U030": 182.2696446236426}, "K65-D070": {"K65-D080": 136.36250824262393}, "K65-D100": {"K65-D110": 234.24139775365035}, "K66-U180": {"K66-U190": 63.114821706787765}, "K65-D170": {"K65-D180": 99.40746155322398}, "K66-U040": {"K66-U050": 130.49455406407756}, "K65-U140": {"K65-U150": 94.59286848212625}, "K66-U010": {"K66-U020": 147.38748700311027}, "K66-U080": {"K66-U090": 171.66368553994818}, "K65-U050": {"K65-U060": 111.22140103589928}, "K68-U070": {"K68-U080": 32.78690909911073}, "K66-U140": {"K66-U150": 50.88392353749447}, "K66-U050": {"K66-U060": 52.25256559604325}, "K68-U100": {"K68-U110": 202.83644015954275}, "K68-D160": {"K68-D170": 78.07355755844799}, "K65A-D020": {"K65A-D030": 77.36225420188168}, "K68-U030": {"K68-U040": 28.391255408393455}, "K66-D110": {"K66-D120": 36.130558993223346}, "K65-D120": {"K65-D130": 62.622009462603124}, "K66-D130": {"K66-D140": 39.551879291370014}, "K65A-D100": {"K65A-D110": 242.88505887094303}, "K65-D090": {"K65-D100": 108.01473931446819}, "K65A-D080": {"K65A-D090": 64.21481341058576}, "K68-D080": {"K68-D090": 94.26023899466239}, "K65A-U070": {"K65A-U080": 44.59497247408255}, "K66-D010": {"K66-D020": 16.172363103702885}, "K65-D020": {"K65-D030": 77.07445238433624}, "K65A-U090": {"K65A-U100": 52.91720275948474}, "K66-U100": {"K66-U110": 82.88151797709517}, "K65A-D060": {"K65A-D070": 71.20140584210654}, "K65-D080": {"K65-D090": 66.5114098278797}, "K65-D110": {"K65-D120": 116.53639888805064}, "K65-U160": {"K65-U170": 56.451107513705054}, "K68-U170": {"K68-D010": 163.78276519845056}, "K66-U160": {"K66-U170": 46.37997608916409}, "K66-D020": {"K66-D030": 72.10860620909286}, "K68-D050": {"K68-D060": 66.50004343521657}, "K66-D190": {"K66-D200": 87.33617262445128}, "K66-U030": {"K66-U040": 181.69385283310453}, "K66-D100": {"K66-D110": 52.48818519257064}, "K66-D140": {"K66-D150": 99.02699150672773}, "K65-U030": {"K65-U040": 94.70722333792841}, "K65-D140": {"K65-D150": 109.2385513496619}, "K65-D010": {"K65-D020": 44.23682904327979}, "K66-U070": {"K66-U080": 190.2070010167395}, "K65-U170": {"K65-U180": 51.384028174926186}, "K66-D150": {"K66-D160": 104.11575250313781}, "K65-U090": {"K65-U100": 52.64458009412732}, "K66-U090": {"K66-U100": 53.511621916315015}, "K66-U150": {"K66-U160": 56.185139348705626}, "K66-D040": {"K66-D050": 43.14005221029803}, "K68-D110": {"K68-D120": 94.68741381000875}, "K65-U180": {"K65-U190": 71.47669050224543}, "K68-U090": {"K68-U100": 143.76300308621745}, "K66-D070": {"K66-D080": 42.591178357343374}, "K65-U110": {"K65-U120": 115.04712943642218}, "K68-U140": {"K68-U150": 46.28670917595137}, "K68-D090": {"K68-D100": 146.66742864950078}, "K68-D140": {"K68-D150": 41.28877174675254}, "K66-D180": {"K66-D190": 69.89128914157241}, "K68-U150": {"K68-U160": 85.98274509557248}, "K66-D080": {"K66-D090": 62.636965631855716}, "K65-U150": {"K65-U160": 60.97713334049795}, "K65-D030": {"K65-D040": 65.88947508360069}, "K68-D100": {"K68-D110": 89.5002172951793}, "K65-U130": {"K65-U140": 26.50311099935007}, "K65-U010": {"K65-U020": 259.3984108225535}, "K66-U210": {"K66-U220": 53.35488467639497}, "K68-U040": {"K68-U050": 70.40879488852894}, "K68-U110": {"K68-U120": 195.414318917408}, "K68-D020": {"K68-D030": 87.24963690672055}, "K65-U210": {"K65-U220": 77.15076925459815}, "K66-U120": {"K66-U130": 51.85859860863144}, "K68-D130": {"K68-D140": 55.92583087184833}, "K65-U040": {"K65-U050": 94.31894166553471}, "K65-D130": {"K65-D140": 98.84238898930099}, "K68-U050": {"K68-U060": 57.6737728434288}, "K66-D050": {"K66-D060": 45.24966486699395}, "K68-U010": {"K68-U020": 85.88193124388889}, "K68-D060": {"K68-D070": 99.6127696139151}, "K68-U060": {"K68-U070": 85.31237380810676}, "K65-U220": {"K65-U230": 78.35444843870438}, "K66-U110": {"K66-U120": 40.25678254959572}, "K68-D180": {"K68-D190": 36.80537105377695}, "K68-D170": {"K68-D180": 63.71197721631963}, "K66-U200": {"K66-U210": 58.70705174599173}, "K66-D030": {"K66-D040": 80.83873367672831}, "K65-U020": {"K65-U030": 128.56893052127836}, "K65-U190": {"K65-U200": 50.45857001804256}, "K68-U160": {"K68-U170": 69.83351064952754}, "K66-D160": {"K66-D170": 145.54931743484144}, "K65-U120": {"K65-U130": 188.69784840213757}, "K68-D200": {"K68-U011": 66.32068681922264}, "K65-D040": {"K65-D050": 71.49445952073589}, "K65A-U040": {"K65A-U050": 79.46570720569788}, "K65A-D040": {"K65A-D050": 59.41931190867649}, "K65A-U020": {"K65A-U030": 211.87664372488024}, "K66-U170": {"K66-U180": 33.02518755285518}, "K65A-U050": {"K65A-U060": 55.524036921988035}, "K65A-D090": {"K65A-D100": 109.10381617609485}, "K65A-U080": {"K65A-U090": 69.66893079178797}, "K65A-D030": {"K65A-D040": 57.035682199759755}, "K65A-D010": {"K65A-D020": 54.624404149993666}, "K66-D060": {"K66-D070": 43.71005012734243}, "K65A-U060": {"K65A-U070": 47.43460948591506}, "K66-D210": {"K66-D220": 136.75654594900422}, "K68-D070": {"K68-D080": 211.9732211735055}, "K65-D160": {"K65-D170": 147.78125594879205}, "K68-U130": {"K68-U140": 167.96280445174588}, "K68-U020": {"K68-U030": 28.445239700080343}, "K66-U060": {"K66-U070": 175.23569675826002}, "K68-D010": {"K68-D020": 47.9076297517569}, "K65A-U010": {"K65A-U020": 100.19793313100855}, "K68-D040": {"K68-D050": 113.43094180143498}, "K66-D220": {"K66-D230": 84.81316093009146}, "K66-D120": {"K66-D130": 65.36113350569578}, "K68-U080": {"K68-U090": 46.560638118778435}, "K68-D120": {"K68-D130": 207.12309745958117}, "K66-D230": {"K66-D240": 93.5435883463354}, "K68-D030": {"K68-D040": 97.27374571572793}}