{"K65A-D050": {"K65A-D060": 63.74680551439544}, "K65A-U100": {"K65A-U110": 53.79742784147269}, "K65A-U110": {"K65A-U120": 74.53347549068242}, "K65A-U120": {"K65A-U130": 77.53808215134086}, "K65-U060": {"K65-U070": 33.99506358272142}, "K66-D090": {"K66-D100": 45.62306170365844}, "K65A-D070": {"K65A-D080": 120.8679145228771}, "K68-D190": {"K68-D200": 42.62584971161159}, "K65A-U030": {"K65A-U040": 40.96647838665932}, "K65-D050": {"K65-D060": 58.382510760942196}, "K65-U070": {"K65-U080": 68.92482059158269}, "K65-U200": {"K65-U210": 63.54306065240071}, "K65-D150": {"K65-D160": 99.90199998453372}, "K66-D170": {"K66-D180": 202.1449737925197}, "K65-D060": {"K65-D070": 80.80888541819999}, "K65-D180": {"K65-D190": 118.99047748460006}, "K66-U190": {"K66-U200": 65.50980142276119}, "K66-U130": {"K66-U140": 50.97936258527349}, "K65-U080": {"K65-U090": 145.49311206594365}, "K66-D200": {"K66-D210": 128.01800056419285}, "K68-U120": {"K68-U130": 153.9069134096442}, "K68-D150": {"K68-D160": 39.966157112642826}, "K65-U100": {"K65-U110": 153.24851603633303}, "K66-U020": {"K66-U030": 191.92721259642752}, "K65-D070": {"K65-D080": 115.3210387411854}, "K65-D100": {"K65-D110": 218.79365603921292}, "K66-U180": {"K66-U190": 63.21097698923653}, "K65-D170": {"K65-D180": 98.87895557305853}, "K66-U040": {"K66-U050": 137.75634372529237}, "K65-U140": {"K65-U150": 100.79309077239733}, "K66-U010": {"K66-U020": 122.57935507795041}, "K66-U080": {"K66-U090": 175.6705524999714}, "K65-U050": {"K65-U060": 110.37722096463074}, "K68-U070": {"K68-U080": 35.488455894304735}, "K66-U140": {"K66-U150": 48.478849591694996}, "K66-U050": {"K66-U060": 44.90889716880736}, "K68-U100": {"K68-U110": 185.31459242317584}, "K68-D160": {"K68-D170": 85.39421791736208}, "K65A-D020": {"K65A-D030": 73.03201249255498}, "K68-U030": {"K68-U040": 35.980676709797876}, "K66-D110": {"K66-D120": 39.26126791315039}, "K65-D120": {"K65-D130": 71.95693704326791}, "K66-D130": {"K66-D140": 41.10351409158399}, "K65A-D100": {"K65A-D110": 245.21162660165064}, "K65-D090": {"K65-D100": 107.29587555906267}, "K65A-D080": {"K65A-D090": 52.60933494644117}, "K68-D080": {"K68-D090": 87.08372995403656}, "K65A-U070": {"K65A-U080": 41.92767333653269}, "K66-D010": {"K66-D020": 16.091178262027423}, "K65-D020": {"K65-D030": 72.64651847128512}, "K65A-U090": {"K65A-U100": 45.92202711578041}, "K66-U100": {"K66-U110": 70.54647066266534}, "K65A-D060": {"K65A-D070": 81.45686208249833}, "K65-D080": {"K65-D090": 62.627470279397514}, "K65-D110": {"K65-D120": 110.48730851055116}, "K65-U160": {"K65-U170": 57.00450542019981}, "K68-U170": {"K68-D010": 161.3204623559355}, "K66-U160": {"K66-U170": 46.28063444078051}, "K66-D020": {"K66-D030": 70.4305681979782}, "K68-D050": {"K68-D060": 68.88995136403142}, "K66-D190": {"K66-D200": 80.92756888933206}, "K66-U030": {"K66-U040": 165.42914168773785}, "K66-D100": {"K66-D110": 45.903909872762675}, "K66-D140": {"K66-D150": 92.10312958442142}, "K65-U030": {"K65-U040": 98.2840203875694}, "K65-D140": {"K65-D150": 104.36516981140387}, "K65-D010": {"K65-D020": 42.56753776623289}, "K66-U070": {"K66-U080": 217.56952040895052}, "K65-U170": {"K65-U180": 50.91887997100033}, "K66-D150": {"K66-D160": 86.22984762214644}, "K65-U090": {"K65-U100": 53.8564340516697}, "K66-U090": {"K66-U100": 52.59011517351589}, "K66-U150": {"K66-U160": 51.65470046295936}, "K66-D040": {"K66-D050": 40.75313970383776}, "K68-D110": {"K68-D120": 94.3685625017659}, "K65-U180": {"K65-U190": 71.01818380505719}, "K68-U090": {"K68-U100": 145.16267191870347}, "K66-D070": {"K66-D080": 53.62730584601402}, "K65-U110": {"K65-U120": 107.95883519308818}, "K68-U140": {"K68-U150": 44.68119231466885}, "K68-D090": {"K68-D100": 148.60337455612972}, "K68-D140": {"K68-D150": 47.78606673008828}, "K66-D180": {"K66-D190": 81.25958527141118}, "K68-U150": {"K68-U160": 84.96210549443349}, "K66-D080": {"K66-D090": 67.62966910192844}, "K65-U150": {"K65-U160": 50.44101998536209}, "K65-D030": {"K65-D040": 66.26731339490401}, "K68-D100": {"K68-D110": 83.19346287317896}, "K65-U130": {"K65-U140": 28.972909865125718}, "K65-U010": {"K65-U020": 283.27616716631303}, "K66-U210": {"K66-U220": 50.356348329154784}, "K68-U040": {"K68-U050": 47.213971868362016}, "K68-U110": {"K68-U120": 196.52899353041593}, "K68-D020": {"K68-D030": 81.40974282344021}, "K65-U210": {"K65-U220": 80.65350623407922}, "K66-U120": {"K66-U130": 55.27372142056506}, "K68-D130": {"K68-D140": 65.83699615897675}, "K65-U040": {"K65-U050": 85.57378280821162}, "K65-D130": {"K65-D140": 94.40279417073468}, "K68-U050": {"K68-U060": 56.61926325539487}, "K66-D050": {"K66-D060": 44.50511014498024}, "K68-U010": {"K68-U020": 94.46468386100787}, "K68-D060": {"K68-D070": 102.18105153192768}, "K68-U060": {"K68-U070": 64.81930911801138}, "K65-U220": {"K65-U230": 82.58477872922967}, "K66-U110": {"K66-U120": 33.96338985810281}, "K68-D180": {"K68-D190": 37.31249561713707}, "K68-D170": {"K68-D180": 50.258376508503694}, "K66-U200": {"K66-U210": 51.32768029469018}, "K66-D030": {"K66-D040": 77.37545263659132}, "K65-U020": {"K65-U030": 131.9161147873669}, "K65-U190": {"K65-U200": 52.466334446838594}, "K68-U160": {"K68-U170": 71.04988723654769}, "K66-D160": {"K66-D170": 144.73584723121195}, "K65-U120": {"K65-U130": 176.69498426493038}, "K68-D200": {"K68-U011": 65.39552285729202}, "K65-D040": {"K65-D050": 74.24371635682014}, "K65A-U040": {"K65A-U050": 93.32142329845931}, "K65A-D040": {"K65A-D050": 65.85155344978625}, "K65A-U020": {"K65A-U030": 182.10772504385562}, "K66-U170": {"K66-U180": 33.09286618107841}, "K65A-U050": {"K65A-U060": 49.46978497747612}, "K65A-D090": {"K65A-D100": 125.52687441926636}, "K65A-U080": {"K65A-U090": 66.51091869895706}, "K65A-D030": {"K65A-D040": 62.72062060902543}, "K65A-D010": {"K65A-D020": 65.37703929366391}, "K66-D060": {"K66-D070": 39.930534234034994}, "K65A-U060": {"K65A-U070": 49.16637817160965}, "K66-D210": {"K66-D220": 137.47441395174823}, "K68-D070": {"K68-D080": 200.06292504306722}, "K65-D160": {"K65-D170": 143.08673388401377}, "K68-U130": {"K68-U140": 162.05853627886546}, "K68-U020": {"K68-U030": 36.367531587532746}, "K66-U060": {"K66-U070": 166.4386795392362}, "K68-D010": {"K68-D020": 51.117998414981486}, "K65A-U010": {"K65A-U020": 98.11094018635555}, "K68-D040": {"K68-D050": 102.89517868945033}, "K66-D220": {"K66-D230": 91.74678847721628}, "K66-D120": {"K66-D130": 65.19964628480896}, "K68-U080": {"K68-U090": 50.80804563150619}, "K68-D120": {"K68-D130": 165.28339443972317}, "K66-D230": {"K66-D240": 98.61672763245011}, "K68-D030": {"K68-D040": 94.56954226064104}}