{"K65A-D050": {"K65A-D060": 65.36943710223623}, "K65A-U100": {"K65A-U110": 67.9093572793662}, "K65A-U110": {"K65A-U120": 82.63528636665731}, "K65A-U120": {"K65A-U130": 82.44637161814892}, "K65-U060": {"K65-U070": 39.544938372231705}, "K66-D090": {"K66-D100": 45.21561411805483}, "K65A-D070": {"K65A-D080": 122.05793683788383}, "K68-D190": {"K68-D200": 58.930053588669864}, "K65A-U030": {"K65A-U040": 39.801368945184755}, "K65-D050": {"K65-D060": 61.68958301740986}, "K65-U070": {"K65-U080": 70.64864557686178}, "K65-U200": {"K65-U210": 62.00478009012285}, "K65-D150": {"K65-D160": 110.45031281074714}, "K66-D170": {"K66-D180": 214.39306420125203}, "K65-D060": {"K65-D070": 90.90547869640866}, "K65-D180": {"K65-D190": 123.7501737399153}, "K66-U190": {"K66-U200": 62.942949105278366}, "K66-U130": {"K66-U140": 50.18252693880982}, "K65-U080": {"K65-U090": 160.23518315126415}, "K66-D200": {"K66-D210": 133.00516531553606}, "K68-U120": {"K68-U130": 156.2894086901212}, "K68-D150": {"K68-D160": 46.24527228261286}, "K65-U100": {"K65-U110": 151.27169809172975}, "K66-U020": {"K66-U030": 199.12588441637428}, "K65-D070": {"K65-D080": 133.46830701416036}, "K65-D100": {"K65-D110": 218.81663510843222}, "K66-U180": {"K66-U190": 61.55554054047525}, "K65-D170": {"K65-D180": 104.32846384075144}, "K66-U040": {"K66-U050": 136.3193127924058}, "K65-U140": {"K65-U150": 107.38422392789998}, "K66-U010": {"K66-U020": 137.356691088781}, "K66-U080": {"K66-U090": 178.49920496565505}, "K65-U050": {"K65-U060": 115.75038856821439}, "K68-U070": {"K68-U080": 34.689326703599995}, "K66-U140": {"K66-U150": 46.88621103324515}, "K66-U050": {"K66-U060": 52.89621317546575}, "K68-U100": {"K68-U110": 185.34648093524075}, "K68-D160": {"K68-D170": 86.42255910619929}, "K65A-D020": {"K65A-D030": 82.16205378636471}, "K68-U030": {"K68-U040": 32.52827914620241}, "K66-D110": {"K66-D120": 39.55798139291192}, "K65-D120": {"K65-D130": 76.1908950365465}, "K66-D130": {"K66-D140": 46.45620321625627}, "K65A-D100": {"K65A-D110": 244.28517942920752}, "K65-D090": {"K65-D100": 106.94933531332848}, "K65A-D080": {"K65A-D090": 59.62999276950548}, "K68-D080": {"K68-D090": 84.65391730604675}, "K65A-U070": {"K65A-U080": 43.82965763829516}, "K66-D010": {"K66-D020": 43.94060660301673}, "K65-D020": {"K65-D030": 87.0232759396951}, "K65A-U090": {"K65A-U100": 52.24633598304914}, "K66-U100": {"K66-U110": 74.50491357884529}, "K65A-D060": {"K65A-D070": 89.12960834210779}, "K65-D080": {"K65-D090": 60.22445912230537}, "K65-D110": {"K65-D120": 120.73507683868316}, "K65-U160": {"K65-U170": 56.215144337657776}, "K68-U170": {"K68-D010": 175.20003549364952}, "K66-U160": {"K66-U170": 46.303297584163346}, "K66-D020": {"K66-D030": 72.42508527567621}, "K68-D050": {"K68-D060": 62.78042345250974}, "K66-D190": {"K66-D200": 89.30247725748714}, "K66-U030": {"K66-U040": 173.28060615191112}, "K66-D100": {"K66-D110": 46.45067201451009}, "K66-D140": {"K66-D150": 101.95912877764776}, "K65-U030": {"K65-U040": 106.33046925389867}, "K65-D140": {"K65-D150": 113.35104583293472}, "K65-D010": {"K65-D020": 43.988157234913146}, "K66-U070": {"K66-U080": 196.14613067573194}, "K65-U170": {"K65-U180": 44.2607454035202}, "K66-D150": {"K66-D160": 101.60004035170408}, "K65-U090": {"K65-U100": 57.696920123044904}, "K66-U090": {"K66-U100": 59.669071551136184}, "K66-U150": {"K66-U160": 50.61952797978067}, "K66-D040": {"K66-D050": 40.71449279028802}, "K68-D110": {"K68-D120": 99.76978152427206}, "K65-U180": {"K65-U190": 76.49585180418075}, "K68-U090": {"K68-U100": 140.55249338985072}, "K66-D070": {"K66-D080": 54.178787734618574}, "K65-U110": {"K65-U120": 116.75147501968372}, "K68-U140": {"K68-U150": 40.37646247643698}, "K68-D090": {"K68-D100": 165.44168311743235}, "K68-D140": {"K68-D150": 40.68223769070367}, "K66-D180": {"K66-D190": 88.79495627509101}, "K68-U150": {"K68-U160": 84.50189075910312}, "K66-D080": {"K66-D090": 61.85421488726233}, "K65-U150": {"K65-U160": 51.82249596687776}, "K65-D030": {"K65-D040": 71.46746644217865}, "K68-D100": {"K68-D110": 94.04743020270112}, "K65-U130": {"K65-U140": 28.85701933357773}, "K65-U010": {"K65-U020": 281.5778006545774}, "K66-U210": {"K66-U220": 52.67785317565375}, "K68-U040": {"K68-U050": 48.98345113938592}, "K68-U110": {"K68-U120": 189.59150873654622}, "K68-D020": {"K68-D030": 96.65925952357209}, "K65-U210": {"K65-U220": 82.57175753102283}, "K66-U120": {"K66-U130": 52.60635640961624}, "K68-D130": {"K68-D140": 62.02226837031304}, "K65-U040": {"K65-U050": 91.65870816231174}, "K65-D130": {"K65-D140": 104.11825504194383}, "K68-U050": {"K68-U060": 54.24254264008273}, "K66-D050": {"K66-D060": 48.93707325807662}, "K68-U010": {"K68-U020": 114.36478470668422}, "K68-D060": {"K68-D070": 108.09829495166278}, "K68-U060": {"K68-U070": 63.73675473573021}, "K65-U220": {"K65-U230": 84.29670630593813}, "K66-U110": {"K66-U120": 36.37892244689842}, "K68-D180": {"K68-D190": 41.98556124550133}, "K68-D170": {"K68-D180": 49.87955338058961}, "K66-U200": {"K66-U210": 59.0404856144775}, "K66-D030": {"K66-D040": 76.77541858279234}, "K65-U020": {"K65-U030": 136.03417730534346}, "K65-U190": {"K65-U200": 53.85365705896521}, "K68-U160": {"K68-U170": 74.92188272984261}, "K66-D160": {"K66-D170": 153.0553269368539}, "K65-U120": {"K65-U130": 183.8392677070506}, "K68-D200": {"K68-U011": 79.60598395855007}, "K65-D040": {"K65-D050": 66.18909057039909}, "K65A-U040": {"K65A-U050": 90.69002792900272}, "K65A-D040": {"K65A-D050": 71.36441909608871}, "K65A-U020": {"K65A-U030": 197.19419930480964}, "K66-U170": {"K66-U180": 35.56873106823482}, "K65A-U050": {"K65A-U060": 51.39042695431131}, "K65A-D090": {"K65A-D100": 116.37681243167465}, "K65A-U080": {"K65A-U090": 74.947777481217}, "K65A-D030": {"K65A-D040": 69.22311029821458}, "K65A-D010": {"K65A-D020": 99.89036396188645}, "K66-D060": {"K66-D070": 44.17543648657034}, "K65A-U060": {"K65A-U070": 53.528423960814486}, "K66-D210": {"K66-D220": 140.1542520890641}, "K68-D070": {"K68-D080": 207.62452192222605}, "K65-D160": {"K65-D170": 146.8888870374248}, "K68-U130": {"K68-U140": 170.7058837163296}, "K68-U020": {"K68-U030": 47.68782023496189}, "K66-U060": {"K66-U070": 176.33836217635786}, "K68-D010": {"K68-D020": 47.315824379034495}, "K65A-U010": {"K65A-U020": 63.97782095891451}, "K68-D040": {"K68-D050": 117.91119935568}, "K66-D220": {"K66-D230": 93.29031505349295}, "K66-D120": {"K66-D130": 64.86444445085158}, "K68-U080": {"K68-U090": 43.38469643269532}, "K68-D120": {"K68-D130": 188.25633861603228}, "K66-D230": {"K66-D240": 94.74022154029903}, "K68-D030": {"K68-D040": 84.55307928422941}}