{"K65A-D050": {"K65A-D060": 61.00826202420329}, "K65A-U100": {"K65A-U110": 56.21371130316619}, "K65A-U110": {"K65A-U120": 78.1496253645837}, "K65A-U120": {"K65A-U130": 85.62703818746957}, "K65-U060": {"K65-U070": 40.53244530179881}, "K66-D090": {"K66-D100": 43.83371718020121}, "K65A-D070": {"K65A-D080": 109.38672561510164}, "K68-D190": {"K68-D200": 59.063014000118514}, "K65A-U030": {"K65A-U040": 37.365383457165315}, "K65-D050": {"K65-D060": 61.056551352883524}, "K65-U070": {"K65-U080": 64.51516336230753}, "K65-U200": {"K65-U210": 59.44455739705273}, "K65-D150": {"K65-D160": 107.78534280102663}, "K66-D170": {"K66-D180": 215.61801751963444}, "K65-D060": {"K65-D070": 81.425674309703}, "K65-D180": {"K65-D190": 120.224941245287}, "K66-U190": {"K66-U200": 68.31686250170065}, "K66-U130": {"K66-U140": 55.38067711369833}, "K65-U080": {"K65-U090": 151.24472415738467}, "K66-D200": {"K66-D210": 128.68123099110684}, "K68-U120": {"K68-U130": 159.87397538583375}, "K68-D150": {"K68-D160": 44.29887836555027}, "K65-U100": {"K65-U110": 157.81822940903425}, "K66-U020": {"K66-U030": 191.73436822276557}, "K65-D070": {"K65-D080": 115.512732171551}, "K65-D100": {"K65-D110": 229.4759429436327}, "K66-U180": {"K66-U190": 65.05150305366217}, "K65-D170": {"K65-D180": 106.37290530753144}, "K66-U040": {"K66-U050": 140.7230867513993}, "K65-U140": {"K65-U150": 97.03375757491554}, "K66-U010": {"K66-U020": 127.33428571870158}, "K66-U080": {"K66-U090": 173.0495516730353}, "K65-U050": {"K65-U060": 111.63339411057851}, "K68-U070": {"K68-U080": 29.37499534244663}, "K66-U140": {"K66-U150": 47.806495767703815}, "K66-U050": {"K66-U060": 47.94169300614336}, "K68-U100": {"K68-U110": 189.95400623715187}, "K68-D160": {"K68-D170": 96.22996224318612}, "K65A-D020": {"K65A-D030": 73.61191834237671}, "K68-U030": {"K68-U040": 32.709240314674815}, "K66-D110": {"K66-D120": 43.64410684845203}, "K65-D120": {"K65-D130": 68.17774578010273}, "K66-D130": {"K66-D140": 44.45789455727531}, "K65A-D100": {"K65A-D110": 238.98470279438197}, "K65-D090": {"K65-D100": 104.75903942080758}, "K65A-D080": {"K65A-D090": 61.55321765114866}, "K68-D080": {"K68-D090": 91.1113915365879}, "K65A-U070": {"K65A-U080": 47.55507676801204}, "K66-D010": {"K66-D020": 19.00415213317624}, "K65-D020": {"K65-D030": 75.62055720533488}, "K65A-U090": {"K65A-U100": 58.55974224716588}, "K66-U100": {"K66-U110": 83.50779800945031}, "K65A-D060": {"K65A-D070": 78.96007282306445}, "K65-D080": {"K65-D090": 65.77640838820679}, "K65-D110": {"K65-D120": 121.59616218628204}, "K65-U160": {"K65-U170": 58.38977672734613}, "K68-U170": {"K68-D010": 167.48335259545462}, "K66-U160": {"K66-U170": 47.18982882925409}, "K66-D020": {"K66-D030": 65.68498189286522}, "K68-D050": {"K68-D060": 68.37611042851287}, "K66-D190": {"K66-D200": 90.31884299745953}, "K66-U030": {"K66-U040": 151.82840883829334}, "K66-D100": {"K66-D110": 45.55441959443281}, "K66-D140": {"K66-D150": 98.1238412869629}, "K65-U030": {"K65-U040": 102.70904943280678}, "K65-D140": {"K65-D150": 114.78983205826452}, "K65-D010": {"K65-D020": 39.38672173389999}, "K66-U070": {"K66-U080": 197.91335662190326}, "K65-U170": {"K65-U180": 48.63139233946002}, "K66-D150": {"K66-D160": 94.61969622139335}, "K65-U090": {"K65-U100": 53.45350421749326}, "K66-U090": {"K66-U100": 54.38943937180336}, "K66-U150": {"K66-U160": 58.17257069655318}, "K66-D040": {"K66-D050": 47.44108649287604}, "K68-D110": {"K68-D120": 99.50229454201927}, "K65-U180": {"K65-U190": 76.72941940134139}, "K68-U090": {"K68-U100": 136.2164937739935}, "K66-D070": {"K66-D080": 49.35023471143445}, "K65-U110": {"K65-U120": 109.42900969381296}, "K68-U140": {"K68-U150": 46.33890662229008}, "K68-D090": {"K68-D100": 141.5595856964823}, "K68-D140": {"K68-D150": 35.8377858791088}, "K66-D180": {"K66-D190": 83.89902471112207}, "K68-U150": {"K68-U160": 89.9802381615862}, "K66-D080": {"K66-D090": 71.8266143509504}, "K65-U150": {"K65-U160": 57.24313609546609}, "K65-D030": {"K65-D040": 68.05027024197152}, "K68-D100": {"K68-D110": 90.81947218274121}, "K65-U130": {"K65-U140": 31.252185791445935}, "K65-U010": {"K65-U020": 273.6588209350749}, "K66-U210": {"K66-U220": 53.381093159416466}, "K68-U040": {"K68-U050": 51.277109744462415}, "K68-U110": {"K68-U120": 194.9182251797648}, "K68-D020": {"K68-D030": 88.23551889780593}, "K65-U210": {"K65-U220": 79.71575480107599}, "K66-U120": {"K66-U130": 58.13927969115658}, "K68-D130": {"K68-D140": 63.45417092525363}, "K65-U040": {"K65-U050": 88.47412367334275}, "K65-D130": {"K65-D140": 96.0944620482602}, "K68-U050": {"K68-U060": 60.91978952108341}, "K66-D050": {"K66-D060": 34.65381725897741}, "K68-U010": {"K68-U020": 103.43401688198398}, "K68-D060": {"K68-D070": 92.3871766628914}, "K68-U060": {"K68-U070": 72.33371139925592}, "K65-U220": {"K65-U230": 79.88157876150132}, "K66-U110": {"K66-U120": 41.732295899013856}, "K68-D180": {"K68-D190": 41.44025460345555}, "K68-D170": {"K68-D180": 42.56115488738063}, "K66-U200": {"K66-U210": 55.088568465964464}, "K66-D030": {"K66-D040": 76.93238282186765}, "K65-U020": {"K65-U030": 134.75074377204135}, "K65-U190": {"K65-U200": 53.40752861857369}, "K68-U160": {"K68-U170": 74.01802600358621}, "K66-D160": {"K66-D170": 146.37078718305483}, "K65-U120": {"K65-U130": 183.15655422277013}, "K68-D200": {"K68-U011": 69.13295624095636}, "K65-D040": {"K65-D050": 74.67754710040454}, "K65A-U040": {"K65A-U050": 96.68175967491773}, "K65A-D040": {"K65A-D050": 68.64369559820693}, "K65A-U020": {"K65A-U030": 193.76209179065128}, "K66-U170": {"K66-U180": 37.56922411867508}, "K65A-U050": {"K65A-U060": 50.02163204475035}, "K65A-D090": {"K65A-D100": 112.0765541448952}, "K65A-U080": {"K65A-U090": 63.373571201972155}, "K65A-D030": {"K65A-D040": 60.58596734047444}, "K65A-D010": {"K65A-D020": 103.33964930797363}, "K66-D060": {"K66-D070": 45.132345083809014}, "K65A-U060": {"K65A-U070": 55.17351398910421}, "K66-D210": {"K66-D220": 138.1562028038604}, "K68-D070": {"K68-D080": 209.6501000845572}, "K65-D160": {"K65-D170": 160.02875407950722}, "K68-U130": {"K68-U140": 161.3999487485297}, "K68-U020": {"K68-U030": 51.206954249183774}, "K66-U060": {"K66-U070": 170.53476612649007}, "K68-D010": {"K68-D020": 48.80481833265415}, "K65A-U010": {"K65A-U020": 65.25804398438883}, "K68-D040": {"K68-D050": 113.71204182104461}, "K66-D220": {"K66-D230": 91.48972657421311}, "K66-D120": {"K66-D130": 63.39074922294359}, "K68-U080": {"K68-U090": 49.5626036885954}, "K68-D120": {"K68-D130": 183.9147626007868}, "K66-D230": {"K66-D240": 96.44487955535365}, "K68-D030": {"K68-D040": 102.2390104839442}}