{"K65A-D050": {"K65A-D060": 61.418672793772714}, "K65A-U100": {"K65A-U110": 51.5487350363137}, "K65A-U110": {"K65A-U120": 75.66541834499488}, "K65A-U120": {"K65A-U130": 82.4581261127665}, "K65-U060": {"K65-U070": 33.44411743863468}, "K66-D090": {"K66-D100": 46.42440126616613}, "K65A-D070": {"K65A-D080": 124.55370297649308}, "K68-D190": {"K68-D200": 37.97430559638875}, "K65A-U030": {"K65A-U040": 41.37943665090584}, "K65-D050": {"K65-D060": 56.01561964740529}, "K65-U070": {"K65-U080": 69.47459923412511}, "K65-U200": {"K65-U210": 58.454205240394764}, "K65-D150": {"K65-D160": 100.64823957404927}, "K66-D170": {"K66-D180": 197.07201497652244}, "K65-D060": {"K65-D070": 76.84041963934949}, "K65-D180": {"K65-D190": 120.27981075060299}, "K66-U190": {"K66-U200": 67.9642149409559}, "K66-U130": {"K66-U140": 51.337441083292674}, "K65-U080": {"K65-U090": 142.20162588010584}, "K66-D200": {"K66-D210": 125.22345756405056}, "K68-U120": {"K68-U130": 150.4154449163911}, "K68-D150": {"K68-D160": 38.08291001560843}, "K65-U100": {"K65-U110": 138.95984763958694}, "K66-U020": {"K66-U030": 186.58390057812943}, "K65-D070": {"K65-D080": 114.23901061890999}, "K65-D100": {"K65-D110": 220.0859951101394}, "K66-U180": {"K66-U190": 60.55835443827775}, "K65-D170": {"K65-D180": 97.64340898755025}, "K66-U040": {"K66-U050": 135.56680951881168}, "K65-U140": {"K65-U150": 101.43098871385094}, "K66-U010": {"K66-U020": 119.77824276474685}, "K66-U080": {"K66-U090": 173.0537685184832}, "K65-U050": {"K65-U060": 113.03237156127253}, "K68-U070": {"K68-U080": 33.34253814111696}, "K66-U140": {"K66-U150": 51.46351950367019}, "K66-U050": {"K66-U060": 42.964624822718854}, "K68-U100": {"K68-U110": 183.78288047019538}, "K68-D160": {"K68-D170": 85.10468657484677}, "K65A-D020": {"K65A-D030": 75.88149861804524}, "K68-U030": {"K68-U040": 30.776922784359222}, "K66-D110": {"K66-D120": 34.30424717294177}, "K65-D120": {"K65-D130": 74.93338414714393}, "K66-D130": {"K66-D140": 39.12038776738764}, "K65A-D100": {"K65A-D110": 235.427597319998}, "K65-D090": {"K65-D100": 102.86371795208898}, "K65A-D080": {"K65A-D090": 53.44370549604575}, "K68-D080": {"K68-D090": 86.75049528126283}, "K65A-U070": {"K65A-U080": 40.751403753817144}, "K66-D010": {"K66-D020": 14.71643172774256}, "K65-D020": {"K65-D030": 71.53485516123324}, "K65A-U090": {"K65A-U100": 43.75099440159944}, "K66-U100": {"K66-U110": 71.05286738584113}, "K65A-D060": {"K65A-D070": 81.16426167123659}, "K65-D080": {"K65-D090": 60.77950957146654}, "K65-D110": {"K65-D120": 108.56160403830998}, "K65-U160": {"K65-U170": 56.9635190949243}, "K68-U170": {"K68-D010": 161.5686726418868}, "K66-U160": {"K66-U170": 45.296617888587804}, "K66-D020": {"K66-D030": 67.85749160244224}, "K68-D050": {"K68-D060": 66.92983726204584}, "K66-D190": {"K66-D200": 84.36119615966922}, "K66-U030": {"K66-U040": 172.00758233054054}, "K66-D100": {"K66-D110": 42.2653116202225}, "K66-D140": {"K66-D150": 99.47085231658691}, "K65-U030": {"K65-U040": 96.89742476386128}, "K65-D140": {"K65-D150": 107.52632749713307}, "K65-D010": {"K65-D020": 39.613687062595645}, "K66-U070": {"K66-U080": 215.68886895996076}, "K65-U170": {"K65-U180": 48.65936895884819}, "K66-D150": {"K66-D160": 85.34559918022626}, "K65-U090": {"K65-U100": 54.34119897348381}, "K66-U090": {"K66-U100": 49.17271769321498}, "K66-U150": {"K66-U160": 51.821127404272566}, "K66-D040": {"K66-D050": 46.01020966288635}, "K68-D110": {"K68-D120": 92.99840277973988}, "K65-U180": {"K65-U190": 75.38780524095282}, "K68-U090": {"K68-U100": 142.75359094769337}, "K66-D070": {"K66-D080": 54.265089908407575}, "K65-U110": {"K65-U120": 111.28380981162154}, "K68-U140": {"K68-U150": 46.101324794076504}, "K68-D090": {"K68-D100": 151.9148606179219}, "K68-D140": {"K68-D150": 38.07969945314617}, "K66-D180": {"K66-D190": 76.3227211412225}, "K68-U150": {"K68-U160": 85.97466162846132}, "K66-D080": {"K66-D090": 67.79405934381347}, "K65-U150": {"K65-U160": 52.19490112806939}, "K65-D030": {"K65-D040": 66.96411717369193}, "K68-D100": {"K68-D110": 84.72773194219624}, "K65-U130": {"K65-U140": 27.946802302624338}, "K65-U010": {"K65-U020": 264.9256167753589}, "K66-U210": {"K66-U220": 48.46157367767757}, "K68-U040": {"K68-U050": 46.321157510169535}, "K68-U110": {"K68-U120": 195.47776979063698}, "K68-D020": {"K68-D030": 85.06511459683978}, "K65-U210": {"K65-U220": 83.40359105541204}, "K66-U120": {"K66-U130": 55.17442679555718}, "K68-D130": {"K68-D140": 64.94335431209998}, "K65-U040": {"K65-U050": 87.94520958561807}, "K65-D130": {"K65-D140": 93.66726984493332}, "K68-U050": {"K68-U060": 52.92080971710847}, "K66-D050": {"K66-D060": 39.30755849791528}, "K68-U010": {"K68-U020": 94.22473684737739}, "K68-D060": {"K68-D070": 103.14124604774831}, "K68-U060": {"K68-U070": 62.25006899733255}, "K65-U220": {"K65-U230": 77.98677450409296}, "K66-U110": {"K66-U120": 34.6815442867809}, "K68-D180": {"K68-D190": 37.07278974603646}, "K68-D170": {"K68-D180": 50.258376508503694}, "K66-U200": {"K66-U210": 52.868320462083624}, "K66-D030": {"K66-D040": 76.72736987186735}, "K65-U020": {"K65-U030": 127.9994715876089}, "K65-U190": {"K65-U200": 52.17933394628064}, "K68-U160": {"K68-U170": 70.51098581838633}, "K66-D160": {"K66-D170": 144.99334325269126}, "K65-U120": {"K65-U130": 175.8666472406548}, "K68-D200": {"K68-U011": 64.92214069212352}, "K65-D040": {"K65-D050": 71.12474107405737}, "K65A-U040": {"K65A-U050": 93.32142329845931}, "K65A-D040": {"K65A-D050": 59.04804907748225}, "K65A-U020": {"K65A-U030": 184.8576852393279}, "K66-U170": {"K66-U180": 33.68898572554727}, "K65A-U050": {"K65A-U060": 48.66411959131586}, "K65A-D090": {"K65A-D100": 128.78873385094613}, "K65A-U080": {"K65A-U090": 71.35828181520658}, "K65A-D030": {"K65A-D040": 66.56395145270979}, "K65A-D010": {"K65A-D020": 60.92597443662213}, "K66-D060": {"K66-D070": 41.35475308460392}, "K65A-U060": {"K65A-U070": 47.717528356117484}, "K66-D210": {"K66-D220": 129.82242046012306}, "K68-D070": {"K68-D080": 204.33570992971264}, "K65-D160": {"K65-D170": 147.5206591160664}, "K68-U130": {"K68-U140": 167.44737486812815}, "K68-U020": {"K68-U030": 31.511466700981646}, "K66-U060": {"K66-U070": 158.72959844419478}, "K68-D010": {"K68-D020": 51.40246717898949}, "K65A-U010": {"K65A-U020": 100.9454890959506}, "K68-D040": {"K68-D050": 101.71750455487695}, "K66-D220": {"K66-D230": 90.64130672228126}, "K66-D120": {"K66-D130": 63.754916133322354}, "K68-U080": {"K68-U090": 48.632762736634945}, "K68-D120": {"K68-D130": 165.09299648796048}, "K66-D230": {"K66-D240": 95.5086536083678}, "K68-D030": {"K68-D040": 95.10514141036882}}