{"K76-U020": {"K76-U030": 152.6271830525771}, "K73-U070": {"K73-U080": 158.12935706751688}, "K76-U040": {"K76-U050": 202.60133940423137}, "K76-D030": {"K76-D040": 56.94775834954436}, "K75P-D050": {"K75P-D060": 91.99981604682696}, "K73-U080": {"K73-U090": 263.04905059635786, "K73-U110": 151.50094717525218}, "K74-D020": {"K74-D030": 145.02339764528114}, "K73-U100": {"K73-U110": 258.01918692772284}, "K76-D010": {"K76-D020": 170.41630763929464}, "K75A-D110": {"K75A-U011": 187.09319697761322}, "K75A-D080": {"K75A-D090": 134.27576603245643}, "K75P-U030": {"K75P-U040": 131.30641474924104}, "K75P-D070": {"K75P-D080": 93.45349134199019}, "K75P-U010": {"K75P-U020": 100.51995463343806}, "K75A-D020": {"K75A-D030": 23.611141707046592}, "K74-D030": {"K74-D040": 133.06508592471567}, "K75A-D070": {"K75A-D080": 43.938231193286434}, "K74-U090": {"K74-U100": 196.43613269008816}, "K76-U010": {"K76-U020": 20.066696865421786}, "K74-U060": {"K74-U070": 145.24342707666793}, "K75A-D010": {"K75A-D020": 219.82719961455427}, "K74-D090": {"K74-U011": 75.81978302359789}, "K73-U110": {"K73-U120": 200.15347096536578}, "K73-U050": {"K73-U060": 96.43079097821493}, "K73-U060": {"K73-U070": 131.88487253399796}, "K74-U007": {"K74-U010": 248.42829986656247}, "K73-D030": {"K73-D040": 114.03197610669811}, "K73-D040": {"K73-D050": 86.17313774604938}, "K73-U090": {"K73-U100": 128.01967969430297}, "K75P-U140": {"K75P-D010": 148.54224395755833}, "K73-U030": {"K73-U040": 89.37485917443331}, "K73-U010": {"K73-U020": 71.40278777790137}, "K75P-U110": {"K75P-U120": 87.84842280439072}, "K76-D020": {"K76-D030": 120.92359729765906}, "K75A-U030": {"K75A-D010": 237.2861851087801}, "K75P-D060": {"K75P-D070": 193.42461470189824}, "K73-D110": {"K73-D120": 74.8391990202775}, "K75P-U090": {"K75P-U100": 43.73724237632315}, "K74-U080": {"K74-U090": 239.53355072350382}, "K75P-U120": {"K75P-U130": 69.0069875349757}, "K73-U040": {"K73-U050": 112.31077972722441, "K73-U060": 202.026653557035}, "K75P-U020": {"K75P-U030": 108.67478587485834}, "K73-D010": {"K73-D020": 74.14841419968329}, "K74-D080": {"K74-D090": 159.36436473229637}, "K74-D060": {"K74-D070": 157.59332494587505}, "K75P-D010": {"K75P-D020": 135.56757294083147}, "K73-D090": {"K73-D100": 89.6370189594362}, "K73-D100": {"K73-D110": 186.4910383331368}, "K75A-U010": {"K75A-U020": 47.45273067035383}, "K73-U020": {"K73-U030": 180.83348862074348}, "K75P-U100": {"K75P-U110": 63.85874886334061}, "K75A-D030": {"K75A-D040": 45.95623352035024}, "K75P-D080": {"K75P-U011": 143.69247443915924}, "K75P-D020": {"K75P-D030": 34.712495762875484}, "K75P-U080": {"K75P-U090": 46.43797377389358}, "K75P-D030": {"K75P-D040": 136.11537307303328}, "K75A-D050": {"K75A-D060": 75.04086456686838}, "K76-U030": {"K76-U040": 163.100854099248}, "K74-U001": {"K74-U004": 138.01198617366285}, "K75P-U130": {"K75P-U140": 37.83626101642332}, "K73-D130": {"K73-D140": 139.22263672020298}, "K74-U030": {"K74-U040": 291.185027644051}, "K75A-D100": {"K75A-D110": 106.73912209060556}, "K73-D140": {"K73-D150": 192.40578432186857}, "K74-U010": {"K74-U020": 171.59381123482768}, "K75A-D090": {"K75A-D100": 49.50273196450025}, "K75P-U050": {"K75P-U060": 160.58529090020684}, "K74-D050": {"K74-D060": 110.19479215962333}, "K75P-U060": {"K75P-U070": 29.308702910979385}, "K74-U020": {"K74-U030": 132.10384326080936}, "K75P-D040": {"K75P-D050": 170.49519626943777}, "K74-U004": {"K74-U007": 92.70643497897328}, "K75P-U040": {"K75P-U050": 112.68505866510046}, "K75A-U020": {"K75A-U030": 149.18239660373814}, "K73-D070": {"K73-D080": 163.02456510797865}, "K74-U011": {"K74-D100": 161.5142966107996}, "K73-D120": {"K73-D130": 103.8035579502151}, "K74-U100": {"K74-D010": 120.26668255439884}, "K74-D070": {"K74-D080": 270.4625591940664}, "K74-U040": {"K74-U050": 174.64332043566827}, "K74-D100": {"K74-D110": 84.32146535472316}, "K73-D080": {"K73-D090": 265.6247164004918}, "K75A-D060": {"K75A-D070": 45.511175901961636}, "K75P-U070": {"K75P-U080": 114.6063996034837}, "K75A-D040": {"K75A-D050": 53.79455872331469}, "K73-D020": {"K73-D030": 107.55939269959886}, "K73-D050": {"K73-D060": 64.29878854327228, "K73-D070": 100.32826258747968}, "K74-D110": {"K74-U002": 176.82919534492154}, "K74-D010": {"K74-D020": 155.95995762890877}, "K74-U070": {"K74-U080": 166.22734107662862}, "K73-D060": {"K73-D070": 32.37775094081504}, "K73-D150": {"K73-D160": 48.28022807646889}, "K74-D040": {"K74-D050": 84.86654672250587}, "K74-U050": {"K74-U060": 218.5605877228176}}