{"K76-U020": {"K76-U030": 145.61406338424754}, "K73-U070": {"K73-U080": 156.09306849142743}, "K76-U040": {"K76-U050": 175.9106177895957}, "K76-D030": {"K76-D040": 69.69657592415936}, "K75P-D050": {"K75P-D060": 90.77287881592301}, "K73-U080": {"K73-U090": 275.3245222823493, "K73-U110": 151.50094717525218}, "K74-D020": {"K74-D030": 145.02339764773748}, "K73-U100": {"K73-U110": 249.9359986111196}, "K76-D010": {"K76-D020": 170.41630763929464}, "K75A-D110": {"K75A-U011": 182.64247467899324}, "K75A-D080": {"K75A-D090": 109.49086950817609}, "K75P-U030": {"K75P-U040": 136.95699933636485}, "K75P-D070": {"K75P-D080": 91.18489312377493}, "K75P-U010": {"K75P-U020": 97.58494343055308}, "K75A-D020": {"K75A-D030": 25.03819939508771}, "K74-D030": {"K74-D040": 124.72144432778514}, "K75A-D070": {"K75A-D080": 43.2775840352662}, "K74-U090": {"K74-U100": 212.0207485845336}, "K76-U010": {"K76-U020": 18.269908262564634}, "K74-U060": {"K74-U070": 140.83919935758007}, "K75A-D010": {"K75A-D020": 204.5684868125739}, "K74-D090": {"K74-U011": 79.57021050931351}, "K73-U110": {"K73-U120": 225.87515795641625}, "K73-U050": {"K73-U060": 97.91326962724646}, "K73-U060": {"K73-U070": 125.83151957069553}, "K74-U007": {"K74-U010": 244.45116366003907}, "K73-D030": {"K73-D040": 119.4787960455566}, "K73-D040": {"K73-D050": 83.76336562169934}, "K73-U090": {"K73-U100": 118.90055480185549}, "K75P-U140": {"K75P-D010": 136.76771656412492}, "K73-U030": {"K73-U040": 90.05432971096157}, "K73-U010": {"K73-U020": 68.05910808068704}, "K75P-U110": {"K75P-U120": 82.84247127280139}, "K76-D020": {"K76-D030": 137.69616780772557}, "K75A-U030": {"K75A-D010": 235.95067169939267}, "K75P-D060": {"K75P-D070": 185.2906904709731}, "K73-D110": {"K73-D120": 67.44768862879219}, "K75P-U090": {"K75P-U100": 43.39537811869856}, "K74-U080": {"K74-U090": 239.0036866145098}, "K75P-U120": {"K75P-U130": 62.83320072071905}, "K73-U040": {"K73-U050": 103.41349151558029, "K73-U060": 214.69406652402864}, "K75P-U020": {"K75P-U030": 110.70871134126119}, "K73-D010": {"K73-D020": 81.6045367607177}, "K74-D080": {"K74-D090": 164.1244446376174}, "K74-D060": {"K74-D070": 150.72661392389602}, "K75P-D010": {"K75P-D020": 141.63404636203975}, "K73-D090": {"K73-D100": 86.39262290349157}, "K73-D100": {"K73-D110": 200.38347008851738}, "K75A-U010": {"K75A-U020": 45.50765273097106}, "K73-U020": {"K73-U030": 189.96083886435727}, "K75P-U100": {"K75P-U110": 61.959647513206825}, "K75A-D030": {"K75A-D040": 45.33620697099183}, "K75P-D080": {"K75P-U011": 134.31355431031506}, "K75P-D020": {"K75P-D030": 32.840342027789276}, "K75P-U080": {"K75P-U090": 43.157950579196296}, "K75P-D030": {"K75P-D040": 123.5903912258004}, "K75A-D050": {"K75A-D060": 75.18673512198687}, "K76-U030": {"K76-U040": 163.100854099248}, "K74-U001": {"K74-U004": 142.60478074935963}, "K75P-U130": {"K75P-U140": 43.94994108464482}, "K73-D130": {"K73-D140": 139.36948858220012}, "K74-U030": {"K74-U040": 286.0658995573765}, "K75A-D100": {"K75A-D110": 99.59730878274767}, "K73-D140": {"K73-D150": 200.20879229911915}, "K74-U010": {"K74-U020": 163.90357685364066}, "K75A-D090": {"K75A-D100": 53.15482553379984}, "K75P-U050": {"K75P-U060": 168.12085207107748}, "K74-D050": {"K74-D060": 103.85902016329428}, "K75P-U060": {"K75P-U070": 30.359648046397616}, "K74-U020": {"K74-U030": 123.56355499775789}, "K75P-D040": {"K75P-D050": 171.8024571065908}, "K74-U004": {"K74-U007": 99.28933950691474}, "K75P-U040": {"K75P-U050": 107.80468659822445}, "K75A-U020": {"K75A-U030": 144.98173614670958}, "K73-D070": {"K73-D080": 135.53257200922596}, "K74-U011": {"K74-D100": 174.53715706068212}, "K73-D120": {"K73-D130": 108.69397966907563}, "K74-U100": {"K74-D010": 121.79155648948418}, "K74-D070": {"K74-D080": 259.0426216190075}, "K74-U040": {"K74-U050": 185.1091152352633}, "K74-D100": {"K74-D110": 86.25549734367985}, "K73-D080": {"K73-D090": 269.32084001478285}, "K75A-D060": {"K75A-D070": 43.08549607509837}, "K75P-U070": {"K75P-U080": 108.58754197808173}, "K75A-D040": {"K75A-D050": 54.00961297199848}, "K73-D020": {"K73-D030": 96.81137709436109}, "K73-D050": {"K73-D060": 64.29878854327228, "K73-D070": 105.91759435264339}, "K74-D110": {"K74-U002": 178.30153054716652}, "K74-D010": {"K74-D020": 152.08395718984053}, "K74-U070": {"K74-U080": 163.4141305971985}, "K73-D060": {"K73-D070": 32.37775094081504}, "K73-D150": {"K73-D160": 49.341185624689444}, "K74-D040": {"K74-D050": 76.40838892026935}, "K74-U050": {"K74-U060": 233.33802336605345}}