{"K76-U020": {"K76-U030": 140.71793855837834}, "K73-U070": {"K73-U080": 155.48075532301624}, "K76-U040": {"K76-U050": 184.38213917651746}, "K76-D030": {"K76-D040": 50.454799987701726}, "K75P-D050": {"K75P-D060": 84.1012146924412}, "K73-U080": {"K73-U090": 268.296213814069, "K73-U110": 151.50094717525218}, "K74-D020": {"K74-D030": 145.02339764528114}, "K73-U100": {"K73-U110": 212.34328781313826}, "K76-D010": {"K76-D020": 170.41630763929464}, "K75A-D110": {"K75A-U011": 162.65436012982045}, "K75A-D080": {"K75A-D090": 146.5688724373506}, "K75P-U030": {"K75P-U040": 125.18753138900112}, "K75P-D070": {"K75P-D080": 97.36587422840505}, "K75P-U010": {"K75P-U020": 94.28444375568247}, "K75A-D020": {"K75A-D030": 20.87131094005519}, "K74-D030": {"K74-D040": 133.21125566984568}, "K75A-D070": {"K75A-D080": 54.410621372112715}, "K74-U090": {"K74-U100": 194.93704981598916}, "K76-U010": {"K76-U020": 28.015709726805575}, "K74-U060": {"K74-U070": 133.0460248166484}, "K75A-D010": {"K75A-D020": 208.45724946522904}, "K74-D090": {"K74-U011": 69.92566324831873}, "K73-U110": {"K73-U120": 179.870370827106}, "K73-U050": {"K73-U060": 115.27916523038962}, "K73-U060": {"K73-U070": 133.44803783350633}, "K74-U007": {"K74-U010": 254.0508504331931}, "K73-D030": {"K73-D040": 120.9211075005566}, "K73-D040": {"K73-D050": 86.27586464575894}, "K73-U090": {"K73-U100": 155.69693818314042}, "K75P-U140": {"K75P-D010": 144.58378674890213}, "K73-U030": {"K73-U040": 91.50220714100742}, "K73-U010": {"K73-U020": 69.28467927458668}, "K75P-U110": {"K75P-U120": 86.23702350788886}, "K76-D020": {"K76-D030": 133.09864861938075}, "K75A-U030": {"K75A-D010": 234.44122005689343}, "K75P-D060": {"K75P-D070": 190.72095389662485}, "K73-D110": {"K73-D120": 81.44536505782187}, "K75P-U090": {"K75P-U100": 42.11584462776521}, "K74-U080": {"K74-U090": 230.06168139464847}, "K75P-U120": {"K75P-U130": 62.45143839078033}, "K73-U040": {"K73-U050": 108.4327714811797, "K73-U060": 205.46192770677112}, "K75P-U020": {"K75P-U030": 108.89135985133778}, "K73-D010": {"K73-D020": 78.11662818963524}, "K74-D080": {"K74-D090": 170.996279951941}, "K74-D060": {"K74-D070": 155.68214283555784}, "K75P-D010": {"K75P-D020": 138.56407845983983}, "K73-D090": {"K73-D100": 89.92123314490179}, "K73-D100": {"K73-D110": 191.3821119343524}, "K75A-U010": {"K75A-U020": 44.17590343177766}, "K73-U020": {"K73-U030": 202.60748162818}, "K75P-U100": {"K75P-U110": 65.60859253784997}, "K75A-D030": {"K75A-D040": 46.17093744021154}, "K75P-D080": {"K75P-U011": 149.97592911062907}, "K75P-D020": {"K75P-D030": 37.000813473892435}, "K75P-U080": {"K75P-U090": 42.808975193882624}, "K75P-D030": {"K75P-D040": 116.90377972995248}, "K75A-D050": {"K75A-D060": 76.4825733740503}, "K76-U030": {"K76-U040": 163.100854099248}, "K74-U001": {"K74-U004": 141.958571928813}, "K75P-U130": {"K75P-U140": 36.68659331658751}, "K73-D130": {"K73-D140": 146.29282143845657}, "K74-U030": {"K74-U040": 297.6062569408279}, "K75A-D100": {"K75A-D110": 102.79527730674988}, "K73-D140": {"K73-D150": 201.24998715189912}, "K74-U010": {"K74-U020": 165.98299582320357}, "K75A-D090": {"K75A-D100": 53.6229928012733}, "K75P-U050": {"K75P-U060": 160.6165726859628}, "K74-D050": {"K74-D060": 101.0369098330727}, "K75P-U060": {"K75P-U070": 29.138948940630208}, "K74-U020": {"K74-U030": 126.44287595817562}, "K75P-D040": {"K75P-D050": 162.21158920523158}, "K74-U004": {"K74-U007": 97.25836573225844}, "K75P-U040": {"K75P-U050": 105.50765933693185}, "K75A-U020": {"K75A-U030": 141.22184018819254}, "K73-D070": {"K73-D080": 160.1861342951301}, "K74-U011": {"K74-D100": 165.7397912702918}, "K73-D120": {"K73-D130": 106.46539990668097}, "K74-U100": {"K74-D010": 133.5316375101416}, "K74-D070": {"K74-D080": 268.8772937877457}, "K74-U040": {"K74-U050": 213.4768266893337}, "K74-D100": {"K74-D110": 82.69413538964298}, "K73-D080": {"K73-D090": 268.057464270236}, "K75A-D060": {"K75A-D070": 50.05800054477157}, "K75P-U070": {"K75P-U080": 110.95433122778718}, "K75A-D040": {"K75A-D050": 50.864085518405616}, "K73-D020": {"K73-D030": 106.2072072113896}, "K73-D050": {"K73-D060": 64.29878854327228, "K73-D070": 104.40826879919169}, "K74-D110": {"K74-U002": 175.0617732323681}, "K74-D010": {"K74-D020": 159.11885397286727}, "K74-U070": {"K74-U080": 157.19839195185438}, "K73-D060": {"K73-D070": 32.37775094081504}, "K73-D150": {"K73-D160": 47.80936158007681}, "K74-D040": {"K74-D050": 86.41881030087337}, "K74-U050": {"K74-U060": 231.5492904007282}}