{"K76-U020": {"K76-U030": 159.60652271318048}, "K73-U070": {"K73-U080": 159.92866905086794}, "K76-U040": {"K76-U050": 169.00559878515446}, "K76-D030": {"K76-D040": 55.023003272950916}, "K75P-D050": {"K75P-D060": 90.50510681210528}, "K73-U080": {"K73-U090": 273.8552533508831, "K73-U110": 151.5009468760202}, "K74-D020": {"K74-D030": 145.023761498766}, "K73-U100": {"K73-U110": 250.80448559293012}, "K76-D010": {"K76-D020": 170.4163076392951}, "K75A-D110": {"K75A-U011": 180.40080583376874}, "K75A-D080": {"K75A-D090": 109.43983141386722}, "K75P-U030": {"K75P-U040": 125.87225374802424}, "K75P-D070": {"K75P-D080": 96.75412173850067}, "K75P-U010": {"K75P-U020": 98.73366667606396}, "K75A-D020": {"K75A-D030": 19.038162230716495}, "K74-D030": {"K74-D040": 130.82070857939271}, "K75A-D070": {"K75A-D080": 45.280774060329676}, "K74-U090": {"K74-U100": 203.84260708563778}, "K76-U010": {"K76-U020": 9.703420690256914}, "K74-U060": {"K74-U070": 137.90429742812233}, "K75A-D010": {"K75A-D020": 215.147818879966}, "K74-D090": {"K74-U011": 75.91166531689619}, "K73-U110": {"K73-U120": 190.67301150282682}, "K73-U050": {"K73-U060": 110.53941762559319}, "K73-U060": {"K73-U070": 143.92517200677867}, "K74-U007": {"K74-U010": 247.97070630737076}, "K73-D030": {"K73-D040": 113.37310584047876}, "K73-D040": {"K73-D050": 87.42488593870387}, "K73-U090": {"K73-U100": 135.38593491413081}, "K75P-U140": {"K75P-D010": 148.2683893255611}, "K73-U030": {"K73-U040": 90.99600171181123}, "K73-U010": {"K73-U020": 70.64564139770184}, "K75P-U110": {"K75P-U120": 84.56063857539843}, "K76-D020": {"K76-D030": 133.40895171356684}, "K75A-U030": {"K75A-D010": 241.17257609858962}, "K75P-D060": {"K75P-D070": 200.0932005500691}, "K73-D110": {"K73-D120": 72.83155182720445}, "K75P-U090": {"K75P-U100": 46.471594083434056}, "K74-U080": {"K74-U090": 232.77435386417073}, "K75P-U120": {"K75P-U130": 67.19864116740106}, "K73-U040": {"K73-U050": 112.55686743982957, "K73-U060": 207.12104275823407}, "K75P-U020": {"K75P-U030": 113.14248899636736}, "K73-D010": {"K73-D020": 82.23399292119656}, "K74-D080": {"K74-D090": 175.49950906818634}, "K74-D060": {"K74-D070": 147.77861367095596}, "K75P-D010": {"K75P-D020": 139.51610730176313}, "K73-D090": {"K73-D100": 87.37999401776266}, "K73-D100": {"K73-D110": 197.92862077418835}, "K75A-U010": {"K75A-U020": 46.25167591634869}, "K73-U020": {"K73-U030": 203.6974300775155}, "K75P-U100": {"K75P-U110": 69.53942032969539}, "K75A-D030": {"K75A-D040": 45.8585133592413}, "K75P-D080": {"K75P-U011": 142.9610193647545}, "K75P-D020": {"K75P-D030": 37.139834961648624}, "K75P-U080": {"K75P-U090": 50.02276596997518}, "K75P-D030": {"K75P-D040": 126.42057012712102}, "K75A-D050": {"K75A-D060": 76.45979159473062}, "K76-U030": {"K76-U040": 163.10085409602937}, "K74-U001": {"K74-U004": 140.87735776930842}, "K75P-U130": {"K75P-U140": 34.5062391793584}, "K73-D130": {"K73-D140": 157.4423150048102}, "K74-U030": {"K74-U040": 292.8362535353756}, "K75A-D100": {"K75A-D110": 100.00022298069554}, "K73-D140": {"K73-D150": 201.78489639604862}, "K74-U010": {"K74-U020": 172.924183763022}, "K75A-D090": {"K75A-D100": 46.8709039622291}, "K75P-U050": {"K75P-U060": 169.29731164779255}, "K74-D050": {"K74-D060": 95.95313059808936}, "K75P-U060": {"K75P-U070": 29.728591560963217}, "K74-U020": {"K74-U030": 135.5966660798152}, "K75P-D040": {"K75P-D050": 167.0556253819616}, "K74-U004": {"K74-U007": 95.96872510681902}, "K75P-U040": {"K75P-U050": 112.38941833059535}, "K75A-U020": {"K75A-U030": 146.52265795936017}, "K73-D070": {"K73-D080": 155.74420464348367}, "K74-U011": {"K74-D100": 172.64998181140098}, "K73-D120": {"K73-D130": 109.67981279416138}, "K74-U100": {"K74-D010": 116.85569552721404}, "K74-D070": {"K74-D080": 256.31422537187007}, "K74-U040": {"K74-U050": 167.19571661804122}, "K74-D100": {"K74-D110": 88.53673778841758}, "K73-D080": {"K73-D090": 268.306266681299}, "K75A-D060": {"K75A-D070": 48.736826205312056}, "K75P-U070": {"K75P-U080": 112.10853817923399}, "K75A-D040": {"K75A-D050": 54.215717902339044}, "K73-D020": {"K73-D030": 105.19354369037922}, "K73-D050": {"K73-D060": 64.29878854327228, "K73-D070": 107.91205145502894}, "K74-D110": {"K74-U002": 186.96964959221856}, "K74-D010": {"K74-D020": 159.6365108907065}, "K74-U070": {"K74-U080": 156.34765431510996}, "K73-D060": {"K73-D070": 32.37775094081504}, "K73-D150": {"K73-D160": 39.89659410691421}, "K74-D040": {"K74-D050": 80.36089401419757}, "K74-U050": {"K74-U060": 220.78354511800876}}