{"K76-U020": {"K76-U030": 155.7033434843214}, "K73-U070": {"K73-U080": 159.6405633262466}, "K76-U040": {"K76-U050": 157.26116565836773}, "K76-D030": {"K76-D040": 56.40330464351764}, "K75P-D050": {"K75P-D060": 92.18739749658957}, "K73-U080": {"K73-U090": 258.58529264866985, "K73-U110": 151.50094717519943}, "K74-D020": {"K74-D030": 145.0234467964915}, "K73-U100": {"K73-U110": 217.2971692811434}, "K76-D010": {"K76-D020": 170.41630763929464}, "K75A-D110": {"K75A-U011": 166.31128453177254}, "K75A-D080": {"K75A-D090": 103.94396667115163}, "K75P-U030": {"K75P-U040": 130.0369783382712}, "K75P-D070": {"K75P-D080": 84.38820200846872}, "K75P-U010": {"K75P-U020": 93.10391298105137}, "K75A-D020": {"K75A-D030": 22.521078348588258}, "K74-D030": {"K74-D040": 131.27046837752246}, "K75A-D070": {"K75A-D080": 46.07374173665427}, "K74-U090": {"K74-U100": 198.69760326005266}, "K76-U010": {"K76-U020": 16.91070349663173}, "K74-U060": {"K74-U070": 137.64723322965565}, "K75A-D010": {"K75A-D020": 209.50331056948517}, "K74-D090": {"K74-U011": 80.13833102629172}, "K73-U110": {"K73-U120": 204.23351212074053}, "K73-U050": {"K73-U060": 109.5566152394119}, "K73-U060": {"K73-U070": 129.30048950440082}, "K74-U007": {"K74-U010": 238.11532853069548}, "K73-D030": {"K73-D040": 113.99757972109622}, "K73-D040": {"K73-D050": 84.63868895711832}, "K73-U090": {"K73-U100": 113.95548740000814}, "K75P-U140": {"K75P-D010": 140.88982366947562}, "K73-U030": {"K73-U040": 87.05355365085343}, "K73-U010": {"K73-U020": 69.2326125483217}, "K75P-U110": {"K75P-U120": 86.35550892163974}, "K76-D020": {"K76-D030": 118.59677631032511}, "K75A-U030": {"K75A-D010": 231.06432773495249}, "K75P-D060": {"K75P-D070": 194.0675844286162}, "K73-D110": {"K73-D120": 83.22033483766809}, "K75P-U090": {"K75P-U100": 43.41132497029736}, "K74-U080": {"K74-U090": 241.3822170327359}, "K75P-U120": {"K75P-U130": 65.3002515954665}, "K73-U040": {"K73-U050": 98.78363867657364, "K73-U060": 212.38020930483316}, "K75P-U020": {"K75P-U030": 112.9872289383638}, "K73-D010": {"K73-D020": 85.79755958714102}, "K74-D080": {"K74-D090": 184.16275099870603}, "K74-D060": {"K74-D070": 148.4908605146043}, "K75P-D010": {"K75P-D020": 124.23521807838522}, "K73-D090": {"K73-D100": 78.52760913582006}, "K73-D100": {"K73-D110": 200.1546273377416}, "K75A-U010": {"K75A-U020": 49.45656869575784}, "K73-U020": {"K73-U030": 180.9715307925413}, "K75P-U100": {"K75P-U110": 60.71915177863576}, "K75A-D030": {"K75A-D040": 48.118039164967186}, "K75P-D080": {"K75P-U011": 146.36701891106173}, "K75P-D020": {"K75P-D030": 36.69346177874458}, "K75P-U080": {"K75P-U090": 44.44901570663159}, "K75P-D030": {"K75P-D040": 115.85452351114611}, "K75A-D050": {"K75A-D060": 71.04919356568891}, "K76-U030": {"K76-U040": 163.100854099248}, "K74-U001": {"K74-U004": 140.156094890279}, "K75P-U130": {"K75P-U140": 34.925089237007555}, "K73-D130": {"K73-D140": 142.3505864803807}, "K74-U030": {"K74-U040": 294.1700189452258}, "K75A-D100": {"K75A-D110": 100.08410708674427}, "K73-D140": {"K73-D150": 193.2275682248971}, "K74-U010": {"K74-U020": 172.44200173089627}, "K75A-D090": {"K75A-D100": 47.74596378386549}, "K75P-U050": {"K75P-U060": 168.71225619941455}, "K74-D050": {"K74-D060": 101.48114738649267}, "K75P-U060": {"K75P-U070": 29.160161518460882}, "K74-U020": {"K74-U030": 138.57191593550053}, "K75P-D040": {"K75P-D050": 170.94039844427041}, "K74-U004": {"K74-U007": 97.19856748832557}, "K75P-U040": {"K75P-U050": 109.19795155395221}, "K75A-U020": {"K75A-U030": 140.5065021229795}, "K73-D070": {"K73-D080": 157.2514567033737}, "K74-U011": {"K74-D100": 174.6638515025141}, "K73-D120": {"K73-D130": 110.56707846754298}, "K74-U100": {"K74-D010": 121.52905662630255}, "K74-D070": {"K74-D080": 262.83917624585195}, "K74-U040": {"K74-U050": 176.08760967309686}, "K74-D100": {"K74-D110": 85.58930949028169}, "K73-D080": {"K73-D090": 274.03446710913556}, "K75A-D060": {"K75A-D070": 42.785322300810044}, "K75P-U070": {"K75P-U080": 109.80946048125111}, "K75A-D040": {"K75A-D050": 51.06444634889744}, "K73-D020": {"K73-D030": 94.41310843384294}, "K73-D050": {"K73-D060": 64.29878854327228, "K73-D070": 105.32222178826476}, "K74-D110": {"K74-U002": 192.90227754893823}, "K74-D010": {"K74-D020": 152.09058931009116}, "K74-U070": {"K74-U080": 157.1775999952391}, "K73-D060": {"K73-D070": 32.37775094081504}, "K73-D150": {"K73-D160": 48.64433326399786}, "K74-D040": {"K74-D050": 73.8591274243797}, "K74-U050": {"K74-U060": 236.6342677542753}}