{"K76-U020": {"K76-U030": 156.72058422174092}, "K73-U070": {"K73-U080": 164.09248117278509}, "K76-U040": {"K76-U050": 177.869364788302}, "K76-D030": {"K76-D040": 55.332876055716454}, "K75P-D050": {"K75P-D060": 89.91780754775708}, "K73-U080": {"K73-U090": 268.43464298309954, "K73-U110": 151.48186865393524}, "K74-D020": {"K74-D030": 145.03112256127412}, "K73-U100": {"K73-U110": 216.72512054304283}, "K76-D010": {"K76-D020": 170.469997127746}, "K75A-D110": {"K75A-U011": 173.94028871428802}, "K75A-D080": {"K75A-D090": 116.93282767246083}, "K75P-U030": {"K75P-U040": 118.30345803771482}, "K75P-D070": {"K75P-D080": 94.46052115680456}, "K75P-U010": {"K75P-U020": 95.6203874008642}, "K75A-D020": {"K75A-D030": 25.438823790516942}, "K74-D030": {"K74-D040": 115.40454210878798}, "K75A-D070": {"K75A-D080": 38.40562227041003}, "K74-U090": {"K74-U100": 194.33412166240655}, "K76-U010": {"K76-U020": 9.837434252520676}, "K74-U060": {"K74-U070": 139.11180596982302}, "K75A-D010": {"K75A-D020": 214.07605426588157}, "K74-D090": {"K74-U011": 77.45079990262332}, "K73-U110": {"K73-U120": 212.57355500282387}, "K73-U050": {"K73-U060": 98.94091716810348}, "K73-U060": {"K73-U070": 130.2933633359817}, "K74-U007": {"K74-U010": 245.43938024041273}, "K73-D030": {"K73-D040": 124.44323792850727}, "K73-D040": {"K73-D050": 86.31037515817172}, "K73-U090": {"K73-U100": 144.66973694745602}, "K75P-U140": {"K75P-D010": 150.66144761818992}, "K73-U030": {"K73-U040": 91.86740180384085}, "K73-U010": {"K73-U020": 70.43962578397043}, "K75P-U110": {"K75P-U120": 84.61952239242359}, "K76-D020": {"K76-D030": 115.13387385708461}, "K75A-U030": {"K75A-D010": 230.10102343152857}, "K75P-D060": {"K75P-D070": 177.3874511043462}, "K73-D110": {"K73-D120": 78.26200589929597}, "K75P-U090": {"K75P-U100": 44.60090761064721}, "K74-U080": {"K74-U090": 233.00038689492402}, "K75P-U120": {"K75P-U130": 64.1973413633581}, "K73-U040": {"K73-U050": 97.90003604506819, "K73-U060": 217.4366038381867}, "K75P-U020": {"K75P-U030": 107.27917574761564}, "K73-D010": {"K73-D020": 82.66326834700031}, "K74-D080": {"K74-D090": 168.65655590721252}, "K74-D060": {"K74-D070": 144.68739847522266}, "K75P-D010": {"K75P-D020": 135.17204500054382}, "K73-D090": {"K73-D100": 71.92602291544337}, "K73-D100": {"K73-D110": 206.8572372284388}, "K75A-U010": {"K75A-U020": 49.397620430279986}, "K73-U020": {"K73-U030": 182.7712675201888}, "K75P-U100": {"K75P-U110": 59.10504505264911}, "K75A-D030": {"K75A-D040": 47.211259475416234}, "K75P-D080": {"K75P-U011": 156.8011633956898}, "K75P-D020": {"K75P-D030": 36.4889441348452}, "K75P-U080": {"K75P-U090": 44.16650930148382}, "K75P-D030": {"K75P-D040": 115.84433144690827}, "K75A-D050": {"K75A-D060": 76.29632019033386}, "K76-U030": {"K76-U040": 163.0854266580546}, "K74-U001": {"K74-U004": 143.6304185835806}, "K75P-U130": {"K75P-U140": 41.51136582284911}, "K73-D130": {"K73-D140": 145.99516326206003}, "K74-U030": {"K74-U040": 281.6789681347314}, "K75A-D100": {"K75A-D110": 103.64424482167354}, "K73-D140": {"K73-D150": 204.05934776521363}, "K74-U010": {"K74-U020": 164.354739094384}, "K75A-D090": {"K75A-D100": 47.96244633381945}, "K75P-U050": {"K75P-U060": 161.69230362991925}, "K74-D050": {"K74-D060": 97.49231607986344}, "K75P-U060": {"K75P-U070": 31.489985961856046}, "K74-U020": {"K74-U030": 123.65110412446491}, "K75P-D040": {"K75P-D050": 160.4106716118659}, "K74-U004": {"K74-U007": 99.68420027261173}, "K75P-U040": {"K75P-U050": 103.15801374059431}, "K75A-U020": {"K75A-U030": 155.2056696134127}, "K73-D070": {"K73-D080": 153.958472536245}, "K74-U011": {"K74-D100": 170.81879449151137}, "K73-D120": {"K73-D130": 114.3358038974537}, "K74-U100": {"K74-D010": 120.44430649388491}, "K74-D070": {"K74-D080": 267.08345881527566}, "K74-U040": {"K74-U050": 178.55404646863337}, "K74-D100": {"K74-D110": 83.08136395102555}, "K73-D080": {"K73-D090": 245.08600419893278}, "K75A-D060": {"K75A-D070": 47.90402205833372}, "K75P-U070": {"K75P-U080": 103.34945312160289}, "K75A-D040": {"K75A-D050": 57.414772014614265}, "K73-D020": {"K73-D030": 100.41095721312236}, "K73-D050": {"K73-D060": 64.29878854327228, "K73-D070": 104.70987561626279}, "K74-D110": {"K74-U002": 183.40791951119567}, "K74-D010": {"K74-D020": 155.40210600229318}, "K74-U070": {"K74-U080": 155.36375964604093}, "K73-D060": {"K73-D070": 32.37775094081504}, "K73-D150": {"K73-D160": 47.95008822412817}, "K74-D040": {"K74-D050": 80.46428331357039}, "K74-U050": {"K74-U060": 222.38104556801713}}