{"K76-U020": {"K76-U030": 126.78383093162856}, "K73-U070": {"K73-U080": 147.32410323947207}, "K76-U040": {"K76-U050": 135.36738627049712}, "K76-D030": {"K76-D040": 49.45916191497262}, "K75P-D050": {"K75P-D060": 88.05221599086958}, "K73-U080": {"K73-U090": 270.3780946045375, "K73-U110": 151.50094717525218}, "K74-D020": {"K74-D030": 145.02339765041702}, "K73-U100": {"K73-U110": 248.2247078864428}, "K76-D010": {"K76-D020": 170.41630763929464}, "K75A-D110": {"K75A-U011": 191.4895059799633}, "K75A-D080": {"K75A-D090": 109.65284832174127}, "K75P-U030": {"K75P-U040": 140.19707519059472}, "K75P-D070": {"K75P-D080": 88.12772608176736}, "K75P-U010": {"K75P-U020": 95.34724669446487}, "K75A-D020": {"K75A-D030": 26.661561795889448}, "K74-D030": {"K74-D040": 125.3778137700801}, "K75A-D070": {"K75A-D080": 48.0859950560352}, "K74-U090": {"K74-U100": 205.41235876319698}, "K76-U010": {"K76-U020": 55.887146333158}, "K74-U060": {"K74-U070": 131.44208429876898}, "K75A-D010": {"K75A-D020": 201.25322799268503}, "K74-D090": {"K74-U011": 79.68519960125309}, "K73-U110": {"K73-U120": 191.48681421779662}, "K73-U050": {"K73-U060": 111.80644443759824}, "K73-U060": {"K73-U070": 137.90149828243065}, "K74-U007": {"K74-U010": 242.14082806589727}, "K73-D030": {"K73-D040": 117.54874333261928}, "K73-D040": {"K73-D050": 84.78387494948234}, "K73-U090": {"K73-U100": 128.32080199812737}, "K75P-U140": {"K75P-D010": 146.64531912153885}, "K73-U030": {"K73-U040": 90.02536518298618}, "K73-U010": {"K73-U020": 71.98589125933182}, "K75P-U110": {"K75P-U120": 87.4355206991218}, "K76-D020": {"K76-D030": 127.3166795828859}, "K75A-U030": {"K75A-D010": 231.31108259659595}, "K75P-D060": {"K75P-D070": 198.52364570401602}, "K73-D110": {"K73-D120": 67.93682796836535}, "K75P-U090": {"K75P-U100": 46.313621429208524}, "K74-U080": {"K74-U090": 242.4676685710339}, "K75P-U120": {"K75P-U130": 66.82861464997227}, "K73-U040": {"K73-U050": 105.93048848751087, "K73-U060": 190.71894993418135}, "K75P-U020": {"K75P-U030": 109.63246660762259}, "K73-D010": {"K73-D020": 78.543542543965}, "K74-D080": {"K74-D090": 173.79289335526883}, "K74-D060": {"K74-D070": 146.2921159554272}, "K75P-D010": {"K75P-D020": 147.18879676732197}, "K73-D090": {"K73-D100": 85.39745788714865}, "K73-D100": {"K73-D110": 201.13219490880297}, "K75A-U010": {"K75A-U020": 45.78149382828095}, "K73-U020": {"K73-U030": 178.03431455559195}, "K75P-U100": {"K75P-U110": 62.977356248977664}, "K75A-D030": {"K75A-D040": 46.30252509373139}, "K75P-D080": {"K75P-U011": 147.11691649120013}, "K75P-D020": {"K75P-D030": 36.772570017609155}, "K75P-U080": {"K75P-U090": 47.61867962105989}, "K75P-D030": {"K75P-D040": 119.57375296309871}, "K75A-D050": {"K75A-D060": 79.12694228205412}, "K76-U030": {"K76-U040": 163.100854099248}, "K74-U001": {"K74-U004": 146.16604336014657}, "K75P-U130": {"K75P-U140": 43.25057148633086}, "K73-D130": {"K73-D140": 142.25950802907414}, "K74-U030": {"K74-U040": 289.3111019988607}, "K75A-D100": {"K75A-D110": 108.66219639608519}, "K73-D140": {"K73-D150": 205.4556883156366}, "K74-U010": {"K74-U020": 166.52174493772387}, "K75A-D090": {"K75A-D100": 58.180087767427935}, "K75P-U050": {"K75P-U060": 162.3037869971036}, "K74-D050": {"K74-D060": 111.02053444898827}, "K75P-U060": {"K75P-U070": 30.67108696223162}, "K74-U020": {"K74-U030": 137.1506927266912}, "K75P-D040": {"K75P-D050": 173.71753746218215}, "K74-U004": {"K74-U007": 98.18474911838429}, "K75P-U040": {"K75P-U050": 109.81251410331177}, "K75A-U020": {"K75A-U030": 138.6045675661235}, "K73-D070": {"K73-D080": 157.5870802408001}, "K74-U011": {"K74-D100": 171.0346846084139}, "K73-D120": {"K73-D130": 110.70713396852803}, "K74-U100": {"K74-D010": 133.6467824472292}, "K74-D070": {"K74-D080": 266.79435222977094}, "K74-U040": {"K74-U050": 181.5758043518721}, "K74-D100": {"K74-D110": 88.81127471982904}, "K73-D080": {"K73-D090": 253.88896834855967}, "K75A-D060": {"K75A-D070": 53.18268635173639}, "K75P-U070": {"K75P-U080": 119.0624803927871}, "K75A-D040": {"K75A-D050": 53.30141230819527}, "K73-D020": {"K73-D030": 104.1925503121453}, "K73-D050": {"K73-D060": 64.29878854327228, "K73-D070": 103.28866205639267}, "K74-D110": {"K74-U002": 175.8592066709329}, "K74-D010": {"K74-D020": 152.62794623739296}, "K74-U070": {"K74-U080": 157.44787481108654}, "K73-D060": {"K73-D070": 32.37775094081504}, "K73-D150": {"K73-D160": 46.21210435693937}, "K74-D040": {"K74-D050": 82.65240380068984}, "K74-U050": {"K74-U060": 235.54062393850555}}