{"K76-U020": {"K76-U030": 159.6884955089046}, "K73-U070": {"K73-U080": 155.50226780902258}, "K76-U040": {"K76-U050": 168.16298298803434}, "K76-D030": {"K76-D040": 64.95976790091194}, "K75P-D050": {"K75P-D060": 83.37190763751589}, "K73-U080": {"K73-U090": 280.37562253265565, "K73-U110": 151.48186865393524}, "K74-D020": {"K74-D030": 145.03112256127412}, "K73-U100": {"K73-U110": 226.40584849475948}, "K76-D010": {"K76-D020": 170.469997127746}, "K75A-D110": {"K75A-U011": 160.4144123090216}, "K75A-D080": {"K75A-D090": 82.06676978075589}, "K75P-U030": {"K75P-U040": 98.51758172961844}, "K75P-D070": {"K75P-D080": 89.08771031985617}, "K75P-U010": {"K75P-U020": 97.84461371088848}, "K75A-D020": {"K75A-D030": 23.530351784158547}, "K74-D030": {"K74-D040": 115.95182264730894}, "K75A-D070": {"K75A-D080": 39.67585588892622}, "K74-U090": {"K74-U100": 205.74819730556982}, "K76-U010": {"K76-U020": 9.063018069681075}, "K74-U060": {"K74-U070": 138.00827401262416}, "K75A-D010": {"K75A-D020": 184.54404250526915}, "K74-D090": {"K74-U011": 75.77046981384674}, "K73-U110": {"K73-U120": 211.48320750257918}, "K73-U050": {"K73-U060": 108.4439635898387}, "K73-U060": {"K73-U070": 128.6593762470797}, "K74-U007": {"K74-U010": 260.53763523907253}, "K73-D030": {"K73-D040": 107.2256788283911}, "K73-D040": {"K73-D050": 81.92805980235494}, "K73-U090": {"K73-U100": 108.97579764915038}, "K75P-U140": {"K75P-D010": 138.90531782238432}, "K73-U030": {"K73-U040": 83.56809879884854}, "K73-U010": {"K73-U020": 69.74119750942948}, "K75P-U110": {"K75P-U120": 83.27598118186947}, "K76-D020": {"K76-D030": 120.2578475905013}, "K75A-U030": {"K75A-D010": 240.90823216510475}, "K75P-D060": {"K75P-D070": 165.9226090951169}, "K73-D110": {"K73-D120": 67.04645600480845}, "K75P-U090": {"K75P-U100": 38.879910739855355}, "K74-U080": {"K74-U090": 230.6379328615467}, "K75P-U120": {"K75P-U130": 62.86182096249619}, "K73-U040": {"K73-U050": 106.50679725222908, "K73-U060": 199.67449206554278}, "K75P-U020": {"K75P-U030": 110.41491534491959}, "K73-D010": {"K73-D020": 77.40898126233124}, "K74-D080": {"K74-D090": 172.69354999475044}, "K74-D060": {"K74-D070": 140.34471050114047}, "K75P-D010": {"K75P-D020": 125.95431487485385}, "K73-D090": {"K73-D100": 82.55531866723622}, "K73-D100": {"K73-D110": 198.06458925492186}, "K75A-U010": {"K75A-U020": 45.70242834512229}, "K73-U020": {"K73-U030": 168.69073276014362}, "K75P-U100": {"K75P-U110": 62.675303239364254}, "K75A-D030": {"K75A-D040": 46.2326890362613}, "K75P-D080": {"K75P-U011": 132.76461394510673}, "K75P-D020": {"K75P-D030": 34.314777039484056}, "K75P-U080": {"K75P-U090": 44.60847307520023}, "K75P-D030": {"K75P-D040": 115.29806677257011}, "K75A-D050": {"K75A-D060": 73.1361152867801}, "K76-U030": {"K76-U040": 163.0854266580546}, "K74-U001": {"K74-U004": 166.58032057639466}, "K75P-U130": {"K75P-U140": 36.92207118022718}, "K73-D130": {"K73-D140": 143.19247849978333}, "K74-U030": {"K74-U040": 282.99936753890984}, "K75A-D100": {"K75A-D110": 95.80258986862435}, "K73-D140": {"K73-D150": 198.94834709212617}, "K74-U010": {"K74-U020": 168.45062838245474}, "K75A-D090": {"K75A-D100": 47.10282556328071}, "K75P-U050": {"K75P-U060": 148.33300474983773}, "K74-D050": {"K74-D060": 103.40401264418304}, "K75P-U060": {"K75P-U070": 27.27095547455333}, "K74-U020": {"K74-U030": 138.50927569663742}, "K75P-D040": {"K75P-D050": 165.9270367425135}, "K74-U004": {"K74-U007": 93.4575779474017}, "K75P-U040": {"K75P-U050": 102.38697229183536}, "K75A-U020": {"K75A-U030": 137.31903597717454}, "K73-D070": {"K73-D080": 151.12766301681768}, "K74-U011": {"K74-D100": 155.58681018923352}, "K73-D120": {"K73-D130": 109.60293714927732}, "K74-U100": {"K74-D010": 112.27488540165616}, "K74-D070": {"K74-D080": 258.9871700512299}, "K74-U040": {"K74-U050": 169.77010219871602}, "K74-D100": {"K74-D110": 86.81472308500923}, "K73-D080": {"K73-D090": 269.7450035266233}, "K75A-D060": {"K75A-D070": 34.92600273835919}, "K75P-U070": {"K75P-U080": 100.79874017553932}, "K75A-D040": {"K75A-D050": 54.71528636846388}, "K73-D020": {"K73-D030": 99.25489554932561}, "K73-D050": {"K73-D060": 64.29878854327228, "K73-D070": 100.87982487827618}, "K74-D110": {"K74-U002": 176.53380142704276}, "K74-D010": {"K74-D020": 155.81153365475924}, "K74-U070": {"K74-U080": 147.513193960572}, "K73-D060": {"K73-D070": 32.37775094081504}, "K73-D150": {"K73-D160": 49.83501908745351}, "K74-D040": {"K74-D050": 77.65632295509401}, "K74-U050": {"K74-U060": 224.4021847658521}}