{"K76-U020": {"K76-U030": 150.9380239301851}, "K73-U070": {"K73-U080": 160.68020883820785}, "K76-U040": {"K76-U050": 185.781889084864}, "K76-D030": {"K76-D040": 50.546985514814246}, "K75P-D050": {"K75P-D060": 85.65064923786844}, "K73-U080": {"K73-U090": 262.4137203694603, "K73-U110": 151.48186865393524}, "K74-D020": {"K74-D030": 145.03112256127412}, "K73-U100": {"K73-U110": 243.08192559434093}, "K76-D010": {"K76-D020": 170.469997127746}, "K75A-D110": {"K75A-U011": 171.3170465326075}, "K75A-D080": {"K75A-D090": 124.66454495814999}, "K75P-U030": {"K75P-U040": 105.55672026240791}, "K75P-D070": {"K75P-D080": 90.40469043105159}, "K75P-U010": {"K75P-U020": 98.79688172129894}, "K75A-D020": {"K75A-D030": 21.77734121629492}, "K74-D030": {"K74-D040": 127.75172911609403}, "K75A-D070": {"K75A-D080": 48.844992176993436}, "K74-U090": {"K74-U100": 196.01866621215194}, "K76-U010": {"K76-U020": 18.572809041743266}, "K74-U060": {"K74-U070": 148.76411667896215}, "K75A-D010": {"K75A-D020": 201.201522542365}, "K74-D090": {"K74-U011": 71.0103691457927}, "K73-U110": {"K73-U120": 220.3792261617661}, "K73-U050": {"K73-U060": 102.39282297246898}, "K73-U060": {"K73-U070": 133.05529925334943}, "K74-U007": {"K74-U010": 258.26408145036885}, "K73-D030": {"K73-D040": 118.48062872774935}, "K73-D040": {"K73-D050": 85.24585427905369}, "K73-U090": {"K73-U100": 138.80307637576135}, "K75P-U140": {"K75P-D010": 150.69119710848628}, "K73-U030": {"K73-U040": 91.16140586213344}, "K73-U010": {"K73-U020": 73.70998998126939}, "K75P-U110": {"K75P-U120": 85.73688374515993}, "K76-D020": {"K76-D030": 121.75223668939721}, "K75A-U030": {"K75A-D010": 220.8052237027198}, "K75P-D060": {"K75P-D070": 176.84202650464536}, "K73-D110": {"K73-D120": 76.30614598880877}, "K75P-U090": {"K75P-U100": 42.282130985494156}, "K74-U080": {"K74-U090": 225.41126586839732}, "K75P-U120": {"K75P-U130": 60.94032021853021}, "K73-U040": {"K73-U050": 115.23873487604712, "K73-U060": 217.3388391388177}, "K75P-U020": {"K75P-U030": 103.33752825689324}, "K73-D010": {"K73-D020": 76.35137730613845}, "K74-D080": {"K74-D090": 177.04851742974765}, "K74-D060": {"K74-D070": 148.65734395942184}, "K75P-D010": {"K75P-D020": 139.06953611211844}, "K73-D090": {"K73-D100": 88.78489679579381}, "K73-D100": {"K73-D110": 198.14179111455638}, "K75A-U010": {"K75A-U020": 46.67463394236441}, "K73-U020": {"K73-U030": 175.9338055336935}, "K75P-U100": {"K75P-U110": 63.97562856199691}, "K75A-D030": {"K75A-D040": 45.946401844359386}, "K75P-D080": {"K75P-U011": 150.27085804740267}, "K75P-D020": {"K75P-D030": 32.87596834379435}, "K75P-U080": {"K75P-U090": 46.4023786771221}, "K75P-D030": {"K75P-D040": 117.30626951714437}, "K75A-D050": {"K75A-D060": 74.92541562569616}, "K76-U030": {"K76-U040": 163.0854266580546}, "K74-U001": {"K74-U004": 191.12918388400948}, "K75P-U130": {"K75P-U140": 40.01429167502069}, "K73-D130": {"K73-D140": 142.19532608471815}, "K74-U030": {"K74-U040": 287.6786890501927}, "K75A-D100": {"K75A-D110": 100.66670456507225}, "K73-D140": {"K73-D150": 205.75079597179592}, "K74-U010": {"K74-U020": 153.19409584170248}, "K75A-D090": {"K75A-D100": 48.605169480769845}, "K75P-U050": {"K75P-U060": 143.50146885998595}, "K74-D050": {"K74-D060": 106.33334586902527}, "K75P-U060": {"K75P-U070": 29.006379157301836}, "K74-U020": {"K74-U030": 135.40818967547222}, "K75P-D040": {"K75P-D050": 176.14014377095458}, "K74-U004": {"K74-U007": 96.73488497894138}, "K75P-U040": {"K75P-U050": 105.05593453986289}, "K75A-U020": {"K75A-U030": 130.39673095319608}, "K73-D070": {"K73-D080": 161.8205245747358}, "K74-U011": {"K74-D100": 169.4147622789923}, "K73-D120": {"K73-D130": 112.67705406626646}, "K74-U100": {"K74-D010": 127.48029832193265}, "K74-D070": {"K74-D080": 265.9699683589736}, "K74-U040": {"K74-U050": 169.01959932345332}, "K74-D100": {"K74-D110": 79.02230954071896}, "K73-D080": {"K73-D090": 248.3429524715353}, "K75A-D060": {"K75A-D070": 46.359590616579574}, "K75P-U070": {"K75P-U080": 95.37067012675547}, "K75A-D040": {"K75A-D050": 52.366281022830925}, "K73-D020": {"K73-D030": 94.96811096934098}, "K73-D050": {"K73-D060": 64.29878854327228, "K73-D070": 106.34635077929424}, "K74-D110": {"K74-U002": 174.05271267985393}, "K74-D010": {"K74-D020": 150.5627616986046}, "K74-U070": {"K74-U080": 153.31925998346503}, "K73-D060": {"K73-D070": 32.37775094081504}, "K73-D150": {"K73-D160": 49.369236502871956}, "K74-D040": {"K74-D050": 86.28478758196762}, "K74-U050": {"K74-U060": 223.6507745784826}}