{"K76-U020": {"K76-U030": 136.1873339564034}, "K73-U070": {"K73-U080": 163.52778036674917}, "K76-U040": {"K76-U050": 184.1202613400777}, "K76-D030": {"K76-D040": 78.32993462565557}, "K75P-D050": {"K75P-D060": 90.36096322996373}, "K73-U080": {"K73-U090": 255.6813889573199, "K73-U110": 151.48186865393524}, "K74-D020": {"K74-D030": 145.03112256127412}, "K73-U100": {"K73-U110": 260.4674677568776}, "K76-D010": {"K76-D020": 170.469997127746}, "K75A-D110": {"K75A-U011": 181.21311234453816}, "K75A-D080": {"K75A-D090": 94.4780433916519}, "K75P-U030": {"K75P-U040": 121.6214968791542}, "K75P-D070": {"K75P-D080": 100.24021988958}, "K75P-U010": {"K75P-U020": 93.72527004074554}, "K75A-D020": {"K75A-D030": 25.011114912036447}, "K74-D030": {"K74-D040": 120.27754415649068}, "K75A-D070": {"K75A-D080": 46.465739643114674}, "K74-U090": {"K74-U100": 261.1859784208972}, "K76-U010": {"K76-U020": 14.410098643010366}, "K74-U060": {"K74-U070": 134.69731467335464}, "K75A-D010": {"K75A-D020": 194.7597104868881}, "K74-D090": {"K74-U011": 77.6268168769178}, "K73-U110": {"K73-U120": 225.10228524603613}, "K73-U050": {"K73-U060": 97.55644449141012}, "K73-U060": {"K73-U070": 147.0983141652494}, "K74-U007": {"K74-U010": 236.80038583415808}, "K73-D030": {"K73-D040": 113.86829226283461}, "K73-D040": {"K73-D050": 83.84651047511221}, "K73-U090": {"K73-U100": 116.6553139497269}, "K75P-U140": {"K75P-D010": 142.68333305330617}, "K73-U030": {"K73-U040": 75.7520050611383}, "K73-U010": {"K73-U020": 77.191199441848}, "K75P-U110": {"K75P-U120": 89.18835072350132}, "K76-D020": {"K76-D030": 114.77115387846524}, "K75A-U030": {"K75A-D010": 234.66481112191482}, "K75P-D060": {"K75P-D070": 175.96311431557064}, "K73-D110": {"K73-D120": 75.47657836447175}, "K75P-U090": {"K75P-U100": 41.213070521500114}, "K74-U080": {"K74-U090": 228.8070079632153}, "K75P-U120": {"K75P-U130": 65.15795832787738}, "K73-U040": {"K73-U050": 110.1408070617172, "K73-U060": 201.16352395660584}, "K75P-U020": {"K75P-U030": 111.52735759245195}, "K73-D010": {"K73-D020": 81.5118132192934}, "K74-D080": {"K74-D090": 171.40318460496826}, "K74-D060": {"K74-D070": 155.2767600688585}, "K75P-D010": {"K75P-D020": 138.5833180935417}, "K73-D090": {"K73-D100": 75.74905383252796}, "K73-D100": {"K73-D110": 187.14901386000346}, "K75A-U010": {"K75A-U020": 44.22069923271837}, "K73-U020": {"K73-U030": 172.093916008696}, "K75P-U100": {"K75P-U110": 57.58119656286385}, "K75A-D030": {"K75A-D040": 48.30421280391167}, "K75P-D080": {"K75P-U011": 145.75484567693783}, "K75P-D020": {"K75P-D030": 36.4579154506897}, "K75P-U080": {"K75P-U090": 48.465889975322895}, "K75P-D030": {"K75P-D040": 138.94525190927374}, "K75A-D050": {"K75A-D060": 75.33514004009672}, "K76-U030": {"K76-U040": 163.0854266580546}, "K74-U001": {"K74-U004": 138.80652931767258}, "K75P-U130": {"K75P-U140": 41.553680777625125}, "K73-D130": {"K73-D140": 137.71325966381497}, "K74-U030": {"K74-U040": 276.9111459758303}, "K75A-D100": {"K75A-D110": 105.74909607602953}, "K73-D140": {"K73-D150": 190.44475524927947}, "K74-U010": {"K74-U020": 181.65843406769494}, "K75A-D090": {"K75A-D100": 43.87119910751052}, "K75P-U050": {"K75P-U060": 156.27270500831455}, "K74-D050": {"K74-D060": 94.54395531967631}, "K75P-U060": {"K75P-U070": 34.262791409805786}, "K74-U020": {"K74-U030": 127.09640381691858}, "K75P-D040": {"K75P-D050": 167.17327901206863}, "K74-U004": {"K74-U007": 97.72461234398932}, "K75P-U040": {"K75P-U050": 107.01548565283065}, "K75A-U020": {"K75A-U030": 143.4031739641842}, "K73-D070": {"K73-D080": 153.22678973668116}, "K74-U011": {"K74-D100": 165.51896400465301}, "K73-D120": {"K73-D130": 106.39749122246937}, "K74-U100": {"K74-D010": 116.50289086568702}, "K74-D070": {"K74-D080": 259.637296660254}, "K74-U040": {"K74-U050": 176.5967688760332}, "K74-D100": {"K74-D110": 80.0447757613807}, "K73-D080": {"K73-D090": 273.25448270218635}, "K75A-D060": {"K75A-D070": 45.65634473377898}, "K75P-U070": {"K75P-U080": 103.46501988546079}, "K75A-D040": {"K75A-D050": 60.27966544680157}, "K73-D020": {"K73-D030": 85.56942021670606}, "K73-D050": {"K73-D060": 64.29878854327228, "K73-D070": 113.10316665238466}, "K74-D110": {"K74-U002": 183.35337248566162}, "K74-D010": {"K74-D020": 150.48551601380368}, "K74-U070": {"K74-U080": 155.39476813694995}, "K73-D060": {"K73-D070": 32.37775094081504}, "K73-D150": {"K73-D160": 51.363014916827105}, "K74-D040": {"K74-D050": 75.23934397208761}, "K74-U050": {"K74-U060": 239.41647187495101}}