{"K76-U020": {"K76-U030": 164.04063217384441}, "K73-U070": {"K73-U080": 158.89615687556363}, "K76-U040": {"K76-U050": 172.09370999484207}, "K76-D030": {"K76-D040": 46.706082194211916}, "K75P-D050": {"K75P-D060": 83.79453896058689}, "K73-U080": {"K73-U090": 260.3198663643121, "K73-U110": 151.48186865393524}, "K74-D020": {"K74-D030": 145.03112256127412}, "K73-U100": {"K73-U110": 222.0598040469346}, "K76-D010": {"K76-D020": 170.469997127746}, "K75A-D110": {"K75A-U011": 166.51246212110226}, "K75A-D080": {"K75A-D090": 117.76489422078335}, "K75P-U030": {"K75P-U040": 98.50408847601254}, "K75P-D070": {"K75P-D080": 86.8859992611643}, "K75P-U010": {"K75P-U020": 92.20935218447576}, "K75A-D020": {"K75A-D030": 21.219149795918433}, "K74-D030": {"K74-D040": 129.6065895415774}, "K75A-D070": {"K75A-D080": 44.44115292330459}, "K74-U090": {"K74-U100": 203.28806397242565}, "K76-U010": {"K76-U020": 8.652697495485521}, "K74-U060": {"K74-U070": 136.33490618842492}, "K75A-D010": {"K75A-D020": 209.94787757334925}, "K74-D090": {"K74-U011": 77.69564174548981}, "K73-U110": {"K73-U120": 209.32825542450004}, "K73-U050": {"K73-U060": 108.78365149177289}, "K73-U060": {"K73-U070": 136.16331873481826}, "K74-U007": {"K74-U010": 251.525295649883}, "K73-D030": {"K73-D040": 110.44694502294547}, "K73-D040": {"K73-D050": 85.09995529704936}, "K73-U090": {"K73-U100": 135.84213952593194}, "K75P-U140": {"K75P-D010": 141.84973498493886}, "K73-U030": {"K73-U040": 94.187027435595}, "K73-U010": {"K73-U020": 65.49735531179469}, "K75P-U110": {"K75P-U120": 82.58264786316751}, "K76-D020": {"K76-D030": 120.63270675017517}, "K75A-U030": {"K75A-D010": 235.07496064532884}, "K75P-D060": {"K75P-D070": 166.6343694650189}, "K73-D110": {"K73-D120": 75.43676793269756}, "K75P-U090": {"K75P-U100": 38.563360662081976}, "K74-U080": {"K74-U090": 225.46436984616298}, "K75P-U120": {"K75P-U130": 62.601108200055975}, "K73-U040": {"K73-U050": 93.4983292675245, "K73-U060": 192.0965224987274}, "K75P-U020": {"K75P-U030": 110.51417993782248}, "K73-D010": {"K73-D020": 81.60238951459657}, "K74-D080": {"K74-D090": 175.891472001492}, "K74-D060": {"K74-D070": 141.2068493981955}, "K75P-D010": {"K75P-D020": 110.18188136192434}, "K73-D090": {"K73-D100": 82.8408538864523}, "K73-D100": {"K73-D110": 199.33174078575388}, "K75A-U010": {"K75A-U020": 47.48806466439361}, "K73-U020": {"K73-U030": 154.24898427062536}, "K75P-U100": {"K75P-U110": 65.65705740799883}, "K75A-D030": {"K75A-D040": 47.40241788275771}, "K75P-D080": {"K75P-U011": 141.68773671818332}, "K75P-D020": {"K75P-D030": 35.21614658806696}, "K75P-U080": {"K75P-U090": 41.84843556710015}, "K75P-D030": {"K75P-D040": 118.73614270085163}, "K75A-D050": {"K75A-D060": 74.25761549878793}, "K76-U030": {"K76-U040": 163.0854266580546}, "K74-U001": {"K74-U004": 162.7330872104179}, "K75P-U130": {"K75P-U140": 33.428018340051494}, "K73-D130": {"K73-D140": 139.56420845703792}, "K74-U030": {"K74-U040": 286.9616027113395}, "K75A-D100": {"K75A-D110": 102.10244894566537}, "K73-D140": {"K73-D150": 197.08214198021383}, "K74-U010": {"K74-U020": 170.84107359008493}, "K75A-D090": {"K75A-D100": 46.796833642598465}, "K75P-U050": {"K75P-U060": 160.13198434905968}, "K74-D050": {"K74-D060": 103.42866816444561}, "K75P-U060": {"K75P-U070": 28.583515299818327}, "K74-U020": {"K74-U030": 138.01030632959714}, "K75P-D040": {"K75P-D050": 168.6171843335435}, "K74-U004": {"K74-U007": 91.46491104617493}, "K75P-U040": {"K75P-U050": 106.3748534640624}, "K75A-U020": {"K75A-U030": 147.93062216633624}, "K73-D070": {"K73-D080": 160.37242111096967}, "K74-U011": {"K74-D100": 156.4865911179419}, "K73-D120": {"K73-D130": 114.14553968127893}, "K74-U100": {"K74-D010": 122.67705107745951}, "K74-D070": {"K74-D080": 258.00481850521487}, "K74-U040": {"K74-U050": 174.90411857752787}, "K74-D100": {"K74-D110": 91.11054124891237}, "K73-D080": {"K73-D090": 271.97816452645327}, "K75A-D060": {"K75A-D070": 43.77016420513054}, "K75P-U070": {"K75P-U080": 109.83492875309582}, "K75A-D040": {"K75A-D050": 53.04826994851679}, "K73-D020": {"K73-D030": 96.81767458997047}, "K73-D050": {"K73-D060": 64.29878854327228, "K73-D070": 107.84574837668325}, "K74-D110": {"K74-U002": 174.7600842620614}, "K74-D010": {"K74-D020": 155.76067716702232}, "K74-U070": {"K74-U080": 146.99653575379259}, "K73-D060": {"K73-D070": 32.37775094081504}, "K73-D150": {"K73-D160": 46.76221903698453}, "K74-D040": {"K74-D050": 84.48293443596677}, "K74-U050": {"K74-U060": 222.7051663775952}}