{"K76-U020": {"K76-U030": 139.99666725466955}, "K73-U070": {"K73-U080": 159.64628794392155}, "K76-U040": {"K76-U050": 177.89627881634766}, "K76-D030": {"K76-D040": 61.02571462329335}, "K75P-D050": {"K75P-D060": 81.77639589272738}, "K73-U080": {"K73-U090": 278.2848647232574, "K73-U110": 151.48186865393524}, "K74-D020": {"K74-D030": 145.03112256127412}, "K73-U100": {"K73-U110": 239.18780396629418}, "K76-D010": {"K76-D020": 170.469997127746}, "K75A-D110": {"K75A-U011": 174.66870815819638}, "K75A-D080": {"K75A-D090": 92.23925462853035}, "K75P-U030": {"K75P-U040": 113.03491538388789}, "K75P-D070": {"K75P-D080": 98.27760529322441}, "K75P-U010": {"K75P-U020": 98.59288931247161}, "K75A-D020": {"K75A-D030": 21.520683428458764}, "K74-D030": {"K74-D040": 133.2301751098824}, "K75A-D070": {"K75A-D080": 36.00500715908662}, "K74-U090": {"K74-U100": 205.0475466087462}, "K76-U010": {"K76-U020": 17.559704282225887}, "K74-U060": {"K74-U070": 132.42635913152972}, "K75A-D010": {"K75A-D020": 201.34188358932911}, "K74-D090": {"K74-U011": 75.0259110071443}, "K73-U110": {"K73-U120": 218.4487854773166}, "K73-U050": {"K73-U060": 113.23331580959845}, "K73-U060": {"K73-U070": 148.1985224840127}, "K74-U007": {"K74-U010": 252.0915809307186}, "K73-D030": {"K73-D040": 103.50336807860224}, "K73-D040": {"K73-D050": 81.00390156361394}, "K73-U090": {"K73-U100": 114.04689654168916}, "K75P-U140": {"K75P-D010": 137.23765363954752}, "K73-U030": {"K73-U040": 85.77354336708316}, "K73-U010": {"K73-U020": 66.17839026608058}, "K75P-U110": {"K75P-U120": 86.36103564467109}, "K76-D020": {"K76-D030": 128.2099638957842}, "K75A-U030": {"K75A-D010": 223.9812998298474}, "K75P-D060": {"K75P-D070": 172.6213025055834}, "K73-D110": {"K73-D120": 87.66593025638339}, "K75P-U090": {"K75P-U100": 40.98435813761799}, "K74-U080": {"K74-U090": 234.15799756254128}, "K75P-U120": {"K75P-U130": 60.03314987732284}, "K73-U040": {"K73-U050": 101.17682738289798, "K73-U060": 208.1510270133753}, "K75P-U020": {"K75P-U030": 107.35332115802694}, "K73-D010": {"K73-D020": 73.7733847180686}, "K74-D080": {"K74-D090": 164.94412043259587}, "K74-D060": {"K74-D070": 146.86139577680197}, "K75P-D010": {"K75P-D020": 124.44950801034724}, "K73-D090": {"K73-D100": 83.41777675178848}, "K73-D100": {"K73-D110": 195.83843721062402}, "K75A-U010": {"K75A-U020": 44.86483988897993}, "K73-U020": {"K73-U030": 174.29867971032704}, "K75P-U100": {"K75P-U110": 57.818765679428466}, "K75A-D030": {"K75A-D040": 50.260937299322954}, "K75P-D080": {"K75P-U011": 142.47585849774856}, "K75P-D020": {"K75P-D030": 31.733743871596477}, "K75P-U080": {"K75P-U090": 40.735137283560604}, "K75P-D030": {"K75P-D040": 114.14333449753697}, "K75A-D050": {"K75A-D060": 76.85365148023706}, "K76-U030": {"K76-U040": 163.0854266580546}, "K74-U001": {"K74-U004": 163.0051136571413}, "K75P-U130": {"K75P-U140": 31.221835115003966}, "K73-D130": {"K73-D140": 133.8999748567149}, "K74-U030": {"K74-U040": 286.3649234653832}, "K75A-D100": {"K75A-D110": 94.33122680108133}, "K73-D140": {"K73-D150": 198.36556690953554}, "K74-U010": {"K74-U020": 165.1511840037239}, "K75A-D090": {"K75A-D100": 45.96491169848728}, "K75P-U050": {"K75P-U060": 158.00467262525012}, "K74-D050": {"K74-D060": 102.27107461454128}, "K75P-U060": {"K75P-U070": 27.076329981332083}, "K74-U020": {"K74-U030": 128.02489124172732}, "K75P-D040": {"K75P-D050": 160.59663161983863}, "K74-U004": {"K74-U007": 91.83875559932845}, "K75P-U040": {"K75P-U050": 105.24230810772656}, "K75A-U020": {"K75A-U030": 131.02965662446033}, "K73-D070": {"K73-D080": 154.0098526283703}, "K74-U011": {"K74-D100": 163.9084706074954}, "K73-D120": {"K73-D130": 99.80918055672436}, "K74-U100": {"K74-D010": 112.09311767082129}, "K74-D070": {"K74-D080": 253.33724504985585}, "K74-U040": {"K74-U050": 161.69157570329216}, "K74-D100": {"K74-D110": 85.78111232600091}, "K73-D080": {"K73-D090": 260.61229698962836}, "K75A-D060": {"K75A-D070": 37.92628426153537}, "K75P-U070": {"K75P-U080": 100.09532176520021}, "K75A-D040": {"K75A-D050": 51.79718139870456}, "K73-D020": {"K73-D030": 93.13624927917172}, "K73-D050": {"K73-D060": 64.29878854327228, "K73-D070": 95.81127427629707}, "K74-D110": {"K74-U002": 175.8818771015874}, "K74-D010": {"K74-D020": 155.85098722720113}, "K74-U070": {"K74-U080": 154.6366053042005}, "K73-D060": {"K73-D070": 32.37775094081504}, "K73-D150": {"K73-D160": 47.96551422627907}, "K74-D040": {"K74-D050": 79.50632399754343}, "K74-U050": {"K74-U060": 235.46701128759278}}