{"K76-U020": {"K76-U030": 145.80980653442543}, "K73-U070": {"K73-U080": 154.11962472631802}, "K76-U040": {"K76-U050": 159.0920322199997}, "K76-D030": {"K76-D040": 53.51066015161577}, "K75P-D050": {"K75P-D060": 88.66903939615102}, "K73-U080": {"K73-U090": 261.320604976688, "K73-U110": 151.48186865393524}, "K74-D020": {"K74-D030": 145.03112256127412}, "K73-U100": {"K73-U110": 230.8309550964637}, "K76-D010": {"K76-D020": 170.469997127746}, "K75A-D110": {"K75A-U011": 176.67235137091603}, "K75A-D080": {"K75A-D090": 121.44789381993647}, "K75P-U030": {"K75P-U040": 105.89632487567135}, "K75P-D070": {"K75P-D080": 94.59400124698399}, "K75P-U010": {"K75P-U020": 96.03976891132807}, "K75A-D020": {"K75A-D030": 22.85477846728416}, "K74-D030": {"K74-D040": 131.1620615019142}, "K75A-D070": {"K75A-D080": 51.78963138614288}, "K74-U090": {"K74-U100": 202.87889112801173}, "K76-U010": {"K76-U020": 10.750797387869548}, "K74-U060": {"K74-U070": 143.699552865211}, "K75A-D010": {"K75A-D020": 209.82951087129635}, "K74-D090": {"K74-U011": 70.61059349431243}, "K73-U110": {"K73-U120": 184.93054817257922}, "K73-U050": {"K73-U060": 106.26836500227685}, "K73-U060": {"K73-U070": 138.4287033634251}, "K74-U007": {"K74-U010": 249.99789586405308}, "K73-D030": {"K73-D040": 122.07094800924622}, "K73-D040": {"K73-D050": 83.93475020587657}, "K73-U090": {"K73-U100": 137.7982118393175}, "K75P-U140": {"K75P-D010": 147.81018196626403}, "K73-U030": {"K73-U040": 89.48505772670721}, "K73-U010": {"K73-U020": 68.69974566355664}, "K75P-U110": {"K75P-U120": 85.79406316245807}, "K76-D020": {"K76-D030": 122.42938549361995}, "K75A-U030": {"K75A-D010": 228.63064861395293}, "K75P-D060": {"K75P-D070": 162.48334553357714}, "K73-D110": {"K73-D120": 74.70517352839302}, "K75P-U090": {"K75P-U100": 40.879964094174355}, "K74-U080": {"K74-U090": 227.01737976154044}, "K75P-U120": {"K75P-U130": 60.81387896572369}, "K73-U040": {"K73-U050": 110.48896804897686, "K73-U060": 201.73936974392174}, "K75P-U020": {"K75P-U030": 101.79282325012498}, "K73-D010": {"K73-D020": 76.17037466919453}, "K74-D080": {"K74-D090": 174.7333625651598}, "K74-D060": {"K74-D070": 145.62036003691085}, "K75P-D010": {"K75P-D020": 128.42252250343037}, "K73-D090": {"K73-D100": 77.03978243147716}, "K73-D100": {"K73-D110": 195.49775468518618}, "K75A-U010": {"K75A-U020": 45.32717232865069}, "K73-U020": {"K73-U030": 176.70037246816725}, "K75P-U100": {"K75P-U110": 62.536208832554635}, "K75A-D030": {"K75A-D040": 46.14504524263032}, "K75P-D080": {"K75P-U011": 131.13519562484527}, "K75P-D020": {"K75P-D030": 33.35185526878141}, "K75P-U080": {"K75P-U090": 42.87305153645009}, "K75P-D030": {"K75P-D040": 116.90105717380978}, "K75A-D050": {"K75A-D060": 82.48910856081876}, "K76-U030": {"K76-U040": 163.0854266580546}, "K74-U001": {"K74-U004": 172.06651194844704}, "K75P-U130": {"K75P-U140": 32.59601360261942}, "K73-D130": {"K73-D140": 139.87100269168235}, "K74-U030": {"K74-U040": 282.68569250885696}, "K75A-D100": {"K75A-D110": 102.60154204466669}, "K73-D140": {"K73-D150": 185.67704418594468}, "K74-U010": {"K74-U020": 171.2614753680586}, "K75A-D090": {"K75A-D100": 49.62568430488453}, "K75P-U050": {"K75P-U060": 152.6761309485958}, "K74-D050": {"K74-D060": 104.33512904198385}, "K75P-U060": {"K75P-U070": 38.86508621228044}, "K74-U020": {"K74-U030": 134.71481907910584}, "K75P-D040": {"K75P-D050": 163.805042455798}, "K74-U004": {"K74-U007": 97.51272754371482}, "K75P-U040": {"K75P-U050": 109.10984371080478}, "K75A-U020": {"K75A-U030": 147.20996285776127}, "K73-D070": {"K73-D080": 154.3547471194118}, "K74-U011": {"K74-D100": 166.07156091745455}, "K73-D120": {"K73-D130": 114.08662962510357}, "K74-U100": {"K74-D010": 121.27896826316032}, "K74-D070": {"K74-D080": 267.67884630914017}, "K74-U040": {"K74-U050": 158.70911403172562}, "K74-D100": {"K74-D110": 89.25050799899557}, "K73-D080": {"K73-D090": 268.7478912298634}, "K75A-D060": {"K75A-D070": 46.55657222171753}, "K75P-U070": {"K75P-U080": 99.31602822745045}, "K75A-D040": {"K75A-D050": 50.41554265678188}, "K73-D020": {"K73-D030": 80.37759958126297}, "K73-D050": {"K73-D060": 64.29878854327228, "K73-D070": 112.4663631059561}, "K74-D110": {"K74-U002": 175.44701760748322}, "K74-D010": {"K74-D020": 156.84396377080455}, "K74-U070": {"K74-U080": 154.57750156701866}, "K73-D060": {"K73-D070": 32.37775094081504}, "K73-D150": {"K73-D160": 45.88852223035508}, "K74-D040": {"K74-D050": 84.60091875979765}, "K74-U050": {"K74-U060": 234.66558861208537}}