{"K76-U020": {"K76-U030": 159.50353903680843}, "K73-U070": {"K73-U080": 156.49541072014514}, "K76-U040": {"K76-U050": 163.49581413952433}, "K76-D030": {"K76-D040": 52.2156174657202}, "K75P-D050": {"K75P-D060": 88.10576955398344}, "K73-U080": {"K73-U090": 273.8880822781486, "K73-U110": 151.50094717525218}, "K74-D020": {"K74-D030": 145.02339764528114}, "K73-U100": {"K73-U110": 237.6224623355409}, "K76-D010": {"K76-D020": 170.41630763929464}, "K75A-D110": {"K75A-U011": 181.15438196079378}, "K75A-D080": {"K75A-D090": 95.43415957375922}, "K75P-U030": {"K75P-U040": 127.62957734313322}, "K75P-D070": {"K75P-D080": 99.38608545501188}, "K75P-U010": {"K75P-U020": 95.74126424051738}, "K75A-D020": {"K75A-D030": 26.82916375451888}, "K74-D030": {"K74-D040": 134.83607995837684}, "K75A-D070": {"K75A-D080": 49.13568438917293}, "K74-U090": {"K74-U100": 199.07462433893468}, "K76-U010": {"K76-U020": 12.303588424777752}, "K74-U060": {"K74-U070": 129.4821578028471}, "K75A-D010": {"K75A-D020": 196.4774287270363}, "K74-D090": {"K74-U011": 65.43488722389601}, "K73-U110": {"K73-U120": 229.05202831142978}, "K73-U050": {"K73-U060": 99.94460154217379}, "K73-U060": {"K73-U070": 138.06045343381962}, "K74-U007": {"K74-U010": 248.2690443245459}, "K73-D030": {"K73-D040": 106.66605552685853}, "K73-D040": {"K73-D050": 79.76445909275819}, "K73-U090": {"K73-U100": 142.76675410675222}, "K75P-U140": {"K75P-D010": 151.91955844807143}, "K73-U030": {"K73-U040": 85.09188461575216}, "K73-U010": {"K73-U020": 71.29367232527726}, "K75P-U110": {"K75P-U120": 89.00579146881672}, "K76-D020": {"K76-D030": 120.15568441256232}, "K75A-U030": {"K75A-D010": 243.90258832344608}, "K75P-D060": {"K75P-D070": 190.1927838729596}, "K73-D110": {"K73-D120": 75.27661495981201}, "K75P-U090": {"K75P-U100": 43.336140622319725}, "K74-U080": {"K74-U090": 233.02233722574178}, "K75P-U120": {"K75P-U130": 63.59705351592335}, "K73-U040": {"K73-U050": 108.80472403829177, "K73-U060": 202.77197839252648}, "K75P-U020": {"K75P-U030": 105.31030072228718}, "K73-D010": {"K73-D020": 70.10354765756423}, "K74-D080": {"K74-D090": 173.17174400341537}, "K74-D060": {"K74-D070": 156.02908317345577}, "K75P-D010": {"K75P-D020": 138.31345893110438}, "K73-D090": {"K73-D100": 86.91948447506576}, "K73-D100": {"K73-D110": 184.40019131151922}, "K75A-U010": {"K75A-U020": 43.258007570566356}, "K73-U020": {"K73-U030": 174.03054530029212}, "K75P-U100": {"K75P-U110": 61.884190021740736}, "K75A-D030": {"K75A-D040": 49.50605759936732}, "K75P-D080": {"K75P-U011": 144.3797179541701}, "K75P-D020": {"K75P-D030": 31.742753866465353}, "K75P-U080": {"K75P-U090": 47.35059897378997}, "K75P-D030": {"K75P-D040": 132.6905055522725}, "K75A-D050": {"K75A-D060": 74.66174572839759}, "K76-U030": {"K76-U040": 163.100854099248}, "K74-U001": {"K74-U004": 149.08083366598512}, "K75P-U130": {"K75P-U140": 44.01698999883484}, "K73-D130": {"K73-D140": 123.22151598631167}, "K74-U030": {"K74-U040": 294.62053462832034}, "K75A-D100": {"K75A-D110": 107.62231977405777}, "K73-D140": {"K73-D150": 171.61550373818017}, "K74-U010": {"K74-U020": 164.1464796418009}, "K75A-D090": {"K75A-D100": 48.88460899647083}, "K75P-U050": {"K75P-U060": 164.72466399501775}, "K74-D050": {"K74-D060": 94.42174116776633}, "K75P-U060": {"K75P-U070": 30.35986442700385}, "K74-U020": {"K74-U030": 131.32322685435025}, "K75P-D040": {"K75P-D050": 169.88455387255073}, "K74-U004": {"K74-U007": 98.74988524371335}, "K75P-U040": {"K75P-U050": 105.8469130261866}, "K75A-U020": {"K75A-U030": 145.80957273468363}, "K73-D070": {"K73-D080": 144.21720414057765}, "K74-U011": {"K74-D100": 174.08401463309525}, "K73-D120": {"K73-D130": 105.3308816616607}, "K74-U100": {"K74-D010": 120.11420601076989}, "K74-D070": {"K74-D080": 259.2703194891261}, "K74-U040": {"K74-U050": 192.8113362055131}, "K74-D100": {"K74-D110": 84.41445032371776}, "K73-D080": {"K73-D090": 260.3657498389544}, "K75A-D060": {"K75A-D070": 44.27740921664095}, "K75P-U070": {"K75P-U080": 108.12693229428093}, "K75A-D040": {"K75A-D050": 52.879485528053955}, "K73-D020": {"K73-D030": 98.04486249384199}, "K73-D050": {"K73-D060": 64.29878854327228, "K73-D070": 101.18529041186626}, "K74-D110": {"K74-U002": 167.36282429255044}, "K74-D010": {"K74-D020": 160.77591506324364}, "K74-U070": {"K74-U080": 157.23957079145262}, "K73-D060": {"K73-D070": 32.37775094081504}, "K73-D150": {"K73-D160": 50.097911212954536}, "K74-D040": {"K74-D050": 83.45156417750925}, "K74-U050": {"K74-U060": 227.53211837808763}}