{"K76-U020": {"K76-U030": 138.49386899975175}, "K73-U070": {"K73-U080": 162.17705707434976}, "K76-U040": {"K76-U050": 152.9242303749144}, "K76-D030": {"K76-D040": 52.71577823884604}, "K75P-D050": {"K75P-D060": 86.1513690026937}, "K73-U080": {"K73-U090": 284.2037019578857, "K73-U110": 151.50094717525218}, "K74-D020": {"K74-D030": 145.02339764528114}, "K73-U100": {"K73-U110": 257.03602889362566}, "K76-D010": {"K76-D020": 170.41630763929464}, "K75A-D110": {"K75A-U011": 172.896777523222}, "K75A-D080": {"K75A-D090": 116.81182512190182}, "K75P-U030": {"K75P-U040": 125.15017101759642}, "K75P-D070": {"K75P-D080": 88.47040477829718}, "K75P-U010": {"K75P-U020": 99.45705555547143}, "K75A-D020": {"K75A-D030": 27.03044755408272}, "K74-D030": {"K74-D040": 132.9717255712442}, "K75A-D070": {"K75A-D080": 50.7043430867358}, "K74-U090": {"K74-U100": 211.39671233114026}, "K76-U010": {"K76-U020": 11.193536168309501}, "K74-U060": {"K74-U070": 138.0214197158419}, "K75A-D010": {"K75A-D020": 203.2794450920875}, "K74-D090": {"K74-U011": 75.15539890226718}, "K73-U110": {"K73-U120": 203.42888380501265}, "K73-U050": {"K73-U060": 112.41160054343122}, "K73-U060": {"K73-U070": 143.92394109380393}, "K74-U007": {"K74-U010": 266.6007821743687}, "K73-D030": {"K73-D040": 117.63137530674946}, "K73-D040": {"K73-D050": 88.29879093102784}, "K73-U090": {"K73-U100": 146.85072924774462}, "K75P-U140": {"K75P-D010": 146.18614061571196}, "K73-U030": {"K73-U040": 125.86622385036574}, "K73-U010": {"K73-U020": 72.93009321009431}, "K75P-U110": {"K75P-U120": 88.70475163757489}, "K76-D020": {"K76-D030": 131.46293135601542}, "K75A-U030": {"K75A-D010": 247.6977277265586}, "K75P-D060": {"K75P-D070": 190.94500301301494}, "K73-D110": {"K73-D120": 69.56212684956898}, "K75P-U090": {"K75P-U100": 42.40453354416155}, "K74-U080": {"K74-U090": 243.4538302948809}, "K75P-U120": {"K75P-U130": 64.47650368830725}, "K73-U040": {"K73-U050": 103.32356308941635, "K73-U060": 206.17524727348464}, "K75P-U020": {"K75P-U030": 106.68083000969155}, "K73-D010": {"K73-D020": 76.92156852565714}, "K74-D080": {"K74-D090": 171.19570395098486}, "K74-D060": {"K74-D070": 151.26881062352214}, "K75P-D010": {"K75P-D020": 139.35003906865313}, "K73-D090": {"K73-D100": 73.13419551171901}, "K73-D100": {"K73-D110": 194.51355235196095}, "K75A-U010": {"K75A-U020": 45.01153203273369}, "K73-U020": {"K73-U030": 176.57732848413252}, "K75P-U100": {"K75P-U110": 63.76817961067445}, "K75A-D030": {"K75A-D040": 49.08570819581057}, "K75P-D080": {"K75P-U011": 130.84887195305978}, "K75P-D020": {"K75P-D030": 37.314082752579544}, "K75P-U080": {"K75P-U090": 46.67845320126454}, "K75P-D030": {"K75P-D040": 123.86506488261746}, "K75A-D050": {"K75A-D060": 76.25892056284611}, "K76-U030": {"K76-U040": 163.100854099248}, "K74-U001": {"K74-U004": 137.49841274004248}, "K75P-U130": {"K75P-U140": 36.90894110623343}, "K73-D130": {"K73-D140": 125.43354435975519}, "K74-U030": {"K74-U040": 299.1367087765895}, "K75A-D100": {"K75A-D110": 104.01122761574365}, "K73-D140": {"K73-D150": 199.48024987403014}, "K74-U010": {"K74-U020": 169.36691756188446}, "K75A-D090": {"K75A-D100": 54.09940168099549}, "K75P-U050": {"K75P-U060": 152.83666753567684}, "K74-D050": {"K74-D060": 111.55944252143154}, "K75P-U060": {"K75P-U070": 35.75981089319282}, "K74-U020": {"K74-U030": 135.25773678200284}, "K75P-D040": {"K75P-D050": 170.4378360748658}, "K74-U004": {"K74-U007": 101.1007228139707}, "K75P-U040": {"K75P-U050": 99.62317110749225}, "K75A-U020": {"K75A-U030": 148.2709484728835}, "K73-D070": {"K73-D080": 143.9683043029007}, "K74-U011": {"K74-D100": 166.94244919660363}, "K73-D120": {"K73-D130": 107.433753851992}, "K74-U100": {"K74-D010": 128.70887958234235}, "K74-D070": {"K74-D080": 266.22710113745705}, "K74-U040": {"K74-U050": 216.09986371825306}, "K74-D100": {"K74-D110": 89.55429285134619}, "K73-D080": {"K73-D090": 271.9823053620909}, "K75A-D060": {"K75A-D070": 45.57308766993861}, "K75P-U070": {"K75P-U080": 116.94912469841888}, "K75A-D040": {"K75A-D050": 57.96913504442301}, "K73-D020": {"K73-D030": 86.16936401096075}, "K73-D050": {"K73-D060": 64.29878854327228, "K73-D070": 107.1675119677512}, "K74-D110": {"K74-U002": 181.55767269248025}, "K74-D010": {"K74-D020": 159.2480140951612}, "K74-U070": {"K74-U080": 157.81240846415994}, "K73-D060": {"K73-D070": 32.37775094081504}, "K73-D150": {"K73-D160": 50.6003172230986}, "K74-D040": {"K74-D050": 81.96348182108429}, "K74-U050": {"K74-U060": 235.8004753953356}}