{"K76-U020": {"K76-U030": 154.04496059415592}, "K73-U070": {"K73-U080": 155.63010358601824}, "K76-U040": {"K76-U050": 173.30264480453522}, "K76-D030": {"K76-D040": 59.981110529434865}, "K75P-D050": {"K75P-D060": 95.08805273927373}, "K73-U080": {"K73-U090": 264.00350777963166, "K73-U110": 151.50094717525218}, "K74-D020": {"K74-D030": 145.02339764528114}, "K73-U100": {"K73-U110": 237.42910944394217}, "K76-D010": {"K76-D020": 170.41630763929464}, "K75A-D110": {"K75A-U011": 160.15376477042997}, "K75A-D080": {"K75A-D090": 124.86516190311127}, "K75P-U030": {"K75P-U040": 132.88997158999217}, "K75P-D070": {"K75P-D080": 92.325913324006}, "K75P-U010": {"K75P-U020": 100.181827529121}, "K75A-D020": {"K75A-D030": 22.003582343820337}, "K74-D030": {"K74-D040": 137.83541444762278}, "K75A-D070": {"K75A-D080": 50.57605057584298}, "K74-U090": {"K74-U100": 209.66619066533485}, "K76-U010": {"K76-U020": 9.671892105947986}, "K74-U060": {"K74-U070": 130.8404201808798}, "K75A-D010": {"K75A-D020": 220.63765402189898}, "K74-D090": {"K74-U011": 76.62416363894033}, "K73-U110": {"K73-U120": 234.13954007099545}, "K73-U050": {"K73-U060": 109.25813555745124}, "K73-U060": {"K73-U070": 140.23625464058904}, "K74-U007": {"K74-U010": 248.19327826026887}, "K73-D030": {"K73-D040": 112.11330865223526}, "K73-D040": {"K73-D050": 89.28379825696743}, "K73-U090": {"K73-U100": 137.23046984957287}, "K75P-U140": {"K75P-D010": 146.88363632655492}, "K73-U030": {"K73-U040": 87.26301622849725}, "K73-U010": {"K73-U020": 67.11382025847576}, "K75P-U110": {"K75P-U120": 91.8499256884094}, "K76-D020": {"K76-D030": 124.3137640531468}, "K75A-U030": {"K75A-D010": 236.04453795989102}, "K75P-D060": {"K75P-D070": 189.2643022756611}, "K73-D110": {"K73-D120": 63.54112118377022}, "K75P-U090": {"K75P-U100": 43.00254527576048}, "K74-U080": {"K74-U090": 236.6124534727996}, "K75P-U120": {"K75P-U130": 63.72144020339713}, "K73-U040": {"K73-U050": 106.20953608493976, "K73-U060": 203.57898065489647}, "K75P-U020": {"K75P-U030": 112.67591501736706}, "K73-D010": {"K73-D020": 79.17224219069121}, "K74-D080": {"K74-D090": 150.1269434091392}, "K74-D060": {"K74-D070": 158.52147529318881}, "K75P-D010": {"K75P-D020": 141.1579512844685}, "K73-D090": {"K73-D100": 83.7744216023722}, "K73-D100": {"K73-D110": 189.17335978530915}, "K75A-U010": {"K75A-U020": 47.607268400185475}, "K73-U020": {"K73-U030": 180.36397178949102}, "K75P-U100": {"K75P-U110": 65.13085868471998}, "K75A-D030": {"K75A-D040": 49.16406976413128}, "K75P-D080": {"K75P-U011": 145.2709337199723}, "K75P-D020": {"K75P-D030": 38.25845234515633}, "K75P-U080": {"K75P-U090": 44.60071976995046}, "K75P-D030": {"K75P-D040": 125.34915474832636}, "K75A-D050": {"K75A-D060": 76.54620759685818}, "K76-U030": {"K76-U040": 163.100854099248}, "K74-U001": {"K74-U004": 137.38675335262548}, "K75P-U130": {"K75P-U140": 38.75768719006988}, "K73-D130": {"K73-D140": 139.21864416916594}, "K74-U030": {"K74-U040": 287.4936708760726}, "K75A-D100": {"K75A-D110": 101.98202006361137}, "K73-D140": {"K73-D150": 185.60516277277898}, "K74-U010": {"K74-U020": 165.19890430996045}, "K75A-D090": {"K75A-D100": 48.93878214864147}, "K75P-U050": {"K75P-U060": 169.46258881554976}, "K74-D050": {"K74-D060": 105.98218838471112}, "K75P-U060": {"K75P-U070": 26.350344183883646}, "K74-U020": {"K74-U030": 133.77829135262127}, "K75P-D040": {"K75P-D050": 163.84147447625463}, "K74-U004": {"K74-U007": 93.48160173936587}, "K75P-U040": {"K75P-U050": 104.75336081434213}, "K75A-U020": {"K75A-U030": 145.27879078084314}, "K73-D070": {"K73-D080": 211.86104203329188}, "K74-U011": {"K74-D100": 163.08284818655432}, "K73-D120": {"K73-D130": 105.48691278353257}, "K74-U100": {"K74-D010": 115.2717288035922}, "K74-D070": {"K74-D080": 261.33554109311547}, "K74-U040": {"K74-U050": 176.92576342411328}, "K74-D100": {"K74-D110": 80.89271727505762}, "K73-D080": {"K73-D090": 259.7188774837145}, "K75A-D060": {"K75A-D070": 44.1899993355359}, "K75P-U070": {"K75P-U080": 112.04451800827458}, "K75A-D040": {"K75A-D050": 54.8009718379804}, "K73-D020": {"K73-D030": 93.82072097972528}, "K73-D050": {"K73-D060": 64.29878854327228, "K73-D070": 107.60226477973492}, "K74-D110": {"K74-U002": 174.11028608052732}, "K74-D010": {"K74-D020": 154.63947006782172}, "K74-U070": {"K74-U080": 164.07931732507242}, "K73-D060": {"K73-D070": 32.37775094081504}, "K73-D150": {"K73-D160": 42.48727952870564}, "K74-D040": {"K74-D050": 81.09060646335577}, "K74-U050": {"K74-U060": 216.88626573774695}}