{"K76-U020": {"K76-U030": 141.71706838610936}, "K73-U070": {"K73-U080": 154.71638182151727}, "K76-U040": {"K76-U050": 189.13902931865078}, "K76-D030": {"K76-D040": 46.717521460784255}, "K75P-D050": {"K75P-D060": 78.83426174170886}, "K73-U080": {"K73-U090": 265.79596387181454, "K73-U110": 151.48186865393524}, "K74-D020": {"K74-D030": 145.03112256127412}, "K73-U100": {"K73-U110": 221.5623267769425}, "K76-D010": {"K76-D020": 170.469997127746}, "K75A-D110": {"K75A-U011": 167.55674205525122}, "K75A-D080": {"K75A-D090": 92.20094250262815}, "K75P-U030": {"K75P-U040": 112.25686511256065}, "K75P-D070": {"K75P-D080": 88.75027808769748}, "K75P-U010": {"K75P-U020": 97.08788608206227}, "K75A-D020": {"K75A-D030": 22.094015022796516}, "K74-D030": {"K74-D040": 124.80023738420411}, "K75A-D070": {"K75A-D080": 47.144751131057134}, "K74-U090": {"K74-U100": 195.17780294613368}, "K76-U010": {"K76-U020": 8.783051041493959}, "K74-U060": {"K74-U070": 148.44584028637206}, "K75A-D010": {"K75A-D020": 196.93567885592705}, "K74-D090": {"K74-U011": 72.33926281456306}, "K73-U110": {"K73-U120": 207.325535073412}, "K73-U050": {"K73-U060": 102.19925462881078}, "K73-U060": {"K73-U070": 141.15596708691976}, "K74-U007": {"K74-U010": 252.1528238643125}, "K73-D030": {"K73-D040": 119.32204571046009}, "K73-D040": {"K73-D050": 82.45420063980467}, "K73-U090": {"K73-U100": 120.85631375466865}, "K75P-U140": {"K75P-D010": 134.36533374749817}, "K73-U030": {"K73-U040": 93.99686570667362}, "K73-U010": {"K73-U020": 71.19061368961883}, "K75P-U110": {"K75P-U120": 85.83352768643263}, "K76-D020": {"K76-D030": 121.42213654963082}, "K75A-U030": {"K75A-D010": 231.3563395459061}, "K75P-D060": {"K75P-D070": 159.39938488744698}, "K73-D110": {"K73-D120": 80.21695594659766}, "K75P-U090": {"K75P-U100": 39.80117293027691}, "K74-U080": {"K74-U090": 226.58157333776975}, "K75P-U120": {"K75P-U130": 62.68726360662138}, "K73-U040": {"K73-U050": 102.98224588656619, "K73-U060": 207.18087702778038}, "K75P-U020": {"K75P-U030": 107.52882675772098}, "K73-D010": {"K73-D020": 79.64479995825357}, "K74-D080": {"K74-D090": 174.151690770499}, "K74-D060": {"K74-D070": 138.83082321715176}, "K75P-D010": {"K75P-D020": 121.92463375193617}, "K73-D090": {"K73-D100": 85.65787909358326}, "K73-D100": {"K73-D110": 191.0281980047551}, "K75A-U010": {"K75A-U020": 45.76073792503245}, "K73-U020": {"K73-U030": 195.1773140184468}, "K75P-U100": {"K75P-U110": 55.36419464512177}, "K75A-D030": {"K75A-D040": 44.23929069396881}, "K75P-D080": {"K75P-U011": 142.18082586801324}, "K75P-D020": {"K75P-D030": 34.69049841390459}, "K75P-U080": {"K75P-U090": 41.55883941530164}, "K75P-D030": {"K75P-D040": 124.52370362383877}, "K75A-D050": {"K75A-D060": 75.96670657341505}, "K76-U030": {"K76-U040": 163.0854266580546}, "K74-U001": {"K74-U004": 147.31982683293091}, "K75P-U130": {"K75P-U140": 37.597234449976995}, "K73-D130": {"K73-D140": 142.90059124502642}, "K74-U030": {"K74-U040": 286.39357719147586}, "K75A-D100": {"K75A-D110": 98.45318487445942}, "K73-D140": {"K73-D150": 188.39306777983018}, "K74-U010": {"K74-U020": 152.29127308117413}, "K75A-D090": {"K75A-D100": 49.232681121518596}, "K75P-U050": {"K75P-U060": 156.52833988401835}, "K74-D050": {"K74-D060": 105.06904268742157}, "K75P-U060": {"K75P-U070": 27.06416852261673}, "K74-U020": {"K74-U030": 128.3369476712735}, "K75P-D040": {"K75P-D050": 162.8739633692009}, "K74-U004": {"K74-U007": 90.56960703266103}, "K75P-U040": {"K75P-U050": 104.44486289354094}, "K75A-U020": {"K75A-U030": 140.6250259129286}, "K73-D070": {"K73-D080": 158.85287479607817}, "K74-U011": {"K74-D100": 162.46876305955644}, "K73-D120": {"K73-D130": 114.23177666341958}, "K74-U100": {"K74-D010": 113.35254635557658}, "K74-D070": {"K74-D080": 256.8473538842018}, "K74-U040": {"K74-U050": 170.294028572618}, "K74-D100": {"K74-D110": 74.50145139460501}, "K73-D080": {"K73-D090": 257.3667857582533}, "K75A-D060": {"K75A-D070": 43.00063671527201}, "K75P-U070": {"K75P-U080": 101.36636686668622}, "K75A-D040": {"K75A-D050": 52.65825103667007}, "K73-D020": {"K73-D030": 101.36685675105507}, "K73-D050": {"K73-D060": 64.29878854327228, "K73-D070": 104.79308943637773}, "K74-D110": {"K74-U002": 166.00351259975682}, "K74-D010": {"K74-D020": 157.0079734641761}, "K74-U070": {"K74-U080": 147.97215540504538}, "K73-D060": {"K73-D070": 32.37775094081504}, "K73-D150": {"K73-D160": 41.353773001514014}, "K74-D040": {"K74-D050": 77.45761323381323}, "K74-U050": {"K74-U060": 225.58935329575775}}