{"K76-U020": {"K76-U030": 157.78178074895078}, "K73-U070": {"K73-U080": 162.83009673711564}, "K76-U040": {"K76-U050": 133.56190372365145}, "K76-D030": {"K76-D040": 44.397890452833934}, "K75P-D050": {"K75P-D060": 84.90418053182296}, "K73-U080": {"K73-U090": 249.91036296441717, "K73-U110": 151.48186865393524}, "K74-D020": {"K74-D030": 145.03112256127412}, "K73-U100": {"K73-U110": 224.8586372927419}, "K76-D010": {"K76-D020": 170.469997127746}, "K75A-D110": {"K75A-U011": 174.7456286583847}, "K75A-D080": {"K75A-D090": 104.20836911947121}, "K75P-U030": {"K75P-U040": 112.77191599610515}, "K75P-D070": {"K75P-D080": 92.85499684192862}, "K75P-U010": {"K75P-U020": 89.38929733222909}, "K75A-D020": {"K75A-D030": 24.22794637251061}, "K74-D030": {"K74-D040": 117.00019774552905}, "K75A-D070": {"K75A-D080": 48.812875230894015}, "K74-U090": {"K74-U100": 296.42491392046793}, "K76-U010": {"K76-U020": 9.793443046794787}, "K74-U060": {"K74-U070": 128.38699081444082}, "K75A-D010": {"K75A-D020": 205.22583955110412}, "K74-D090": {"K74-U011": 73.95023902355635}, "K73-U110": {"K73-U120": 227.0735232747917}, "K73-U050": {"K73-U060": 113.80166787703622}, "K73-U060": {"K73-U070": 145.7028111190544}, "K74-U007": {"K74-U010": 240.86339113982976}, "K73-D030": {"K73-D040": 116.55281470375192}, "K73-D040": {"K73-D050": 86.91903230542171}, "K73-U090": {"K73-U100": 129.20260318888367}, "K75P-U140": {"K75P-D010": 145.6622502725033}, "K73-U030": {"K73-U040": 83.59487014522205}, "K73-U010": {"K73-U020": 77.88121482178383}, "K75P-U110": {"K75P-U120": 86.09977058755426}, "K76-D020": {"K76-D030": 129.08471544470842}, "K75A-U030": {"K75A-D010": 242.6229036426477}, "K75P-D060": {"K75P-D070": 182.32698108327116}, "K73-D110": {"K73-D120": 76.14751172500047}, "K75P-U090": {"K75P-U100": 40.781585442375885}, "K74-U080": {"K74-U090": 225.01889773690587}, "K75P-U120": {"K75P-U130": 63.9061279430333}, "K73-U040": {"K73-U050": 107.44020862824718, "K73-U060": 208.29483215547208}, "K75P-U020": {"K75P-U030": 104.56038142011315}, "K73-D010": {"K73-D020": 76.81452337168128}, "K74-D080": {"K74-D090": 176.0346248115434}, "K74-D060": {"K74-D070": 156.15236848864248}, "K75P-D010": {"K75P-D020": 123.1401845020267}, "K73-D090": {"K73-D100": 90.29045041197193}, "K73-D100": {"K73-D110": 179.7108023487797}, "K75A-U010": {"K75A-U020": 43.41067618200843}, "K73-U020": {"K73-U030": 161.89732166519008}, "K75P-U100": {"K75P-U110": 65.05323762072774}, "K75A-D030": {"K75A-D040": 45.939195557533516}, "K75P-D080": {"K75P-U011": 137.2582329351919}, "K75P-D020": {"K75P-D030": 36.43163100352274}, "K75P-U080": {"K75P-U090": 46.36674725807429}, "K75P-D030": {"K75P-D040": 125.28367334374198}, "K75A-D050": {"K75A-D060": 72.67807988835658}, "K76-U030": {"K76-U040": 163.0854266580546}, "K74-U001": {"K74-U004": 132.8050134395254}, "K75P-U130": {"K75P-U140": 35.64717986440017}, "K73-D130": {"K73-D140": 140.470060951175}, "K74-U030": {"K74-U040": 282.440704499298}, "K75A-D100": {"K75A-D110": 101.50514828899887}, "K73-D140": {"K73-D150": 192.81905201597863}, "K74-U010": {"K74-U020": 166.09575882872215}, "K75A-D090": {"K75A-D100": 44.42137062945911}, "K75P-U050": {"K75P-U060": 141.68392166144457}, "K74-D050": {"K74-D060": 97.84291635982292}, "K75P-U060": {"K75P-U070": 31.682523579992953}, "K74-U020": {"K74-U030": 130.2012502176509}, "K75P-D040": {"K75P-D050": 166.94255258793416}, "K74-U004": {"K74-U007": 92.99535300958753}, "K75P-U040": {"K75P-U050": 111.48886442986097}, "K75A-U020": {"K75A-U030": 143.84195686032987}, "K73-D070": {"K73-D080": 148.83777329670824}, "K74-U011": {"K74-D100": 177.1249565685917}, "K73-D120": {"K73-D130": 97.54576131224039}, "K74-U100": {"K74-D010": 116.91701953578725}, "K74-D070": {"K74-D080": 264.12178248959646}, "K74-U040": {"K74-U050": 192.38082438048042}, "K74-D100": {"K74-D110": 82.07732327217823}, "K73-D080": {"K73-D090": 277.69452672989144}, "K75A-D060": {"K75A-D070": 44.55398711928543}, "K75P-U070": {"K75P-U080": 107.68598966087032}, "K75A-D040": {"K75A-D050": 52.47009475234861}, "K73-D020": {"K73-D030": 96.5501062528799}, "K73-D050": {"K73-D060": 64.29878854327228, "K73-D070": 107.35145718871142}, "K74-D110": {"K74-U002": 189.26095368600198}, "K74-D010": {"K74-D020": 158.8309033623746}, "K74-U070": {"K74-U080": 157.12979058249167}, "K73-D060": {"K73-D070": 32.37775094081504}, "K73-D150": {"K73-D160": 47.219568925972546}, "K74-D040": {"K74-D050": 79.43211904026757}, "K74-U050": {"K74-U060": 234.76374742791626}}