{"K76-U020": {"K76-U030": 162.0361288617241}, "K73-U070": {"K73-U080": 159.7662220182589}, "K76-U040": {"K76-U050": 208.13536968264071}, "K76-D030": {"K76-D040": 46.710291498526374}, "K75P-D050": {"K75P-D060": 83.76000723341603}, "K73-U080": {"K73-U090": 256.32078671392355, "K73-U110": 151.48186865393524}, "K74-D020": {"K74-D030": 145.03112256127412}, "K73-U100": {"K73-U110": 248.5690282056863}, "K76-D010": {"K76-D020": 170.469997127746}, "K75A-D110": {"K75A-U011": 181.84018538630136}, "K75A-D080": {"K75A-D090": 101.4772786991094}, "K75P-U030": {"K75P-U040": 124.07957510991541}, "K75P-D070": {"K75P-D080": 84.68382318613115}, "K75P-U010": {"K75P-U020": 92.61758986621223}, "K75A-D020": {"K75A-D030": 22.779480318209277}, "K74-D030": {"K74-D040": 129.07834841041404}, "K75A-D070": {"K75A-D080": 44.43991907071409}, "K74-U090": {"K74-U100": 207.49166671889378}, "K76-U010": {"K76-U020": 35.530826519685704}, "K74-U060": {"K74-U070": 143.32938547902472}, "K75A-D010": {"K75A-D020": 203.00338775400752}, "K74-D090": {"K74-U011": 77.02103101520989}, "K73-U110": {"K73-U120": 212.25554935803453}, "K73-U050": {"K73-U060": 104.10953984359949}, "K73-U060": {"K73-U070": 136.5569914080714}, "K74-U007": {"K74-U010": 235.1884654480908}, "K73-D030": {"K73-D040": 117.39873876394577}, "K73-D040": {"K73-D050": 81.78589982806704}, "K73-U090": {"K73-U100": 112.36253658530772}, "K75P-U140": {"K75P-D010": 146.3901628121454}, "K73-U030": {"K73-U040": 82.84455986568578}, "K73-U010": {"K73-U020": 66.4093053174677}, "K75P-U110": {"K75P-U120": 87.5260600076376}, "K76-D020": {"K76-D030": 126.37580482894347}, "K75A-U030": {"K75A-D010": 223.35514924831182}, "K75P-D060": {"K75P-D070": 189.4301946077835}, "K73-D110": {"K73-D120": 69.81459038510107}, "K75P-U090": {"K75P-U100": 41.109747777766145}, "K74-U080": {"K74-U090": 257.74411191706423}, "K75P-U120": {"K75P-U130": 62.59789607820797}, "K73-U040": {"K73-U050": 111.50980409579361, "K73-U060": 219.38599620194364}, "K75P-U020": {"K75P-U030": 108.27937908286265}, "K73-D010": {"K73-D020": 82.49410281493279}, "K74-D080": {"K74-D090": 167.84670742102443}, "K74-D060": {"K74-D070": 141.9306824578194}, "K75P-D010": {"K75P-D020": 132.32219083041917}, "K73-D090": {"K73-D100": 88.9273953406429}, "K73-D100": {"K73-D110": 184.98208190345687}, "K75A-U010": {"K75A-U020": 44.56209968945038}, "K73-U020": {"K73-U030": 188.24867762284785}, "K75P-U100": {"K75P-U110": 62.72008833117694}, "K75A-D030": {"K75A-D040": 44.955996586362275}, "K75P-D080": {"K75P-U011": 144.24060211959153}, "K75P-D020": {"K75P-D030": 35.8988256637996}, "K75P-U080": {"K75P-U090": 41.96191703639116}, "K75P-D030": {"K75P-D040": 123.5058824648479}, "K75A-D050": {"K75A-D060": 76.54675885510513}, "K76-U030": {"K76-U040": 163.0854266580546}, "K74-U001": {"K74-U004": 145.84775020240193}, "K75P-U130": {"K75P-U140": 39.27302806096245}, "K73-D130": {"K73-D140": 149.90563927956495}, "K74-U030": {"K74-U040": 283.6394927875065}, "K75A-D100": {"K75A-D110": 101.58119391985626}, "K73-D140": {"K73-D150": 207.46195824441605}, "K74-U010": {"K74-U020": 174.08071089406243}, "K75A-D090": {"K75A-D100": 50.67758636242564}, "K75P-U050": {"K75P-U060": 154.27331741267994}, "K74-D050": {"K74-D060": 106.33127876375904}, "K75P-U060": {"K75P-U070": 28.588476356993862}, "K74-U020": {"K74-U030": 136.58732123925478}, "K75P-D040": {"K75P-D050": 167.20675443736332}, "K74-U004": {"K74-U007": 101.62464577813053}, "K75P-U040": {"K75P-U050": 108.33890797916438}, "K75A-U020": {"K75A-U030": 139.97491430690016}, "K73-D070": {"K73-D080": 153.5746914999316}, "K74-U011": {"K74-D100": 174.57528791810282}, "K73-D120": {"K73-D130": 104.32270407938844}, "K74-U100": {"K74-D010": 116.73481247100048}, "K74-D070": {"K74-D080": 263.5329145469799}, "K74-U040": {"K74-U050": 177.79159155675072}, "K74-D100": {"K74-D110": 85.40002666860603}, "K73-D080": {"K73-D090": 276.2398685429463}, "K75A-D060": {"K75A-D070": 36.13554180797536}, "K75P-U070": {"K75P-U080": 105.76355853239299}, "K75A-D040": {"K75A-D050": 54.630713769544705}, "K73-D020": {"K73-D030": 98.99060898239712}, "K73-D050": {"K73-D060": 64.29878854327228, "K73-D070": 103.55251282622005}, "K74-D110": {"K74-U002": 187.73638089744534}, "K74-D010": {"K74-D020": 157.654986343924}, "K74-U070": {"K74-U080": 145.17183905563513}, "K73-D060": {"K73-D070": 32.37775094081504}, "K73-D150": {"K73-D160": 47.198811397108344}, "K74-D040": {"K74-D050": 75.25265600633153}, "K74-U050": {"K74-U060": 235.76239697526754}}