{"K76-U020": {"K76-U030": 147.560596775274}, "K73-U070": {"K73-U080": 165.0394634079686}, "K76-U040": {"K76-U050": 187.473415928741}, "K76-D030": {"K76-D040": 55.971381421598814}, "K75P-D050": {"K75P-D060": 96.28219632135782}, "K73-U080": {"K73-U090": 252.9357683739301, "K73-U110": 151.48186865393524}, "K74-D020": {"K74-D030": 145.03112256127412}, "K73-U100": {"K73-U110": 277.1923672069133}, "K76-D010": {"K76-D020": 170.469997127746}, "K75A-D110": {"K75A-U011": 177.63766476404393}, "K75A-D080": {"K75A-D090": 120.07196603841854}, "K75P-U030": {"K75P-U040": 118.2602040659061}, "K75P-D070": {"K75P-D080": 87.97209814665817}, "K75P-U010": {"K75P-U020": 92.12931938848074}, "K75A-D020": {"K75A-D030": 22.64082031770637}, "K74-D030": {"K74-D040": 128.29711599119187}, "K75A-D070": {"K75A-D080": 52.750204018440215}, "K74-U090": {"K74-U100": 209.6351925342662}, "K76-U010": {"K76-U020": 11.929556088098199}, "K74-U060": {"K74-U070": 144.47245534352254}, "K75A-D010": {"K75A-D020": 209.37884111502927}, "K74-D090": {"K74-U011": 80.398931610088}, "K73-U110": {"K73-U120": 216.25089259294072}, "K73-U050": {"K73-U060": 107.22985405085153}, "K73-U060": {"K73-U070": 129.3299035609663}, "K74-U007": {"K74-U010": 245.23326218049232}, "K73-D030": {"K73-D040": 117.21521592611921}, "K73-D040": {"K73-D050": 88.11366375569476}, "K73-U090": {"K73-U100": 132.32912232954988}, "K75P-U140": {"K75P-D010": 150.55562717296385}, "K73-U030": {"K73-U040": 96.57379434444442}, "K73-U010": {"K73-U020": 73.60538617698171}, "K75P-U110": {"K75P-U120": 85.50480619575202}, "K76-D020": {"K76-D030": 138.9338634767514}, "K75A-U030": {"K75A-D010": 236.84311142662824}, "K75P-D060": {"K75P-D070": 196.08923052721659}, "K73-D110": {"K73-D120": 84.96553562030121}, "K75P-U090": {"K75P-U100": 49.50483254673162}, "K74-U080": {"K74-U090": 254.05973065282205}, "K75P-U120": {"K75P-U130": 66.04817063342631}, "K73-U040": {"K73-U050": 111.36039961669465, "K73-U060": 229.33160999353623}, "K75P-U020": {"K75P-U030": 108.74136849917559}, "K73-D010": {"K73-D020": 82.30716514395979}, "K74-D080": {"K74-D090": 165.48018473893416}, "K74-D060": {"K74-D070": 143.2778527908337}, "K75P-D010": {"K75P-D020": 143.54371551802254}, "K73-D090": {"K73-D100": 85.60112652766821}, "K73-D100": {"K73-D110": 187.6098435431723}, "K75A-U010": {"K75A-U020": 49.667037188669404}, "K73-U020": {"K73-U030": 175.96934481520108}, "K75P-U100": {"K75P-U110": 67.69056726855904}, "K75A-D030": {"K75A-D040": 43.67494005168529}, "K75P-D080": {"K75P-U011": 138.95850007476693}, "K75P-D020": {"K75P-D030": 36.75770060872788}, "K75P-U080": {"K75P-U090": 44.433061503523646}, "K75P-D030": {"K75P-D040": 127.12244733793663}, "K75A-D050": {"K75A-D060": 78.18467635219591}, "K76-U030": {"K76-U040": 163.0854266580546}, "K74-U001": {"K74-U004": 146.17270989755102}, "K75P-U130": {"K75P-U140": 42.694279701014445}, "K73-D130": {"K73-D140": 156.7219037955809}, "K74-U030": {"K74-U040": 276.1994930960947}, "K75A-D100": {"K75A-D110": 106.91085389845901}, "K73-D140": {"K73-D150": 220.08379743021024}, "K74-U010": {"K74-U020": 182.28180441759434}, "K75A-D090": {"K75A-D100": 52.50899740859975}, "K75P-U050": {"K75P-U060": 150.25130174908077}, "K74-D050": {"K74-D060": 101.3595931057418}, "K75P-U060": {"K75P-U070": 27.242197502587494}, "K74-U020": {"K74-U030": 133.2926571834167}, "K75P-D040": {"K75P-D050": 164.4436592146045}, "K74-U004": {"K74-U007": 99.56396308028575}, "K75P-U040": {"K75P-U050": 103.98159408541385}, "K75A-U020": {"K75A-U030": 137.1712013761011}, "K73-D070": {"K73-D080": 156.93210883919784}, "K74-U011": {"K74-D100": 172.80243815783604}, "K73-D120": {"K73-D130": 107.04991832527143}, "K74-U100": {"K74-D010": 117.20317829135936}, "K74-D070": {"K74-D080": 265.11706571084625}, "K74-U040": {"K74-U050": 190.39729789834573}, "K74-D100": {"K74-D110": 85.4820194414138}, "K73-D080": {"K73-D090": 277.6963034607001}, "K75A-D060": {"K75A-D070": 41.76339504222575}, "K75P-U070": {"K75P-U080": 112.23403770395275}, "K75A-D040": {"K75A-D050": 57.35241829238119}, "K73-D020": {"K73-D030": 95.8900395653927}, "K73-D050": {"K73-D060": 64.29878854327228, "K73-D070": 106.24201306887923}, "K74-D110": {"K74-U002": 186.1227428077008}, "K74-D010": {"K74-D020": 158.0944850447206}, "K74-U070": {"K74-U080": 142.58101360440224}, "K73-D060": {"K73-D070": 32.37775094081504}, "K73-D150": {"K73-D160": 43.00223350849198}, "K74-D040": {"K74-D050": 76.31567760575413}, "K74-U050": {"K74-U060": 246.20815193983987}}