{"K76-U020": {"K76-U030": 154.39249619619065}, "K73-U070": {"K73-U080": 160.33275876783145}, "K76-U040": {"K76-U050": 179.15856192200764}, "K76-D030": {"K76-D040": 51.622775575225106}, "K75P-D050": {"K75P-D060": 90.72996688567429}, "K73-U080": {"K73-U090": 271.46069248641663, "K73-U110": 151.48186865393524}, "K74-D020": {"K74-D030": 145.03112256127412}, "K73-U100": {"K73-U110": 228.99245181923658}, "K76-D010": {"K76-D020": 170.469997127746}, "K75A-D110": {"K75A-U011": 177.13820765482532}, "K75A-D080": {"K75A-D090": 109.75533862591195}, "K75P-U030": {"K75P-U040": 111.26890046269338}, "K75P-D070": {"K75P-D080": 90.08337842226021}, "K75P-U010": {"K75P-U020": 100.34318786255521}, "K75A-D020": {"K75A-D030": 21.736945526041215}, "K74-D030": {"K74-D040": 119.53571423378746}, "K75A-D070": {"K75A-D080": 41.94459632688404}, "K74-U090": {"K74-U100": 196.29891563260065}, "K76-U010": {"K76-U020": 9.548077927146474}, "K74-U060": {"K74-U070": 145.953080277127}, "K75A-D010": {"K75A-D020": 209.13785471289708}, "K74-D090": {"K74-U011": 76.8397803876863}, "K73-U110": {"K73-U120": 218.7494030207801}, "K73-U050": {"K73-U060": 106.4495508891412}, "K73-U060": {"K73-U070": 138.1112155212013}, "K74-U007": {"K74-U010": 241.53380276594157}, "K73-D030": {"K73-D040": 115.55007504440712}, "K73-D040": {"K73-D050": 87.02082026481688}, "K73-U090": {"K73-U100": 144.71005983372254}, "K75P-U140": {"K75P-D010": 152.74802258526128}, "K73-U030": {"K73-U040": 87.40820892432403}, "K73-U010": {"K73-U020": 68.60200714070422}, "K75P-U110": {"K75P-U120": 86.29590263533224}, "K76-D020": {"K76-D030": 104.76421847694921}, "K75A-U030": {"K75A-D010": 228.41455803099907}, "K75P-D060": {"K75P-D070": 173.06856092299418}, "K73-D110": {"K73-D120": 82.40468769339235}, "K75P-U090": {"K75P-U100": 39.921827571596125}, "K74-U080": {"K74-U090": 237.17234731173056}, "K75P-U120": {"K75P-U130": 65.43681052035863}, "K73-U040": {"K73-U050": 117.09186685954342, "K73-U060": 215.3128274714291}, "K75P-U020": {"K75P-U030": 105.03848857730327}, "K73-D010": {"K73-D020": 78.66859277379858}, "K74-D080": {"K74-D090": 167.0315143962128}, "K74-D060": {"K74-D070": 144.68739847522266}, "K75P-D010": {"K75P-D020": 137.2506655188529}, "K73-D090": {"K73-D100": 86.19523258332117}, "K73-D100": {"K73-D110": 205.93362620794915}, "K75A-U010": {"K75A-U020": 50.30931040375127}, "K73-U020": {"K73-U030": 182.53677216641387}, "K75P-U100": {"K75P-U110": 65.02411482402644}, "K75A-D030": {"K75A-D040": 46.037221804690375}, "K75P-D080": {"K75P-U011": 144.64141117588025}, "K75P-D020": {"K75P-D030": 37.20079089664051}, "K75P-U080": {"K75P-U090": 41.8290162232598}, "K75P-D030": {"K75P-D040": 126.45332822913554}, "K75A-D050": {"K75A-D060": 72.16950779170944}, "K76-U030": {"K76-U040": 163.0854266580546}, "K74-U001": {"K74-U004": 149.49557849824768}, "K75P-U130": {"K75P-U140": 37.19193078842432}, "K73-D130": {"K73-D140": 149.43630249802715}, "K74-U030": {"K74-U040": 284.2505779441128}, "K75A-D100": {"K75A-D110": 99.82464894876097}, "K73-D140": {"K73-D150": 216.74176086307165}, "K74-U010": {"K74-U020": 167.4827696767956}, "K75A-D090": {"K75A-D100": 45.329633692540575}, "K75P-U050": {"K75P-U060": 166.46516272965604}, "K74-D050": {"K74-D060": 98.60532849365856}, "K75P-U060": {"K75P-U070": 31.790055300625944}, "K74-U020": {"K74-U030": 124.80122680496102}, "K75P-D040": {"K75P-D050": 163.62253043586261}, "K74-U004": {"K74-U007": 96.76093629462267}, "K75P-U040": {"K75P-U050": 101.9418885003883}, "K75A-U020": {"K75A-U030": 140.46110290110158}, "K73-D070": {"K73-D080": 148.99019910075145}, "K74-U011": {"K74-D100": 167.63431418705107}, "K73-D120": {"K73-D130": 112.03371564284382}, "K74-U100": {"K74-D010": 124.31594832518547}, "K74-D070": {"K74-D080": 267.08345881527566}, "K74-U040": {"K74-U050": 181.90417896931876}, "K74-D100": {"K74-D110": 80.73234139929725}, "K73-D080": {"K73-D090": 266.9000051838676}, "K75A-D060": {"K75A-D070": 45.65124059397063}, "K75P-U070": {"K75P-U080": 110.15095921529777}, "K75A-D040": {"K75A-D050": 53.66003857565096}, "K73-D020": {"K73-D030": 78.03347425548671}, "K73-D050": {"K73-D060": 64.29878854327228, "K73-D070": 102.15030948732893}, "K74-D110": {"K74-U002": 186.06903643357492}, "K74-D010": {"K74-D020": 154.73963703986811}, "K74-U070": {"K74-U080": 151.72639960671216}, "K73-D060": {"K73-D070": 32.37775094081504}, "K73-D150": {"K73-D160": 48.722554830251745}, "K74-D040": {"K74-D050": 81.21587034841154}, "K74-U050": {"K74-U060": 219.67797745955713}}