{"K76-U020": {"K76-U030": 151.3192599515593}, "K73-U070": {"K73-U080": 159.20864485194352}, "K76-U040": {"K76-U050": 184.1202613400777}, "K76-D030": {"K76-D040": 78.32993462565557}, "K75P-D050": {"K75P-D060": 90.36096322996373}, "K73-U080": {"K73-U090": 255.6813889573199, "K73-U110": 151.48186865393524}, "K74-D020": {"K74-D030": 145.03112256127412}, "K73-U100": {"K73-U110": 260.4674677568776}, "K76-D010": {"K76-D020": 170.469997127746}, "K75A-D110": {"K75A-U011": 172.87012482726465}, "K75A-D080": {"K75A-D090": 91.70622640944678}, "K75P-U030": {"K75P-U040": 121.6214968791542}, "K75P-D070": {"K75P-D080": 96.10024432175557}, "K75P-U010": {"K75P-U020": 93.72527004074554}, "K75A-D020": {"K75A-D030": 23.1371789037487}, "K74-D030": {"K74-D040": 120.27754415649068}, "K75A-D070": {"K75A-D080": 46.465739643114674}, "K74-U090": {"K74-U100": 267.83997602321904}, "K76-U010": {"K76-U020": 15.40010960334485}, "K74-U060": {"K74-U070": 134.69731467335464}, "K75A-D010": {"K75A-D020": 194.7597104868881}, "K74-D090": {"K74-U011": 77.6268168769178}, "K73-U110": {"K73-U120": 225.10228524603613}, "K73-U050": {"K73-U060": 108.2738272126779}, "K73-U060": {"K73-U070": 146.37569650030795}, "K74-U007": {"K74-U010": 236.80038583415808}, "K73-D030": {"K73-D040": 114.5991262504131}, "K73-D040": {"K73-D050": 83.26278941679135}, "K73-U090": {"K73-U100": 116.6553139497269}, "K75P-U140": {"K75P-D010": 142.52592561478463}, "K73-U030": {"K73-U040": 78.66889451237589}, "K73-U010": {"K73-U020": 77.191199441848}, "K75P-U110": {"K75P-U120": 88.70660583148312}, "K76-D020": {"K76-D030": 114.77115387846524}, "K75A-U030": {"K75A-D010": 234.66481112191482}, "K75P-D060": {"K75P-D070": 175.96311431557064}, "K73-D110": {"K73-D120": 75.55175373830193}, "K75P-U090": {"K75P-U100": 41.213070521500114}, "K74-U080": {"K74-U090": 228.8070079632153}, "K75P-U120": {"K75P-U130": 62.04068929367578}, "K73-U040": {"K73-U050": 110.1408070617172, "K73-U060": 201.16352395660584}, "K75P-U020": {"K75P-U030": 111.52735759245195}, "K73-D010": {"K73-D020": 82.624236910326}, "K74-D080": {"K74-D090": 171.40318460496826}, "K74-D060": {"K74-D070": 155.2767600688585}, "K75P-D010": {"K75P-D020": 138.5833180935417}, "K73-D090": {"K73-D100": 75.74905383252796}, "K73-D100": {"K73-D110": 187.14901386000346}, "K75A-U010": {"K75A-U020": 43.51188803635374}, "K73-U020": {"K73-U030": 166.77101778743997}, "K75P-U100": {"K75P-U110": 57.58119656286385}, "K75A-D030": {"K75A-D040": 47.56023644879074}, "K75P-D080": {"K75P-U011": 143.37205075215314}, "K75P-D020": {"K75P-D030": 36.4579154506897}, "K75P-U080": {"K75P-U090": 46.27321108369211}, "K75P-D030": {"K75P-D040": 132.3836132325264}, "K75A-D050": {"K75A-D060": 75.33514004009672}, "K76-U030": {"K76-U040": 163.0854266580546}, "K74-U001": {"K74-U004": 138.80652931767258}, "K75P-U130": {"K75P-U140": 40.42631197513903}, "K73-D130": {"K73-D140": 137.71325966381497}, "K74-U030": {"K74-U040": 276.9111459758303}, "K75A-D100": {"K75A-D110": 105.74909607602953}, "K73-D140": {"K73-D150": 190.44475524927947}, "K74-U010": {"K74-U020": 181.65843406769494}, "K75A-D090": {"K75A-D100": 43.61244345278946}, "K75P-U050": {"K75P-U060": 156.27270500831455}, "K74-D050": {"K74-D060": 90.62661702186259}, "K75P-U060": {"K75P-U070": 32.717820863931124}, "K74-U020": {"K74-U030": 127.09640381691858}, "K75P-D040": {"K75P-D050": 167.17327901206863}, "K74-U004": {"K74-U007": 97.72461234398932}, "K75P-U040": {"K75P-U050": 106.80609516981183}, "K75A-U020": {"K75A-U030": 143.4031739641842}, "K73-D070": {"K73-D080": 153.22678973668116}, "K74-U011": {"K74-D100": 165.51896400465301}, "K73-D120": {"K73-D130": 105.99721246941041}, "K74-U100": {"K74-D010": 116.50289086568702}, "K74-D070": {"K74-D080": 259.39699628917106}, "K74-U040": {"K74-U050": 176.5967688760332}, "K74-D100": {"K74-D110": 80.0447757613807}, "K73-D080": {"K73-D090": 273.25448270218635}, "K75A-D060": {"K75A-D070": 45.65634473377898}, "K75P-U070": {"K75P-U080": 103.46501988546079}, "K75A-D040": {"K75A-D050": 60.27966544680157}, "K73-D020": {"K73-D030": 86.76602246300675}, "K73-D050": {"K73-D060": 64.29878854327228, "K73-D070": 111.98129628042739}, "K74-D110": {"K74-U002": 183.35337248566162}, "K74-D010": {"K74-D020": 150.48551601380368}, "K74-U070": {"K74-U080": 155.39476813694995}, "K73-D060": {"K73-D070": 32.37775094081504}, "K73-D150": {"K73-D160": 51.363014916827105}, "K74-D040": {"K74-D050": 75.23934397208761}, "K74-U050": {"K74-U060": 239.41647187495101}}