{"K76-U020": {"K76-U030": 149.9179707737539}, "K73-U070": {"K73-U080": 157.45186921357262}, "K76-U040": {"K76-U050": 164.9557404049153}, "K76-D030": {"K76-D040": 49.49414812078739}, "K75P-D050": {"K75P-D060": 98.89918970557852}, "K73-U080": {"K73-U090": 277.6275610472771, "K73-U110": 151.50094717525218}, "K74-D020": {"K74-D030": 145.02339916420846}, "K73-U100": {"K73-U110": 252.25986778182482}, "K76-D010": {"K76-D020": 170.41630763929464}, "K75A-D110": {"K75A-U011": 168.4133891948025}, "K75A-D080": {"K75A-D090": 119.49113567047007}, "K75P-U030": {"K75P-U040": 132.45834608719542}, "K75P-D070": {"K75P-D080": 102.34159312542752}, "K75P-U010": {"K75P-U020": 99.41659258809759}, "K75A-D020": {"K75A-D030": 23.236136040617737}, "K74-D030": {"K74-D040": 132.62203987224322}, "K75A-D070": {"K75A-D080": 51.36642437294937}, "K74-U090": {"K74-U100": 201.32336111412388}, "K76-U010": {"K76-U020": 41.48677915948478}, "K74-U060": {"K74-U070": 143.78994796778633}, "K75A-D010": {"K75A-D020": 199.87114894245633}, "K74-D090": {"K74-U011": 74.06818061361716}, "K73-U110": {"K73-U120": 211.0865584914794}, "K73-U050": {"K73-U060": 106.89148079646301}, "K73-U060": {"K73-U070": 134.08429362923087}, "K74-U007": {"K74-U010": 247.03093575184184}, "K73-D030": {"K73-D040": 113.84478650318155}, "K73-D040": {"K73-D050": 84.72347436334145}, "K73-U090": {"K73-U100": 127.12072972977845}, "K75P-U140": {"K75P-D010": 150.47460984471996}, "K73-U030": {"K73-U040": 94.96424842197379}, "K73-U010": {"K73-U020": 78.50476009809667}, "K75P-U110": {"K75P-U120": 86.73080619444457}, "K76-D020": {"K76-D030": 123.84294568019399}, "K75A-U030": {"K75A-D010": 232.07621913478638}, "K75P-D060": {"K75P-D070": 184.35573752139672}, "K73-D110": {"K73-D120": 73.69065059373133}, "K75P-U090": {"K75P-U100": 43.06353610738064}, "K74-U080": {"K74-U090": 245.91849605131202}, "K75P-U120": {"K75P-U130": 66.80306631304077}, "K73-U040": {"K73-U050": 99.06702067201934, "K73-U060": 187.76865075020916}, "K75P-U020": {"K75P-U030": 112.19375415380276}, "K73-D010": {"K73-D020": 76.63138560462104}, "K74-D080": {"K74-D090": 178.2204723552551}, "K74-D060": {"K74-D070": 147.42163462560893}, "K75P-D010": {"K75P-D020": 137.07848238873262}, "K73-D090": {"K73-D100": 81.96846863237096}, "K73-D100": {"K73-D110": 188.67827520148924}, "K75A-U010": {"K75A-U020": 41.87587162780901}, "K73-U020": {"K73-U030": 192.78123234011565}, "K75P-U100": {"K75P-U110": 64.84817255800421}, "K75A-D030": {"K75A-D040": 46.38655747504761}, "K75P-D080": {"K75P-U011": 142.72568913819342}, "K75P-D020": {"K75P-D030": 37.8528437376081}, "K75P-U080": {"K75P-U090": 46.981309747876935}, "K75P-D030": {"K75P-D040": 124.51607376609313}, "K75A-D050": {"K75A-D060": 78.67685938402673}, "K76-U030": {"K76-U040": 163.100854099248}, "K74-U001": {"K74-U004": 147.92426643659297}, "K75P-U130": {"K75P-U140": 40.07195233971484}, "K73-D130": {"K73-D140": 148.79269559440746}, "K74-U030": {"K74-U040": 292.32464427479863}, "K75A-D100": {"K75A-D110": 103.62880247623302}, "K73-D140": {"K73-D150": 212.1118951884103}, "K74-U010": {"K74-U020": 174.8215566024161}, "K75A-D090": {"K75A-D100": 50.52917696304315}, "K75P-U050": {"K75P-U060": 159.75419441163535}, "K74-D050": {"K74-D060": 107.92339970824267}, "K75P-U060": {"K75P-U070": 29.724684585949063}, "K74-U020": {"K74-U030": 119.90264411423064}, "K75P-D040": {"K75P-D050": 168.56351372985472}, "K74-U004": {"K74-U007": 88.00219918240502}, "K75P-U040": {"K75P-U050": 111.81078799518608}, "K75A-U020": {"K75A-U030": 140.89641036649158}, "K73-D070": {"K73-D080": 157.93911211285007}, "K74-U011": {"K74-D100": 171.90270118286244}, "K73-D120": {"K73-D130": 113.14625582572346}, "K74-U100": {"K74-D010": 122.12259397265579}, "K74-D070": {"K74-D080": 264.5307780450269}, "K74-U040": {"K74-U050": 182.8264574750523}, "K74-D100": {"K74-D110": 86.15795122923751}, "K73-D080": {"K73-D090": 276.7165971699117}, "K75A-D060": {"K75A-D070": 43.290973774777996}, "K75P-U070": {"K75P-U080": 107.65694564147964}, "K75A-D040": {"K75A-D050": 52.20068095057688}, "K73-D020": {"K73-D030": 95.24580672657663}, "K73-D050": {"K73-D060": 64.29878854327228, "K73-D070": 98.99413640475612}, "K74-D110": {"K74-U002": 178.36293046133824}, "K74-D010": {"K74-D020": 155.5697466908137}, "K74-U070": {"K74-U080": 170.10653308531036}, "K73-D060": {"K73-D070": 32.37775094081504}, "K73-D150": {"K73-D160": 49.67282558336204}, "K74-D040": {"K74-D050": 78.63559337400177}, "K74-U050": {"K74-U060": 236.9281351425665}}