{"K76-U020": {"K76-U030": 150.3328320003023}, "K73-U070": {"K73-U080": 155.6291636942372}, "K76-U040": {"K76-U050": 188.78130546320088}, "K76-D030": {"K76-D040": 58.85690619110036}, "K75P-D050": {"K75P-D060": 87.59284309972986}, "K73-U080": {"K73-U090": 291.0821042652557, "K73-U110": 151.50094717525218}, "K74-D020": {"K74-D030": 145.02339785046553}, "K73-U100": {"K73-U110": 230.466152532965}, "K76-D010": {"K76-D020": 170.41630763929464}, "K75A-D110": {"K75A-U011": 174.2721862857058}, "K75A-D080": {"K75A-D090": 120.97660970258676}, "K75P-U030": {"K75P-U040": 133.06466069395867}, "K75P-D070": {"K75P-D080": 92.43981613389671}, "K75P-U010": {"K75P-U020": 98.44377240185011}, "K75A-D020": {"K75A-D030": 25.937822312958495}, "K74-D030": {"K74-D040": 125.91666229174481}, "K75A-D070": {"K75A-D080": 49.4444007837962}, "K74-U090": {"K74-U100": 199.03071150427903}, "K76-U010": {"K76-U020": 19.272267938717103}, "K74-U060": {"K74-U070": 154.52491433436435}, "K75A-D010": {"K75A-D020": 203.8420703734149}, "K74-D090": {"K74-U011": 72.3998036673269}, "K73-U110": {"K73-U120": 223.5937724129895}, "K73-U050": {"K73-U060": 110.82579147956096}, "K73-U060": {"K73-U070": 138.3332870390738}, "K74-U007": {"K74-U010": 243.06298341420515}, "K73-D030": {"K73-D040": 116.21480151988494}, "K73-D040": {"K73-D050": 84.74676922621757}, "K73-U090": {"K73-U100": 132.28412472945166}, "K75P-U140": {"K75P-D010": 141.14489397365506}, "K73-U030": {"K73-U040": 90.93592772233396}, "K73-U010": {"K73-U020": 73.1169454152269}, "K75P-U110": {"K75P-U120": 87.23023247347987}, "K76-D020": {"K76-D030": 104.99604312759664}, "K75A-U030": {"K75A-D010": 224.35405768627984}, "K75P-D060": {"K75P-D070": 181.44645186786292}, "K73-D110": {"K73-D120": 75.98876168821879}, "K75P-U090": {"K75P-U100": 42.1213839854416}, "K74-U080": {"K74-U090": 245.37823846000532}, "K75P-U120": {"K75P-U130": 66.75301529622348}, "K73-U040": {"K73-U050": 101.17903751964647, "K73-U060": 206.74492448182974}, "K75P-U020": {"K75P-U030": 115.225744890279}, "K73-D010": {"K73-D020": 78.96650784906254}, "K74-D080": {"K74-D090": 170.678824346981}, "K74-D060": {"K74-D070": 142.30493603007585}, "K75P-D010": {"K75P-D020": 131.35216726314192}, "K73-D090": {"K73-D100": 74.80823884553583}, "K73-D100": {"K73-D110": 197.05461125659724}, "K75A-U010": {"K75A-U020": 46.14825013339372}, "K73-U020": {"K73-U030": 194.19249503760926}, "K75P-U100": {"K75P-U110": 62.7863854703186}, "K75A-D030": {"K75A-D040": 48.51986297710349}, "K75P-D080": {"K75P-U011": 135.38668919865063}, "K75P-D020": {"K75P-D030": 31.99225186850547}, "K75P-U080": {"K75P-U090": 44.96244962202517}, "K75P-D030": {"K75P-D040": 123.35468672779264}, "K75A-D050": {"K75A-D060": 74.78003142762574}, "K76-U030": {"K76-U040": 163.100854099248}, "K74-U001": {"K74-U004": 150.56299023227626}, "K75P-U130": {"K75P-U140": 42.53449880514138}, "K73-D130": {"K73-D140": 147.2611744537989}, "K74-U030": {"K74-U040": 292.668243120239}, "K75A-D100": {"K75A-D110": 103.31162432350543}, "K73-D140": {"K73-D150": 205.9660272884108}, "K74-U010": {"K74-U020": 186.02366947284926}, "K75A-D090": {"K75A-D100": 49.98415639829163}, "K75P-U050": {"K75P-U060": 155.7031653353722}, "K74-D050": {"K74-D060": 108.47676629372022}, "K75P-U060": {"K75P-U070": 27.986250219121594}, "K74-U020": {"K74-U030": 131.87322549071084}, "K75P-D040": {"K75P-D050": 148.3157814805267}, "K74-U004": {"K74-U007": 88.03993532212687}, "K75P-U040": {"K75P-U050": 103.40328593818924}, "K75A-U020": {"K75A-U030": 153.47121200626944}, "K73-D070": {"K73-D080": 166.9219749946489}, "K74-U011": {"K74-D100": 166.8217325193216}, "K73-D120": {"K73-D130": 108.15375662717891}, "K74-U100": {"K74-D010": 121.56830111785118}, "K74-D070": {"K74-D080": 266.97669347534224}, "K74-U040": {"K74-U050": 195.23185933829942}, "K74-D100": {"K74-D110": 81.72318308470014}, "K73-D080": {"K73-D090": 243.69475049712491}, "K75A-D060": {"K75A-D070": 46.19725314023462}, "K75P-U070": {"K75P-U080": 104.46993368433432}, "K75A-D040": {"K75A-D050": 51.661920675116754}, "K73-D020": {"K73-D030": 106.48315524924422}, "K73-D050": {"K73-D060": 64.29878854327228, "K73-D070": 104.68487895323635}, "K74-D110": {"K74-U002": 174.291678675684}, "K74-D010": {"K74-D020": 158.12232987140135}, "K74-U070": {"K74-U080": 165.58929399800627}, "K73-D060": {"K73-D070": 32.37775094081504}, "K73-D150": {"K73-D160": 48.110757024960684}, "K74-D040": {"K74-D050": 78.79914487827291}, "K74-U050": {"K74-U060": 253.3525799282911}}