{"K76-U020": {"K76-U030": 163.42369375333476}, "K73-U070": {"K73-U080": 164.37638882213125}, "K76-U040": {"K76-U050": 181.25935216861697}, "K76-D030": {"K76-D040": 51.56346568345422}, "K75P-D050": {"K75P-D060": 84.92006287659184}, "K73-U080": {"K73-U090": 281.0096215134023, "K73-U110": 151.50094717525218}, "K74-D020": {"K74-D030": 145.02339764528114}, "K73-U100": {"K73-U110": 238.79627163832492}, "K76-D010": {"K76-D020": 170.41630763929464}, "K75A-D110": {"K75A-U011": 164.66301959657002}, "K75A-D080": {"K75A-D090": 102.89440536923476}, "K75P-U030": {"K75P-U040": 127.12476612417026}, "K75P-D070": {"K75P-D080": 92.6689153102078}, "K75P-U010": {"K75P-U020": 96.38770691730002}, "K75A-D020": {"K75A-D030": 22.526256271336898}, "K74-D030": {"K74-D040": 128.58019284638596}, "K75A-D070": {"K75A-D080": 45.06034585486589}, "K74-U090": {"K74-U100": 189.54010954105888}, "K76-U010": {"K76-U020": 13.770635632588235}, "K74-U060": {"K74-U070": 130.37027497960986}, "K75A-D010": {"K75A-D020": 209.00224305861494}, "K74-D090": {"K74-U011": 69.89688178685401}, "K73-U110": {"K73-U120": 206.28102750689544}, "K73-U050": {"K73-U060": 109.57927645880356}, "K73-U060": {"K73-U070": 137.38947834051655}, "K74-U007": {"K74-U010": 251.98499519832504}, "K73-D030": {"K73-D040": 109.6588292293795}, "K73-D040": {"K73-D050": 83.44744580823775}, "K73-U090": {"K73-U100": 126.65787426643324}, "K75P-U140": {"K75P-D010": 151.28517508422297}, "K73-U030": {"K73-U040": 90.39730110259924}, "K73-U010": {"K73-U020": 73.14291366741585}, "K75P-U110": {"K75P-U120": 84.75817491906744}, "K76-D020": {"K76-D030": 124.29223966445497}, "K75A-U030": {"K75A-D010": 227.50586292398188}, "K75P-D060": {"K75P-D070": 186.7695441287106}, "K73-D110": {"K73-D120": 69.31993137575228}, "K75P-U090": {"K75P-U100": 41.38515047354194}, "K74-U080": {"K74-U090": 235.63277277185708}, "K75P-U120": {"K75P-U130": 64.41810178348122}, "K73-U040": {"K73-U050": 105.82932134763686, "K73-U060": 200.37064479187205}, "K75P-U020": {"K75P-U030": 114.54278569688725}, "K73-D010": {"K73-D020": 76.65797507010055}, "K74-D080": {"K74-D090": 164.1724766214215}, "K74-D060": {"K74-D070": 155.1044536496094}, "K75P-D010": {"K75P-D020": 128.1956880996847}, "K73-D090": {"K73-D100": 80.03195795339894}, "K73-D100": {"K73-D110": 177.4508464467076}, "K75A-U010": {"K75A-U020": 44.90049856147142}, "K73-U020": {"K73-U030": 166.57362495199908}, "K75P-U100": {"K75P-U110": 65.06367648407931}, "K75A-D030": {"K75A-D040": 44.76775102598436}, "K75P-D080": {"K75P-U011": 134.4241271773204}, "K75P-D020": {"K75P-D030": 29.049106799635744}, "K75P-U080": {"K75P-U090": 43.193714897971404}, "K75P-D030": {"K75P-D040": 136.94219369006254}, "K75A-D050": {"K75A-D060": 77.34933191628758}, "K76-U030": {"K76-U040": 163.100854099248}, "K74-U001": {"K74-U004": 150.93402297640367}, "K75P-U130": {"K75P-U140": 41.888393090668714}, "K73-D130": {"K73-D140": 143.00627335186562}, "K74-U030": {"K74-U040": 296.71741631783084}, "K75A-D100": {"K75A-D110": 95.43291551220923}, "K73-D140": {"K73-D150": 198.62304558108752}, "K74-U010": {"K74-U020": 152.82225288607054}, "K75A-D090": {"K75A-D100": 46.56605494739826}, "K75P-U050": {"K75P-U060": 153.14501434394228}, "K74-D050": {"K74-D060": 97.28184353621012}, "K75P-U060": {"K75P-U070": 30.40512130806572}, "K74-U020": {"K74-U030": 132.25471505864428}, "K75P-D040": {"K75P-D050": 168.18603875160028}, "K74-U004": {"K74-U007": 96.83980791251228}, "K75P-U040": {"K75P-U050": 106.70743787581321}, "K75A-U020": {"K75A-U030": 136.06598546135723}, "K73-D070": {"K73-D080": 153.80784724952653}, "K74-U011": {"K74-D100": 164.10420246243194}, "K73-D120": {"K73-D130": 107.74524288300987}, "K74-U100": {"K74-D010": 115.05765385574914}, "K74-D070": {"K74-D080": 254.01525529220672}, "K74-U040": {"K74-U050": 212.32546364294217}, "K74-D100": {"K74-D110": 87.6068755588677}, "K73-D080": {"K73-D090": 261.68612721904265}, "K75A-D060": {"K75A-D070": 41.30164778981769}, "K75P-U070": {"K75P-U080": 101.62562433754027}, "K75A-D040": {"K75A-D050": 53.567571126246904}, "K73-D020": {"K73-D030": 93.23312709927355}, "K73-D050": {"K73-D060": 64.29878854327228, "K73-D070": 102.51252228764524}, "K74-D110": {"K74-U002": 171.81594213148122}, "K74-D010": {"K74-D020": 156.53916064098655}, "K74-U070": {"K74-U080": 156.17145051857636}, "K73-D060": {"K73-D070": 32.37775094081504}, "K73-D150": {"K73-D160": 44.06432189405068}, "K74-D040": {"K74-D050": 80.87866465255527}, "K74-U050": {"K74-U060": 232.0843508255431}}