{"K76-U020": {"K76-U030": 145.16290249198244}, "K73-U070": {"K73-U080": 151.81503466450766}, "K76-U040": {"K76-U050": 177.67513804702062}, "K76-D030": {"K76-D040": 66.30376876605013}, "K75P-D050": {"K75P-D060": 87.79582958580681}, "K73-U080": {"K73-U090": 272.1063720193041, "K73-U110": 151.50094717525218}, "K74-D020": {"K74-D030": 145.02339774342008}, "K73-U100": {"K73-U110": 235.10939232036475}, "K76-D010": {"K76-D020": 170.41630763929464}, "K75A-D110": {"K75A-U011": 173.74914881667559}, "K75A-D080": {"K75A-D090": 95.00833496261768}, "K75P-U030": {"K75P-U040": 132.27982352947225}, "K75P-D070": {"K75P-D080": 93.7154310295534}, "K75P-U010": {"K75P-U020": 99.08771618369943}, "K75A-D020": {"K75A-D030": 21.872941857067016}, "K74-D030": {"K74-D040": 123.49635772498713}, "K75A-D070": {"K75A-D080": 43.52536847312795}, "K74-U090": {"K74-U100": 200.40306195254556}, "K76-U010": {"K76-U020": 17.797939302726085}, "K74-U060": {"K74-U070": 150.84242290092794}, "K75A-D010": {"K75A-D020": 205.66337512426753}, "K74-D090": {"K74-U011": 75.00420706751989}, "K73-U110": {"K73-U120": 226.5723476540389}, "K73-U050": {"K73-U060": 102.75466344882159}, "K73-U060": {"K73-U070": 133.03862163303563}, "K74-U007": {"K74-U010": 244.63195154176577}, "K73-D030": {"K73-D040": 109.51932895569465}, "K73-D040": {"K73-D050": 79.73531877786644}, "K73-U090": {"K73-U100": 108.23091706019495}, "K75P-U140": {"K75P-D010": 145.48836561847935}, "K73-U030": {"K73-U040": 92.22205807804222}, "K73-U010": {"K73-U020": 74.37413316305353}, "K75P-U110": {"K75P-U120": 85.65595714232877}, "K76-D020": {"K76-D030": 132.30927617182596}, "K75A-U030": {"K75A-D010": 225.84449914137934}, "K75P-D060": {"K75P-D070": 185.03333779209186}, "K73-D110": {"K73-D120": 72.44798249145008}, "K75P-U090": {"K75P-U100": 35.78191797955172}, "K74-U080": {"K74-U090": 249.52163583734392}, "K75P-U120": {"K75P-U130": 60.38883250438168}, "K73-U040": {"K73-U050": 106.8747736627143, "K73-U060": 212.9506146666858}, "K75P-U020": {"K75P-U030": 116.1367501851748}, "K73-D010": {"K73-D020": 80.819006466572}, "K74-D080": {"K74-D090": 174.63813111080552}, "K74-D060": {"K74-D070": 140.58589836592532}, "K75P-D010": {"K75P-D020": 129.02468059135185}, "K73-D090": {"K73-D100": 80.82545507966628}, "K73-D100": {"K73-D110": 193.9843144009081}, "K75A-U010": {"K75A-U020": 44.875821059226816}, "K73-U020": {"K73-U030": 194.63885516182057}, "K75P-U100": {"K75P-U110": 66.1449908855797}, "K75A-D030": {"K75A-D040": 46.4280234759422}, "K75P-D080": {"K75P-U011": 146.3245109376976}, "K75P-D020": {"K75P-D030": 31.20078071940178}, "K75P-U080": {"K75P-U090": 45.308162932901745}, "K75P-D030": {"K75P-D040": 121.49593600824987}, "K75A-D050": {"K75A-D060": 76.58553149932615}, "K76-U030": {"K76-U040": 163.100854099248}, "K74-U001": {"K74-U004": 149.94680789139647}, "K75P-U130": {"K75P-U140": 40.388190570114546}, "K73-D130": {"K73-D140": 134.41000582645003}, "K74-U030": {"K74-U040": 292.88796188006995}, "K75A-D100": {"K75A-D110": 100.76787734210808}, "K73-D140": {"K73-D150": 205.6422206486261}, "K74-U010": {"K74-U020": 178.97563958702278}, "K75A-D090": {"K75A-D100": 45.6757839478143}, "K75P-U050": {"K75P-U060": 150.37842677653774}, "K74-D050": {"K74-D060": 105.19356262812205}, "K75P-U060": {"K75P-U070": 28.74063568714582}, "K74-U020": {"K74-U030": 136.5814813827282}, "K75P-D040": {"K75P-D050": 164.7596515659372}, "K74-U004": {"K74-U007": 89.18218090369642}, "K75P-U040": {"K75P-U050": 102.38699461338891}, "K75A-U020": {"K75A-U030": 141.13393344659158}, "K73-D070": {"K73-D080": 159.82250201459027}, "K74-U011": {"K74-D100": 168.90094300658546}, "K73-D120": {"K73-D130": 110.65314814607594}, "K74-U100": {"K74-D010": 118.75432390545946}, "K74-D070": {"K74-D080": 260.00486858917213}, "K74-U040": {"K74-U050": 181.73193162067247}, "K74-D100": {"K74-D110": 80.39907042187177}, "K73-D080": {"K73-D090": 260.5047551989426}, "K75A-D060": {"K75A-D070": 37.84469006061919}, "K75P-U070": {"K75P-U080": 104.27596652326915}, "K75A-D040": {"K75A-D050": 49.734371506151376}, "K73-D020": {"K73-D030": 108.85181509119828}, "K73-D050": {"K73-D060": 64.29878854327228, "K73-D070": 104.19078345318738}, "K74-D110": {"K74-U002": 174.4662603287382}, "K74-D010": {"K74-D020": 158.3700968842612}, "K74-U070": {"K74-U080": 169.27036459820565}, "K73-D060": {"K73-D070": 32.37775094081504}, "K73-D150": {"K73-D160": 49.99584766071342}, "K74-D040": {"K74-D050": 79.09530735140106}, "K74-U050": {"K74-U060": 251.33732193546197}}