{"K76-U020": {"K76-U030": 127.25054218364664}, "K73-U070": {"K73-U080": 159.2061250504727}, "K76-U040": {"K76-U050": 172.6507210594979}, "K76-D030": {"K76-D040": 62.37696989637188}, "K75P-D050": {"K75P-D060": 88.05466100572653}, "K73-U080": {"K73-U090": 267.0941204493264, "K73-U110": 151.48186865393524}, "K74-D020": {"K74-D030": 145.03112256127412}, "K73-U100": {"K73-U110": 215.76874117909784}, "K76-D010": {"K76-D020": 170.469997127746}, "K75A-D110": {"K75A-U011": 178.76412762999146}, "K75A-D080": {"K75A-D090": 120.0775910058583}, "K75P-U030": {"K75P-U040": 114.01525099741745}, "K75P-D070": {"K75P-D080": 97.41483889132053}, "K75P-U010": {"K75P-U020": 93.56250593035102}, "K75A-D020": {"K75A-D030": 24.655405347066566}, "K74-D030": {"K74-D040": 138.31834720148476}, "K75A-D070": {"K75A-D080": 52.86593751327971}, "K74-U090": {"K74-U100": 204.6643814607295}, "K76-U010": {"K76-U020": 58.57275567909538}, "K74-U060": {"K74-U070": 136.86927165299457}, "K75A-D010": {"K75A-D020": 205.18934213586877}, "K74-D090": {"K74-U011": 75.22044049252295}, "K73-U110": {"K73-U120": 231.7103793519424}, "K73-U050": {"K73-U060": 106.94773851369959}, "K73-U060": {"K73-U070": 136.0987935886273}, "K74-U007": {"K74-U010": 256.4275277102859}, "K73-D030": {"K73-D040": 116.32961371047607}, "K73-D040": {"K73-D050": 84.54920676697483}, "K73-U090": {"K73-U100": 136.7005906470582}, "K75P-U140": {"K75P-D010": 144.24380899522856}, "K73-U030": {"K73-U040": 91.44234821750663}, "K73-U010": {"K73-U020": 65.38439019690341}, "K75P-U110": {"K75P-U120": 86.76601646492904}, "K76-D020": {"K76-D030": 127.23271242787874}, "K75A-U030": {"K75A-D010": 244.38146177833704}, "K75P-D060": {"K75P-D070": 178.11285937423315}, "K73-D110": {"K73-D120": 86.30573873895382}, "K75P-U090": {"K75P-U100": 42.4912795914124}, "K74-U080": {"K74-U090": 237.07658521954158}, "K75P-U120": {"K75P-U130": 63.42233898351842}, "K73-U040": {"K73-U050": 108.3151609022888, "K73-U060": 218.56967976476912}, "K75P-U020": {"K75P-U030": 106.52928619660163}, "K73-D010": {"K73-D020": 75.88340761894187}, "K74-D080": {"K74-D090": 168.15846424224392}, "K74-D060": {"K74-D070": 150.5704201653867}, "K75P-D010": {"K75P-D020": 131.88672651651186}, "K73-D090": {"K73-D100": 86.82385563649972}, "K73-D100": {"K73-D110": 203.96479433998724}, "K75A-U010": {"K75A-U020": 46.673581518507355}, "K73-U020": {"K73-U030": 183.91184407430396}, "K75P-U100": {"K75P-U110": 60.92862135696779}, "K75A-D030": {"K75A-D040": 47.66111926472163}, "K75P-D080": {"K75P-U011": 143.81220747160674}, "K75P-D020": {"K75P-D030": 36.665420915427276}, "K75P-U080": {"K75P-U090": 44.0684424118105}, "K75P-D030": {"K75P-D040": 123.91939925310797}, "K75A-D050": {"K75A-D060": 89.85181732953714}, "K76-U030": {"K76-U040": 163.0854266580546}, "K74-U001": {"K74-U004": 180.71442372180778}, "K75P-U130": {"K75P-U140": 36.886823255608356}, "K73-D130": {"K73-D140": 148.35268882069593}, "K74-U030": {"K74-U040": 285.5884826480462}, "K75A-D100": {"K75A-D110": 100.08571186613659}, "K73-D140": {"K73-D150": 204.42035688370493}, "K74-U010": {"K74-U020": 170.60516543669615}, "K75A-D090": {"K75A-D100": 51.50499972686181}, "K75P-U050": {"K75P-U060": 159.10176855457402}, "K74-D050": {"K74-D060": 105.3225340870923}, "K75P-U060": {"K75P-U070": 31.107766563240347}, "K74-U020": {"K74-U030": 130.3802016436958}, "K75P-D040": {"K75P-D050": 169.10281611411537}, "K74-U004": {"K74-U007": 94.53873223806303}, "K75P-U040": {"K75P-U050": 108.90632575123593}, "K75A-U020": {"K75A-U030": 143.27716718347426}, "K73-D070": {"K73-D080": 159.2865299895979}, "K74-U011": {"K74-D100": 167.99888829064986}, "K73-D120": {"K73-D130": 110.61875078511564}, "K74-U100": {"K74-D010": 115.64012016232252}, "K74-D070": {"K74-D080": 261.0807941988966}, "K74-U040": {"K74-U050": 159.48959963369404}, "K74-D100": {"K74-D110": 85.34254091358147}, "K73-D080": {"K73-D090": 272.8804860477292}, "K75A-D060": {"K75A-D070": 41.57669385670012}, "K75P-U070": {"K75P-U080": 110.46851604131973}, "K75A-D040": {"K75A-D050": 56.424274360681466}, "K73-D020": {"K73-D030": 92.63347301214449}, "K73-D050": {"K73-D060": 64.29878854327228, "K73-D070": 110.30695095866352}, "K74-D110": {"K74-U002": 173.91319677954155}, "K74-D010": {"K74-D020": 156.17887469689015}, "K74-U070": {"K74-U080": 159.93797485779686}, "K73-D060": {"K73-D070": 32.37775094081504}, "K73-D150": {"K73-D160": 46.404215359492454}, "K74-D040": {"K74-D050": 81.35781807912653}, "K74-U050": {"K74-U060": 232.16764745410796}}