{"K76-U020": {"K76-U030": 158.59004355634292}, "K73-U070": {"K73-U080": 167.75122037977138}, "K76-U040": {"K76-U050": 176.71080350477902}, "K76-D030": {"K76-D040": 66.03697192363042}, "K75P-D050": {"K75P-D060": 90.52819723338045}, "K73-U080": {"K73-U090": 280.3404698439891, "K73-U110": 151.50094717525218}, "K74-D020": {"K74-D030": 145.02339764528114}, "K73-U100": {"K73-U110": 272.07278163439634}, "K76-D010": {"K76-D020": 170.41630763929464}, "K75A-D110": {"K75A-U011": 172.60424778189378}, "K75A-D080": {"K75A-D090": 126.59369443596886}, "K75P-U030": {"K75P-U040": 129.713287074143}, "K75P-D070": {"K75P-D080": 90.81646094698583}, "K75P-U010": {"K75P-U020": 90.74250635183682}, "K75A-D020": {"K75A-D030": 27.907242325517444}, "K74-D030": {"K74-D040": 131.7070045265138}, "K75A-D070": {"K75A-D080": 50.41999020167559}, "K74-U090": {"K74-U100": 183.1535260546099}, "K76-U010": {"K76-U020": 67.13027081751412}, "K74-U060": {"K74-U070": 133.46793187240547}, "K75A-D010": {"K75A-D020": 208.08695300669896}, "K74-D090": {"K74-U011": 67.89487414035491}, "K73-U110": {"K73-U120": 202.5840184022617}, "K73-U050": {"K73-U060": 105.55312936597474}, "K73-U060": {"K73-U070": 135.12022918891154}, "K74-U007": {"K74-U010": 251.4998153496211}, "K73-D030": {"K73-D040": 118.81802630123744}, "K73-D040": {"K73-D050": 93.70582819837803}, "K73-U090": {"K73-U100": 146.37005873131108}, "K75P-U140": {"K75P-D010": 156.01342616455875}, "K73-U030": {"K73-U040": 99.40171122563363}, "K73-U010": {"K73-U020": 72.76270851249087}, "K75P-U110": {"K75P-U120": 85.54974480890186}, "K76-D020": {"K76-D030": 127.74384064858641}, "K75A-U030": {"K75A-D010": 238.01258391258844}, "K75P-D060": {"K75P-D070": 197.04631901985996}, "K73-D110": {"K73-D120": 81.3084034305404}, "K75P-U090": {"K75P-U100": 44.06828272991744}, "K74-U080": {"K74-U090": 230.46129135068378}, "K75P-U120": {"K75P-U130": 62.09412212693023}, "K73-U040": {"K73-U050": 112.6280627181221, "K73-U060": 218.07713189860561}, "K75P-U020": {"K75P-U030": 112.3358569461855}, "K73-D010": {"K73-D020": 78.45688677369563}, "K74-D080": {"K74-D090": 177.96873944816488}, "K74-D060": {"K74-D070": 157.57054671056525}, "K75P-D010": {"K75P-D020": 133.03303910622657}, "K73-D090": {"K73-D100": 88.78267603988674}, "K73-D100": {"K73-D110": 190.9499957915035}, "K75A-U010": {"K75A-U020": 48.1787929096386}, "K73-U020": {"K73-U030": 219.07843909960533}, "K75P-U100": {"K75P-U110": 66.90049753708873}, "K75A-D030": {"K75A-D040": 46.735718391903234}, "K75P-D080": {"K75P-U011": 143.77698325941705}, "K75P-D020": {"K75P-D030": 34.39523404651592}, "K75P-U080": {"K75P-U090": 45.99156303024872}, "K75P-D030": {"K75P-D040": 121.56586567872898}, "K75A-D050": {"K75A-D060": 78.38418562560516}, "K76-U030": {"K76-U040": 163.100854099248}, "K74-U001": {"K74-U004": 146.4799340587284}, "K75P-U130": {"K75P-U140": 42.50100583391283}, "K73-D130": {"K73-D140": 135.5905125842475}, "K74-U030": {"K74-U040": 301.0883964956987}, "K75A-D100": {"K75A-D110": 104.69341404209368}, "K73-D140": {"K73-D150": 198.93001524991374}, "K74-U010": {"K74-U020": 167.23219499602627}, "K75A-D090": {"K75A-D100": 54.04911490112592}, "K75P-U050": {"K75P-U060": 155.17035966795902}, "K74-D050": {"K74-D060": 101.2521767786889}, "K75P-U060": {"K75P-U070": 30.96759821591553}, "K74-U020": {"K74-U030": 126.98655854997651}, "K75P-D040": {"K75P-D050": 165.55780090722592}, "K74-U004": {"K74-U007": 96.5262641742594}, "K75P-U040": {"K75P-U050": 101.71097113853622}, "K75A-U020": {"K75A-U030": 141.10895237881982}, "K73-D070": {"K73-D080": 149.3168705220463}, "K74-U011": {"K74-D100": 166.52152326083728}, "K73-D120": {"K73-D130": 111.11731834604355}, "K74-U100": {"K74-D010": 127.48515048543007}, "K74-D070": {"K74-D080": 265.2296211080187}, "K74-U040": {"K74-U050": 221.77123002652087}, "K74-D100": {"K74-D110": 85.80618105417311}, "K73-D080": {"K73-D090": 268.6561287286864}, "K75A-D060": {"K75A-D070": 46.510988984301164}, "K75P-U070": {"K75P-U080": 112.72697458612929}, "K75A-D040": {"K75A-D050": 53.35294394521971}, "K73-D020": {"K73-D030": 108.43385089282319}, "K73-D050": {"K73-D060": 64.29878854327228, "K73-D070": 108.6443322931104}, "K74-D110": {"K74-U002": 175.74811142986016}, "K74-D010": {"K74-D020": 158.50789296689618}, "K74-U070": {"K74-U080": 156.01085981671415}, "K73-D060": {"K73-D070": 32.37775094081504}, "K73-D150": {"K73-D160": 49.0264374708578}, "K74-D040": {"K74-D050": 86.03481515515998}, "K74-U050": {"K74-U060": 232.17278631897497}}