{"K76-U020": {"K76-U030": 154.90580181490412}, "K73-U070": {"K73-U080": 142.1614271279602}, "K76-U040": {"K76-U050": 178.7232302105991}, "K76-D030": {"K76-D040": 53.54000556730822}, "K75P-D050": {"K75P-D060": 88.5126679835235}, "K73-U080": {"K73-U090": 280.061430383564, "K73-U110": 151.50094717525218}, "K74-D020": {"K74-D030": 145.02339764528114}, "K73-U100": {"K73-U110": 235.97224817758948}, "K76-D010": {"K76-D020": 170.41630763929464}, "K75A-D110": {"K75A-U011": 181.39553273074551}, "K75A-D080": {"K75A-D090": 93.74819357783772}, "K75P-U030": {"K75P-U040": 131.0554073950412}, "K75P-D070": {"K75P-D080": 96.89734503838568}, "K75P-U010": {"K75P-U020": 93.86376394693382}, "K75A-D020": {"K75A-D030": 27.026670262371503}, "K74-D030": {"K74-D040": 115.9726073604872}, "K75A-D070": {"K75A-D080": 43.75061851590729}, "K74-U090": {"K74-U100": 201.0130093158561}, "K76-U010": {"K76-U020": 14.998787471241396}, "K74-U060": {"K74-U070": 145.33493597458443}, "K75A-D010": {"K75A-D020": 198.65417451293337}, "K74-D090": {"K74-U011": 73.97310765722193}, "K73-U110": {"K73-U120": 216.23716677227554}, "K73-U050": {"K73-U060": 112.7712470207789}, "K73-U060": {"K73-U070": 156.89304438356277}, "K74-U007": {"K74-U010": 247.03293088455993}, "K73-D030": {"K73-D040": 113.66693677545368}, "K73-D040": {"K73-D050": 86.12591178380023}, "K73-U090": {"K73-U100": 121.40670495652384}, "K75P-U140": {"K75P-D010": 148.2891712207534}, "K73-U030": {"K73-U040": 90.85608668062163}, "K73-U010": {"K73-U020": 75.93232878990429}, "K75P-U110": {"K75P-U120": 88.1964948554595}, "K76-D020": {"K76-D030": 134.03179975109384}, "K75A-U030": {"K75A-D010": 233.94321372363862}, "K75P-D060": {"K75P-D070": 187.86383407174003}, "K73-D110": {"K73-D120": 70.13439122989662}, "K75P-U090": {"K75P-U100": 42.149443963917506}, "K74-U080": {"K74-U090": 224.25947439984807}, "K75P-U120": {"K75P-U130": 64.29454924986175}, "K73-U040": {"K73-U050": 96.41165942529088, "K73-U060": 218.80525739725869}, "K75P-U020": {"K75P-U030": 109.70943618348603}, "K73-D010": {"K73-D020": 75.50650176650458}, "K74-D080": {"K74-D090": 163.87813285029094}, "K74-D060": {"K74-D070": 153.4372001292441}, "K75P-D010": {"K75P-D020": 128.3456986970791}, "K73-D090": {"K73-D100": 77.53689463076115}, "K73-D100": {"K73-D110": 167.55210972228596}, "K75A-U010": {"K75A-U020": 44.07905511097783}, "K73-U020": {"K73-U030": 181.951887629826}, "K75P-U100": {"K75P-U110": 60.7634025475772}, "K75A-D030": {"K75A-D040": 45.676937919267274}, "K75P-D080": {"K75P-U011": 138.45955329705978}, "K75P-D020": {"K75P-D030": 35.76904214377133}, "K75P-U080": {"K75P-U090": 45.60436279373948}, "K75P-D030": {"K75P-D040": 124.57090921312079}, "K75A-D050": {"K75A-D060": 74.13980097952074}, "K76-U030": {"K76-U040": 163.100854099248}, "K74-U001": {"K74-U004": 143.61449904249417}, "K75P-U130": {"K75P-U140": 41.03963873188757}, "K73-D130": {"K73-D140": 146.11811935444888}, "K74-U030": {"K74-U040": 288.25106812207054}, "K75A-D100": {"K75A-D110": 97.79097074383068}, "K73-D140": {"K73-D150": 200.5438680366254}, "K74-U010": {"K74-U020": 160.8045815897665}, "K75A-D090": {"K75A-D100": 48.858804165445115}, "K75P-U050": {"K75P-U060": 163.84250234423848}, "K74-D050": {"K74-D060": 94.96950726831001}, "K75P-U060": {"K75P-U070": 26.17311309143829}, "K74-U020": {"K74-U030": 127.56107184208881}, "K75P-D040": {"K75P-D050": 164.44394144371591}, "K74-U004": {"K74-U007": 101.9971643812413}, "K75P-U040": {"K75P-U050": 106.88459828567838}, "K75A-U020": {"K75A-U030": 132.35994931476435}, "K73-D070": {"K73-D080": 150.4383207035351}, "K74-U011": {"K74-D100": 176.9268783471946}, "K73-D120": {"K73-D130": 107.52018769076219}, "K74-U100": {"K74-D010": 122.56879463336347}, "K74-D070": {"K74-D080": 254.04538522516123}, "K74-U040": {"K74-U050": 199.41291385260618}, "K74-D100": {"K74-D110": 86.56462563654188}, "K73-D080": {"K73-D090": 256.65441922471314}, "K75A-D060": {"K75A-D070": 41.28143678301911}, "K75P-U070": {"K75P-U080": 104.26759879818356}, "K75A-D040": {"K75A-D050": 55.39180909075854}, "K73-D020": {"K73-D030": 95.62379408663698}, "K73-D050": {"K73-D060": 64.29878854327228, "K73-D070": 103.47279440091809}, "K74-D110": {"K74-U002": 166.35259024799018}, "K74-D010": {"K74-D020": 155.81041160423905}, "K74-U070": {"K74-U080": 163.96235446365048}, "K73-D060": {"K73-D070": 32.37775094081504}, "K73-D150": {"K73-D160": 42.35980412722591}, "K74-D040": {"K74-D050": 82.8839196937362}, "K74-U050": {"K74-U060": 221.67051643585313}}