{"K76-U020": {"K76-U030": 166.1584552142296}, "K73-U070": {"K73-U080": 161.87034773752112}, "K76-U040": {"K76-U050": 180.4627914918767}, "K76-D030": {"K76-D040": 67.13510916848634}, "K75P-D050": {"K75P-D060": 87.29773427033193}, "K73-U080": {"K73-U090": 286.26551372262367, "K73-U110": 151.48186865393524}, "K74-D020": {"K74-D030": 145.03112256127412}, "K73-U100": {"K73-U110": 231.685043188928}, "K76-D010": {"K76-D020": 170.469997127746}, "K75A-D110": {"K75A-U011": 171.48076623621958}, "K75A-D080": {"K75A-D090": 90.76378944400594}, "K75P-U030": {"K75P-U040": 111.26831339189764}, "K75P-D070": {"K75P-D080": 90.35407961510981}, "K75P-U010": {"K75P-U020": 99.02718300348523}, "K75A-D020": {"K75A-D030": 21.243984784432467}, "K74-D030": {"K74-D040": 119.00634914865273}, "K75A-D070": {"K75A-D080": 37.85255946020985}, "K74-U090": {"K74-U100": 193.1542052573397}, "K76-U010": {"K76-U020": 8.366813928508721}, "K74-U060": {"K74-U070": 144.3507163915148}, "K75A-D010": {"K75A-D020": 196.51696401140612}, "K74-D090": {"K74-U011": 74.96886467615593}, "K73-U110": {"K73-U120": 208.0591269789224}, "K73-U050": {"K73-U060": 98.5773110822422}, "K73-U060": {"K73-U070": 116.37078261605566}, "K74-U007": {"K74-U010": 246.6321791890589}, "K73-D030": {"K73-D040": 109.09770716789451}, "K73-D040": {"K73-D050": 86.74204180395411}, "K73-U090": {"K73-U100": 110.38555957534568}, "K75P-U140": {"K75P-D010": 143.51718340411458}, "K73-U030": {"K73-U040": 89.82398861048766}, "K73-U010": {"K73-U020": 69.93896727119922}, "K75P-U110": {"K75P-U120": 81.98197513307178}, "K76-D020": {"K76-D030": 130.6477555737692}, "K75A-U030": {"K75A-D010": 224.38121937356976}, "K75P-D060": {"K75P-D070": 170.55877293551922}, "K73-D110": {"K73-D120": 79.37942950090854}, "K75P-U090": {"K75P-U100": 38.212964860209816}, "K74-U080": {"K74-U090": 231.11030532312424}, "K75P-U120": {"K75P-U130": 64.66999012400339}, "K73-U040": {"K73-U050": 111.80406746167685, "K73-U060": 210.010624512576}, "K75P-U020": {"K75P-U030": 104.48578836704105}, "K73-D010": {"K73-D020": 78.95134910345504}, "K74-D080": {"K74-D090": 177.33638062661984}, "K74-D060": {"K74-D070": 146.0202450311391}, "K75P-D010": {"K75P-D020": 138.03915643157322}, "K73-D090": {"K73-D100": 86.35480534593299}, "K73-D100": {"K73-D110": 202.91738591330784}, "K75A-U010": {"K75A-U020": 45.99769643256049}, "K73-U020": {"K73-U030": 177.29775471145484}, "K75P-U100": {"K75P-U110": 64.50936421295316}, "K75A-D030": {"K75A-D040": 44.293854701345865}, "K75P-D080": {"K75P-U011": 135.6167026553846}, "K75P-D020": {"K75P-D030": 34.92331251865826}, "K75P-U080": {"K75P-U090": 40.179041743598624}, "K75P-D030": {"K75P-D040": 118.53795204995288}, "K75A-D050": {"K75A-D060": 70.91715489120803}, "K76-U030": {"K76-U040": 163.0854266580546}, "K74-U001": {"K74-U004": 154.3078773531265}, "K75P-U130": {"K75P-U140": 39.24120797824551}, "K73-D130": {"K73-D140": 149.6311575949202}, "K74-U030": {"K74-U040": 283.9339754934587}, "K75A-D100": {"K75A-D110": 100.9577617247464}, "K73-D140": {"K73-D150": 194.8040761292096}, "K74-U010": {"K74-U020": 168.70750298600223}, "K75A-D090": {"K75A-D100": 44.50179437194884}, "K75P-U050": {"K75P-U060": 151.2572362896754}, "K74-D050": {"K74-D060": 100.98435616501057}, "K75P-U060": {"K75P-U070": 31.837259395800004}, "K74-U020": {"K74-U030": 130.48682640597627}, "K75P-D040": {"K75P-D050": 163.61679356451467}, "K74-U004": {"K74-U007": 94.86411888225022}, "K75P-U040": {"K75P-U050": 100.17033928411944}, "K75A-U020": {"K75A-U030": 149.7492495214013}, "K73-D070": {"K73-D080": 157.91640069311825}, "K74-U011": {"K74-D100": 172.90878553124688}, "K73-D120": {"K73-D130": 111.8526682561253}, "K74-U100": {"K74-D010": 118.02667808667414}, "K74-D070": {"K74-D080": 267.61105461629035}, "K74-U040": {"K74-U050": 166.12834420450596}, "K74-D100": {"K74-D110": 79.80260155477472}, "K73-D080": {"K73-D090": 267.9340271054223}, "K75A-D060": {"K75A-D070": 38.733215704218004}, "K75P-U070": {"K75P-U080": 102.3676269018708}, "K75A-D040": {"K75A-D050": 52.981997524235545}, "K73-D020": {"K73-D030": 93.88727413859057}, "K73-D050": {"K73-D060": 64.29878854327228, "K73-D070": 98.35263338469562}, "K74-D110": {"K74-U002": 185.9655960373055}, "K74-D010": {"K74-D020": 152.74404115540904}, "K74-U070": {"K74-U080": 154.2256864751514}, "K73-D060": {"K73-D070": 32.37775094081504}, "K73-D150": {"K73-D160": 48.18251423436762}, "K74-D040": {"K74-D050": 80.75169178816242}, "K74-U050": {"K74-U060": 220.2950339006878}}