{"K76-U020": {"K76-U030": 160.61569810177255}, "K73-U070": {"K73-U080": 152.66876728006352}, "K76-U040": {"K76-U050": 193.31299634303556}, "K76-D030": {"K76-D040": 52.959140336274345}, "K75P-D050": {"K75P-D060": 85.55263097877022}, "K73-U080": {"K73-U090": 269.72726646056867, "K73-U110": 151.50094717525218}, "K74-D020": {"K74-D030": 145.02339764528114}, "K73-U100": {"K73-U110": 234.97935278132985}, "K76-D010": {"K76-D020": 170.41630763929464}, "K75A-D110": {"K75A-U011": 170.33272783225954}, "K75A-D080": {"K75A-D090": 94.75354841981968}, "K75P-U030": {"K75P-U040": 127.2837859944902}, "K75P-D070": {"K75P-D080": 93.92113769616137}, "K75P-U010": {"K75P-U020": 95.98195994103757}, "K75A-D020": {"K75A-D030": 24.523964694611116}, "K74-D030": {"K74-D040": 115.9726073604872}, "K75A-D070": {"K75A-D080": 44.56125742704604}, "K74-U090": {"K74-U100": 201.4700103509512}, "K76-U010": {"K76-U020": 16.796148905627163}, "K74-U060": {"K74-U070": 145.33493597458443}, "K75A-D010": {"K75A-D020": 197.01574945881487}, "K74-D090": {"K74-U011": 72.65900850802436}, "K73-U110": {"K73-U120": 205.14460743904675}, "K73-U050": {"K73-U060": 103.15947119676291}, "K73-U060": {"K73-U070": 128.66968184719352}, "K74-U007": {"K74-U010": 249.377682969218}, "K73-D030": {"K73-D040": 114.07437419494852}, "K73-D040": {"K73-D050": 85.11594047382744}, "K73-U090": {"K73-U100": 113.2464713044794}, "K75P-U140": {"K75P-D010": 139.60679590162104}, "K73-U030": {"K73-U040": 84.69767596508261}, "K73-U010": {"K73-U020": 71.21398616037567}, "K75P-U110": {"K75P-U120": 89.7280976306348}, "K76-D020": {"K76-D030": 138.6596704025207}, "K75A-U030": {"K75A-D010": 233.65912635959847}, "K75P-D060": {"K75P-D070": 189.62819021202475}, "K73-D110": {"K73-D120": 77.15321156364419}, "K75P-U090": {"K75P-U100": 43.50822125273206}, "K74-U080": {"K74-U090": 226.901820246726}, "K75P-U120": {"K75P-U130": 64.81328862856185}, "K73-U040": {"K73-U050": 100.94150473257719, "K73-U060": 219.63162880282397}, "K75P-U020": {"K75P-U030": 107.29189652282226}, "K73-D010": {"K73-D020": 76.8072241850051}, "K74-D080": {"K74-D090": 166.9312587225455}, "K74-D060": {"K74-D070": 154.10800014360456}, "K75P-D010": {"K75P-D020": 127.56211752024981}, "K73-D090": {"K73-D100": 77.06418934729639}, "K73-D100": {"K73-D110": 186.7345812377036}, "K75A-U010": {"K75A-U020": 44.08783901219759}, "K73-U020": {"K73-U030": 189.94977538458468}, "K75P-U100": {"K75P-U110": 58.7715551045035}, "K75A-D030": {"K75A-D040": 45.37437546585253}, "K75P-D080": {"K75P-U011": 145.03191636955708}, "K75P-D020": {"K75P-D030": 32.76697682225158}, "K75P-U080": {"K75P-U090": 45.91416368501674}, "K75P-D030": {"K75P-D040": 121.79618421372936}, "K75A-D050": {"K75A-D060": 74.18866775502303}, "K76-U030": {"K76-U040": 163.100854099248}, "K74-U001": {"K74-U004": 143.61449904249417}, "K75P-U130": {"K75P-U140": 34.50542307902804}, "K73-D130": {"K73-D140": 146.11811935444888}, "K74-U030": {"K74-U040": 288.25106812207054}, "K75A-D100": {"K75A-D110": 96.6788563820341}, "K73-D140": {"K73-D150": 195.53383818467134}, "K74-U010": {"K74-U020": 152.8538044318105}, "K75A-D090": {"K75A-D100": 47.20891811225436}, "K75P-U050": {"K75P-U060": 163.70104547788864}, "K74-D050": {"K74-D060": 95.99321884976544}, "K75P-U060": {"K75P-U070": 25.260374611026453}, "K74-U020": {"K74-U030": 124.99007982454313}, "K75P-D040": {"K75P-D050": 165.633731814839}, "K74-U004": {"K74-U007": 100.81254861881641}, "K75P-U040": {"K75P-U050": 106.88459828567838}, "K75A-U020": {"K75A-U030": 130.8110547941826}, "K73-D070": {"K73-D080": 146.52014901671}, "K74-U011": {"K74-D100": 176.9268783471946}, "K73-D120": {"K73-D130": 107.33233048242246}, "K74-U100": {"K74-D010": 123.96532737040386}, "K74-D070": {"K74-D080": 262.2350434878534}, "K74-U040": {"K74-U050": 203.48101539178464}, "K74-D100": {"K74-D110": 85.79402848504654}, "K73-D080": {"K73-D090": 256.39988919713744}, "K75A-D060": {"K75A-D070": 39.91362899120918}, "K75P-U070": {"K75P-U080": 100.47442279863365}, "K75A-D040": {"K75A-D050": 52.379787878620604}, "K73-D020": {"K73-D030": 108.8814733698724}, "K73-D050": {"K73-D060": 64.29878854327228, "K73-D070": 104.2142160010201}, "K74-D110": {"K74-U002": 174.85829941775668}, "K74-D010": {"K74-D020": 153.12537967419456}, "K74-U070": {"K74-U080": 166.55722773290182}, "K73-D060": {"K73-D070": 32.37775094081504}, "K73-D150": {"K73-D160": 42.17756014136212}, "K74-D040": {"K74-D050": 82.8839196937362}, "K74-U050": {"K74-U060": 221.67051643585313}}