{"K76-U020": {"K76-U030": 147.3704180812663}, "K73-U070": {"K73-U080": 157.4041668201234}, "K76-U040": {"K76-U050": 173.66339465181028}, "K76-D030": {"K76-D040": 64.49138895652598}, "K75P-D050": {"K75P-D060": 88.8586853358124}, "K73-U080": {"K73-U090": 269.73418145421635, "K73-U110": 151.50094717525218}, "K74-D020": {"K74-D030": 145.02339764528114}, "K73-U100": {"K73-U110": 239.37952078463383}, "K76-D010": {"K76-D020": 170.41630763929464}, "K75A-D110": {"K75A-U011": 157.88454946404826}, "K75A-D080": {"K75A-D090": 116.7139030273681}, "K75P-U030": {"K75P-U040": 132.88997158999217}, "K75P-D070": {"K75P-D080": 90.73580630282306}, "K75P-U010": {"K75P-U020": 98.74364477620888}, "K75A-D020": {"K75A-D030": 22.553224109438304}, "K74-D030": {"K74-D040": 137.83541444762278}, "K75A-D070": {"K75A-D080": 36.38860933420203}, "K74-U090": {"K74-U100": 209.70957159880135}, "K76-U010": {"K76-U020": 12.223223798268455}, "K74-U060": {"K74-U070": 133.92637816279182}, "K75A-D010": {"K75A-D020": 214.30388861970908}, "K74-D090": {"K74-U011": 76.62416363894033}, "K73-U110": {"K73-U120": 218.2159711625383}, "K73-U050": {"K73-U060": 105.9438630232178}, "K73-U060": {"K73-U070": 124.34982404241597}, "K74-U007": {"K74-U010": 248.19327826026887}, "K73-D030": {"K73-D040": 110.58197778701174}, "K73-D040": {"K73-D050": 88.40187658814361}, "K73-U090": {"K73-U100": 121.50457014594024}, "K75P-U140": {"K75P-D010": 149.8527454245095}, "K73-U030": {"K73-U040": 89.87291748385933}, "K73-U010": {"K73-U020": 67.25546955198463}, "K75P-U110": {"K75P-U120": 87.575876957774}, "K76-D020": {"K76-D030": 126.27722860530064}, "K75A-U030": {"K75A-D010": 236.31976817276058}, "K75P-D060": {"K75P-D070": 185.09711063918047}, "K73-D110": {"K73-D120": 72.03830815885388}, "K75P-U090": {"K75P-U100": 44.08366995542646}, "K74-U080": {"K74-U090": 236.6124534727996}, "K75P-U120": {"K75P-U130": 64.16732990827651}, "K73-U040": {"K73-U050": 100.38080959986482, "K73-U060": 198.76797433046616}, "K75P-U020": {"K75P-U030": 111.30832351563035}, "K73-D010": {"K73-D020": 79.0076581013125}, "K74-D080": {"K74-D090": 150.1269434091392}, "K74-D060": {"K74-D070": 156.35339498748294}, "K75P-D010": {"K75P-D020": 138.5776718377398}, "K73-D090": {"K73-D100": 84.5442814979215}, "K73-D100": {"K73-D110": 186.85077928349037}, "K75A-U010": {"K75A-U020": 47.11988740415024}, "K73-U020": {"K73-U030": 174.11912189108506}, "K75P-U100": {"K75P-U110": 61.128340649915685}, "K75A-D030": {"K75A-D040": 49.84328755502189}, "K75P-D080": {"K75P-U011": 137.69943888707581}, "K75P-D020": {"K75P-D030": 37.171346399576635}, "K75P-U080": {"K75P-U090": 45.200647792955415}, "K75P-D030": {"K75P-D040": 121.32181534614435}, "K75A-D050": {"K75A-D060": 76.15158683717236}, "K76-U030": {"K76-U040": 163.100854099248}, "K74-U001": {"K74-U004": 137.38675335262548}, "K75P-U130": {"K75P-U140": 37.961918471062894}, "K73-D130": {"K73-D140": 141.08110177702443}, "K74-U030": {"K74-U040": 287.4936708760726}, "K75A-D100": {"K75A-D110": 97.40199262637269}, "K73-D140": {"K73-D150": 187.9446464955011}, "K74-U010": {"K74-U020": 163.5290138789644}, "K75A-D090": {"K75A-D100": 48.88490393377732}, "K75P-U050": {"K75P-U060": 174.09269694059532}, "K74-D050": {"K74-D060": 105.98218838471112}, "K75P-U060": {"K75P-U070": 27.015230207084578}, "K74-U020": {"K74-U030": 133.77829135262127}, "K75P-D040": {"K75P-D050": 167.79313489318963}, "K74-U004": {"K74-U007": 93.59344156542929}, "K75P-U040": {"K75P-U050": 106.80622225961713}, "K75A-U020": {"K75A-U030": 141.20503847923464}, "K73-D070": {"K73-D080": 200.7949378299627}, "K74-U011": {"K74-D100": 158.409107031109}, "K73-D120": {"K73-D130": 105.71445941919528}, "K74-U100": {"K74-D010": 115.2717288035922}, "K74-D070": {"K74-D080": 261.7119869838039}, "K74-U040": {"K74-U050": 176.92576342411328}, "K74-D100": {"K74-D110": 80.89271727505762}, "K73-D080": {"K73-D090": 259.7188774837145}, "K75A-D060": {"K75A-D070": 42.514899461784076}, "K75P-U070": {"K75P-U080": 108.05438826522895}, "K75A-D040": {"K75A-D050": 55.314477622898934}, "K73-D020": {"K73-D030": 89.0203055942197}, "K73-D050": {"K73-D060": 64.29878854327228, "K73-D070": 108.61203830176143}, "K74-D110": {"K74-U002": 174.11028608052732}, "K74-D010": {"K74-D020": 156.00552306103955}, "K74-U070": {"K74-U080": 164.07931732507242}, "K73-D060": {"K73-D070": 32.37775094081504}, "K73-D150": {"K73-D160": 44.265329458013376}, "K74-D040": {"K74-D050": 81.09060646335577}, "K74-U050": {"K74-U060": 216.6476391639723}}