{"K76-U020": {"K76-U030": 146.91704542330353}, "K73-U070": {"K73-U080": 156.59366018746726}, "K76-U040": {"K76-U050": 195.52726608428424}, "K76-D030": {"K76-D040": 50.087176295387856}, "K75P-D050": {"K75P-D060": 91.0658735746143}, "K73-U080": {"K73-U090": 276.46467739675, "K73-U110": 151.50094717525218}, "K74-D020": {"K74-D030": 145.02339764528114}, "K73-U100": {"K73-U110": 229.82992638498726}, "K76-D010": {"K76-D020": 170.41630763929464}, "K75A-D110": {"K75A-U011": 193.4772164024809}, "K75A-D080": {"K75A-D090": 126.83869660911367}, "K75P-U030": {"K75P-U040": 117.12284468631015}, "K75P-D070": {"K75P-D080": 92.17904462542631}, "K75P-U010": {"K75P-U020": 92.23345995079133}, "K75A-D020": {"K75A-D030": 24.499339626457594}, "K74-D030": {"K74-D040": 135.31928075906336}, "K75A-D070": {"K75A-D080": 59.69126058875886}, "K74-U090": {"K74-U100": 204.03335592224533}, "K76-U010": {"K76-U020": 29.528915956942974}, "K74-U060": {"K74-U070": 134.23753317566297}, "K75A-D010": {"K75A-D020": 213.2423117271153}, "K74-D090": {"K74-U011": 75.76316842842667}, "K73-U110": {"K73-U120": 207.953170125153}, "K73-U050": {"K73-U060": 108.75047045635304}, "K73-U060": {"K73-U070": 133.60911942472086}, "K74-U007": {"K74-U010": 247.24580069493035}, "K73-D030": {"K73-D040": 117.71134954361915}, "K73-D040": {"K73-D050": 84.97091526164783}, "K73-U090": {"K73-U100": 142.41420554725218}, "K75P-U140": {"K75P-D010": 145.77934454784798}, "K73-U030": {"K73-U040": 94.41778876001993}, "K73-U010": {"K73-U020": 71.22294473795776}, "K75P-U110": {"K75P-U120": 87.47813878900428}, "K76-D020": {"K76-D030": 123.28714528414059}, "K75A-U030": {"K75A-D010": 236.1130030899476}, "K75P-D060": {"K75P-D070": 179.9096283170318}, "K73-D110": {"K73-D120": 63.168185803171845}, "K75P-U090": {"K75P-U100": 44.05066087523473}, "K74-U080": {"K74-U090": 234.8144275138649}, "K75P-U120": {"K75P-U130": 67.53598867776397}, "K73-U040": {"K73-U050": 110.00413655493169, "K73-U060": 222.30943426890607}, "K75P-U020": {"K75P-U030": 109.36413401883291}, "K73-D010": {"K73-D020": 77.74839750595054}, "K74-D080": {"K74-D090": 172.55244896234814}, "K74-D060": {"K74-D070": 152.1554995854738}, "K75P-D010": {"K75P-D020": 137.2277935606099}, "K73-D090": {"K73-D100": 78.5862531540138}, "K73-D100": {"K73-D110": 182.44692176882614}, "K75A-U010": {"K75A-U020": 47.84148682442545}, "K73-U020": {"K73-U030": 179.82514761478274}, "K75P-U100": {"K75P-U110": 63.62030204767965}, "K75A-D030": {"K75A-D040": 47.181856467501916}, "K75P-D080": {"K75P-U011": 141.0666585342527}, "K75P-D020": {"K75P-D030": 34.17458580495999}, "K75P-U080": {"K75P-U090": 47.73974353186681}, "K75P-D030": {"K75P-D040": 124.79091197448622}, "K75A-D050": {"K75A-D060": 74.57699995795137}, "K76-U030": {"K76-U040": 163.100854099248}, "K74-U001": {"K74-U004": 146.8809927787953}, "K75P-U130": {"K75P-U140": 40.42353128840445}, "K73-D130": {"K73-D140": 147.7697199625673}, "K74-U030": {"K74-U040": 289.34326519329176}, "K75A-D100": {"K75A-D110": 102.93291310788155}, "K73-D140": {"K73-D150": 208.53721432392814}, "K74-U010": {"K74-U020": 157.62252501464687}, "K75A-D090": {"K75A-D100": 53.585218863074964}, "K75P-U050": {"K75P-U060": 146.8739812972985}, "K74-D050": {"K74-D060": 103.98265458109442}, "K75P-U060": {"K75P-U070": 30.942010651252765}, "K74-U020": {"K74-U030": 128.76788110382742}, "K75P-D040": {"K75P-D050": 166.5169642790542}, "K74-U004": {"K74-U007": 101.92549326509626}, "K75P-U040": {"K75P-U050": 103.68521503591016}, "K75A-U020": {"K75A-U030": 135.52865026823494}, "K73-D070": {"K73-D080": 154.9105053904651}, "K74-U011": {"K74-D100": 165.0779492888837}, "K73-D120": {"K73-D130": 104.43397458773617}, "K74-U100": {"K74-D010": 126.67833682941155}, "K74-D070": {"K74-D080": 269.3387254989563}, "K74-U040": {"K74-U050": 183.43077895840906}, "K74-D100": {"K74-D110": 88.02559862778088}, "K73-D080": {"K73-D090": 270.6440937825631}, "K75A-D060": {"K75A-D070": 46.164546142434006}, "K75P-U070": {"K75P-U080": 116.18226429726697}, "K75A-D040": {"K75A-D050": 54.75679470721944}, "K73-D020": {"K73-D030": 98.19311465227113}, "K73-D050": {"K73-D060": 64.29878854327228, "K73-D070": 106.74970453192915}, "K74-D110": {"K74-U002": 178.18073916389054}, "K74-D010": {"K74-D020": 159.2877941038078}, "K74-U070": {"K74-U080": 158.74970514645435}, "K73-D060": {"K73-D070": 32.37775094081504}, "K73-D150": {"K73-D160": 49.705339618120476}, "K74-D040": {"K74-D050": 79.81838731713776}, "K74-U050": {"K74-U060": 217.5405668327844}}