{"K76-U020": {"K76-U030": 160.3850221942552}, "K73-U070": {"K73-U080": 171.78364268418292}, "K76-U040": {"K76-U050": 195.66030186108046}, "K76-D030": {"K76-D040": 56.574641157183365}, "K75P-D050": {"K75P-D060": 84.59041266658133}, "K73-U080": {"K73-U090": 285.18400535562785, "K73-U110": 151.48186865393524}, "K74-D020": {"K74-D030": 145.03112256127412}, "K73-U100": {"K73-U110": 211.4132741872044}, "K76-D010": {"K76-D020": 170.469997127746}, "K75A-D110": {"K75A-U011": 173.3970710944965}, "K75A-D080": {"K75A-D090": 87.13430795556287}, "K75P-U030": {"K75P-U040": 108.5917449282687}, "K75P-D070": {"K75P-D080": 87.66965653650179}, "K75P-U010": {"K75P-U020": 97.31657217418874}, "K75A-D020": {"K75A-D030": 18.60231804845547}, "K74-D030": {"K74-D040": 119.00634914865273}, "K75A-D070": {"K75A-D080": 40.00698283892257}, "K74-U090": {"K74-U100": 192.61578361926632}, "K76-U010": {"K76-U020": 11.092150416751078}, "K74-U060": {"K74-U070": 145.26325979631656}, "K75A-D010": {"K75A-D020": 185.53330887447976}, "K74-D090": {"K74-U011": 72.46648103725094}, "K73-U110": {"K73-U120": 229.53338308170595}, "K73-U050": {"K73-U060": 104.94425047342627}, "K73-U060": {"K73-U070": 127.7589086931307}, "K74-U007": {"K74-U010": 250.69131021006547}, "K73-D030": {"K73-D040": 114.6196746309939}, "K73-D040": {"K73-D050": 84.63828651451183}, "K73-U090": {"K73-U100": 110.23638195302055}, "K75P-U140": {"K75P-D010": 143.346077138174}, "K73-U030": {"K73-U040": 88.16636390188341}, "K73-U010": {"K73-U020": 70.81166424285675}, "K75P-U110": {"K75P-U120": 82.23969559615894}, "K76-D020": {"K76-D030": 126.7097967778}, "K75A-U030": {"K75A-D010": 223.47149631580868}, "K75P-D060": {"K75P-D070": 171.64893406792757}, "K73-D110": {"K73-D120": 88.3955137186674}, "K75P-U090": {"K75P-U100": 40.01651108934976}, "K74-U080": {"K74-U090": 227.06319969993024}, "K75P-U120": {"K75P-U130": 61.22277945770371}, "K73-U040": {"K73-U050": 107.42117294947215, "K73-U060": 210.5801828789528}, "K75P-U020": {"K75P-U030": 105.22936835437163}, "K73-D010": {"K73-D020": 76.86956679438893}, "K74-D080": {"K74-D090": 177.33638062661984}, "K74-D060": {"K74-D070": 147.59783337177663}, "K75P-D010": {"K75P-D020": 131.1068342520581}, "K73-D090": {"K73-D100": 86.61174416389724}, "K73-D100": {"K73-D110": 201.1279291999997}, "K75A-U010": {"K75A-U020": 44.24576502447873}, "K73-U020": {"K73-U030": 175.97842741915085}, "K75P-U100": {"K75P-U110": 59.006538607983956}, "K75A-D030": {"K75A-D040": 45.36635286176882}, "K75P-D080": {"K75P-U011": 130.46804735687422}, "K75P-D020": {"K75P-D030": 34.57123356776893}, "K75P-U080": {"K75P-U090": 42.404560604276014}, "K75P-D030": {"K75P-D040": 116.76790838482884}, "K75A-D050": {"K75A-D060": 70.49160934492916}, "K76-U030": {"K76-U040": 163.0854266580546}, "K74-U001": {"K74-U004": 154.3078773531265}, "K75P-U130": {"K75P-U140": 37.135163440495596}, "K73-D130": {"K73-D140": 146.81955774337476}, "K74-U030": {"K74-U040": 290.6710838816208}, "K75A-D100": {"K75A-D110": 100.45823492117924}, "K73-D140": {"K73-D150": 198.32259736200217}, "K74-U010": {"K74-U020": 164.58916778845025}, "K75A-D090": {"K75A-D100": 48.894003640444645}, "K75P-U050": {"K75P-U060": 150.01634109836473}, "K74-D050": {"K74-D060": 101.20051156198068}, "K75P-U060": {"K75P-U070": 28.599425418359846}, "K74-U020": {"K74-U030": 130.9725749214696}, "K75P-D040": {"K75P-D050": 161.6524296145696}, "K74-U004": {"K74-U007": 92.57124320250026}, "K75P-U040": {"K75P-U050": 101.97851753651499}, "K75A-U020": {"K75A-U030": 133.81568306850204}, "K73-D070": {"K73-D080": 154.1018877425837}, "K74-U011": {"K74-D100": 178.3097617013854}, "K73-D120": {"K73-D130": 108.77556691359021}, "K74-U100": {"K74-D010": 118.02667808667414}, "K74-D070": {"K74-D080": 267.61105461629035}, "K74-U040": {"K74-U050": 155.9633879067975}, "K74-D100": {"K74-D110": 79.25135994416631}, "K73-D080": {"K73-D090": 263.6730090355844}, "K75A-D060": {"K75A-D070": 41.212052201083836}, "K75P-U070": {"K75P-U080": 92.67370810999478}, "K75A-D040": {"K75A-D050": 55.425758921753165}, "K73-D020": {"K73-D030": 100.84333811704094}, "K73-D050": {"K73-D060": 64.29878854327228, "K73-D070": 95.83781899345138}, "K74-D110": {"K74-U002": 175.62169727068166}, "K74-D010": {"K74-D020": 151.03983697586972}, "K74-U070": {"K74-U080": 154.0206005866067}, "K73-D060": {"K73-D070": 32.37775094081504}, "K73-D150": {"K73-D160": 53.0680234200365}, "K74-D040": {"K74-D050": 80.02291081872033}, "K74-U050": {"K74-U060": 224.04448629714543}}