{"K76-U020": {"K76-U030": 162.2436026740557}, "K73-U070": {"K73-U080": 166.18926646922156}, "K76-U040": {"K76-U050": 142.76914201615767}, "K76-D030": {"K76-D040": 44.44500633349391}, "K75P-D050": {"K75P-D060": 86.64376247864065}, "K73-U080": {"K73-U090": 249.91036296441717, "K73-U110": 151.48186865393524}, "K74-D020": {"K74-D030": 145.03112256127412}, "K73-U100": {"K73-U110": 231.45949620712094}, "K76-D010": {"K76-D020": 170.469997127746}, "K75A-D110": {"K75A-U011": 174.7456286583847}, "K75A-D080": {"K75A-D090": 104.20836911947121}, "K75P-U030": {"K75P-U040": 112.77191599610515}, "K75P-D070": {"K75P-D080": 93.57949715773576}, "K75P-U010": {"K75P-U020": 89.38929733222909}, "K75A-D020": {"K75A-D030": 24.22794637251061}, "K74-D030": {"K74-D040": 117.00019774552905}, "K75A-D070": {"K75A-D080": 49.43158770780461}, "K74-U090": {"K74-U100": 296.42491392046793}, "K76-U010": {"K76-U020": 10.2744199811134}, "K74-U060": {"K74-U070": 128.38699081444082}, "K75A-D010": {"K75A-D020": 205.22583955110412}, "K74-D090": {"K74-U011": 73.95023902355635}, "K73-U110": {"K73-U120": 234.07099846732316}, "K73-U050": {"K73-U060": 111.21640429412348}, "K73-U060": {"K73-U070": 144.17046993769048}, "K74-U007": {"K74-U010": 240.86339113982976}, "K73-D030": {"K73-D040": 117.43753323337674}, "K73-D040": {"K73-D050": 86.91903230542171}, "K73-U090": {"K73-U100": 127.15459772469619}, "K75P-U140": {"K75P-D010": 145.6622502725033}, "K73-U030": {"K73-U040": 85.90956033586687}, "K73-U010": {"K73-U020": 76.91309333960545}, "K75P-U110": {"K75P-U120": 87.60979352879885}, "K76-D020": {"K76-D030": 129.81624390023757}, "K75A-U030": {"K75A-D010": 243.3306132783829}, "K75P-D060": {"K75P-D070": 183.01428297494405}, "K73-D110": {"K73-D120": 76.14751172500047}, "K75P-U090": {"K75P-U100": 40.781585442375885}, "K74-U080": {"K74-U090": 225.01889773690587}, "K75P-U120": {"K75P-U130": 62.93996363385696}, "K73-U040": {"K73-U050": 114.41161208999219, "K73-U060": 204.12781404593238}, "K75P-U020": {"K75P-U030": 104.56038142011315}, "K73-D010": {"K73-D020": 76.81452337168128}, "K74-D080": {"K74-D090": 176.0346248115434}, "K74-D060": {"K74-D070": 155.71713163977822}, "K75P-D010": {"K75P-D020": 123.1401845020267}, "K73-D090": {"K73-D100": 88.96140537077474}, "K73-D100": {"K73-D110": 179.7108023487797}, "K75A-U010": {"K75A-U020": 43.68960856380759}, "K73-U020": {"K73-U030": 161.89732166519008}, "K75P-U100": {"K75P-U110": 64.48791385865496}, "K75A-D030": {"K75A-D040": 45.46074840160215}, "K75P-D080": {"K75P-U011": 138.9324096416727}, "K75P-D020": {"K75P-D030": 36.528467903170466}, "K75P-U080": {"K75P-U090": 47.182065279040174}, "K75P-D030": {"K75P-D040": 127.93530600936779}, "K75A-D050": {"K75A-D060": 73.77027189952092}, "K76-U030": {"K76-U040": 163.0854266580546}, "K74-U001": {"K74-U004": 132.8050134395254}, "K75P-U130": {"K75P-U140": 39.07459412114773}, "K73-D130": {"K73-D140": 140.470060951175}, "K74-U030": {"K74-U040": 282.440704499298}, "K75A-D100": {"K75A-D110": 102.24463346009898}, "K73-D140": {"K73-D150": 193.3371468143808}, "K74-U010": {"K74-U020": 169.39618294584994}, "K75A-D090": {"K75A-D100": 44.42137062945911}, "K75P-U050": {"K75P-U060": 141.59552949530013}, "K74-D050": {"K74-D060": 97.84291635982292}, "K75P-U060": {"K75P-U070": 31.37427122199366}, "K74-U020": {"K74-U030": 129.0611251958858}, "K75P-D040": {"K75P-D050": 167.29829732914075}, "K74-U004": {"K74-U007": 92.99535300958753}, "K75P-U040": {"K75P-U050": 111.77997798687488}, "K75A-U020": {"K75A-U030": 143.84195686032987}, "K73-D070": {"K73-D080": 148.83777329670824}, "K74-U011": {"K74-D100": 177.1249565685917}, "K73-D120": {"K73-D130": 99.45118518101636}, "K74-U100": {"K74-D010": 116.22531758220853}, "K74-D070": {"K74-D080": 260.2596042406368}, "K74-U040": {"K74-U050": 192.38082438048042}, "K74-D100": {"K74-D110": 80.2495909449604}, "K73-D080": {"K73-D090": 277.69452672989144}, "K75A-D060": {"K75A-D070": 44.019729566621194}, "K75P-U070": {"K75P-U080": 106.02465162530495}, "K75A-D040": {"K75A-D050": 52.47009475234861}, "K73-D020": {"K73-D030": 96.5501062528799}, "K73-D050": {"K73-D060": 64.29878854327228, "K73-D070": 107.28631146984029}, "K74-D110": {"K74-U002": 189.26095368600198}, "K74-D010": {"K74-D020": 158.8309033623746}, "K74-U070": {"K74-U080": 157.12979058249167}, "K73-D060": {"K73-D070": 32.37775094081504}, "K73-D150": {"K73-D160": 47.02585083003776}, "K74-D040": {"K74-D050": 79.43211904026757}, "K74-U050": {"K74-U060": 234.76374742791626}}