{"K76-U020": {"K76-U030": 157.2485110626062}, "K73-U070": {"K73-U080": 154.0721495472129}, "K76-U040": {"K76-U050": 178.5924727616877}, "K76-D030": {"K76-D040": 63.4674424958945}, "K75P-D050": {"K75P-D060": 85.42728851186453}, "K73-U080": {"K73-U090": 284.4358345351858, "K73-U110": 151.50094717525218}, "K74-D020": {"K74-D030": 145.02339767607805}, "K73-U100": {"K73-U110": 239.4712831996691}, "K76-D010": {"K76-D020": 170.41630763929464}, "K75A-D110": {"K75A-U011": 167.7377711334902}, "K75A-D080": {"K75A-D090": 96.80521414086851}, "K75P-U030": {"K75P-U040": 137.35309135298527}, "K75P-D070": {"K75P-D080": 89.58553903941382}, "K75P-U010": {"K75P-U020": 90.16784538286893}, "K75A-D020": {"K75A-D030": 21.865178024115398}, "K74-D030": {"K74-D040": 121.61864478151563}, "K75A-D070": {"K75A-D080": 38.836263028342366}, "K74-U090": {"K74-U100": 201.26275575729102}, "K76-U010": {"K76-U020": 12.886264649363246}, "K74-U060": {"K74-U070": 148.07818061083515}, "K75A-D010": {"K75A-D020": 200.28355494241976}, "K74-D090": {"K74-U011": 74.71456695222199}, "K73-U110": {"K73-U120": 210.24316956168272}, "K73-U050": {"K73-U060": 110.80532094947932}, "K73-U060": {"K73-U070": 131.1238062502103}, "K74-U007": {"K74-U010": 244.63195154176577}, "K73-D030": {"K73-D040": 111.87996777904102}, "K73-D040": {"K73-D050": 82.4676028764919}, "K73-U090": {"K73-U100": 117.6820504755638}, "K75P-U140": {"K75P-D010": 145.72627825475132}, "K73-U030": {"K73-U040": 91.64727279549305}, "K73-U010": {"K73-U020": 114.9515970014932}, "K75P-U110": {"K75P-U120": 81.31534974098949}, "K76-D020": {"K76-D030": 124.83417670467232}, "K75A-U030": {"K75A-D010": 230.77405610021327}, "K75P-D060": {"K75P-D070": 186.62598402371447}, "K73-D110": {"K73-D120": 80.32699862650105}, "K75P-U090": {"K75P-U100": 41.910196040396734}, "K74-U080": {"K74-U090": 244.47947225360954}, "K75P-U120": {"K75P-U130": 61.506813333713616}, "K73-U040": {"K73-U050": 102.11147664910814, "K73-U060": 200.5284204095191}, "K75P-U020": {"K75P-U030": 111.66064685515948}, "K73-D010": {"K73-D020": 78.18303641560149}, "K74-D080": {"K74-D090": 169.71588619975245}, "K74-D060": {"K74-D070": 149.68634791788364}, "K75P-D010": {"K75P-D020": 130.51601608394677}, "K73-D090": {"K73-D100": 81.1154307914942}, "K73-D100": {"K73-D110": 200.74617409477625}, "K75A-U010": {"K75A-U020": 43.35380141861684}, "K73-U020": {"K73-U030": 189.276595889103}, "K75P-U100": {"K75P-U110": 59.34616321804837}, "K75A-D030": {"K75A-D040": 48.78916733320695}, "K75P-D080": {"K75P-U011": 136.16765418551685}, "K75P-D020": {"K75P-D030": 33.418192388392406}, "K75P-U080": {"K75P-U090": 48.02818764857277}, "K75P-D030": {"K75P-D040": 118.88799059626695}, "K75A-D050": {"K75A-D060": 71.54301817098005}, "K76-U030": {"K76-U040": 163.100854099248}, "K74-U001": {"K74-U004": 154.07242295282805}, "K75P-U130": {"K75P-U140": 38.26915101961511}, "K73-D130": {"K73-D140": 138.01402971117614}, "K74-U030": {"K74-U040": 293.1763456105626}, "K75A-D100": {"K75A-D110": 108.69407256621437}, "K73-D140": {"K73-D150": 211.7100788528484}, "K74-U010": {"K74-U020": 177.47526806548845}, "K75A-D090": {"K75A-D100": 45.661121656088525}, "K75P-U050": {"K75P-U060": 145.04000997896551}, "K74-D050": {"K74-D060": 106.56210715590097}, "K75P-U060": {"K75P-U070": 27.34403802469391}, "K74-U020": {"K74-U030": 140.77609992800888}, "K75P-D040": {"K75P-D050": 168.2631203142663}, "K74-U004": {"K74-U007": 91.2136098787947}, "K75P-U040": {"K75P-U050": 102.04111907316053}, "K75A-U020": {"K75A-U030": 144.9846549681381}, "K73-D070": {"K73-D080": 164.2541919674401}, "K74-U011": {"K74-D100": 172.00736870662075}, "K73-D120": {"K73-D130": 109.66926987227819}, "K74-U100": {"K74-D010": 118.94680191437196}, "K74-D070": {"K74-D080": 262.46779428135585}, "K74-U040": {"K74-U050": 177.40515430269093}, "K74-D100": {"K74-D110": 83.90872233754453}, "K73-D080": {"K73-D090": 263.7443665400292}, "K75A-D060": {"K75A-D070": 41.418704682709475}, "K75P-U070": {"K75P-U080": 102.59254607408927}, "K75A-D040": {"K75A-D050": 50.45156752095875}, "K73-D020": {"K73-D030": 87.0810856205999}, "K73-D050": {"K73-D060": 64.29878854327228, "K73-D070": 106.5416888088077}, "K74-D110": {"K74-U002": 180.7351860615166}, "K74-D010": {"K74-D020": 158.81096850918738}, "K74-U070": {"K74-U080": 168.3489953245466}, "K73-D060": {"K73-D070": 32.37775094081504}, "K73-D150": {"K73-D160": 46.5611219144831}, "K74-D040": {"K74-D050": 80.80531803792883}, "K74-U050": {"K74-U060": 252.49358974191577}}