{"K76-U020": {"K76-U030": 160.32932909341116}, "K73-U070": {"K73-U080": 156.7564614489349}, "K76-U040": {"K76-U050": 188.0203537791369}, "K76-D030": {"K76-D040": 58.89792417743246}, "K75P-D050": {"K75P-D060": 95.4950131688125}, "K73-U080": {"K73-U090": 256.63934874698873, "K73-U110": 151.50094717525218}, "K74-D020": {"K74-D030": 145.02339764528114}, "K73-U100": {"K73-U110": 227.9339006364109}, "K76-D010": {"K76-D020": 170.41630763929464}, "K75A-D110": {"K75A-U011": 177.29860060846306}, "K75A-D080": {"K75A-D090": 125.72996620284387}, "K75P-U030": {"K75P-U040": 132.95759015851985}, "K75P-D070": {"K75P-D080": 95.78342970806425}, "K75P-U010": {"K75P-U020": 102.42011814232657}, "K75A-D020": {"K75A-D030": 23.701784807595534}, "K74-D030": {"K74-D040": 130.2606373965291}, "K75A-D070": {"K75A-D080": 55.43622426590444}, "K74-U090": {"K74-U100": 206.23421982422406}, "K76-U010": {"K76-U020": 43.38605389894222}, "K74-U060": {"K74-U070": 134.54152705447126}, "K75A-D010": {"K75A-D020": 195.85866458666396}, "K74-D090": {"K74-U011": 72.971068785032}, "K73-U110": {"K73-U120": 218.65883447396533}, "K73-U050": {"K73-U060": 103.38411117497257}, "K73-U060": {"K73-U070": 142.68709953789275}, "K74-U007": {"K74-U010": 267.091450268065}, "K73-D030": {"K73-D040": 117.22587849107617}, "K73-D040": {"K73-D050": 81.45419152597638}, "K73-U090": {"K73-U100": 135.78838330732145}, "K75P-U140": {"K75P-D010": 149.2224628694787}, "K73-U030": {"K73-U040": 86.6158598915873}, "K73-U010": {"K73-U020": 72.38918224355783}, "K75P-U110": {"K75P-U120": 88.70530931399098}, "K76-D020": {"K76-D030": 131.34167217383282}, "K75A-U030": {"K75A-D010": 229.80106858612095}, "K75P-D060": {"K75P-D070": 187.2544270442683}, "K73-D110": {"K73-D120": 73.97417592091486}, "K75P-U090": {"K75P-U100": 35.6691584396486}, "K74-U080": {"K74-U090": 226.52794079473625}, "K75P-U120": {"K75P-U130": 64.70244744854077}, "K73-U040": {"K73-U050": 108.04020344139914, "K73-U060": 213.31560012325608}, "K75P-U020": {"K75P-U030": 110.88094983602964}, "K73-D010": {"K73-D020": 83.26243294552721}, "K74-D080": {"K74-D090": 172.84578298555374}, "K74-D060": {"K74-D070": 161.61807298711}, "K75P-D010": {"K75P-D020": 123.07346557469596}, "K73-D090": {"K73-D100": 84.03594526008233}, "K73-D100": {"K73-D110": 185.5330513131085}, "K75A-U010": {"K75A-U020": 45.39866221367718}, "K73-U020": {"K73-U030": 142.5781821579135}, "K75P-U100": {"K75P-U110": 64.6643493879173}, "K75A-D030": {"K75A-D040": 45.43346111480488}, "K75P-D080": {"K75P-U011": 137.6067571483435}, "K75P-D020": {"K75P-D030": 35.24107102265264}, "K75P-U080": {"K75P-U090": 44.72568543597877}, "K75P-D030": {"K75P-D040": 126.78524257378903}, "K75A-D050": {"K75A-D060": 80.79750041734113}, "K76-U030": {"K76-U040": 163.100854099248}, "K74-U001": {"K74-U004": 130.558786377102}, "K75P-U130": {"K75P-U140": 42.350264478227174}, "K73-D130": {"K73-D140": 147.30094332108163}, "K74-U030": {"K74-U040": 295.2038613109766}, "K75A-D100": {"K75A-D110": 104.41534353872882}, "K73-D140": {"K73-D150": 193.28114647264908}, "K74-U010": {"K74-U020": 165.31598412094775}, "K75A-D090": {"K75A-D100": 53.09113875872167}, "K75P-U050": {"K75P-U060": 151.39790513309816}, "K74-D050": {"K74-D060": 105.64557919139811}, "K75P-U060": {"K75P-U070": 32.92968789660281}, "K74-U020": {"K74-U030": 130.00144979271727}, "K75P-D040": {"K75P-D050": 170.01685762090605}, "K74-U004": {"K74-U007": 93.44083045139836}, "K75P-U040": {"K75P-U050": 110.25537444240179}, "K75A-U020": {"K75A-U030": 146.81608278238053}, "K73-D070": {"K73-D080": 146.68638849368762}, "K74-U011": {"K74-D100": 176.07954127477768}, "K73-D120": {"K73-D130": 107.24004621317633}, "K74-U100": {"K74-D010": 121.6195250593947}, "K74-D070": {"K74-D080": 257.78908643888445}, "K74-U040": {"K74-U050": 204.08621441397673}, "K74-D100": {"K74-D110": 85.58913579491013}, "K73-D080": {"K73-D090": 257.2927296885765}, "K75A-D060": {"K75A-D070": 44.55553860089627}, "K75P-U070": {"K75P-U080": 104.26790075955178}, "K75A-D040": {"K75A-D050": 53.19515668766422}, "K73-D020": {"K73-D030": 98.75422536381967}, "K73-D050": {"K73-D060": 64.29878854327228, "K73-D070": 105.3642363374194}, "K74-D110": {"K74-U002": 176.68880367504}, "K74-D010": {"K74-D020": 154.63521099441738}, "K74-U070": {"K74-U080": 161.0703323753855}, "K73-D060": {"K73-D070": 32.37775094081504}, "K73-D150": {"K73-D160": 51.71973119871366}, "K74-D040": {"K74-D050": 79.11382508995007}, "K74-U050": {"K74-U060": 232.83075799812167}}