{"K76-U020": {"K76-U030": 164.31789952240422}, "K73-U070": {"K73-U080": 162.94287829180547}, "K76-U040": {"K76-U050": 168.50525868403525}, "K76-D030": {"K76-D040": 58.71867169953639}, "K75P-D050": {"K75P-D060": 90.4913284703277}, "K73-U080": {"K73-U090": 242.3096722744546, "K73-U110": 151.50094717525218}, "K74-D020": {"K74-D030": 145.02339764528236}, "K73-U100": {"K73-U110": 253.94501357530572}, "K76-D010": {"K76-D020": 170.41630763929464}, "K75A-D110": {"K75A-U011": 179.96499644288366}, "K75A-D080": {"K75A-D090": 119.52773931418517}, "K75P-U030": {"K75P-U040": 134.17159205689163}, "K75P-D070": {"K75P-D080": 100.0668139571659}, "K75P-U010": {"K75P-U020": 94.09847691520227}, "K75A-D020": {"K75A-D030": 25.543830694763596}, "K74-D030": {"K74-D040": 132.8585868562312}, "K75A-D070": {"K75A-D080": 49.932264206311345}, "K74-U090": {"K74-U100": 198.24568383137876}, "K76-U010": {"K76-U020": 23.485748040966467}, "K74-U060": {"K74-U070": 135.29623351762515}, "K75A-D010": {"K75A-D020": 223.70278540724456}, "K74-D090": {"K74-U011": 75.82541385421679}, "K73-U110": {"K73-U120": 229.71431831984563}, "K73-U050": {"K73-U060": 104.17996844236215}, "K73-U060": {"K73-U070": 124.57690017957245}, "K74-U007": {"K74-U010": 252.21703139923164}, "K73-D030": {"K73-D040": 119.32351772305051}, "K73-D040": {"K73-D050": 84.9472890301799}, "K73-U090": {"K73-U100": 130.81526940786782}, "K75P-U140": {"K75P-D010": 146.77318388080604}, "K73-U030": {"K73-U040": 93.42420088007201}, "K73-U010": {"K73-U020": 69.51004633962359}, "K75P-U110": {"K75P-U120": 85.61011841271126}, "K76-D020": {"K76-D030": 125.08918334815137}, "K75A-U030": {"K75A-D010": 241.4049712148203}, "K75P-D060": {"K75P-D070": 193.4276376359618}, "K73-D110": {"K73-D120": 85.19642000267682}, "K75P-U090": {"K75P-U100": 41.269238896950824}, "K74-U080": {"K74-U090": 232.0677029829627}, "K75P-U120": {"K75P-U130": 67.70155327779527}, "K73-U040": {"K73-U050": 111.10778295346934, "K73-U060": 224.8117589610534}, "K75P-U020": {"K75P-U030": 110.80706289072184}, "K73-D010": {"K73-D020": 82.12433915083713}, "K74-D080": {"K74-D090": 173.6488092831915}, "K74-D060": {"K74-D070": 159.00842949337624}, "K75P-D010": {"K75P-D020": 146.54700585068272}, "K73-D090": {"K73-D100": 83.41841381296311}, "K73-D100": {"K73-D110": 193.73415409915162}, "K75A-U010": {"K75A-U020": 43.727507992712184}, "K73-U020": {"K73-U030": 186.97247909005984}, "K75P-U100": {"K75P-U110": 64.80037643578984}, "K75A-D030": {"K75A-D040": 45.74376262673703}, "K75P-D080": {"K75P-U011": 149.15556911193823}, "K75P-D020": {"K75P-D030": 36.17911359066841}, "K75P-U080": {"K75P-U090": 47.3708463688701}, "K75P-D030": {"K75P-D040": 123.13043770948664}, "K75A-D050": {"K75A-D060": 81.740643021445}, "K76-U030": {"K76-U040": 163.100854099248}, "K74-U001": {"K74-U004": 141.47481270417703}, "K75P-U130": {"K75P-U140": 44.325515136846576}, "K73-D130": {"K73-D140": 136.34384287417024}, "K74-U030": {"K74-U040": 294.36598671034847}, "K75A-D100": {"K75A-D110": 99.0368246595563}, "K73-D140": {"K73-D150": 198.99245290930315}, "K74-U010": {"K74-U020": 152.09083475436012}, "K75A-D090": {"K75A-D100": 49.9724250338611}, "K75P-U050": {"K75P-U060": 154.92765585298665}, "K74-D050": {"K74-D060": 100.39033273808539}, "K75P-U060": {"K75P-U070": 30.33628113648242}, "K74-U020": {"K74-U030": 132.15097054090091}, "K75P-D040": {"K75P-D050": 167.38447882771004}, "K74-U004": {"K74-U007": 99.00913197838771}, "K75P-U040": {"K75P-U050": 110.5842944439454}, "K75A-U020": {"K75A-U030": 140.29227316647493}, "K73-D070": {"K73-D080": 157.1484316654517}, "K74-U011": {"K74-D100": 175.52270754323362}, "K73-D120": {"K73-D130": 108.92084708327994}, "K74-U100": {"K74-D010": 119.02521921391956}, "K74-D070": {"K74-D080": 266.8925500642471}, "K74-U040": {"K74-U050": 203.28273734867963}, "K74-D100": {"K74-D110": 90.1786988976792}, "K73-D080": {"K73-D090": 269.1830633551882}, "K75A-D060": {"K75A-D070": 44.16455475096109}, "K75P-U070": {"K75P-U080": 115.12505658241932}, "K75A-D040": {"K75A-D050": 50.6723045457684}, "K73-D020": {"K73-D030": 90.03815634013462}, "K73-D050": {"K73-D060": 64.29878854327228, "K73-D070": 106.50078447771732}, "K74-D110": {"K74-U002": 176.3646157869439}, "K74-D010": {"K74-D020": 154.3032178970177}, "K74-U070": {"K74-U080": 167.93531668591248}, "K73-D060": {"K73-D070": 32.37775094081504}, "K73-D150": {"K73-D160": 49.287434060303966}, "K74-D040": {"K74-D050": 87.06361885921655}, "K74-U050": {"K74-U060": 231.81785903472905}}