{"K76-U020": {"K76-U030": 148.21495930963655}, "K73-U070": {"K73-U080": 156.91744142915348}, "K76-U040": {"K76-U050": 208.09362016423285}, "K76-D030": {"K76-D040": 54.00428616903364}, "K75P-D050": {"K75P-D060": 88.8389537414724}, "K73-U080": {"K73-U090": 268.93350660061685, "K73-U110": 151.48186865393524}, "K74-D020": {"K74-D030": 145.03112256127412}, "K73-U100": {"K73-U110": 244.1422183614257}, "K76-D010": {"K76-D020": 170.469997127746}, "K75A-D110": {"K75A-U011": 174.71966735409853}, "K75A-D080": {"K75A-D090": 101.63932432024487}, "K75P-U030": {"K75P-U040": 104.81389559810921}, "K75P-D070": {"K75P-D080": 84.54483832829163}, "K75P-U010": {"K75P-U020": 93.62600409734425}, "K75A-D020": {"K75A-D030": 22.429693051459477}, "K74-D030": {"K74-D040": 124.13891052563258}, "K75A-D070": {"K75A-D080": 38.89942128753357}, "K74-U090": {"K74-U100": 191.43731690179285}, "K76-U010": {"K76-U020": 9.912714056130113}, "K74-U060": {"K74-U070": 143.98794695306705}, "K75A-D010": {"K75A-D020": 201.72746438970756}, "K74-D090": {"K74-U011": 71.81839900809209}, "K73-U110": {"K73-U120": 210.36672345611868}, "K73-U050": {"K73-U060": 100.5071816572026}, "K73-U060": {"K73-U070": 140.77135845453074}, "K74-U007": {"K74-U010": 254.98767330533195}, "K73-D030": {"K73-D040": 120.23562844053345}, "K73-D040": {"K73-D050": 83.19260743657081}, "K73-U090": {"K73-U100": 128.27897759174408}, "K75P-U140": {"K75P-D010": 145.5597819805901}, "K73-U030": {"K73-U040": 83.33001550329462}, "K73-U010": {"K73-U020": 76.40723868225398}, "K75P-U110": {"K75P-U120": 85.9069995109704}, "K76-D020": {"K76-D030": 120.82293765435199}, "K75A-U030": {"K75A-D010": 229.56971554421904}, "K75P-D060": {"K75P-D070": 172.89836504688972}, "K73-D110": {"K73-D120": 80.77851349678967}, "K75P-U090": {"K75P-U100": 40.47172789458635}, "K74-U080": {"K74-U090": 227.5960215362555}, "K75P-U120": {"K75P-U130": 64.89975189903996}, "K73-U040": {"K73-U050": 110.60740226147541, "K73-U060": 218.93584125503693}, "K75P-U020": {"K75P-U030": 104.00377543120392}, "K73-D010": {"K73-D020": 74.88990678550172}, "K74-D080": {"K74-D090": 180.26896920628602}, "K74-D060": {"K74-D070": 147.08744860713168}, "K75P-D010": {"K75P-D020": 129.52374273329917}, "K73-D090": {"K73-D100": 81.2218928148233}, "K73-D100": {"K73-D110": 200.7238500117109}, "K75A-U010": {"K75A-U020": 47.029724043882126}, "K73-U020": {"K73-U030": 169.31767182959067}, "K75P-U100": {"K75P-U110": 58.6533478808292}, "K75A-D030": {"K75A-D040": 47.50250582507577}, "K75P-D080": {"K75P-U011": 139.53089929133807}, "K75P-D020": {"K75P-D030": 33.30766308449747}, "K75P-U080": {"K75P-U090": 43.958479809476835}, "K75P-D030": {"K75P-D040": 125.31346817846072}, "K75A-D050": {"K75A-D060": 74.23118498111523}, "K76-U030": {"K76-U040": 163.0854266580546}, "K74-U001": {"K74-U004": 182.24626549560853}, "K75P-U130": {"K75P-U140": 38.477143611625145}, "K73-D130": {"K73-D140": 136.80261798535594}, "K74-U030": {"K74-U040": 286.8221790972483}, "K75A-D100": {"K75A-D110": 105.27355537862952}, "K73-D140": {"K73-D150": 206.93276897584252}, "K74-U010": {"K74-U020": 156.13719586860108}, "K75A-D090": {"K75A-D100": 47.42419608491487}, "K75P-U050": {"K75P-U060": 145.2418448124198}, "K74-D050": {"K74-D060": 102.30056840220075}, "K75P-U060": {"K75P-U070": 31.04908496302043}, "K74-U020": {"K74-U030": 135.39737070792498}, "K75P-D040": {"K75P-D050": 165.5438029246313}, "K74-U004": {"K74-U007": 95.42139648104725}, "K75P-U040": {"K75P-U050": 101.76535678644365}, "K75A-U020": {"K75A-U030": 131.43705785787648}, "K73-D070": {"K73-D080": 160.48209088003003}, "K74-U011": {"K74-D100": 171.6132860510931}, "K73-D120": {"K73-D130": 114.6357926555897}, "K74-U100": {"K74-D010": 124.30691135611801}, "K74-D070": {"K74-D080": 267.7529715230762}, "K74-U040": {"K74-U050": 170.92763939110802}, "K74-D100": {"K74-D110": 78.95386365518412}, "K73-D080": {"K73-D090": 251.8886572243818}, "K75A-D060": {"K75A-D070": 44.62875201081507}, "K75P-U070": {"K75P-U080": 102.89938280283306}, "K75A-D040": {"K75A-D050": 54.52941165397398}, "K73-D020": {"K73-D030": 91.34711441057352}, "K73-D050": {"K73-D060": 64.29878854327228, "K73-D070": 105.70646512277972}, "K74-D110": {"K74-U002": 172.15744141186852}, "K74-D010": {"K74-D020": 150.5627616986046}, "K74-U070": {"K74-U080": 152.06733398511852}, "K73-D060": {"K73-D070": 32.37775094081504}, "K73-D150": {"K73-D160": 47.49334036829931}, "K74-D040": {"K74-D050": 83.46281014725439}, "K74-U050": {"K74-U060": 221.45251466771384}}