{"K76-U020": {"K76-U030": 143.88115779717936}, "K73-U070": {"K73-U080": 154.50639257492676}, "K76-U040": {"K76-U050": 169.70962466158238}, "K76-D030": {"K76-D040": 70.53421885591027}, "K75P-D050": {"K75P-D060": 82.2330307569836}, "K73-U080": {"K73-U090": 263.07935308232834, "K73-U110": 151.50021929069723}, "K74-D020": {"K74-D030": 145.02672296831605}, "K73-U100": {"K73-U110": 213.64366163653216}, "K76-D010": {"K76-D020": 170.4163161903071}, "K75A-D110": {"K75A-U011": 185.36691440132967}, "K75A-D080": {"K75A-D090": 131.69212025913504}, "K75P-U030": {"K75P-U040": 120.21468931625213}, "K75P-D070": {"K75P-D080": 92.78700042722495}, "K75P-U010": {"K75P-U020": 98.79412383189307}, "K75A-D020": {"K75A-D030": 23.10009956989497}, "K74-D030": {"K74-D040": 125.50129336898753}, "K75A-D070": {"K75A-D080": 45.97975903123786}, "K74-U090": {"K74-U100": 210.96315470503845}, "K76-U010": {"K76-U020": 13.967225906456884}, "K74-U060": {"K74-U070": 139.23817623551636}, "K75A-D010": {"K75A-D020": 212.49711181212015}, "K74-D090": {"K74-U011": 74.3301480040874}, "K73-U110": {"K73-U120": 206.9342323162802}, "K73-U050": {"K73-U060": 95.38691798006002}, "K73-U060": {"K73-U070": 136.27890557201846}, "K74-U007": {"K74-U010": 249.68359443281625}, "K73-D030": {"K73-D040": 112.4157182468978}, "K73-D040": {"K73-D050": 87.50953441389875}, "K73-U090": {"K73-U100": 129.72766163504102}, "K75P-U140": {"K75P-D010": 156.6330052821566}, "K73-U030": {"K73-U040": 92.04269650076655}, "K73-U010": {"K73-U020": 68.06628075080037}, "K75P-U110": {"K75P-U120": 87.6317292854254}, "K76-D020": {"K76-D030": 134.5805325053409}, "K75A-U030": {"K75A-D010": 237.04841223763188}, "K75P-D060": {"K75P-D070": 174.92170801169658}, "K73-D110": {"K73-D120": 84.8385017020142}, "K75P-U090": {"K75P-U100": 46.5711873418136}, "K74-U080": {"K74-U090": 245.61395181058796}, "K75P-U120": {"K75P-U130": 65.02743160558097}, "K73-U040": {"K73-U050": 102.38862847072792, "K73-U060": 216.1015728880653}, "K75P-U020": {"K75P-U030": 105.4034473226599}, "K73-D010": {"K73-D020": 88.08940354880215}, "K74-D080": {"K74-D090": 172.2748347327943}, "K74-D060": {"K74-D070": 143.6511332468898}, "K75P-D010": {"K75P-D020": 125.0521527647295}, "K73-D090": {"K73-D100": 90.56664011839139}, "K73-D100": {"K73-D110": 191.59566035671494}, "K75A-U010": {"K75A-U020": 47.2627334803745}, "K73-U020": {"K73-U030": 184.77263197628108}, "K75P-U100": {"K75P-U110": 62.029142392092446}, "K75A-D030": {"K75A-D040": 46.848267318329974}, "K75P-D080": {"K75P-U011": 149.01413531495047}, "K75P-D020": {"K75P-D030": 38.34985853369665}, "K75P-U080": {"K75P-U090": 46.05805936439576}, "K75P-D030": {"K75P-D040": 129.13505060823178}, "K75A-D050": {"K75A-D060": 74.05309449741668}, "K76-U030": {"K76-U040": 163.10081987298807}, "K74-U001": {"K74-U004": 142.31784448911515}, "K75P-U130": {"K75P-U140": 31.082384589681833}, "K73-D130": {"K73-D140": 151.1200857662524}, "K74-U030": {"K74-U040": 277.6524222545412}, "K75A-D100": {"K75A-D110": 100.78778936233606}, "K73-D140": {"K73-D150": 213.99408463657096}, "K74-U010": {"K74-U020": 181.77883955137906}, "K75A-D090": {"K75A-D100": 47.83981286231471}, "K75P-U050": {"K75P-U060": 161.90072395447882}, "K74-D050": {"K74-D060": 102.32304503773767}, "K75P-U060": {"K75P-U070": 31.327582235229396}, "K74-U020": {"K74-U030": 129.0390939256978}, "K75P-D040": {"K75P-D050": 169.55834547576882}, "K74-U004": {"K74-U007": 100.80601460335015}, "K75P-U040": {"K75P-U050": 109.0232340054722}, "K75A-U020": {"K75A-U030": 146.27036475189598}, "K73-D070": {"K73-D080": 158.3418862795649}, "K74-U011": {"K74-D100": 175.7617059400012}, "K73-D120": {"K73-D130": 109.62377709252398}, "K74-U100": {"K74-D010": 117.92961697440099}, "K74-D070": {"K74-D080": 264.3192147008898}, "K74-U040": {"K74-U050": 175.68095811315524}, "K74-D100": {"K74-D110": 87.87956737419285}, "K73-D080": {"K73-D090": 274.2807109365323}, "K75A-D060": {"K75A-D070": 50.207609337603785}, "K75P-U070": {"K75P-U080": 114.52586258221852}, "K75A-D040": {"K75A-D050": 56.900546414987865}, "K73-D020": {"K73-D030": 96.5392263273163}, "K73-D050": {"K73-D060": 64.29878854327228, "K73-D070": 105.17081873033287}, "K74-D110": {"K74-U002": 191.68100837100837}, "K74-D010": {"K74-D020": 159.96522553398626}, "K74-U070": {"K74-U080": 155.15015302584828}, "K73-D060": {"K73-D070": 32.37775094081504}, "K73-D150": {"K73-D160": 40.74015645343331}, "K74-D040": {"K74-D050": 87.04491586612887}, "K74-U050": {"K74-U060": 217.59977934049715}}