{"K76-U020": {"K76-U030": 164.89738152782766}, "K73-U070": {"K73-U080": 159.2374062696007}, "K76-U040": {"K76-U050": 174.76156287885948}, "K76-D030": {"K76-D040": 54.64597078501197}, "K75P-D050": {"K75P-D060": 87.0195669840032}, "K73-U080": {"K73-U090": 273.6759610675311, "K73-U110": 151.48186865393524}, "K74-D020": {"K74-D030": 145.03112256127412}, "K73-U100": {"K73-U110": 225.25872969267053}, "K76-D010": {"K76-D020": 170.469997127746}, "K75A-D110": {"K75A-U011": 186.6911370738691}, "K75A-D080": {"K75A-D090": 102.23185642141127}, "K75P-U030": {"K75P-U040": 107.61716084320055}, "K75P-D070": {"K75P-D080": 93.22353377257976}, "K75P-U010": {"K75P-U020": 96.99836460093685}, "K75A-D020": {"K75A-D030": 24.17842062031802}, "K74-D030": {"K74-D040": 132.46145633579366}, "K75A-D070": {"K75A-D080": 49.230215815832274}, "K74-U090": {"K74-U100": 201.97270509631076}, "K76-U010": {"K76-U020": 15.366570819066904}, "K74-U060": {"K74-U070": 140.58197357904433}, "K75A-D010": {"K75A-D020": 205.22187184296286}, "K74-D090": {"K74-U011": 78.06307557166494}, "K73-U110": {"K73-U120": 217.9172791864868}, "K73-U050": {"K73-U060": 103.5983694941774}, "K73-U060": {"K73-U070": 131.70958867504808}, "K74-U007": {"K74-U010": 256.1618745070158}, "K73-D030": {"K73-D040": 112.7121012816021}, "K73-D040": {"K73-D050": 81.5030221965122}, "K73-U090": {"K73-U100": 130.43236599412813}, "K75P-U140": {"K75P-D010": 144.6992147974308}, "K73-U030": {"K73-U040": 87.63034818728303}, "K73-U010": {"K73-U020": 67.43911723979974}, "K75P-U110": {"K75P-U120": 85.25517363293466}, "K76-D020": {"K76-D030": 118.29887007787076}, "K75A-U030": {"K75A-D010": 227.2638386800977}, "K75P-D060": {"K75P-D070": 171.63521220128936}, "K73-D110": {"K73-D120": 93.48540364732722}, "K75P-U090": {"K75P-U100": 40.44648580271608}, "K74-U080": {"K74-U090": 235.55032686891008}, "K75P-U120": {"K75P-U130": 63.8381925567238}, "K73-U040": {"K73-U050": 112.92837745699828, "K73-U060": 211.4108470413617}, "K75P-U020": {"K75P-U030": 97.33196306900791}, "K73-D010": {"K73-D020": 78.34681135914963}, "K74-D080": {"K74-D090": 172.42405512141409}, "K74-D060": {"K74-D070": 155.95998251274662}, "K75P-D010": {"K75P-D020": 131.83102474191483}, "K73-D090": {"K73-D100": 84.22023188068344}, "K73-D100": {"K73-D110": 189.83455185377701}, "K75A-U010": {"K75A-U020": 42.75276259008259}, "K73-U020": {"K73-U030": 181.7074865805975}, "K75P-U100": {"K75P-U110": 62.54310750740772}, "K75A-D030": {"K75A-D040": 44.01131119146957}, "K75P-D080": {"K75P-U011": 137.63186506442378}, "K75P-D020": {"K75P-D030": 35.369532392861856}, "K75P-U080": {"K75P-U090": 43.421779301939615}, "K75P-D030": {"K75P-D040": 125.40084123405538}, "K75A-D050": {"K75A-D060": 76.80788692679475}, "K76-U030": {"K76-U040": 163.0854266580546}, "K74-U001": {"K74-U004": 189.3338311376095}, "K75P-U130": {"K75P-U140": 33.16299821976138}, "K73-D130": {"K73-D140": 137.8676266827552}, "K74-U030": {"K74-U040": 284.1481440251261}, "K75A-D100": {"K75A-D110": 98.44624836039583}, "K73-D140": {"K73-D150": 204.50888872533068}, "K74-U010": {"K74-U020": 169.7836594748569}, "K75A-D090": {"K75A-D100": 52.83194333869128}, "K75P-U050": {"K75P-U060": 153.49851544874372}, "K74-D050": {"K74-D060": 105.20704337411954}, "K75P-U060": {"K75P-U070": 26.566978569857223}, "K74-U020": {"K74-U030": 131.05234123657345}, "K75P-D040": {"K75P-D050": 163.4369358836019}, "K74-U004": {"K74-U007": 98.04657721446274}, "K75P-U040": {"K75P-U050": 109.11892797347289}, "K75A-U020": {"K75A-U030": 144.9573976372942}, "K73-D070": {"K73-D080": 158.86859795673186}, "K74-U011": {"K74-D100": 176.06578928932672}, "K73-D120": {"K73-D130": 113.04583124355827}, "K74-U100": {"K74-D010": 111.93654302765556}, "K74-D070": {"K74-D080": 262.5489350848044}, "K74-U040": {"K74-U050": 167.7314952472574}, "K74-D100": {"K74-D110": 88.16723110999509}, "K73-D080": {"K73-D090": 270.63267295807015}, "K75A-D060": {"K75A-D070": 47.29793286719789}, "K75P-U070": {"K75P-U080": 100.19480734437177}, "K75A-D040": {"K75A-D050": 54.1260070521329}, "K73-D020": {"K73-D030": 80.15234156374956}, "K73-D050": {"K73-D060": 64.29878854327228, "K73-D070": 105.56076587285358}, "K74-D110": {"K74-U002": 174.6111328487447}, "K74-D010": {"K74-D020": 155.3945956253357}, "K74-U070": {"K74-U080": 151.62744596355338}, "K73-D060": {"K73-D070": 32.37775094081504}, "K73-D150": {"K73-D160": 55.48630483798977}, "K74-D040": {"K74-D050": 82.30977624666376}, "K74-U050": {"K74-U060": 231.31145623330775}}