{"K76-U020": {"K76-U030": 136.33614224702325}, "K73-U070": {"K73-U080": 162.04187026152678}, "K76-U040": {"K76-U050": 170.4697580750729}, "K76-D030": {"K76-D040": 56.81574823614451}, "K75P-D050": {"K75P-D060": 86.10254143946301}, "K73-U080": {"K73-U090": 247.47575833668557, "K73-U110": 151.48186865393524}, "K74-D020": {"K74-D030": 145.03112256127412}, "K73-U100": {"K73-U110": 256.50520398323135}, "K76-D010": {"K76-D020": 170.469997127746}, "K75A-D110": {"K75A-U011": 174.7642238618814}, "K75A-D080": {"K75A-D090": 115.1677747616983}, "K75P-U030": {"K75P-U040": 125.18651922961551}, "K75P-D070": {"K75P-D080": 86.39634417867299}, "K75P-U010": {"K75P-U020": 92.59303071122186}, "K75A-D020": {"K75A-D030": 24.411777036777107}, "K74-D030": {"K74-D040": 128.27051356937264}, "K75A-D070": {"K75A-D080": 47.78585992981954}, "K74-U090": {"K74-U100": 207.5325000470044}, "K76-U010": {"K76-U020": 19.59712980798521}, "K74-U060": {"K74-U070": 141.0916170483584}, "K75A-D010": {"K75A-D020": 207.87964083223977}, "K74-D090": {"K74-U011": 76.5789279136889}, "K73-U110": {"K73-U120": 215.07923179543712}, "K73-U050": {"K73-U060": 101.00812948925977}, "K73-U060": {"K73-U070": 129.86309522002003}, "K74-U007": {"K74-U010": 239.05961890328172}, "K73-D030": {"K73-D040": 112.51940340010401}, "K73-D040": {"K73-D050": 84.90962887719479}, "K73-U090": {"K73-U100": 142.14634771932816}, "K75P-U140": {"K75P-D010": 148.61714898354444}, "K73-U030": {"K73-U040": 87.0597773655069}, "K73-U010": {"K73-U020": 67.07852914004847}, "K75P-U110": {"K75P-U120": 89.01843814138603}, "K76-D020": {"K76-D030": 130.09729010880386}, "K75A-U030": {"K75A-D010": 227.79379364865835}, "K75P-D060": {"K75P-D070": 193.77610563781144}, "K73-D110": {"K73-D120": 76.53348509936728}, "K75P-U090": {"K75P-U100": 49.2047440126987}, "K74-U080": {"K74-U090": 254.05973065282205}, "K75P-U120": {"K75P-U130": 64.9633772518185}, "K73-U040": {"K73-U050": 102.1270303248662, "K73-U060": 225.39505867819622}, "K75P-U020": {"K75P-U030": 108.27629705711874}, "K73-D010": {"K73-D020": 81.53411849407071}, "K74-D080": {"K74-D090": 168.4718330110298}, "K74-D060": {"K74-D070": 141.9306824578194}, "K75P-D010": {"K75P-D020": 140.66423601746644}, "K73-D090": {"K73-D100": 90.04036560722662}, "K73-D100": {"K73-D110": 190.0238737131112}, "K75A-U010": {"K75A-U020": 46.257032462059584}, "K73-U020": {"K73-U030": 174.42162442449677}, "K75P-U100": {"K75P-U110": 60.629267324320736}, "K75A-D030": {"K75A-D040": 43.22379588185295}, "K75P-D080": {"K75P-U011": 140.76950858974806}, "K75P-D020": {"K75P-D030": 35.67916900970894}, "K75P-U080": {"K75P-U090": 41.68895343702055}, "K75P-D030": {"K75P-D040": 134.2140181953004}, "K75A-D050": {"K75A-D060": 80.24527989529304}, "K76-U030": {"K76-U040": 163.0854266580546}, "K74-U001": {"K74-U004": 145.66967766394558}, "K75P-U130": {"K75P-U140": 37.10569285142915}, "K73-D130": {"K73-D140": 144.96183131444667}, "K74-U030": {"K74-U040": 276.1994930960947}, "K75A-D100": {"K75A-D110": 106.81869277796235}, "K73-D140": {"K73-D150": 208.60877698414433}, "K74-U010": {"K74-U020": 180.55037582419055}, "K75A-D090": {"K75A-D100": 48.199161166630475}, "K75P-U050": {"K75P-U060": 155.48308857911206}, "K74-D050": {"K74-D060": 100.52177011749089}, "K75P-U060": {"K75P-U070": 29.13077500655235}, "K74-U020": {"K74-U030": 132.58073020379635}, "K75P-D040": {"K75P-D050": 167.49324650645215}, "K74-U004": {"K74-U007": 99.56396308028575}, "K75P-U040": {"K75P-U050": 107.44196719535509}, "K75A-U020": {"K75A-U030": 136.88902795075597}, "K73-D070": {"K73-D080": 146.94808541258627}, "K74-U011": {"K74-D100": 175.46103476276053}, "K73-D120": {"K73-D130": 105.02073844344507}, "K74-U100": {"K74-D010": 118.3701981015104}, "K74-D070": {"K74-D080": 265.11706571084625}, "K74-U040": {"K74-U050": 170.84018916096807}, "K74-D100": {"K74-D110": 85.4820194414138}, "K73-D080": {"K73-D090": 272.24952463744876}, "K75A-D060": {"K75A-D070": 38.804382773972236}, "K75P-U070": {"K75P-U080": 108.18166895959757}, "K75A-D040": {"K75A-D050": 51.46941473461605}, "K73-D020": {"K73-D030": 96.56877855335075}, "K73-D050": {"K73-D060": 64.29878854327228, "K73-D070": 104.464213665283}, "K74-D110": {"K74-U002": 186.1227428077008}, "K74-D010": {"K74-D020": 158.06053893857845}, "K74-U070": {"K74-U080": 142.58101360440224}, "K73-D060": {"K73-D070": 32.37775094081504}, "K73-D150": {"K73-D160": 47.20893025739751}, "K74-D040": {"K74-D050": 75.81565136512855}, "K74-U050": {"K74-U060": 246.30905771093313}}