{"K76-U020": {"K76-U030": 146.56522516986516}, "K73-U070": {"K73-U080": 170.13833410027368}, "K76-U040": {"K76-U050": 138.33617373712792}, "K76-D030": {"K76-D040": 69.51757328599231}, "K75P-D050": {"K75P-D060": 84.67242180705237}, "K73-U080": {"K73-U090": 255.4633460323384, "K73-U110": 151.50094717525218}, "K74-D020": {"K74-D030": 145.02339764528114}, "K73-U100": {"K73-U110": 256.07860198026344}, "K76-D010": {"K76-D020": 170.41630763929464}, "K75A-D110": {"K75A-U011": 204.39513072593581}, "K75A-D080": {"K75A-D090": 121.41809390234735}, "K75P-U030": {"K75P-U040": 117.17111071154129}, "K75P-D070": {"K75P-D080": 94.76612440137193}, "K75P-U010": {"K75P-U020": 92.9101139557122}, "K75A-D020": {"K75A-D030": 27.0114931849103}, "K74-D030": {"K74-D040": 132.33858010602145}, "K75A-D070": {"K75A-D080": 58.31211552202599}, "K74-U090": {"K74-U100": 200.9878554742066}, "K76-U010": {"K76-U020": 30.316121823799012}, "K74-U060": {"K74-U070": 136.71252246840749}, "K75A-D010": {"K75A-D020": 215.74929296212161}, "K74-D090": {"K74-U011": 78.88142480589075}, "K73-U110": {"K73-U120": 216.54066079834337}, "K73-U050": {"K73-U060": 99.47508517085708}, "K73-U060": {"K73-U070": 145.32925060170948}, "K74-U007": {"K74-U010": 247.49209856289357}, "K73-D030": {"K73-D040": 116.08850621753884}, "K73-D040": {"K73-D050": 84.37817563238501}, "K73-U090": {"K73-U100": 136.69676039138625}, "K75P-U140": {"K75P-D010": 153.28541392699407}, "K73-U030": {"K73-U040": 84.01797370066056}, "K73-U010": {"K73-U020": 69.54167312011523}, "K75P-U110": {"K75P-U120": 84.42843797056086}, "K76-D020": {"K76-D030": 122.49696926146211}, "K75A-U030": {"K75A-D010": 236.7521876447394}, "K75P-D060": {"K75P-D070": 176.6475616185907}, "K73-D110": {"K73-D120": 69.58404903491493}, "K75P-U090": {"K75P-U100": 43.278344930439864}, "K74-U080": {"K74-U090": 234.8507913026621}, "K75P-U120": {"K75P-U130": 65.28289004908137}, "K73-U040": {"K73-U050": 98.88847523953216, "K73-U060": 228.29178982957296}, "K75P-U020": {"K75P-U030": 106.96697149678066}, "K73-D010": {"K73-D020": 76.2242931893575}, "K74-D080": {"K74-D090": 170.8063014260993}, "K74-D060": {"K74-D070": 156.8683591978104}, "K75P-D010": {"K75P-D020": 132.8452078023226}, "K73-D090": {"K73-D100": 77.31764338401871}, "K73-D100": {"K73-D110": 185.3670869544234}, "K75A-U010": {"K75A-U020": 45.02257938450597}, "K73-U020": {"K73-U030": 143.3973948835737}, "K75P-U100": {"K75P-U110": 65.3551690092825}, "K75A-D030": {"K75A-D040": 47.685322934651126}, "K75P-D080": {"K75P-U011": 143.0279178254362}, "K75P-D020": {"K75P-D030": 36.59088987405846}, "K75P-U080": {"K75P-U090": 44.13883122056926}, "K75P-D030": {"K75P-D040": 131.5789178580756}, "K75A-D050": {"K75A-D060": 74.2310533313646}, "K76-U030": {"K76-U040": 163.100854099248}, "K74-U001": {"K74-U004": 147.9390437357418}, "K75P-U130": {"K75P-U140": 40.200095271811655}, "K73-D130": {"K73-D140": 143.16458643416183}, "K74-U030": {"K74-U040": 287.4756116639868}, "K75A-D100": {"K75A-D110": 104.90258532044997}, "K73-D140": {"K73-D150": 209.32111435419338}, "K74-U010": {"K74-U020": 167.29885866210984}, "K75A-D090": {"K75A-D100": 48.74149570800452}, "K75P-U050": {"K75P-U060": 163.14095659461762}, "K74-D050": {"K74-D060": 104.34691393323142}, "K75P-U060": {"K75P-U070": 23.892202973385615}, "K74-U020": {"K74-U030": 127.02138532469019}, "K75P-D040": {"K75P-D050": 159.43942624468247}, "K74-U004": {"K74-U007": 102.77764954472798}, "K75P-U040": {"K75P-U050": 92.63798062655457}, "K75A-U020": {"K75A-U030": 142.44295272720103}, "K73-D070": {"K73-D080": 159.36458209521413}, "K74-U011": {"K74-D100": 157.23201252843654}, "K73-D120": {"K73-D130": 106.14375072701368}, "K74-U100": {"K74-D010": 126.66050314647039}, "K74-D070": {"K74-D080": 264.12221779986515}, "K74-U040": {"K74-U050": 182.39293095631132}, "K74-D100": {"K74-D110": 86.80206139965227}, "K73-D080": {"K73-D090": 274.4499009376658}, "K75A-D060": {"K75A-D070": 43.26502361814057}, "K75P-U070": {"K75P-U080": 117.18903173977442}, "K75A-D040": {"K75A-D050": 49.754964103779216}, "K73-D020": {"K73-D030": 93.29679056952588}, "K73-D050": {"K73-D060": 64.29878854327228, "K73-D070": 109.48586093094896}, "K74-D110": {"K74-U002": 177.62339872275135}, "K74-D010": {"K74-D020": 162.19668037768957}, "K74-U070": {"K74-U080": 159.1988015465887}, "K73-D060": {"K73-D070": 32.37775094081504}, "K73-D150": {"K73-D160": 45.787853726803256}, "K74-D040": {"K74-D050": 83.00152408410767}, "K74-U050": {"K74-U060": 217.90885913455537}}