{"K76-U020": {"K76-U030": 159.4380906438289}, "K73-U070": {"K73-U080": 157.5769738307472}, "K76-U040": {"K76-U050": 182.46645897906836}, "K76-D030": {"K76-D040": 60.910251964240516}, "K75P-D050": {"K75P-D060": 81.03284058866423}, "K73-U080": {"K73-U090": 275.5417518079495, "K73-U110": 151.48186865393524}, "K74-D020": {"K74-D030": 145.03112256127412}, "K73-U100": {"K73-U110": 234.22411643815775}, "K76-D010": {"K76-D020": 170.469997127746}, "K75A-D110": {"K75A-U011": 184.4916704803334}, "K75A-D080": {"K75A-D090": 97.15059883178075}, "K75P-U030": {"K75P-U040": 106.43704888987591}, "K75P-D070": {"K75P-D080": 91.1084593043905}, "K75P-U010": {"K75P-U020": 95.76841630879183}, "K75A-D020": {"K75A-D030": 19.944844743870924}, "K74-D030": {"K74-D040": 137.97944183900478}, "K75A-D070": {"K75A-D080": 39.24156519707673}, "K74-U090": {"K74-U100": 204.544561477776}, "K76-U010": {"K76-U020": 58.46437430793518}, "K74-U060": {"K74-U070": 152.969853803577}, "K75A-D010": {"K75A-D020": 193.30650032684326}, "K74-D090": {"K74-U011": 75.23638912420819}, "K73-U110": {"K73-U120": 215.13126251323675}, "K73-U050": {"K73-U060": 108.67307374740874}, "K73-U060": {"K73-U070": 145.682733472088}, "K74-U007": {"K74-U010": 250.207180553882}, "K73-D030": {"K73-D040": 107.8073799315544}, "K73-D040": {"K73-D050": 77.37206365086855}, "K73-U090": {"K73-U100": 113.6445652552251}, "K75P-U140": {"K75P-D010": 140.57627438785477}, "K73-U030": {"K73-U040": 83.82455045038994}, "K73-U010": {"K73-U020": 64.13052693125653}, "K75P-U110": {"K75P-U120": 75.63594247505738}, "K76-D020": {"K76-D030": 127.53343037756807}, "K75A-U030": {"K75A-D010": 218.6511403938357}, "K75P-D060": {"K75P-D070": 174.43655011238275}, "K73-D110": {"K73-D120": 85.37278034138264}, "K75P-U090": {"K75P-U100": 40.82623427301384}, "K74-U080": {"K74-U090": 237.47219780628717}, "K75P-U120": {"K75P-U130": 63.92729220430446}, "K73-U040": {"K73-U050": 97.48602809235243, "K73-U060": 197.28086077908227}, "K75P-U020": {"K75P-U030": 105.85798904222425}, "K73-D010": {"K73-D020": 71.3537777135248}, "K74-D080": {"K74-D090": 164.69416379536239}, "K74-D060": {"K74-D070": 149.53405752128864}, "K75P-D010": {"K75P-D020": 122.0187526025907}, "K73-D090": {"K73-D100": 82.95582219474721}, "K73-D100": {"K73-D110": 191.24982072654493}, "K75A-U010": {"K75A-U020": 44.75984122667578}, "K73-U020": {"K73-U030": 146.12511462954234}, "K75P-U100": {"K75P-U110": 60.11219589829849}, "K75A-D030": {"K75A-D040": 45.63619844136055}, "K75P-D080": {"K75P-U011": 141.86086592291963}, "K75P-D020": {"K75P-D030": 33.289013759178616}, "K75P-U080": {"K75P-U090": 87.99793333197918}, "K75P-D030": {"K75P-D040": 113.81921905007036}, "K75A-D050": {"K75A-D060": 74.10150649630866}, "K76-U030": {"K76-U040": 163.0854266580546}, "K74-U001": {"K74-U004": 163.54914206228446}, "K75P-U130": {"K75P-U140": 34.87505741309009}, "K73-D130": {"K73-D140": 136.7583071531416}, "K74-U030": {"K74-U040": 283.57843111884483}, "K75A-D100": {"K75A-D110": 96.13245772215413}, "K73-D140": {"K73-D150": 206.36202844934633}, "K74-U010": {"K74-U020": 161.4351131387147}, "K75A-D090": {"K75A-D100": 48.31377316556976}, "K75P-U050": {"K75P-U060": 157.67278482645264}, "K74-D050": {"K74-D060": 110.60371339400061}, "K75P-U060": {"K75P-U070": 26.516248071894825}, "K74-U020": {"K74-U030": 134.6769457152192}, "K75P-D040": {"K75P-D050": 165.6974132183787}, "K74-U004": {"K74-U007": 91.83875559932845}, "K75P-U040": {"K75P-U050": 107.3725983494794}, "K75A-U020": {"K75A-U030": 131.6993819401776}, "K73-D070": {"K73-D080": 151.6920977906738}, "K74-U011": {"K74-D100": 168.74762354674584}, "K73-D120": {"K73-D130": 98.81879262585204}, "K74-U100": {"K74-D010": 112.24528278202872}, "K74-D070": {"K74-D080": 253.50416849038328}, "K74-U040": {"K74-U050": 161.69157570329216}, "K74-D100": {"K74-D110": 89.42050241564223}, "K73-D080": {"K73-D090": 262.0510672906655}, "K75A-D060": {"K75A-D070": 38.08064555042909}, "K75P-U070": {"K75P-U080": 105.29298956683097}, "K75A-D040": {"K75A-D050": 54.28155071569006}, "K73-D020": {"K73-D030": 92.95499093790637}, "K73-D050": {"K73-D060": 64.29878854327228, "K73-D070": 99.34308234741067}, "K74-D110": {"K74-U002": 175.8818771015874}, "K74-D010": {"K74-D020": 157.5562996540329}, "K74-U070": {"K74-U080": 152.70294477378042}, "K73-D060": {"K73-D070": 32.37775094081504}, "K73-D150": {"K73-D160": 52.307143883861706}, "K74-D040": {"K74-D050": 81.45569159778908}, "K74-U050": {"K74-U060": 235.46701128759278}}