{"K76-U020": {"K76-U030": 155.03296021604012}, "K73-U070": {"K73-U080": 165.27777890610838}, "K76-U040": {"K76-U050": 131.37385554336285}, "K76-D030": {"K76-D040": 63.77011140526503}, "K75P-D050": {"K75P-D060": 93.73314336583432}, "K73-U080": {"K73-U090": 255.29335754744957, "K73-U110": 151.50094717525218}, "K74-D020": {"K74-D030": 145.02339764528114}, "K73-U100": {"K73-U110": 215.3560950362359}, "K76-D010": {"K76-D020": 170.41630763929464}, "K75A-D110": {"K75A-U011": 175.40215428341128}, "K75A-D080": {"K75A-D090": 130.30544186059805}, "K75P-U030": {"K75P-U040": 132.87553665137062}, "K75P-D070": {"K75P-D080": 92.71104251800585}, "K75P-U010": {"K75P-U020": 95.3857723319842}, "K75A-D020": {"K75A-D030": 23.571717879390764}, "K74-D030": {"K74-D040": 136.1313208127357}, "K75A-D070": {"K75A-D080": 53.237302539707606}, "K74-U090": {"K74-U100": 194.3257013630814}, "K76-U010": {"K76-U020": 12.76517485004385}, "K74-U060": {"K74-U070": 131.5373189751713}, "K75A-D010": {"K75A-D020": 209.1449687944506}, "K74-D090": {"K74-U011": 74.30817360115452}, "K73-U110": {"K73-U120": 228.48767606392312}, "K73-U050": {"K73-U060": 110.90984564726291}, "K73-U060": {"K73-U070": 132.47551337295184}, "K74-U007": {"K74-U010": 251.4117286973404}, "K73-D030": {"K73-D040": 115.40612772931934}, "K73-D040": {"K73-D050": 84.6276606185433}, "K73-U090": {"K73-U100": 158.73657973817694}, "K75P-U140": {"K75P-D010": 151.57304039392832}, "K73-U030": {"K73-U040": 93.5941491362994}, "K73-U010": {"K73-U020": 64.49007527574233}, "K75P-U110": {"K75P-U120": 91.08954143473278}, "K76-D020": {"K76-D030": 136.4421831643754}, "K75A-U030": {"K75A-D010": 239.9841913213338}, "K75P-D060": {"K75P-D070": 200.06960947901166}, "K73-D110": {"K73-D120": 70.18177967122963}, "K75P-U090": {"K75P-U100": 41.1328282582616}, "K74-U080": {"K74-U090": 233.11286099521976}, "K75P-U120": {"K75P-U130": 64.38403608850192}, "K73-U040": {"K73-U050": 114.48868696688119, "K73-U060": 205.20261227240294}, "K75P-U020": {"K75P-U030": 105.838993806749}, "K73-D010": {"K73-D020": 82.93117570544794}, "K74-D080": {"K74-D090": 167.65365479757745}, "K74-D060": {"K74-D070": 160.4727869125819}, "K75P-D010": {"K75P-D020": 143.6345170752409}, "K73-D090": {"K73-D100": 85.21749998602243}, "K73-D100": {"K73-D110": 178.30398491608133}, "K75A-U010": {"K75A-U020": 45.80673985549727}, "K73-U020": {"K73-U030": 182.31759399010437}, "K75P-U100": {"K75P-U110": 65.983839609711}, "K75A-D030": {"K75A-D040": 43.599567856487106}, "K75P-D080": {"K75P-U011": 137.665069444267}, "K75P-D020": {"K75P-D030": 35.50272233503505}, "K75P-U080": {"K75P-U090": 44.69722050143436}, "K75P-D030": {"K75P-D040": 120.73904356183604}, "K75A-D050": {"K75A-D060": 81.90913354463592}, "K76-U030": {"K76-U040": 163.100854099248}, "K74-U001": {"K74-U004": 149.33451147142756}, "K75P-U130": {"K75P-U140": 43.055366755886155}, "K73-D130": {"K73-D140": 132.21006852343538}, "K74-U030": {"K74-U040": 296.74125949267693}, "K75A-D100": {"K75A-D110": 96.59586518103286}, "K73-D140": {"K73-D150": 194.9929283716523}, "K74-U010": {"K74-U020": 150.17226508395507}, "K75A-D090": {"K75A-D100": 48.22160685631945}, "K75P-U050": {"K75P-U060": 155.34948512318525}, "K74-D050": {"K74-D060": 101.11879623121607}, "K75P-U060": {"K75P-U070": 29.917203567374077}, "K74-U020": {"K74-U030": 141.68668775873599}, "K75P-D040": {"K75P-D050": 162.70503726985947}, "K74-U004": {"K74-U007": 93.87385751030679}, "K75P-U040": {"K75P-U050": 99.55696486849304}, "K75A-U020": {"K75A-U030": 142.38137258594205}, "K73-D070": {"K73-D080": 156.45462473440926}, "K74-U011": {"K74-D100": 163.96565913856415}, "K73-D120": {"K73-D130": 104.82868461975993}, "K74-U100": {"K74-D010": 126.21071969627864}, "K74-D070": {"K74-D080": 260.74201565365854}, "K74-U040": {"K74-U050": 232.8272117709833}, "K74-D100": {"K74-D110": 91.34858349184441}, "K73-D080": {"K73-D090": 269.7221990266169}, "K75A-D060": {"K75A-D070": 49.20917670708716}, "K75P-U070": {"K75P-U080": 107.46699777185238}, "K75A-D040": {"K75A-D050": 51.41095031503015}, "K73-D020": {"K73-D030": 104.77171698242194}, "K73-D050": {"K73-D060": 64.29878854327228, "K73-D070": 103.94932457012423}, "K74-D110": {"K74-U002": 175.17399359756058}, "K74-D010": {"K74-D020": 156.2849940205577}, "K74-U070": {"K74-U080": 150.8207826043572}, "K73-D060": {"K73-D070": 32.37775094081504}, "K73-D150": {"K73-D160": 48.12967719719643}, "K74-D040": {"K74-D050": 84.38590863062835}, "K74-U050": {"K74-U060": 236.02284063860512}}