{"K76-U020": {"K76-U030": 142.6541721840045}, "K73-U070": {"K73-U080": 148.85485454987003}, "K76-U040": {"K76-U050": 189.03356992025505}, "K76-D030": {"K76-D040": 51.13284230956926}, "K75P-D050": {"K75P-D060": 89.67385930723604}, "K73-U080": {"K73-U090": 247.7976071519209, "K73-U110": 151.48186865393524}, "K74-D020": {"K74-D030": 145.03112256127412}, "K73-U100": {"K73-U110": 200.6742254889503}, "K76-D010": {"K76-D020": 170.469997127746}, "K75A-D110": {"K75A-U011": 158.23008817538454}, "K75A-D080": {"K75A-D090": 93.21240882931086}, "K75P-U030": {"K75P-U040": 105.16987085711587}, "K75P-D070": {"K75P-D080": 91.63467200829663}, "K75P-U010": {"K75P-U020": 100.71452348798852}, "K75A-D020": {"K75A-D030": 23.724019984318186}, "K74-D030": {"K74-D040": 114.87597634432025}, "K75A-D070": {"K75A-D080": 42.605824371905285}, "K74-U090": {"K74-U100": 208.94003981751158}, "K76-U010": {"K76-U020": 10.330152996050385}, "K74-U060": {"K74-U070": 138.81103175520298}, "K75A-D010": {"K75A-D020": 196.3113577294841}, "K74-D090": {"K74-U011": 75.84977524486486}, "K73-U110": {"K73-U120": 186.64023889664333}, "K73-U050": {"K73-U060": 105.49794997635672}, "K73-U060": {"K73-U070": 151.78384331413494}, "K74-U007": {"K74-U010": 261.8686360892839}, "K73-D030": {"K73-D040": 115.02818011433286}, "K73-D040": {"K73-D050": 85.7258591320012}, "K73-U090": {"K73-U100": 127.06856034926139}, "K75P-U140": {"K75P-D010": 142.55105731241}, "K73-U030": {"K73-U040": 90.9136886170114}, "K73-U010": {"K73-U020": 72.16423477804717}, "K75P-U110": {"K75P-U120": 87.20722608716055}, "K76-D020": {"K76-D030": 117.61965607559675}, "K75A-U030": {"K75A-D010": 231.05440823397868}, "K75P-D060": {"K75P-D070": 166.8411574353416}, "K73-D110": {"K73-D120": 68.43258014279078}, "K75P-U090": {"K75P-U100": 43.40399887126343}, "K74-U080": {"K74-U090": 230.8911530560675}, "K75P-U120": {"K75P-U130": 65.75134603929592}, "K73-U040": {"K73-U050": 102.83391019463936, "K73-U060": 218.88422491976334}, "K75P-U020": {"K75P-U030": 103.94322121323748}, "K73-D010": {"K73-D020": 82.24565437145243}, "K74-D080": {"K74-D090": 168.6731781515558}, "K74-D060": {"K74-D070": 140.90100617647377}, "K75P-D010": {"K75P-D020": 122.68096880312271}, "K73-D090": {"K73-D100": 79.63575428031996}, "K73-D100": {"K73-D110": 175.97998556683802}, "K75A-U010": {"K75A-U020": 46.78434625487745}, "K73-U020": {"K73-U030": 162.1256955613032}, "K75P-U100": {"K75P-U110": 63.167538551243}, "K75A-D030": {"K75A-D040": 45.23462371470778}, "K75P-D080": {"K75P-U011": 135.36474949949766}, "K75P-D020": {"K75P-D030": 38.599861564513766}, "K75P-U080": {"K75P-U090": 43.25318284677685}, "K75P-D030": {"K75P-D040": 120.07133315408649}, "K75A-D050": {"K75A-D060": 77.13603755041436}, "K76-U030": {"K76-U040": 163.0854266580546}, "K74-U001": {"K74-U004": 150.54873833017254}, "K75P-U130": {"K75P-U140": 39.95853957787714}, "K73-D130": {"K73-D140": 143.41588977263345}, "K74-U030": {"K74-U040": 287.7107015380508}, "K75A-D100": {"K75A-D110": 99.52918735752101}, "K73-D140": {"K73-D150": 191.38191079752428}, "K74-U010": {"K74-U020": 169.65400898978834}, "K75A-D090": {"K75A-D100": 51.66647717640687}, "K75P-U050": {"K75P-U060": 151.21215497473167}, "K74-D050": {"K74-D060": 105.27361137976473}, "K75P-U060": {"K75P-U070": 31.90781420372976}, "K74-U020": {"K74-U030": 138.50927569663742}, "K75P-D040": {"K75P-D050": 168.91221932230832}, "K74-U004": {"K74-U007": 100.70649320216123}, "K75P-U040": {"K75P-U050": 107.2965726417453}, "K75A-U020": {"K75A-U030": 138.23897026612343}, "K73-D070": {"K73-D080": 159.97579882408021}, "K74-U011": {"K74-D100": 155.4067461651561}, "K73-D120": {"K73-D130": 114.7942245651911}, "K74-U100": {"K74-D010": 115.26419145780733}, "K74-D070": {"K74-D080": 259.2225469673466}, "K74-U040": {"K74-U050": 172.0249393278961}, "K74-D100": {"K74-D110": 80.40228385102037}, "K73-D080": {"K73-D090": 267.24545285656484}, "K75A-D060": {"K75A-D070": 47.51645090297576}, "K75P-U070": {"K75P-U080": 106.9470462118172}, "K75A-D040": {"K75A-D050": 55.87579485938367}, "K73-D020": {"K73-D030": 98.03197509186954}, "K73-D050": {"K73-D060": 64.29878854327228, "K73-D070": 107.8562863816522}, "K74-D110": {"K74-U002": 168.92511711628273}, "K74-D010": {"K74-D020": 153.7531080343195}, "K74-U070": {"K74-U080": 149.45371839725698}, "K73-D060": {"K73-D070": 32.37775094081504}, "K73-D150": {"K73-D160": 51.01306547887286}, "K74-D040": {"K74-D050": 77.65632295509401}, "K74-U050": {"K74-U060": 227.0085754967343}}