{"K76-U020": {"K76-U030": 160.3454020600446}, "K73-U070": {"K73-U080": 152.10147247701062}, "K76-U040": {"K76-U050": 196.8580201765871}, "K76-D030": {"K76-D040": 51.632378151415935}, "K75P-D050": {"K75P-D060": 88.75386540588916}, "K73-U080": {"K73-U090": 271.18211623314835, "K73-U110": 151.50094717525218}, "K74-D020": {"K74-D030": 145.02339764528114}, "K73-U100": {"K73-U110": 239.50759454554162}, "K76-D010": {"K76-D020": 170.41630763929464}, "K75A-D110": {"K75A-U011": 173.36969759139947}, "K75A-D080": {"K75A-D090": 99.10500469111068}, "K75P-U030": {"K75P-U040": 127.2837859944902}, "K75P-D070": {"K75P-D080": 92.47177493353256}, "K75P-U010": {"K75P-U020": 98.45773326781952}, "K75A-D020": {"K75A-D030": 24.193294105123464}, "K74-D030": {"K74-D040": 115.9726073604872}, "K75A-D070": {"K75A-D080": 47.123774601291395}, "K74-U090": {"K74-U100": 201.4700103509512}, "K76-U010": {"K76-U020": 11.851072863324436}, "K74-U060": {"K74-U070": 145.33493597458443}, "K75A-D010": {"K75A-D020": 197.01574945881487}, "K74-D090": {"K74-U011": 72.65900850802436}, "K73-U110": {"K73-U120": 192.70017899565119}, "K73-U050": {"K73-U060": 103.86607910751434}, "K73-U060": {"K73-U070": 133.1897450876087}, "K74-U007": {"K74-U010": 249.377682969218}, "K73-D030": {"K73-D040": 114.07437419494852}, "K73-D040": {"K73-D050": 85.11594047382744}, "K73-U090": {"K73-U100": 114.25243370923383}, "K75P-U140": {"K75P-D010": 139.60679590162104}, "K73-U030": {"K73-U040": 88.12808774359753}, "K73-U010": {"K73-U020": 70.44887351152852}, "K75P-U110": {"K75P-U120": 89.07419460572197}, "K76-D020": {"K76-D030": 129.19594825415064}, "K75A-U030": {"K75A-D010": 233.65912635959847}, "K75P-D060": {"K75P-D070": 194.115049644475}, "K73-D110": {"K73-D120": 74.97023507071576}, "K75P-U090": {"K75P-U100": 41.899038583619834}, "K74-U080": {"K74-U090": 226.901820246726}, "K75P-U120": {"K75P-U130": 65.67566497353315}, "K73-U040": {"K73-U050": 108.52428785005195, "K73-U060": 223.25736533647108}, "K75P-U020": {"K75P-U030": 107.29189652282226}, "K73-D010": {"K73-D020": 76.65336319136432}, "K74-D080": {"K74-D090": 166.9312587225455}, "K74-D060": {"K74-D070": 154.10800014360456}, "K75P-D010": {"K75P-D020": 127.27492115260603}, "K73-D090": {"K73-D100": 76.33798816366266}, "K73-D100": {"K73-D110": 186.7345812377036}, "K75A-U010": {"K75A-U020": 43.86399878049086}, "K73-U020": {"K73-U030": 193.96004853852494}, "K75P-U100": {"K75P-U110": 58.7715551045035}, "K75A-D030": {"K75A-D040": 45.37437546585253}, "K75P-D080": {"K75P-U011": 145.03191636955708}, "K75P-D020": {"K75P-D030": 32.97034175586616}, "K75P-U080": {"K75P-U090": 45.6379596500186}, "K75P-D030": {"K75P-D040": 123.89775828855477}, "K75A-D050": {"K75A-D060": 73.99851972780338}, "K76-U030": {"K76-U040": 163.100854099248}, "K74-U001": {"K74-U004": 143.61449904249417}, "K75P-U130": {"K75P-U140": 35.089411208676594}, "K73-D130": {"K73-D140": 145.24235483827655}, "K74-U030": {"K74-U040": 288.25106812207054}, "K75A-D100": {"K75A-D110": 96.54317375781567}, "K73-D140": {"K73-D150": 195.53383818467134}, "K74-U010": {"K74-U020": 152.8538044318105}, "K75A-D090": {"K75A-D100": 47.56546456917151}, "K75P-U050": {"K75P-U060": 160.62338386432072}, "K74-D050": {"K74-D060": 95.99321884976544}, "K75P-U060": {"K75P-U070": 25.260374611026453}, "K74-U020": {"K74-U030": 124.99007982454313}, "K75P-D040": {"K75P-D050": 164.0042960423031}, "K74-U004": {"K74-U007": 100.81254861881641}, "K75P-U040": {"K75P-U050": 106.66066476186488}, "K75A-U020": {"K75A-U030": 130.8110547941826}, "K73-D070": {"K73-D080": 146.52014901671}, "K74-U011": {"K74-D100": 176.9268783471946}, "K73-D120": {"K73-D130": 107.03592275824717}, "K74-U100": {"K74-D010": 123.96532737040386}, "K74-D070": {"K74-D080": 262.2350434878534}, "K74-U040": {"K74-U050": 203.48101539178464}, "K74-D100": {"K74-D110": 85.79402848504654}, "K73-D080": {"K73-D090": 251.1406039470832}, "K75A-D060": {"K75A-D070": 39.21312221136936}, "K75P-U070": {"K75P-U080": 96.88200345510327}, "K75A-D040": {"K75A-D050": 52.821986531800675}, "K73-D020": {"K73-D030": 110.5905259665249}, "K73-D050": {"K73-D060": 64.29878854327228, "K73-D070": 103.93801777891122}, "K74-D110": {"K74-U002": 174.85829941775668}, "K74-D010": {"K74-D020": 153.12537967419456}, "K74-U070": {"K74-U080": 166.55722773290182}, "K73-D060": {"K73-D070": 32.37775094081504}, "K73-D150": {"K73-D160": 42.17756014136212}, "K74-D040": {"K74-D050": 82.8839196937362}, "K74-U050": {"K74-U060": 221.67051643585313}}