{"K76-U020": {"K76-U030": 137.35882890780678}, "K73-U070": {"K73-U080": 161.93568194179733}, "K76-U040": {"K76-U050": 191.34700903648746}, "K76-D030": {"K76-D040": 55.73961965088605}, "K75P-D050": {"K75P-D060": 89.23332312037846}, "K73-U080": {"K73-U090": 256.3047552482344, "K73-U110": 151.50094717525218}, "K74-D020": {"K74-D030": 145.02339764528114}, "K73-U100": {"K73-U110": 239.70245930190003}, "K76-D010": {"K76-D020": 170.41630763929464}, "K75A-D110": {"K75A-U011": 190.85807892733533}, "K75A-D080": {"K75A-D090": 102.90314870882216}, "K75P-U030": {"K75P-U040": 125.14179837804723}, "K75P-D070": {"K75P-D080": 92.53678293102074}, "K75P-U010": {"K75P-U020": 97.0045504579659}, "K75A-D020": {"K75A-D030": 26.01696014949355}, "K74-D030": {"K74-D040": 133.8379328040052}, "K75A-D070": {"K75A-D080": 51.19581193865579}, "K74-U090": {"K74-U100": 209.6882323682709}, "K76-U010": {"K76-U020": 17.841858413045394}, "K74-U060": {"K74-U070": 134.21258906305255}, "K75A-D010": {"K75A-D020": 206.8219556349451}, "K74-D090": {"K74-U011": 75.70049247193477}, "K73-U110": {"K73-U120": 230.13970753001087}, "K73-U050": {"K73-U060": 107.13096258774632}, "K73-U060": {"K73-U070": 129.62993459583043}, "K74-U007": {"K74-U010": 257.93920737224795}, "K73-D030": {"K73-D040": 115.38750074308678}, "K73-D040": {"K73-D050": 88.02937151978746}, "K73-U090": {"K73-U100": 149.4755905900077}, "K75P-U140": {"K75P-D010": 141.77209057750684}, "K73-U030": {"K73-U040": 90.22710712887992}, "K73-U010": {"K73-U020": 73.77912663053377}, "K75P-U110": {"K75P-U120": 86.44039065554333}, "K76-D020": {"K76-D030": 129.70884494176764}, "K75A-U030": {"K75A-D010": 244.58087525807204}, "K75P-D060": {"K75P-D070": 189.05592805296433}, "K73-D110": {"K73-D120": 64.22282005397237}, "K75P-U090": {"K75P-U100": 41.15170333396274}, "K74-U080": {"K74-U090": 242.27562454716167}, "K75P-U120": {"K75P-U130": 63.3126635308087}, "K73-U040": {"K73-U050": 101.45244761806279, "K73-U060": 213.25864949100463}, "K75P-U020": {"K75P-U030": 110.4734187009473}, "K73-D010": {"K73-D020": 76.1019833405927}, "K74-D080": {"K74-D090": 172.8757255843414}, "K74-D060": {"K74-D070": 152.89109658677052}, "K75P-D010": {"K75P-D020": 147.11920541754847}, "K73-D090": {"K73-D100": 89.61830654353206}, "K73-D100": {"K73-D110": 189.556234938518}, "K75A-U010": {"K75A-U020": 44.42299038413236}, "K73-U020": {"K73-U030": 219.27199228596436}, "K75P-U100": {"K75P-U110": 63.78421734351777}, "K75A-D030": {"K75A-D040": 47.72191215500367}, "K75P-D080": {"K75P-U011": 135.375236283228}, "K75P-D020": {"K75P-D030": 33.704866848231134}, "K75P-U080": {"K75P-U090": 46.77664813980986}, "K75P-D030": {"K75P-D040": 129.16025311605506}, "K75A-D050": {"K75A-D060": 76.4907654148741}, "K76-U030": {"K76-U040": 163.100854099248}, "K74-U001": {"K74-U004": 135.69186758029934}, "K75P-U130": {"K75P-U140": 41.13406889133647}, "K73-D130": {"K73-D140": 130.50129809283663}, "K74-U030": {"K74-U040": 301.9407875295439}, "K75A-D100": {"K75A-D110": 107.34492973923136}, "K73-D140": {"K73-D150": 211.73587014552854}, "K74-U010": {"K74-U020": 171.2256756678799}, "K75A-D090": {"K75A-D100": 52.49946386709642}, "K75P-U050": {"K75P-U060": 158.08764082660133}, "K74-D050": {"K74-D060": 106.20650056974978}, "K75P-U060": {"K75P-U070": 32.68949436345419}, "K74-U020": {"K74-U030": 136.53818488614928}, "K75P-D040": {"K75P-D050": 173.61526697092492}, "K74-U004": {"K74-U007": 101.34904051107496}, "K75P-U040": {"K75P-U050": 102.27347533873427}, "K75A-U020": {"K75A-U030": 160.0380257578353}, "K73-D070": {"K73-D080": 144.08832066778137}, "K74-U011": {"K74-D100": 173.6488785194386}, "K73-D120": {"K73-D130": 105.45740565766194}, "K74-U100": {"K74-D010": 130.9098662026026}, "K74-D070": {"K74-D080": 271.0730241387854}, "K74-U040": {"K74-U050": 205.52022291646267}, "K74-D100": {"K74-D110": 88.98060829207043}, "K73-D080": {"K73-D090": 269.21248466356735}, "K75A-D060": {"K75A-D070": 41.640930639745086}, "K75P-U070": {"K75P-U080": 105.001680501148}, "K75A-D040": {"K75A-D050": 52.43609040204226}, "K73-D020": {"K73-D030": 85.12491924966406}, "K73-D050": {"K73-D060": 64.29878854327228, "K73-D070": 105.72525647153796}, "K74-D110": {"K74-U002": 181.2316946820744}, "K74-D010": {"K74-D020": 160.8321161668657}, "K74-U070": {"K74-U080": 158.23600940462217}, "K73-D060": {"K73-D070": 32.37775094081504}, "K73-D150": {"K73-D160": 47.72577838806526}, "K74-D040": {"K74-D050": 81.17053535676033}, "K74-U050": {"K74-U060": 242.91540172263657}}