{"K76-U020": {"K76-U030": 159.1758785360954}, "K73-U070": {"K73-U080": 150.92683528249427}, "K76-U040": {"K76-U050": 180.26609798093332}, "K76-D030": {"K76-D040": 46.34681586904449}, "K75P-D050": {"K75P-D060": 95.35382894839883}, "K73-U080": {"K73-U090": 279.6294140605062, "K73-U110": 151.50094717525218}, "K74-D020": {"K74-D030": 145.02339764528114}, "K73-U100": {"K73-U110": 249.72637772559673}, "K76-D010": {"K76-D020": 170.41630763929464}, "K75A-D110": {"K75A-U011": 164.4987809883385}, "K75A-D080": {"K75A-D090": 112.14040266572616}, "K75P-U030": {"K75P-U040": 132.22589676142806}, "K75P-D070": {"K75P-D080": 94.73027718674773}, "K75P-U010": {"K75P-U020": 97.40953953233517}, "K75A-D020": {"K75A-D030": 27.802750635167683}, "K74-D030": {"K74-D040": 127.86945372826472}, "K75A-D070": {"K75A-D080": 44.212433819023055}, "K74-U090": {"K74-U100": 195.40253754584344}, "K76-U010": {"K76-U020": 14.42319502615588}, "K74-U060": {"K74-U070": 135.9537337092691}, "K75A-D010": {"K75A-D020": 215.75177022544827}, "K74-D090": {"K74-U011": 73.52704334051299}, "K73-U110": {"K73-U120": 185.9355982313879}, "K73-U050": {"K73-U060": 103.25372621501012}, "K73-U060": {"K73-U070": 140.71524539755882}, "K74-U007": {"K74-U010": 244.35890661484413}, "K73-D030": {"K73-D040": 115.07703976011896}, "K73-D040": {"K73-D050": 84.00745948921151}, "K73-U090": {"K73-U100": 136.47342092900286}, "K75P-U140": {"K75P-D010": 150.75049768170533}, "K73-U030": {"K73-U040": 89.59228055912544}, "K73-U010": {"K73-U020": 72.58523531958872}, "K75P-U110": {"K75P-U120": 88.56616359319203}, "K76-D020": {"K76-D030": 128.3553893120638}, "K75A-U030": {"K75A-D010": 237.63914272259927}, "K75P-D060": {"K75P-D070": 188.11328049956433}, "K73-D110": {"K73-D120": 77.1329729795838}, "K75P-U090": {"K75P-U100": 41.180358520962734}, "K74-U080": {"K74-U090": 224.95171988196898}, "K75P-U120": {"K75P-U130": 67.70478336722148}, "K73-U040": {"K73-U050": 104.88733492326651, "K73-U060": 217.14372129080743}, "K75P-U020": {"K75P-U030": 108.70864330862366}, "K73-D010": {"K73-D020": 70.9199769302873}, "K74-D080": {"K74-D090": 160.3123588478621}, "K74-D060": {"K74-D070": 155.23869187388564}, "K75P-D010": {"K75P-D020": 131.62430381652163}, "K73-D090": {"K73-D100": 83.88075513302508}, "K73-D100": {"K73-D110": 184.3619935549897}, "K75A-U010": {"K75A-U020": 45.1215336475446}, "K73-U020": {"K73-U030": 189.75034838448514}, "K75P-U100": {"K75P-U110": 66.8883407998581}, "K75A-D030": {"K75A-D040": 47.64154033046019}, "K75P-D080": {"K75P-U011": 131.4250015641411}, "K75P-D020": {"K75P-D030": 36.80939225956618}, "K75P-U080": {"K75P-U090": 47.57672402089632}, "K75P-D030": {"K75P-D040": 109.0816120659427}, "K75A-D050": {"K75A-D060": 72.49215341564839}, "K76-U030": {"K76-U040": 163.100854099248}, "K74-U001": {"K74-U004": 144.0672395856421}, "K75P-U130": {"K75P-U140": 36.5978087155964}, "K73-D130": {"K73-D140": 137.1990902178785}, "K74-U030": {"K74-U040": 293.69505421540146}, "K75A-D100": {"K75A-D110": 99.15839799428424}, "K73-D140": {"K73-D150": 199.81758977325225}, "K74-U010": {"K74-U020": 157.1481762601824}, "K75A-D090": {"K75A-D100": 47.65730200835273}, "K75P-U050": {"K75P-U060": 161.4915263591704}, "K74-D050": {"K74-D060": 102.42306364096017}, "K75P-U060": {"K75P-U070": 28.36930428154418}, "K74-U020": {"K74-U030": 127.80372137288275}, "K75P-D040": {"K75P-D050": 165.4958443166402}, "K74-U004": {"K74-U007": 100.23976663593126}, "K75P-U040": {"K75P-U050": 109.48078363309283}, "K75A-U020": {"K75A-U030": 138.86350555337972}, "K73-D070": {"K73-D080": 161.0840086817849}, "K74-U011": {"K74-D100": 178.45602139523493}, "K73-D120": {"K73-D130": 103.52454902355016}, "K74-U100": {"K74-D010": 120.41460554305479}, "K74-D070": {"K74-D080": 255.81248582914253}, "K74-U040": {"K74-U050": 206.7630141985499}, "K74-D100": {"K74-D110": 85.61361951290945}, "K73-D080": {"K73-D090": 264.7855239278325}, "K75A-D060": {"K75A-D070": 46.89864141353344}, "K75P-U070": {"K75P-U080": 109.5625800269933}, "K75A-D040": {"K75A-D050": 53.868668936308154}, "K73-D020": {"K73-D030": 86.15838477010251}, "K73-D050": {"K73-D060": 64.29878854327228, "K73-D070": 106.18633190819189}, "K74-D110": {"K74-U002": 167.21491446170637}, "K74-D010": {"K74-D020": 154.8302900594903}, "K74-U070": {"K74-U080": 166.80003076360111}, "K73-D060": {"K73-D070": 32.37775094081504}, "K73-D150": {"K73-D160": 47.61911795116139}, "K74-D040": {"K74-D050": 81.97386073995429}, "K74-U050": {"K74-U060": 210.0530834273608}}