{"K76-U020": {"K76-U030": 146.94095101850579}, "K73-U070": {"K73-U080": 153.1806842433835}, "K76-U040": {"K76-U050": 170.78367613884672}, "K76-D030": {"K76-D040": 77.81639167679842}, "K75P-D050": {"K75P-D060": 87.81624662722614}, "K73-U080": {"K73-U090": 272.93930861367886, "K73-U110": 151.50094717525218}, "K74-D020": {"K74-D030": 145.02339774342008}, "K73-U100": {"K73-U110": 237.51295230139127}, "K76-D010": {"K76-D020": 170.41630763929464}, "K75A-D110": {"K75A-U011": 171.33423393500803}, "K75A-D080": {"K75A-D090": 93.64750146635592}, "K75P-U030": {"K75P-U040": 132.27982352947225}, "K75P-D070": {"K75P-D080": 91.71388792659806}, "K75P-U010": {"K75P-U020": 94.11877058812519}, "K75A-D020": {"K75A-D030": 21.872941857067016}, "K74-D030": {"K74-D040": 123.49635772498713}, "K75A-D070": {"K75A-D080": 42.82354846323364}, "K74-U090": {"K74-U100": 200.40306195254556}, "K76-U010": {"K76-U020": 15.599417960980052}, "K74-U060": {"K74-U070": 150.84242290092794}, "K75A-D010": {"K75A-D020": 205.66337512426753}, "K74-D090": {"K74-U011": 75.00420706751989}, "K73-U110": {"K73-U120": 236.27483656623343}, "K73-U050": {"K73-U060": 100.17156679790519}, "K73-U060": {"K73-U070": 134.26028352275884}, "K74-U007": {"K74-U010": 244.63195154176577}, "K73-D030": {"K73-D040": 109.71829172783126}, "K73-D040": {"K73-D050": 80.5617869000798}, "K73-U090": {"K73-U100": 105.46135949338709}, "K75P-U140": {"K75P-D010": 146.50581853587147}, "K73-U030": {"K73-U040": 82.90791678728151}, "K73-U010": {"K73-U020": 72.46404786207334}, "K75P-U110": {"K75P-U120": 85.65595714232877}, "K76-D020": {"K76-D030": 125.9404574510324}, "K75A-U030": {"K75A-D010": 227.3500492272414}, "K75P-D060": {"K75P-D070": 185.03333779209186}, "K73-D110": {"K73-D120": 77.53686581807457}, "K75P-U090": {"K75P-U100": 39.28659638638389}, "K74-U080": {"K74-U090": 249.52163583734392}, "K75P-U120": {"K75P-U130": 60.92695432854915}, "K73-U040": {"K73-U050": 106.30051000011875, "K73-U060": 204.01838828281257}, "K75P-U020": {"K75P-U030": 116.1367501851748}, "K73-D010": {"K73-D020": 80.819006466572}, "K74-D080": {"K74-D090": 174.63813111080552}, "K74-D060": {"K74-D070": 140.58589836592532}, "K75P-D010": {"K75P-D020": 129.02468059135185}, "K73-D090": {"K73-D100": 76.7216186145297}, "K73-D100": {"K73-D110": 195.26588296081727}, "K75A-U010": {"K75A-U020": 41.181896196958725}, "K73-U020": {"K73-U030": 194.63885516182057}, "K75P-U100": {"K75P-U110": 65.39144261731957}, "K75A-D030": {"K75A-D040": 46.62522112834798}, "K75P-D080": {"K75P-U011": 145.35185385953505}, "K75P-D020": {"K75P-D030": 31.20078071940178}, "K75P-U080": {"K75P-U090": 47.14475013024915}, "K75P-D030": {"K75P-D040": 122.02870816668239}, "K75A-D050": {"K75A-D060": 76.29697834939354}, "K76-U030": {"K76-U040": 163.100854099248}, "K74-U001": {"K74-U004": 149.94680789139647}, "K75P-U130": {"K75P-U140": 38.97999092561351}, "K73-D130": {"K73-D140": 136.80900524380505}, "K74-U030": {"K74-U040": 292.88796188006995}, "K75A-D100": {"K75A-D110": 100.81108960789727}, "K73-D140": {"K73-D150": 205.6422206486261}, "K74-U010": {"K74-U020": 178.97563958702278}, "K75A-D090": {"K75A-D100": 42.92811166334488}, "K75P-U050": {"K75P-U060": 153.724873120096}, "K74-D050": {"K74-D060": 105.19356262812205}, "K75P-U060": {"K75P-U070": 28.616572118431236}, "K74-U020": {"K74-U030": 136.5814813827282}, "K75P-D040": {"K75P-D050": 166.10368640934348}, "K74-U004": {"K74-U007": 89.18218090369642}, "K75P-U040": {"K75P-U050": 102.38699461338891}, "K75A-U020": {"K75A-U030": 139.87963748256524}, "K73-D070": {"K73-D080": 159.82250201459027}, "K74-U011": {"K74-D100": 168.90094300658546}, "K73-D120": {"K73-D130": 111.17620049864043}, "K74-U100": {"K74-D010": 118.75432390545946}, "K74-D070": {"K74-D080": 260.00486858917213}, "K74-U040": {"K74-U050": 181.73193162067247}, "K74-D100": {"K74-D110": 80.39907042187177}, "K73-D080": {"K73-D090": 260.5047551989426}, "K75A-D060": {"K75A-D070": 37.47022105455728}, "K75P-U070": {"K75P-U080": 105.58407959546321}, "K75A-D040": {"K75A-D050": 49.82093435553624}, "K73-D020": {"K73-D030": 105.66663358207845}, "K73-D050": {"K73-D060": 64.29878854327228, "K73-D070": 106.0202811373736}, "K74-D110": {"K74-U002": 174.4662603287382}, "K74-D010": {"K74-D020": 158.3700968842612}, "K74-U070": {"K74-U080": 169.27036459820565}, "K73-D060": {"K73-D070": 32.37775094081504}, "K73-D150": {"K73-D160": 46.67863660517787}, "K74-D040": {"K74-D050": 79.09530735140106}, "K74-U050": {"K74-U060": 251.33732193546197}}