{"K76-U020": {"K76-U030": 162.09101969937961}, "K73-U070": {"K73-U080": 157.1436612614616}, "K76-U040": {"K76-U050": 131.27878265751605}, "K76-D030": {"K76-D040": 53.784276675899854}, "K75P-D050": {"K75P-D060": 90.47397094692094}, "K73-U080": {"K73-U090": 258.0430406083906, "K73-U110": 151.50094717525218}, "K74-D020": {"K74-D030": 145.02339764528114}, "K73-U100": {"K73-U110": 256.5247617515556}, "K76-D010": {"K76-D020": 170.41630763929464}, "K75A-D110": {"K75A-U011": 170.42986470991232}, "K75A-D080": {"K75A-D090": 116.06678699763566}, "K75P-U030": {"K75P-U040": 136.0595327182291}, "K75P-D070": {"K75P-D080": 96.11239670650627}, "K75P-U010": {"K75P-U020": 93.71738324504388}, "K75A-D020": {"K75A-D030": 24.229599727916387}, "K74-D030": {"K74-D040": 132.43626209444102}, "K75A-D070": {"K75A-D080": 65.5680634692021}, "K74-U090": {"K74-U100": 208.8733645273907}, "K76-U010": {"K76-U020": 16.652097103328785}, "K74-U060": {"K74-U070": 136.55559461928345}, "K75A-D010": {"K75A-D020": 222.59398759337628}, "K74-D090": {"K74-U011": 76.73306790206311}, "K73-U110": {"K73-U120": 193.41477061494024}, "K73-U050": {"K73-U060": 112.30540228829977}, "K73-U060": {"K73-U070": 135.68860554198434}, "K74-U007": {"K74-U010": 246.26156794444074}, "K73-D030": {"K73-D040": 116.93665171495294}, "K73-D040": {"K73-D050": 87.2037800855529}, "K73-U090": {"K73-U100": 139.63331980063361}, "K75P-U140": {"K75P-D010": 142.28124609318277}, "K73-U030": {"K73-U040": 89.28556525431267}, "K73-U010": {"K73-U020": 67.79952445136784}, "K75P-U110": {"K75P-U120": 87.00816524813266}, "K76-D020": {"K76-D030": 121.35522010318292}, "K75A-U030": {"K75A-D010": 253.65798464134127}, "K75P-D060": {"K75P-D070": 180.60608220511077}, "K73-D110": {"K73-D120": 73.62159254707079}, "K75P-U090": {"K75P-U100": 40.27860920859955}, "K74-U080": {"K74-U090": 234.44819308425286}, "K75P-U120": {"K75P-U130": 66.8962770827103}, "K73-U040": {"K73-U050": 107.93880161862903, "K73-U060": 229.84016508633113}, "K75P-U020": {"K75P-U030": 109.38810521166265}, "K73-D010": {"K73-D020": 75.78173934035456}, "K74-D080": {"K74-D090": 163.02895232059456}, "K74-D060": {"K74-D070": 151.4658848158724}, "K75P-D010": {"K75P-D020": 131.26640385037703}, "K73-D090": {"K73-D100": 85.44311543578775}, "K73-D100": {"K73-D110": 190.5929377683949}, "K75A-U010": {"K75A-U020": 49.14059188872035}, "K73-U020": {"K73-U030": 165.0103357486259}, "K75P-U100": {"K75P-U110": 66.89271740732661}, "K75A-D030": {"K75A-D040": 60.10337946884321}, "K75P-D080": {"K75P-U011": 144.33792440395695}, "K75P-D020": {"K75P-D030": 36.78984916882692}, "K75P-U080": {"K75P-U090": 48.16797925336309}, "K75P-D030": {"K75P-D040": 124.41590726099162}, "K75A-D050": {"K75A-D060": 78.99440086650995}, "K76-U030": {"K76-U040": 163.100854099248}, "K74-U001": {"K74-U004": 139.6717472406935}, "K75P-U130": {"K75P-U140": 38.103313574314086}, "K73-D130": {"K73-D140": 141.0029353994414}, "K74-U030": {"K74-U040": 285.5882383716448}, "K75A-D100": {"K75A-D110": 100.29841320789107}, "K73-D140": {"K73-D150": 196.55474754149833}, "K74-U010": {"K74-U020": 167.31603767853483}, "K75A-D090": {"K75A-D100": 58.43926245958189}, "K75P-U050": {"K75P-U060": 158.88808668157404}, "K74-D050": {"K74-D060": 101.34450720116658}, "K75P-U060": {"K75P-U070": 34.98735843245136}, "K74-U020": {"K74-U030": 124.83542539644182}, "K75P-D040": {"K75P-D050": 172.37959617859283}, "K74-U004": {"K74-U007": 93.77592095620466}, "K75P-U040": {"K75P-U050": 107.48330700838645}, "K75A-U020": {"K75A-U030": 132.33235137516056}, "K73-D070": {"K73-D080": 156.2297098828024}, "K74-U011": {"K74-D100": 164.49437169235017}, "K73-D120": {"K73-D130": 103.63663380578733}, "K74-U100": {"K74-D010": 121.51729165895851}, "K74-D070": {"K74-D080": 255.34966508393404}, "K74-U040": {"K74-U050": 173.8940042716186}, "K74-D100": {"K74-D110": 86.26378306639506}, "K73-D080": {"K73-D090": 269.4552388358562}, "K75A-D060": {"K75A-D070": 49.72722464032918}, "K75P-U070": {"K75P-U080": 118.03988123473371}, "K75A-D040": {"K75A-D050": 51.80929045041613}, "K73-D020": {"K73-D030": 96.97379975899419}, "K73-D050": {"K73-D060": 64.29878854327228, "K73-D070": 102.05058484981261}, "K74-D110": {"K74-U002": 172.72535026931413}, "K74-D010": {"K74-D020": 155.31590281659973}, "K74-U070": {"K74-U080": 158.52003042596408}, "K73-D060": {"K73-D070": 32.37775094081504}, "K73-D150": {"K73-D160": 47.962932159143904}, "K74-D040": {"K74-D050": 81.01444980161523}, "K74-U050": {"K74-U060": 203.5634601239351}}