{"K76-U020": {"K76-U030": 160.42513181012555}, "K73-U070": {"K73-U080": 258.61655817274334}, "K76-U040": {"K76-U050": 161.82418989055807}, "K76-D030": {"K76-D040": 51.542377498834455}, "K75P-D050": {"K75P-D060": 80.80084080662952}, "K73-U080": {"K73-U090": 276.7922263712198, "K73-U110": 151.48186865393524}, "K74-D020": {"K74-D030": 145.03112256127412}, "K73-U100": {"K73-U110": 243.8835071673093}, "K76-D010": {"K76-D020": 170.469997127746}, "K75A-D110": {"K75A-U011": 157.0163265434078}, "K75A-D080": {"K75A-D090": 110.7307598790687}, "K75P-U030": {"K75P-U040": 115.42641608512722}, "K75P-D070": {"K75P-D080": 90.97719685964125}, "K75P-U010": {"K75P-U020": 93.69063279188364}, "K75A-D020": {"K75A-D030": 26.06001753897625}, "K74-D030": {"K74-D040": 144.1943106256436}, "K75A-D070": {"K75A-D080": 48.55930187613821}, "K74-U090": {"K74-U100": 202.34931273414387}, "K76-U010": {"K76-U020": 24.83864141217615}, "K74-U060": {"K74-U070": 141.9069273468254}, "K75A-D010": {"K75A-D020": 212.37379096611593}, "K74-D090": {"K74-U011": 72.6369272809342}, "K73-U110": {"K73-U120": 220.5306292646813}, "K73-U050": {"K73-U060": 110.72045023816467}, "K73-U060": {"K73-U070": 140.73115069519872}, "K74-U007": {"K74-U010": 264.0216391485011}, "K73-D030": {"K73-D040": 114.92463000933269}, "K73-D040": {"K73-D050": 82.74868586916928}, "K73-U090": {"K73-U100": 136.36448462371223}, "K75P-U140": {"K75P-D010": 153.11552558900271}, "K73-U030": {"K73-U040": 91.18254330555631}, "K73-U010": {"K73-U020": 66.54318854326128}, "K75P-U110": {"K75P-U120": 87.36696597955904}, "K76-D020": {"K76-D030": 115.75602533137487}, "K75A-U030": {"K75A-D010": 236.10906504786317}, "K75P-D060": {"K75P-D070": 171.77360918616557}, "K73-D110": {"K73-D120": 80.80219905368456}, "K75P-U090": {"K75P-U100": 39.49204840735089}, "K74-U080": {"K74-U090": 233.54036465538775}, "K75P-U120": {"K75P-U130": 64.26030023888362}, "K73-U040": {"K73-U050": 109.80668918994857, "K73-U060": 205.67220329398543}, "K75P-U020": {"K75P-U030": 106.96052136963547}, "K73-D010": {"K73-D020": 77.23578779299051}, "K74-D080": {"K74-D090": 164.69084007866144}, "K74-D060": {"K74-D070": 145.649191629641}, "K75P-D010": {"K75P-D020": 123.83100147144765}, "K73-D090": {"K73-D100": 82.42773514554328}, "K73-D100": {"K73-D110": 202.33457436728526}, "K75A-U010": {"K75A-U020": 47.825312770402945}, "K73-U020": {"K73-U030": 172.19649289990457}, "K75P-U100": {"K75P-U110": 59.557211186436646}, "K75A-D030": {"K75A-D040": 46.436244432474474}, "K75P-D080": {"K75P-U011": 147.0585262001906}, "K75P-D020": {"K75P-D030": 37.13892342047359}, "K75P-U080": {"K75P-U090": 45.24512813619974}, "K75P-D030": {"K75P-D040": 141.71436173414736}, "K75A-D050": {"K75A-D060": 86.19798997182457}, "K76-U030": {"K76-U040": 163.0854266580546}, "K74-U001": {"K74-U004": 181.1141033602565}, "K75P-U130": {"K75P-U140": 38.20921758586261}, "K73-D130": {"K73-D140": 144.7079471272526}, "K74-U030": {"K74-U040": 286.8123807159237}, "K75A-D100": {"K75A-D110": 105.19159552022958}, "K73-D140": {"K73-D150": 189.5099500693393}, "K74-U010": {"K74-U020": 164.0043479765892}, "K75A-D090": {"K75A-D100": 47.9167894668622}, "K75P-U050": {"K75P-U060": 149.11353269068798}, "K74-D050": {"K74-D060": 104.77323772554728}, "K75P-U060": {"K75P-U070": 32.35548596674758}, "K74-U020": {"K74-U030": 122.05104114974567}, "K75P-D040": {"K75P-D050": 169.0103521458014}, "K74-U004": {"K74-U007": 96.44133365989443}, "K75P-U040": {"K75P-U050": 103.38634815933119}, "K75A-U020": {"K75A-U030": 145.3664095915068}, "K73-D070": {"K73-D080": 155.98635079131196}, "K74-U011": {"K74-D100": 169.9955380299692}, "K73-D120": {"K73-D130": 113.07326360378154}, "K74-U100": {"K74-D010": 113.68943783313902}, "K74-D070": {"K74-D080": 258.8779110195264}, "K74-U040": {"K74-U050": 162.1827640614974}, "K74-D100": {"K74-D110": 84.87536775217093}, "K73-D080": {"K73-D090": 272.6731585084785}, "K75A-D060": {"K75A-D070": 41.96311103948968}, "K75P-U070": {"K75P-U080": 119.23197667350215}, "K75A-D040": {"K75A-D050": 57.07173165291147}, "K73-D020": {"K73-D030": 81.8359900924992}, "K73-D050": {"K73-D060": 64.29878854327228, "K73-D070": 110.50788038307826}, "K74-D110": {"K74-U002": 159.24100149356673}, "K74-D010": {"K74-D020": 156.19849494506477}, "K74-U070": {"K74-U080": 154.03128312421404}, "K73-D060": {"K73-D070": 32.37775094081504}, "K73-D150": {"K73-D160": 49.69963285357639}, "K74-D040": {"K74-D050": 77.73790255402554}, "K74-U050": {"K74-U060": 229.48627494900884}}