{"K76-U020": {"K76-U030": 156.51431979251572}, "K73-U070": {"K73-U080": 166.68898476218746}, "K76-U040": {"K76-U050": 180.36161137831823}, "K76-D030": {"K76-D040": 49.56191673585522}, "K75P-D050": {"K75P-D060": 92.74185364978082}, "K73-U080": {"K73-U090": 289.39334258334924, "K73-U110": 151.50094717525218}, "K74-D020": {"K74-D030": 145.02339764578676}, "K73-U100": {"K73-U110": 251.41371742167493}, "K76-D010": {"K76-D020": 170.41630763929464}, "K75A-D110": {"K75A-U011": 197.5135198034057}, "K75A-D080": {"K75A-D090": 123.24460533948002}, "K75P-U030": {"K75P-U040": 129.15529794921156}, "K75P-D070": {"K75P-D080": 93.51443095112329}, "K75P-U010": {"K75P-U020": 95.09795160490354}, "K75A-D020": {"K75A-D030": 20.402214579302377}, "K74-D030": {"K74-D040": 128.85473962345984}, "K75A-D070": {"K75A-D080": 65.19453234685722}, "K74-U090": {"K74-U100": 200.06623999366178}, "K76-U010": {"K76-U020": 7.8960806637872425}, "K74-U060": {"K74-U070": 139.63230829121258}, "K75A-D010": {"K75A-D020": 215.31421865782983}, "K74-D090": {"K74-U011": 78.27266672005689}, "K73-U110": {"K73-U120": 195.6945244411168}, "K73-U050": {"K73-U060": 110.05783667119788}, "K73-U060": {"K73-U070": 138.19700156265864}, "K74-U007": {"K74-U010": 241.08960892099043}, "K73-D030": {"K73-D040": 109.88840453594366}, "K73-D040": {"K73-D050": 85.60798005157204}, "K73-U090": {"K73-U100": 132.37593044794664}, "K75P-U140": {"K75P-D010": 147.61885336590638}, "K73-U030": {"K73-U040": 90.1686396627579}, "K73-U010": {"K73-U020": 70.18467031643813}, "K75P-U110": {"K75P-U120": 88.49199126629037}, "K76-D020": {"K76-D030": 133.05914050255706}, "K75A-U030": {"K75A-D010": 238.91531002517203}, "K75P-D060": {"K75P-D070": 191.60475680866244}, "K73-D110": {"K73-D120": 76.68158194181851}, "K75P-U090": {"K75P-U100": 40.25793805097584}, "K74-U080": {"K74-U090": 224.96328338629155}, "K75P-U120": {"K75P-U130": 61.675127307133195}, "K73-U040": {"K73-U050": 104.46365407673889, "K73-U060": 222.5992691308}, "K75P-U020": {"K75P-U030": 107.02356092147895}, "K73-D010": {"K73-D020": 74.09998414792463}, "K74-D080": {"K74-D090": 162.0887333140667}, "K74-D060": {"K74-D070": 153.98053983032923}, "K75P-D010": {"K75P-D020": 128.65390366873785}, "K73-D090": {"K73-D100": 82.05477829893}, "K73-D100": {"K73-D110": 202.17399486316896}, "K75A-U010": {"K75A-U020": 43.09605657247691}, "K73-U020": {"K73-U030": 191.01160686480017}, "K75P-U100": {"K75P-U110": 63.2032041375261}, "K75A-D030": {"K75A-D040": 44.85890860701973}, "K75P-D080": {"K75P-U011": 131.63749599121348}, "K75P-D020": {"K75P-D030": 35.484519263448156}, "K75P-U080": {"K75P-U090": 46.13417043158117}, "K75P-D030": {"K75P-D040": 127.2076551868826}, "K75A-D050": {"K75A-D060": 73.30218408245265}, "K76-U030": {"K76-U040": 163.100854099248}, "K74-U001": {"K74-U004": 148.45939098468938}, "K75P-U130": {"K75P-U140": 40.45816690876944}, "K73-D130": {"K73-D140": 146.96548234441266}, "K74-U030": {"K74-U040": 288.5363860296353}, "K75A-D100": {"K75A-D110": 106.03637635554985}, "K73-D140": {"K73-D150": 197.96927333853176}, "K74-U010": {"K74-U020": 169.6151472080081}, "K75A-D090": {"K75A-D100": 48.96356653712222}, "K75P-U050": {"K75P-U060": 154.7078399310201}, "K74-D050": {"K74-D060": 102.33279947282435}, "K75P-U060": {"K75P-U070": 31.006372823964178}, "K74-U020": {"K74-U030": 123.82913159336549}, "K75P-D040": {"K75P-D050": 164.8501938361719}, "K74-U004": {"K74-U007": 98.66236500060094}, "K75P-U040": {"K75P-U050": 106.40301835928844}, "K75A-U020": {"K75A-U030": 142.02286158221358}, "K73-D070": {"K73-D080": 150.70277346069503}, "K74-U011": {"K74-D100": 174.21817858548596}, "K73-D120": {"K73-D130": 109.73194055851059}, "K74-U100": {"K74-D010": 121.53221021275058}, "K74-D070": {"K74-D080": 266.04557116025643}, "K74-U040": {"K74-U050": 180.65687450974355}, "K74-D100": {"K74-D110": 85.58645756354261}, "K73-D080": {"K73-D090": 272.01546122829313}, "K75A-D060": {"K75A-D070": 46.0873685057006}, "K75P-U070": {"K75P-U080": 108.59738833836207}, "K75A-D040": {"K75A-D050": 51.76963497801239}, "K73-D020": {"K73-D030": 97.91960485157313}, "K73-D050": {"K73-D060": 64.29878854327228, "K73-D070": 105.66888034811173}, "K74-D110": {"K74-U002": 182.69895419199597}, "K74-D010": {"K74-D020": 153.98150479139377}, "K74-U070": {"K74-U080": 164.98460120535773}, "K73-D060": {"K73-D070": 32.37775094081504}, "K73-D150": {"K73-D160": 51.54359462957059}, "K74-D040": {"K74-D050": 83.04963558455918}, "K74-U050": {"K74-U060": 227.7142210294481}}