{"K76-U020": {"K76-U030": 164.04063217384441}, "K73-U070": {"K73-U080": 162.11168552897982}, "K76-U040": {"K76-U050": 160.90412221649117}, "K76-D030": {"K76-D040": 47.68488641181333}, "K75P-D050": {"K75P-D060": 83.8161544006521}, "K73-U080": {"K73-U090": 256.48874040479114, "K73-U110": 151.48186865393524}, "K74-D020": {"K74-D030": 145.03112256127412}, "K73-U100": {"K73-U110": 222.0598040469346}, "K76-D010": {"K76-D020": 170.469997127746}, "K75A-D110": {"K75A-U011": 166.51246212110226}, "K75A-D080": {"K75A-D090": 117.8943269119815}, "K75P-U030": {"K75P-U040": 98.50408847601254}, "K75P-D070": {"K75P-D080": 86.8859992611643}, "K75P-U010": {"K75P-U020": 93.28816909386197}, "K75A-D020": {"K75A-D030": 22.96572199546493}, "K74-D030": {"K74-D040": 129.6065895415774}, "K75A-D070": {"K75A-D080": 42.180319510705885}, "K74-U090": {"K74-U100": 203.28806397242565}, "K76-U010": {"K76-U020": 8.197157401833975}, "K74-U060": {"K74-U070": 136.08322909824992}, "K75A-D010": {"K75A-D020": 205.7176647096698}, "K74-D090": {"K74-U011": 77.69564174548981}, "K73-U110": {"K73-U120": 220.66797046867865}, "K73-U050": {"K73-U060": 104.70710484952428}, "K73-U060": {"K73-U070": 132.9835647939894}, "K74-U007": {"K74-U010": 251.525295649883}, "K73-D030": {"K73-D040": 112.88703020980174}, "K73-D040": {"K73-D050": 85.38883921894373}, "K73-U090": {"K73-U100": 138.46904391770215}, "K75P-U140": {"K75P-D010": 141.21325306782578}, "K73-U030": {"K73-U040": 95.80126843900617}, "K73-U010": {"K73-U020": 65.49735531179469}, "K75P-U110": {"K75P-U120": 83.32516429240835}, "K76-D020": {"K76-D030": 120.63270675017517}, "K75A-U030": {"K75A-D010": 229.6610673836987}, "K75P-D060": {"K75P-D070": 166.6343694650189}, "K73-D110": {"K73-D120": 77.82974214744175}, "K75P-U090": {"K75P-U100": 39.21649464454565}, "K74-U080": {"K74-U090": 225.46436984616298}, "K75P-U120": {"K75P-U130": 62.84349547332779}, "K73-U040": {"K73-U050": 96.55369918613833, "K73-U060": 185.07595370213258}, "K75P-U020": {"K75P-U030": 109.34908881980273}, "K73-D010": {"K73-D020": 81.60238951459657}, "K74-D080": {"K74-D090": 175.891472001492}, "K74-D060": {"K74-D070": 141.2068493981955}, "K75P-D010": {"K75P-D020": 110.18188136192434}, "K73-D090": {"K73-D100": 82.8408538864523}, "K73-D100": {"K73-D110": 200.45748976194875}, "K75A-U010": {"K75A-U020": 47.48806466439361}, "K73-U020": {"K73-U030": 151.58776030069484}, "K75P-U100": {"K75P-U110": 65.49673045333203}, "K75A-D030": {"K75A-D040": 47.40241788275771}, "K75P-D080": {"K75P-U011": 140.49720582491767}, "K75P-D020": {"K75P-D030": 35.829051764518844}, "K75P-U080": {"K75P-U090": 41.84843556710015}, "K75P-D030": {"K75P-D040": 116.77349188983513}, "K75A-D050": {"K75A-D060": 72.0254512330715}, "K76-U030": {"K76-U040": 163.0854266580546}, "K74-U001": {"K74-U004": 162.7330872104179}, "K75P-U130": {"K75P-U140": 33.428018340051494}, "K73-D130": {"K73-D140": 139.11136846547888}, "K74-U030": {"K74-U040": 286.82400301259946}, "K75A-D100": {"K75A-D110": 102.10244894566537}, "K73-D140": {"K73-D150": 196.9211629385356}, "K74-U010": {"K74-U020": 171.61230398898323}, "K75A-D090": {"K75A-D100": 44.90759293622052}, "K75P-U050": {"K75P-U060": 160.13198434905968}, "K74-D050": {"K74-D060": 103.42866816444561}, "K75P-U060": {"K75P-U070": 27.887055925701638}, "K74-U020": {"K74-U030": 138.01030632959714}, "K75P-D040": {"K75P-D050": 170.85242703727056}, "K74-U004": {"K74-U007": 91.46491104617493}, "K75P-U040": {"K75P-U050": 106.3748534640624}, "K75A-U020": {"K75A-U030": 147.93062216633624}, "K73-D070": {"K73-D080": 158.51380123441072}, "K74-U011": {"K74-D100": 156.4865911179419}, "K73-D120": {"K73-D130": 114.14553968127893}, "K74-U100": {"K74-D010": 122.67705107745951}, "K74-D070": {"K74-D080": 259.66090945023876}, "K74-U040": {"K74-U050": 174.90411857752787}, "K74-D100": {"K74-D110": 93.28949027656931}, "K73-D080": {"K73-D090": 271.97816452645327}, "K75A-D060": {"K75A-D070": 44.477960227922814}, "K75P-U070": {"K75P-U080": 109.83492875309582}, "K75A-D040": {"K75A-D050": 51.3313716714908}, "K73-D020": {"K73-D030": 96.81767458997047}, "K73-D050": {"K73-D060": 64.29878854327228, "K73-D070": 107.84574837668325}, "K74-D110": {"K74-U002": 174.7600842620614}, "K74-D010": {"K74-D020": 155.76067716702232}, "K74-U070": {"K74-U080": 147.07392861532512}, "K73-D060": {"K73-D070": 32.37775094081504}, "K73-D150": {"K73-D160": 46.76221903698453}, "K74-D040": {"K74-D050": 86.65881603996307}, "K74-U050": {"K74-U060": 227.40574041955023}}