{"K76-U020": {"K76-U030": 144.0286714049602}, "K73-U070": {"K73-U080": 164.6576840337318}, "K76-U040": {"K76-U050": 111.10495489865191}, "K76-D030": {"K76-D040": 52.77313060771603}, "K75P-D050": {"K75P-D060": 98.15426676369131}, "K73-U080": {"K73-U090": 286.19092073128803, "K73-U110": 151.48186865393524}, "K74-D020": {"K74-D030": 145.03112256127412}, "K73-U100": {"K73-U110": 243.5772640701196}, "K76-D010": {"K76-D020": 170.469997127746}, "K75A-D110": {"K75A-U011": 178.14267450193205}, "K75A-D080": {"K75A-D090": 110.94828159376041}, "K75P-U030": {"K75P-U040": 110.20009599898283}, "K75P-D070": {"K75P-D080": 93.1563923219648}, "K75P-U010": {"K75P-U020": 93.04922313156067}, "K75A-D020": {"K75A-D030": 21.12435563477728}, "K74-D030": {"K74-D040": 141.13334788959386}, "K75A-D070": {"K75A-D080": 46.766517167286814}, "K74-U090": {"K74-U100": 207.78909479699854}, "K76-U010": {"K76-U020": 17.354586105857376}, "K74-U060": {"K74-U070": 143.87636797247416}, "K75A-D010": {"K75A-D020": 202.73213322535383}, "K74-D090": {"K74-U011": 73.60210841395369}, "K73-U110": {"K73-U120": 202.47715331374894}, "K73-U050": {"K73-U060": 114.2150712258222}, "K73-U060": {"K73-U070": 142.90875359994646}, "K74-U007": {"K74-U010": 244.9712860452618}, "K73-D030": {"K73-D040": 115.93033885054622}, "K73-D040": {"K73-D050": 83.71081521419276}, "K73-U090": {"K73-U100": 126.57498041909227}, "K75P-U140": {"K75P-D010": 151.2096947381368}, "K73-U030": {"K73-U040": 91.43928845271196}, "K73-U010": {"K73-U020": 62.15267851562034}, "K75P-U110": {"K75P-U120": 79.9008249079989}, "K76-D020": {"K76-D030": 126.75102481243536}, "K75A-U030": {"K75A-D010": 223.47487143528753}, "K75P-D060": {"K75P-D070": 169.04360593813536}, "K73-D110": {"K73-D120": 88.91972606378305}, "K75P-U090": {"K75P-U100": 39.964658603341064}, "K74-U080": {"K74-U090": 228.98622982693396}, "K75P-U120": {"K75P-U130": 66.01602116076599}, "K73-U040": {"K73-U050": 92.98050402686016, "K73-U060": 207.82985423275312}, "K75P-U020": {"K75P-U030": 108.54489661060332}, "K73-D010": {"K73-D020": 72.6892419473012}, "K74-D080": {"K74-D090": 169.33927267424355}, "K74-D060": {"K74-D070": 154.5625865922438}, "K75P-D010": {"K75P-D020": 137.14136866039055}, "K73-D090": {"K73-D100": 84.25149261697868}, "K73-D100": {"K73-D110": 190.70539375374037}, "K75A-U010": {"K75A-U020": 44.75406002960109}, "K73-U020": {"K73-U030": 154.55623252655522}, "K75P-U100": {"K75P-U110": 58.567560288629195}, "K75A-D030": {"K75A-D040": 44.183783817639}, "K75P-D080": {"K75P-U011": 144.5747673724157}, "K75P-D020": {"K75P-D030": 35.877841473608726}, "K75P-U080": {"K75P-U090": 53.61851391091972}, "K75P-D030": {"K75P-D040": 129.04586221390042}, "K75A-D050": {"K75A-D060": 72.52900281390478}, "K76-U030": {"K76-U040": 163.0854266580546}, "K74-U001": {"K74-U004": 213.7831057894452}, "K75P-U130": {"K75P-U140": 36.10054405038244}, "K73-D130": {"K73-D140": 141.0211652117727}, "K74-U030": {"K74-U040": 286.4885762856379}, "K75A-D100": {"K75A-D110": 101.45298626431932}, "K73-D140": {"K73-D150": 194.22891873957346}, "K74-U010": {"K74-U020": 168.44844164235894}, "K75A-D090": {"K75A-D100": 51.948699938155684}, "K75P-U050": {"K75P-U060": 159.66680871217204}, "K74-D050": {"K74-D060": 111.42334205460054}, "K75P-U060": {"K75P-U070": 29.263914402418276}, "K74-U020": {"K74-U030": 131.59884750784187}, "K75P-D040": {"K75P-D050": 165.23195760204675}, "K74-U004": {"K74-U007": 93.54488003939561}, "K75P-U040": {"K75P-U050": 111.32580177709342}, "K75A-U020": {"K75A-U030": 135.63404438701542}, "K73-D070": {"K73-D080": 152.29361536046108}, "K74-U011": {"K74-D100": 168.45801756557773}, "K73-D120": {"K73-D130": 102.9219578576394}, "K74-U100": {"K74-D010": 114.66759287984095}, "K74-D070": {"K74-D080": 255.58623882948942}, "K74-U040": {"K74-U050": 170.48688281892996}, "K74-D100": {"K74-D110": 89.81767147141257}, "K73-D080": {"K73-D090": 268.5155552494057}, "K75A-D060": {"K75A-D070": 41.788198151965595}, "K75P-U070": {"K75P-U080": 111.20899352415356}, "K75A-D040": {"K75A-D050": 56.47418626925095}, "K73-D020": {"K73-D030": 101.32453303065428}, "K73-D050": {"K73-D060": 64.29878854327228, "K73-D070": 107.10950460989014}, "K74-D110": {"K74-U002": 174.1663204522858}, "K74-D010": {"K74-D020": 160.5978655444389}, "K74-U070": {"K74-U080": 151.57235385946962}, "K73-D060": {"K73-D070": 32.37775094081504}, "K73-D150": {"K73-D160": 50.535363174754515}, "K74-D040": {"K74-D050": 80.13012243801018}, "K74-U050": {"K74-U060": 233.63780004568963}}