{"K76-U020": {"K76-U030": 162.99854123189877}, "K73-U070": {"K73-U080": 165.28738224509846}, "K76-U040": {"K76-U050": 174.15546057421665}, "K76-D030": {"K76-D040": 56.937563202087325}, "K75P-D050": {"K75P-D060": 91.88763669634301}, "K73-U080": {"K73-U090": 236.03528804865536, "K73-U110": 151.48186865393524}, "K74-D020": {"K74-D030": 145.03112256127412}, "K73-U100": {"K73-U110": 248.82833436222495}, "K76-D010": {"K76-D020": 170.469997127746}, "K75A-D110": {"K75A-U011": 170.18269694078012}, "K75A-D080": {"K75A-D090": 99.75758168014605}, "K75P-U030": {"K75P-U040": 117.35676907310453}, "K75P-D070": {"K75P-D080": 97.03553292831023}, "K75P-U010": {"K75P-U020": 97.62989063330107}, "K75A-D020": {"K75A-D030": 24.80879576459532}, "K74-D030": {"K74-D040": 123.25156462865536}, "K75A-D070": {"K75A-D080": 44.80208410753218}, "K74-U090": {"K74-U100": 190.5135106783652}, "K76-U010": {"K76-U020": 28.250649453151386}, "K74-U060": {"K74-U070": 144.58850714082567}, "K75A-D010": {"K75A-D020": 196.30963686446793}, "K74-D090": {"K74-U011": 71.67325616807103}, "K73-U110": {"K73-U120": 210.63417109609796}, "K73-U050": {"K73-U060": 108.0444381802117}, "K73-U060": {"K73-U070": 143.77780220444973}, "K74-U007": {"K74-U010": 244.08293421062695}, "K73-D030": {"K73-D040": 120.46312448261251}, "K73-D040": {"K73-D050": 81.5260211683814}, "K73-U090": {"K73-U100": 136.2884980725958}, "K75P-U140": {"K75P-D010": 143.86575642063073}, "K73-U030": {"K73-U040": 94.97381007048965}, "K73-U010": {"K73-U020": 67.95334150668658}, "K75P-U110": {"K75P-U120": 83.54665896282397}, "K76-D020": {"K76-D030": 134.6690406920456}, "K75A-U030": {"K75A-D010": 241.99713511532886}, "K75P-D060": {"K75P-D070": 170.29716350954257}, "K73-D110": {"K73-D120": 76.21435713433857}, "K75P-U090": {"K75P-U100": 41.33804146022203}, "K74-U080": {"K74-U090": 231.63910688048867}, "K75P-U120": {"K75P-U130": 66.9080348766371}, "K73-U040": {"K73-U050": 111.90247746213845, "K73-U060": 200.08472678615558}, "K75P-U020": {"K75P-U030": 108.71597527512753}, "K73-D010": {"K73-D020": 80.67861705557509}, "K74-D080": {"K74-D090": 174.71352661414934}, "K74-D060": {"K74-D070": 143.11017185579666}, "K75P-D010": {"K75P-D020": 138.95576277127853}, "K73-D090": {"K73-D100": 79.65317361007882}, "K73-D100": {"K73-D110": 198.77225575491212}, "K75A-U010": {"K75A-U020": 49.870629557790515}, "K73-U020": {"K73-U030": 169.98505030336028}, "K75P-U100": {"K75P-U110": 58.52927393242775}, "K75A-D030": {"K75A-D040": 48.439472728666104}, "K75P-D080": {"K75P-U011": 146.8515135120768}, "K75P-D020": {"K75P-D030": 33.29097728666403}, "K75P-U080": {"K75P-U090": 48.074403512937145}, "K75P-D030": {"K75P-D040": 125.82055452199765}, "K75A-D050": {"K75A-D060": 87.47218424947386}, "K76-U030": {"K76-U040": 163.0854266580546}, "K74-U001": {"K74-U004": 143.63970593428104}, "K75P-U130": {"K75P-U140": 34.871818063677914}, "K73-D130": {"K73-D140": 141.7659108489073}, "K74-U030": {"K74-U040": 281.55577533404085}, "K75A-D100": {"K75A-D110": 109.2644544419879}, "K73-D140": {"K73-D150": 208.33513856326994}, "K74-U010": {"K74-U020": 169.0233073083742}, "K75A-D090": {"K75A-D100": 50.16699529675223}, "K75P-U050": {"K75P-U060": 143.87825164225353}, "K74-D050": {"K74-D060": 95.79324045203745}, "K75P-U060": {"K75P-U070": 29.79631794669254}, "K74-U020": {"K74-U030": 123.47811785207584}, "K75P-D040": {"K75P-D050": 163.69296726872227}, "K74-U004": {"K74-U007": 91.32922828608918}, "K75P-U040": {"K75P-U050": 109.27842800030369}, "K75A-U020": {"K75A-U030": 141.77544760618008}, "K73-D070": {"K73-D080": 150.14576145394614}, "K74-U011": {"K74-D100": 173.06027662260098}, "K73-D120": {"K73-D130": 111.86394820676014}, "K74-U100": {"K74-D010": 120.40678438055042}, "K74-D070": {"K74-D080": 261.8886148972254}, "K74-U040": {"K74-U050": 175.01507614294047}, "K74-D100": {"K74-D110": 81.0433252278621}, "K73-D080": {"K73-D090": 270.410378139986}, "K75A-D060": {"K75A-D070": 41.90978944295775}, "K75P-U070": {"K75P-U080": 104.24894602774926}, "K75A-D040": {"K75A-D050": 57.740110663919964}, "K73-D020": {"K73-D030": 105.62519443373353}, "K73-D050": {"K73-D060": 64.29878854327228, "K73-D070": 107.38275607859148}, "K74-D110": {"K74-U002": 188.6543010155445}, "K74-D010": {"K74-D020": 151.80423079782807}, "K74-U070": {"K74-U080": 152.40772407785124}, "K73-D060": {"K73-D070": 32.37775094081504}, "K73-D150": {"K73-D160": 46.19218603528719}, "K74-D040": {"K74-D050": 78.92835088181747}, "K74-U050": {"K74-U060": 237.2685072763722}}