{"K76-U020": {"K76-U030": 143.8351443582472}, "K73-U070": {"K73-U080": 152.4651746881358}, "K76-U040": {"K76-U050": 195.07784668671326}, "K76-D030": {"K76-D040": 62.2501301034632}, "K75P-D050": {"K75P-D060": 94.45776620749083}, "K73-U080": {"K73-U090": 247.54567609800748, "K73-U110": 151.50094717525218}, "K74-D020": {"K74-D030": 145.02339764529236}, "K73-U100": {"K73-U110": 243.69402955473896}, "K76-D010": {"K76-D020": 170.41630763929464}, "K75A-D110": {"K75A-U011": 179.7398967776911}, "K75A-D080": {"K75A-D090": 112.2777631381366}, "K75P-U030": {"K75P-U040": 133.48196207536122}, "K75P-D070": {"K75P-D080": 99.44744522059986}, "K75P-U010": {"K75P-U020": 98.68484290470865}, "K75A-D020": {"K75A-D030": 25.302189764713027}, "K74-D030": {"K74-D040": 124.7699288642245}, "K75A-D070": {"K75A-D080": 41.3830284204913}, "K74-U090": {"K74-U100": 204.9529903297144}, "K76-U010": {"K76-U020": 37.803716439147856}, "K74-U060": {"K74-U070": 149.51751989410315}, "K75A-D010": {"K75A-D020": 214.17247563035494}, "K74-D090": {"K74-U011": 79.20888265053942}, "K73-U110": {"K73-U120": 230.71116874153304}, "K73-U050": {"K73-U060": 111.13297508767053}, "K73-U060": {"K73-U070": 134.37046924935518}, "K74-U007": {"K74-U010": 257.0299334142279}, "K73-D030": {"K73-D040": 113.14097376127935}, "K73-D040": {"K73-D050": 82.90644623263904}, "K73-U090": {"K73-U100": 128.80884556168252}, "K75P-U140": {"K75P-D010": 144.91907109160337}, "K73-U030": {"K73-U040": 94.25576151390668}, "K73-U010": {"K73-U020": 69.6574376245268}, "K75P-U110": {"K75P-U120": 89.72564615527199}, "K76-D020": {"K76-D030": 118.20131928397697}, "K75A-U030": {"K75A-D010": 236.66516624048535}, "K75P-D060": {"K75P-D070": 198.02150279119633}, "K73-D110": {"K73-D120": 77.617742418561}, "K75P-U090": {"K75P-U100": 42.54743113529784}, "K74-U080": {"K74-U090": 224.28204849950475}, "K75P-U120": {"K75P-U130": 66.42448057119705}, "K73-U040": {"K73-U050": 107.07162975376453, "K73-U060": 218.7204497695265}, "K75P-U020": {"K75P-U030": 107.94823295625092}, "K73-D010": {"K73-D020": 78.14957185362886}, "K74-D080": {"K74-D090": 174.80169172579542}, "K74-D060": {"K74-D070": 152.63567151969272}, "K75P-D010": {"K75P-D020": 137.32074927365352}, "K73-D090": {"K73-D100": 84.25617765939424}, "K73-D100": {"K73-D110": 200.33816247985592}, "K75A-U010": {"K75A-U020": 44.67095438837343}, "K73-U020": {"K73-U030": 176.05288226566586}, "K75P-U100": {"K75P-U110": 65.75648824673864}, "K75A-D030": {"K75A-D040": 47.474813387730194}, "K75P-D080": {"K75P-U011": 144.02609436502112}, "K75P-D020": {"K75P-D030": 34.20805783603055}, "K75P-U080": {"K75P-U090": 46.862761095808004}, "K75P-D030": {"K75P-D040": 130.39606578116224}, "K75A-D050": {"K75A-D060": 69.73992155801777}, "K76-U030": {"K76-U040": 163.100854099248}, "K74-U001": {"K74-U004": 142.91121448660232}, "K75P-U130": {"K75P-U140": 40.98932438546767}, "K73-D130": {"K73-D140": 143.16999455011498}, "K74-U030": {"K74-U040": 295.7145476383986}, "K75A-D100": {"K75A-D110": 103.77505014686658}, "K73-D140": {"K73-D150": 193.90233959995572}, "K74-U010": {"K74-U020": 169.5637379938883}, "K75A-D090": {"K75A-D100": 48.450478263839855}, "K75P-U050": {"K75P-U060": 159.28663535977643}, "K74-D050": {"K74-D060": 103.28712951846596}, "K75P-U060": {"K75P-U070": 29.470805572403158}, "K74-U020": {"K74-U030": 128.4734364292361}, "K75P-D040": {"K75P-D050": 168.368465312029}, "K74-U004": {"K74-U007": 93.69801249171637}, "K75P-U040": {"K75P-U050": 104.77778967827176}, "K75A-U020": {"K75A-U030": 140.45894891780503}, "K73-D070": {"K73-D080": 158.2684604805627}, "K74-U011": {"K74-D100": 176.8521423483885}, "K73-D120": {"K73-D130": 110.62570183972915}, "K74-U100": {"K74-D010": 123.84000701541626}, "K74-D070": {"K74-D080": 277.10149581619083}, "K74-U040": {"K74-U050": 192.46929941880754}, "K74-D100": {"K74-D110": 86.35309511632678}, "K73-D080": {"K73-D090": 261.44953250417353}, "K75A-D060": {"K75A-D070": 45.52882542366271}, "K75P-U070": {"K75P-U080": 109.32021589173219}, "K75A-D040": {"K75A-D050": 54.34727938713051}, "K73-D020": {"K73-D030": 119.23218651577324}, "K73-D050": {"K73-D060": 64.29878854327228, "K73-D070": 98.74514689636005}, "K74-D110": {"K74-U002": 179.06935615617687}, "K74-D010": {"K74-D020": 160.89981863431052}, "K74-U070": {"K74-U080": 166.61621969944827}, "K73-D060": {"K73-D070": 32.37775094081504}, "K73-D150": {"K73-D160": 52.65400482283799}, "K74-D040": {"K74-D050": 82.82243197889301}, "K74-U050": {"K74-U060": 228.8192127342998}}