{"K76-U020": {"K76-U030": 147.31685591665521}, "K73-U070": {"K73-U080": 142.9397369320839}, "K76-U040": {"K76-U050": 167.78530852496203}, "K76-D030": {"K76-D040": 75.07627725820672}, "K75P-D050": {"K75P-D060": 87.81624662722614}, "K73-U080": {"K73-U090": 269.56883997707985, "K73-U110": 151.50094717525218}, "K74-D020": {"K74-D030": 145.02339774342008}, "K73-U100": {"K73-U110": 237.63165707125214}, "K76-D010": {"K76-D020": 170.41630763929464}, "K75A-D110": {"K75A-U011": 168.06081054150724}, "K75A-D080": {"K75A-D090": 93.64750146635592}, "K75P-U030": {"K75P-U040": 132.27982352947225}, "K75P-D070": {"K75P-D080": 92.22249913393826}, "K75P-U010": {"K75P-U020": 94.11877058812519}, "K75A-D020": {"K75A-D030": 21.225647671360313}, "K74-D030": {"K74-D040": 123.49635772498713}, "K75A-D070": {"K75A-D080": 31.72841881884935}, "K74-U090": {"K74-U100": 200.40306195254556}, "K76-U010": {"K76-U020": 15.909476164882046}, "K74-U060": {"K74-U070": 150.84242290092794}, "K75A-D010": {"K75A-D020": 201.8170376118408}, "K74-D090": {"K74-U011": 75.00420706751989}, "K73-U110": {"K73-U120": 232.5419558567841}, "K73-U050": {"K73-U060": 96.02717219567288}, "K73-U060": {"K73-U070": 136.30864668809122}, "K74-U007": {"K74-U010": 244.63195154176577}, "K73-D030": {"K73-D040": 109.71829172783126}, "K73-D040": {"K73-D050": 80.5617869000798}, "K73-U090": {"K73-U100": 104.34370118964355}, "K75P-U140": {"K75P-D010": 146.50581853587147}, "K73-U030": {"K73-U040": 83.60257133792823}, "K73-U010": {"K73-U020": 72.46404786207334}, "K75P-U110": {"K75P-U120": 85.1203614280959}, "K76-D020": {"K76-D030": 125.9404574510324}, "K75A-U030": {"K75A-D010": 225.9550443045173}, "K75P-D060": {"K75P-D070": 185.03333779209186}, "K73-D110": {"K73-D120": 77.53686581807457}, "K75P-U090": {"K75P-U100": 39.28659638638389}, "K74-U080": {"K74-U090": 249.52163583734392}, "K75P-U120": {"K75P-U130": 60.83483300612481}, "K73-U040": {"K73-U050": 99.62397179008657, "K73-U060": 189.4108645523533}, "K75P-U020": {"K75P-U030": 116.1367501851748}, "K73-D010": {"K73-D020": 78.31139523792334}, "K74-D080": {"K74-D090": 174.63813111080552}, "K74-D060": {"K74-D070": 140.58589836592532}, "K75P-D010": {"K75P-D020": 119.19892293598593}, "K73-D090": {"K73-D100": 77.29945675307673}, "K73-D100": {"K73-D110": 194.65929466473554}, "K75A-U010": {"K75A-U020": 41.181896196958725}, "K73-U020": {"K73-U030": 186.80747268107467}, "K75P-U100": {"K75P-U110": 65.39144261731957}, "K75A-D030": {"K75A-D040": 46.912699015513184}, "K75P-D080": {"K75P-U011": 145.35185385953505}, "K75P-D020": {"K75P-D030": 31.270702647461597}, "K75P-U080": {"K75P-U090": 46.75624760550181}, "K75P-D030": {"K75P-D040": 122.02870816668239}, "K75A-D050": {"K75A-D060": 75.59728051445418}, "K76-U030": {"K76-U040": 163.100854099248}, "K74-U001": {"K74-U004": 149.94680789139647}, "K75P-U130": {"K75P-U140": 38.97999092561351}, "K73-D130": {"K73-D140": 136.80900524380505}, "K74-U030": {"K74-U040": 292.88796188006995}, "K75A-D100": {"K75A-D110": 99.7299825823968}, "K73-D140": {"K73-D150": 205.6422206486261}, "K74-U010": {"K74-U020": 178.97563958702278}, "K75A-D090": {"K75A-D100": 42.92811166334488}, "K75P-U050": {"K75P-U060": 153.724873120096}, "K74-D050": {"K74-D060": 105.19356262812205}, "K75P-U060": {"K75P-U070": 27.986423415929302}, "K74-U020": {"K74-U030": 136.5814813827282}, "K75P-D040": {"K75P-D050": 162.8689859915682}, "K74-U004": {"K74-U007": 89.18218090369642}, "K75P-U040": {"K75P-U050": 102.38699461338891}, "K75A-U020": {"K75A-U030": 138.54167373430872}, "K73-D070": {"K73-D080": 158.38622663181812}, "K74-U011": {"K74-D100": 168.90094300658546}, "K73-D120": {"K73-D130": 111.37072240389875}, "K74-U100": {"K74-D010": 118.75432390545946}, "K74-D070": {"K74-D080": 260.00486858917213}, "K74-U040": {"K74-U050": 181.73193162067247}, "K74-D100": {"K74-D110": 80.39907042187177}, "K73-D080": {"K73-D090": 260.5047551989426}, "K75A-D060": {"K75A-D070": 37.47022105455728}, "K75P-U070": {"K75P-U080": 105.58407959546321}, "K75A-D040": {"K75A-D050": 50.569961145185914}, "K73-D020": {"K73-D030": 105.66663358207845}, "K73-D050": {"K73-D060": 64.29878854327228, "K73-D070": 100.91342772127261}, "K74-D110": {"K74-U002": 174.4662603287382}, "K74-D010": {"K74-D020": 158.3700968842612}, "K74-U070": {"K74-U080": 169.27036459820565}, "K73-D060": {"K73-D070": 32.37775094081504}, "K73-D150": {"K73-D160": 46.67863660517787}, "K74-D040": {"K74-D050": 79.09530735140106}, "K74-U050": {"K74-U060": 251.33732193546197}}