{"K76-U020": {"K76-U030": 120.96593448490037}, "K73-U070": {"K73-U080": 161.20394889348165}, "K76-U040": {"K76-U050": 162.7406825977949}, "K76-D030": {"K76-D040": 55.86098551475859}, "K75P-D050": {"K75P-D060": 89.73355678369519}, "K73-U080": {"K73-U090": 273.4481129680105, "K73-U110": 151.48186865393524}, "K74-D020": {"K74-D030": 145.03112256127412}, "K73-U100": {"K73-U110": 232.56925094467346}, "K76-D010": {"K76-D020": 170.469997127746}, "K75A-D110": {"K75A-U011": 161.24258039514348}, "K75A-D080": {"K75A-D090": 123.46396547541117}, "K75P-U030": {"K75P-U040": 115.43352328656246}, "K75P-D070": {"K75P-D080": 87.40865779164186}, "K75P-U010": {"K75P-U020": 96.06191617370702}, "K75A-D020": {"K75A-D030": 26.9858777286505}, "K74-D030": {"K74-D040": 119.03478686283643}, "K75A-D070": {"K75A-D080": 43.05068290500898}, "K74-U090": {"K74-U100": 190.41070949616588}, "K76-U010": {"K76-U020": 9.518544837257512}, "K74-U060": {"K74-U070": 133.21756283555663}, "K75A-D010": {"K75A-D020": 206.9265932726427}, "K74-D090": {"K74-U011": 76.97481383450004}, "K73-U110": {"K73-U120": 216.94428790118755}, "K73-U050": {"K73-U060": 101.14594958278391}, "K73-U060": {"K73-U070": 137.0100592995908}, "K74-U007": {"K74-U010": 243.1877687469107}, "K73-D030": {"K73-D040": 112.8305400104304}, "K73-D040": {"K73-D050": 84.40443854692711}, "K73-U090": {"K73-U100": 134.07238766171014}, "K75P-U140": {"K75P-D010": 143.38541844341597}, "K73-U030": {"K73-U040": 86.34210715346815}, "K73-U010": {"K73-U020": 70.67753809010104}, "K75P-U110": {"K75P-U120": 84.69141851809326}, "K76-D020": {"K76-D030": 134.87624297201808}, "K75A-U030": {"K75A-D010": 227.79119339347494}, "K75P-D060": {"K75P-D070": 171.90741296704846}, "K73-D110": {"K73-D120": 82.59225860520353}, "K75P-U090": {"K75P-U100": 43.194362957962234}, "K74-U080": {"K74-U090": 238.55558204639965}, "K75P-U120": {"K75P-U130": 64.52891347394954}, "K73-U040": {"K73-U050": 117.26615330389716, "K73-U060": 208.91620853751314}, "K75P-U020": {"K75P-U030": 111.05205443848861}, "K73-D010": {"K73-D020": 80.96705532622022}, "K74-D080": {"K74-D090": 176.24300329509646}, "K74-D060": {"K74-D070": 146.88470473307083}, "K75P-D010": {"K75P-D020": 123.83055342774733}, "K73-D090": {"K73-D100": 78.90586327134017}, "K73-D100": {"K73-D110": 206.46410390991872}, "K75A-U010": {"K75A-U020": 49.27479379917959}, "K73-U020": {"K73-U030": 179.01980575799627}, "K75P-U100": {"K75P-U110": 60.951412447824886}, "K75A-D030": {"K75A-D040": 47.585798389432725}, "K75P-D080": {"K75P-U011": 142.9532732985519}, "K75P-D020": {"K75P-D030": 37.090442976811424}, "K75P-U080": {"K75P-U090": 44.19945348049352}, "K75P-D030": {"K75P-D040": 116.60730391312782}, "K75A-D050": {"K75A-D060": 85.65168497734811}, "K76-U030": {"K76-U040": 163.0854266580546}, "K74-U001": {"K74-U004": 145.25840888247666}, "K75P-U130": {"K75P-U140": 35.77901262811482}, "K73-D130": {"K73-D140": 135.29876575883893}, "K74-U030": {"K74-U040": 280.6519641891324}, "K75A-D100": {"K75A-D110": 95.48261983794278}, "K73-D140": {"K73-D150": 198.163551261881}, "K74-U010": {"K74-U020": 158.5165045990585}, "K75A-D090": {"K75A-D100": 47.31981567734854}, "K75P-U050": {"K75P-U060": 151.97089888204422}, "K74-D050": {"K74-D060": 96.03949857999841}, "K75P-U060": {"K75P-U070": 31.281728233312446}, "K74-U020": {"K74-U030": 124.02643747445529}, "K75P-D040": {"K75P-D050": 165.8409169529752}, "K74-U004": {"K74-U007": 96.09621379886055}, "K75P-U040": {"K75P-U050": 104.82223538916477}, "K75A-U020": {"K75A-U030": 146.41415966245904}, "K73-D070": {"K73-D080": 161.2151744794851}, "K74-U011": {"K74-D100": 179.21003826336332}, "K73-D120": {"K73-D130": 107.91994372316003}, "K74-U100": {"K74-D010": 127.16954654157408}, "K74-D070": {"K74-D080": 266.9951129337481}, "K74-U040": {"K74-U050": 186.56377889926333}, "K74-D100": {"K74-D110": 85.84047172554727}, "K73-D080": {"K73-D090": 262.1983758725629}, "K75A-D060": {"K75A-D070": 46.85959198670294}, "K75P-U070": {"K75P-U080": 102.97116291360501}, "K75A-D040": {"K75A-D050": 55.99234895421862}, "K73-D020": {"K73-D030": 99.98075026667937}, "K73-D050": {"K73-D060": 64.29878854327228, "K73-D070": 108.98416513601356}, "K74-D110": {"K74-U002": 183.72605599129548}, "K74-D010": {"K74-D020": 149.88401174810457}, "K74-U070": {"K74-U080": 156.98738368143685}, "K73-D060": {"K73-D070": 32.37775094081504}, "K73-D150": {"K73-D160": 45.678124664741304}, "K74-D040": {"K74-D050": 78.83907628203353}, "K74-U050": {"K74-U060": 230.58088221908446}}