{"K76-U020": {"K76-U030": 148.76880183114446}, "K73-U070": {"K73-U080": 151.10754251370648}, "K76-U040": {"K76-U050": 173.90060122398125}, "K76-D030": {"K76-D040": 55.53792244738308}, "K75P-D050": {"K75P-D060": 87.47713651780529}, "K73-U080": {"K73-U090": 270.25575521421536, "K73-U110": 151.50094709074034}, "K74-D020": {"K74-D030": 145.02366289447156}, "K73-U100": {"K73-U110": 248.57673269776933}, "K76-D010": {"K76-D020": 170.41630763929464}, "K75A-D110": {"K75A-U011": 178.64072525039188}, "K75A-D080": {"K75A-D090": 109.43983141386722}, "K75P-U030": {"K75P-U040": 120.96452553589964}, "K75P-D070": {"K75P-D080": 97.9687095646506}, "K75P-U010": {"K75P-U020": 97.55030000845757}, "K75A-D020": {"K75A-D030": 18.894346007644845}, "K74-D030": {"K74-D040": 130.82070857939271}, "K75A-D070": {"K75A-D080": 44.047426988867045}, "K74-U090": {"K74-U100": 203.84260708563778}, "K76-U010": {"K76-U020": 8.535883395050824}, "K74-U060": {"K74-U070": 137.90429742812233}, "K75A-D010": {"K75A-D020": 208.16073329277248}, "K74-D090": {"K74-U011": 75.91166531689619}, "K73-U110": {"K73-U120": 210.55745109546643}, "K73-U050": {"K73-U060": 97.96594264236286}, "K73-U060": {"K73-U070": 138.04745981828276}, "K74-U007": {"K74-U010": 247.97070630737076}, "K73-D030": {"K73-D040": 113.37310584047876}, "K73-D040": {"K73-D050": 84.98215761035014}, "K73-U090": {"K73-U100": 125.13264655240138}, "K75P-U140": {"K75P-D010": 145.48539535370452}, "K73-U030": {"K73-U040": 89.8877613865671}, "K73-U010": {"K73-U020": 69.59796953213849}, "K75P-U110": {"K75P-U120": 85.57735952514834}, "K76-D020": {"K76-D030": 135.36795321927116}, "K75A-U030": {"K75A-D010": 231.3967866398576}, "K75P-D060": {"K75P-D070": 201.31388049506216}, "K73-D110": {"K73-D120": 72.8865569800356}, "K75P-U090": {"K75P-U100": 46.11443467509065}, "K74-U080": {"K74-U090": 232.77435386417073}, "K75P-U120": {"K75P-U130": 65.30410941103538}, "K73-U040": {"K73-U050": 107.92821565454497, "K73-U060": 211.90594017075264}, "K75P-U020": {"K75P-U030": 113.14248899636736}, "K73-D010": {"K73-D020": 82.95553426616921}, "K74-D080": {"K74-D090": 175.49950906818634}, "K74-D060": {"K74-D070": 147.77861367095596}, "K75P-D010": {"K75P-D020": 130.71314222298534}, "K73-D090": {"K73-D100": 87.6619946159864}, "K73-D100": {"K73-D110": 197.92862077418835}, "K75A-U010": {"K75A-U020": 45.0298717430182}, "K73-U020": {"K73-U030": 194.39877387385792}, "K75P-U100": {"K75P-U110": 68.23993046705328}, "K75A-D030": {"K75A-D040": 45.29639582098546}, "K75P-D080": {"K75P-U011": 139.22491742827904}, "K75P-D020": {"K75P-D030": 33.014005131853516}, "K75P-U080": {"K75P-U090": 47.14491592286463}, "K75P-D030": {"K75P-D040": 116.07631606040411}, "K75A-D050": {"K75A-D060": 77.62943119173181}, "K76-U030": {"K76-U040": 163.1008540985855}, "K74-U001": {"K74-U004": 140.87735776930842}, "K75P-U130": {"K75P-U140": 36.82468948014567}, "K73-D130": {"K73-D140": 154.98427515389628}, "K74-U030": {"K74-U040": 292.8362535353756}, "K75A-D100": {"K75A-D110": 98.96686255292707}, "K73-D140": {"K73-D150": 201.84640675644377}, "K74-U010": {"K74-U020": 172.924183763022}, "K75A-D090": {"K75A-D100": 46.25381356600619}, "K75P-U050": {"K75P-U060": 169.29731164779255}, "K74-D050": {"K74-D060": 95.95313059808936}, "K75P-U060": {"K75P-U070": 29.728591560963217}, "K74-U020": {"K74-U030": 135.5966660798152}, "K75P-D040": {"K75P-D050": 161.53343090861503}, "K74-U004": {"K74-U007": 95.96872510681902}, "K75P-U040": {"K75P-U050": 111.27047649753581}, "K75A-U020": {"K75A-U030": 146.52265795936017}, "K73-D070": {"K73-D080": 153.91978417913532}, "K74-U011": {"K74-D100": 172.64998181140098}, "K73-D120": {"K73-D130": 109.88364836327074}, "K74-U100": {"K74-D010": 116.85569552721404}, "K74-D070": {"K74-D080": 256.31422537187007}, "K74-U040": {"K74-U050": 167.19571661804122}, "K74-D100": {"K74-D110": 88.53673778841758}, "K73-D080": {"K73-D090": 274.0990760118522}, "K75A-D060": {"K75A-D070": 47.49314358478085}, "K75P-U070": {"K75P-U080": 110.85402433266158}, "K75A-D040": {"K75A-D050": 53.96414611210514}, "K73-D020": {"K73-D030": 101.99159335028646}, "K73-D050": {"K73-D060": 64.29878854327228, "K73-D070": 106.58084630952605}, "K74-D110": {"K74-U002": 186.96964959221856}, "K74-D010": {"K74-D020": 159.6365108907065}, "K74-U070": {"K74-U080": 156.34765431510996}, "K73-D060": {"K73-D070": 32.37775094081504}, "K73-D150": {"K73-D160": 40.96693469622279}, "K74-D040": {"K74-D050": 80.36089401419757}, "K74-U050": {"K74-U060": 220.78354511800876}}