{"K76-U020": {"K76-U030": 159.0482399874743}, "K73-U070": {"K73-U080": 174.12493454843607}, "K76-U040": {"K76-U050": 151.69475538501106}, "K76-D030": {"K76-D040": 72.15915354101482}, "K75P-D050": {"K75P-D060": 93.48378588087307}, "K73-U080": {"K73-U090": 275.5110903983029, "K73-U110": 151.50094717525218}, "K74-D020": {"K74-D030": 145.02339764528114}, "K73-U100": {"K73-U110": 231.41991835557556}, "K76-D010": {"K76-D020": 170.41630763929464}, "K75A-D110": {"K75A-U011": 188.21368798500208}, "K75A-D080": {"K75A-D090": 98.06113505310881}, "K75P-U030": {"K75P-U040": 125.74886091744843}, "K75P-D070": {"K75P-D080": 97.34490875753258}, "K75P-U010": {"K75P-U020": 94.08497826629687}, "K75A-D020": {"K75A-D030": 24.176397715038952}, "K74-D030": {"K74-D040": 131.31861723256398}, "K75A-D070": {"K75A-D080": 45.26826174339754}, "K74-U090": {"K74-U100": 202.84351761170737}, "K76-U010": {"K76-U020": 22.368451076669064}, "K74-U060": {"K74-U070": 127.5878491393174}, "K75A-D010": {"K75A-D020": 196.17407111426527}, "K74-D090": {"K74-U011": 67.97763854801975}, "K73-U110": {"K73-U120": 209.30140485384703}, "K73-U050": {"K73-U060": 108.77435474522402}, "K73-U060": {"K73-U070": 125.72867386357771}, "K74-U007": {"K74-U010": 255.03874392941822}, "K73-D030": {"K73-D040": 106.70937276983277}, "K73-D040": {"K73-D050": 84.5945353038211}, "K73-U090": {"K73-U100": 118.93028738004675}, "K75P-U140": {"K75P-D010": 147.91850045357666}, "K73-U030": {"K73-U040": 81.76854011939021}, "K73-U010": {"K73-U020": 71.85959203592085}, "K75P-U110": {"K75P-U120": 86.69321400247682}, "K76-D020": {"K76-D030": 119.294373197663}, "K75A-U030": {"K75A-D010": 236.24303517444804}, "K75P-D060": {"K75P-D070": 197.6673304155824}, "K73-D110": {"K73-D120": 75.678666801829}, "K75P-U090": {"K75P-U100": 44.25701603146815}, "K74-U080": {"K74-U090": 233.02233722574178}, "K75P-U120": {"K75P-U130": 67.54386287066684}, "K73-U040": {"K73-U050": 104.07331511960903, "K73-U060": 207.31067179445554}, "K75P-U020": {"K75P-U030": 105.72167451616899}, "K73-D010": {"K73-D020": 68.3884242875649}, "K74-D080": {"K74-D090": 173.34638222601706}, "K74-D060": {"K74-D070": 155.00329701791767}, "K75P-D010": {"K75P-D020": 144.6557789642198}, "K73-D090": {"K73-D100": 83.54235037861056}, "K73-D100": {"K73-D110": 181.07924945858377}, "K75A-U010": {"K75A-U020": 43.844527874976016}, "K73-U020": {"K73-U030": 176.42967418415657}, "K75P-U100": {"K75P-U110": 60.29267553907473}, "K75A-D030": {"K75A-D040": 50.77221561646652}, "K75P-D080": {"K75P-U011": 142.9370616655283}, "K75P-D020": {"K75P-D030": 33.8495605117486}, "K75P-U080": {"K75P-U090": 47.08684741667596}, "K75P-D030": {"K75P-D040": 132.4685942080493}, "K75A-D050": {"K75A-D060": 78.46618806937192}, "K76-U030": {"K76-U040": 163.100854099248}, "K74-U001": {"K74-U004": 149.08083366598512}, "K75P-U130": {"K75P-U140": 38.49218358591984}, "K73-D130": {"K73-D140": 137.14172288931644}, "K74-U030": {"K74-U040": 294.9672606981337}, "K75A-D100": {"K75A-D110": 99.01655201045227}, "K73-D140": {"K73-D150": 198.91372728989091}, "K74-U010": {"K74-U020": 166.377135360248}, "K75A-D090": {"K75A-D100": 48.68271340765708}, "K75P-U050": {"K75P-U060": 164.19139696695578}, "K74-D050": {"K74-D060": 94.27971240862924}, "K75P-U060": {"K75P-U070": 31.531830515740005}, "K74-U020": {"K74-U030": 138.38610373371685}, "K75P-D040": {"K75P-D050": 170.5245530537639}, "K74-U004": {"K74-U007": 98.74988524371335}, "K75P-U040": {"K75P-U050": 105.01879225131844}, "K75A-U020": {"K75A-U030": 138.0371935645918}, "K73-D070": {"K73-D080": 156.47721768631007}, "K74-U011": {"K74-D100": 164.59892267914302}, "K73-D120": {"K73-D130": 106.62915967331307}, "K74-U100": {"K74-D010": 120.65334075403689}, "K74-D070": {"K74-D080": 259.91274011003225}, "K74-U040": {"K74-U050": 192.8113362055131}, "K74-D100": {"K74-D110": 86.21605591524195}, "K73-D080": {"K73-D090": 265.68013644977583}, "K75A-D060": {"K75A-D070": 42.43607199173415}, "K75P-U070": {"K75P-U080": 104.43323485609517}, "K75A-D040": {"K75A-D050": 53.83271270987477}, "K73-D020": {"K73-D030": 88.24152820944896}, "K73-D050": {"K73-D060": 64.29878854327228, "K73-D070": 102.08609598319842}, "K74-D110": {"K74-U002": 166.0022522130252}, "K74-D010": {"K74-D020": 156.63990562582626}, "K74-U070": {"K74-U080": 147.50723016660163}, "K73-D060": {"K73-D070": 32.37775094081504}, "K73-D150": {"K73-D160": 53.01047640595867}, "K74-D040": {"K74-D050": 80.6431247942528}, "K74-U050": {"K74-U060": 227.31150492011528}}