{"K76-U020": {"K76-U030": 153.273690639355}, "K73-U070": {"K73-U080": 156.43066528061712}, "K76-U040": {"K76-U050": 156.7489317718705}, "K76-D030": {"K76-D040": 45.58159295623463}, "K75P-D050": {"K75P-D060": 89.84656919766455}, "K73-U080": {"K73-U090": 271.19996893993573, "K73-U110": 151.50094717525218}, "K74-D020": {"K74-D030": 145.02339764528162}, "K73-U100": {"K73-U110": 255.58000560889968}, "K76-D010": {"K76-D020": 170.41630763929464}, "K75A-D110": {"K75A-U011": 183.17628644714227}, "K75A-D080": {"K75A-D090": 100.02529555818457}, "K75P-U030": {"K75P-U040": 136.94898956608222}, "K75P-D070": {"K75P-D080": 94.90920191373024}, "K75P-U010": {"K75P-U020": 93.71049607029202}, "K75A-D020": {"K75A-D030": 24.551487318834397}, "K74-D030": {"K74-D040": 133.29336595273597}, "K75A-D070": {"K75A-D080": 53.480268545760886}, "K74-U090": {"K74-U100": 207.9097035130751}, "K76-U010": {"K76-U020": 15.34504994223227}, "K74-U060": {"K74-U070": 136.46655423434873}, "K75A-D010": {"K75A-D020": 209.73671750569315}, "K74-D090": {"K74-U011": 75.47948402975165}, "K73-U110": {"K73-U120": 210.6261029047342}, "K73-U050": {"K73-U060": 106.48318160305317}, "K73-U060": {"K73-U070": 134.07914604164336}, "K74-U007": {"K74-U010": 265.5709158900398}, "K73-D030": {"K73-D040": 119.79534250662712}, "K73-D040": {"K73-D050": 85.09297501359667}, "K73-U090": {"K73-U100": 121.37465130128949}, "K75P-U140": {"K75P-D010": 151.77099751348885}, "K73-U030": {"K73-U040": 88.72709606717783}, "K73-U010": {"K73-U020": 70.49455264938281}, "K75P-U110": {"K75P-U120": 87.66957114800049}, "K76-D020": {"K76-D030": 125.70166287635755}, "K75A-U030": {"K75A-D010": 234.60531656687652}, "K75P-D060": {"K75P-D070": 184.29394974765907}, "K73-D110": {"K73-D120": 68.75121295854049}, "K75P-U090": {"K75P-U100": 43.026438571793896}, "K74-U080": {"K74-U090": 238.5653554745798}, "K75P-U120": {"K75P-U130": 68.26524320795434}, "K73-U040": {"K73-U050": 97.5523280078509, "K73-U060": 214.34945199559735}, "K75P-U020": {"K75P-U030": 112.86324356634236}, "K73-D010": {"K73-D020": 78.87861502517782}, "K74-D080": {"K74-D090": 171.02115739363177}, "K74-D060": {"K74-D070": 161.83774510067127}, "K75P-D010": {"K75P-D020": 131.35020337149146}, "K73-D090": {"K73-D100": 88.02296000965744}, "K73-D100": {"K73-D110": 179.10487431359465}, "K75A-U010": {"K75A-U020": 44.00995006617917}, "K73-U020": {"K73-U030": 176.4681983601005}, "K75P-U100": {"K75P-U110": 62.168236979521716}, "K75A-D030": {"K75A-D040": 48.833166421718815}, "K75P-D080": {"K75P-U011": 139.63186260441756}, "K75P-D020": {"K75P-D030": 36.102822234157244}, "K75P-U080": {"K75P-U090": 44.93970880347929}, "K75P-D030": {"K75P-D040": 122.44107352928447}, "K75A-D050": {"K75A-D060": 75.26830175661095}, "K76-U030": {"K76-U040": 163.100854099248}, "K74-U001": {"K74-U004": 143.13223846134503}, "K75P-U130": {"K75P-U140": 41.74901763849515}, "K73-D130": {"K73-D140": 134.2932077787688}, "K74-U030": {"K74-U040": 292.4024492353823}, "K75A-D100": {"K75A-D110": 101.42041583389927}, "K73-D140": {"K73-D150": 190.0350683537938}, "K74-U010": {"K74-U020": 157.23537801410208}, "K75A-D090": {"K75A-D100": 53.26057225824464}, "K75P-U050": {"K75P-U060": 165.82338750463015}, "K74-D050": {"K74-D060": 101.13816951784916}, "K75P-U060": {"K75P-U070": 28.80348869466465}, "K74-U020": {"K74-U030": 134.14340177188512}, "K75P-D040": {"K75P-D050": 159.24716704126843}, "K74-U004": {"K74-U007": 99.00913197838771}, "K75P-U040": {"K75P-U050": 108.48445064963622}, "K75A-U020": {"K75A-U030": 140.21335204253035}, "K73-D070": {"K73-D080": 162.86079341413262}, "K74-U011": {"K74-D100": 179.89489841911558}, "K73-D120": {"K73-D130": 107.39141699420595}, "K74-U100": {"K74-D010": 120.07142756327485}, "K74-D070": {"K74-D080": 262.6249689968361}, "K74-U040": {"K74-U050": 199.27601725243048}, "K74-D100": {"K74-D110": 90.34774610712016}, "K73-D080": {"K73-D090": 269.5378421725445}, "K75A-D060": {"K75A-D070": 48.53787259888607}, "K75P-U070": {"K75P-U080": 109.14323342892143}, "K75A-D040": {"K75A-D050": 54.50914310008725}, "K73-D020": {"K73-D030": 92.72699293128156}, "K73-D050": {"K73-D060": 64.29878854327228, "K73-D070": 105.06415208326032}, "K74-D110": {"K74-U002": 179.94502797603252}, "K74-D010": {"K74-D020": 154.11360649658434}, "K74-U070": {"K74-U080": 168.7574712776272}, "K73-D060": {"K73-D070": 32.37775094081504}, "K73-D150": {"K73-D160": 46.83423385859838}, "K74-D040": {"K74-D050": 86.7172569732949}, "K74-U050": {"K74-U060": 229.20607313125612}}