{"K76-U020": {"K76-U030": 153.6320733108361}, "K73-U070": {"K73-U080": 159.4809900355336}, "K76-U040": {"K76-U050": 138.47007441239853}, "K76-D030": {"K76-D040": 70.9556993400518}, "K75P-D050": {"K75P-D060": 91.41320808316286}, "K73-U080": {"K73-U090": 289.50292309179804, "K73-U110": 151.48186865393524}, "K74-D020": {"K74-D030": 145.03112256127412}, "K73-U100": {"K73-U110": 231.7841361850251}, "K76-D010": {"K76-D020": 170.469997127746}, "K75A-D110": {"K75A-U011": 177.39456634656497}, "K75A-D080": {"K75A-D090": 111.52922755366622}, "K75P-U030": {"K75P-U040": 114.69309298493265}, "K75P-D070": {"K75P-D080": 102.15877296050164}, "K75P-U010": {"K75P-U020": 93.87187073656413}, "K75A-D020": {"K75A-D030": 22.98130447461151}, "K74-D030": {"K74-D040": 138.24001310063448}, "K75A-D070": {"K75A-D080": 43.43329789491007}, "K74-U090": {"K74-U100": 207.78909479699854}, "K76-U010": {"K76-U020": 9.116806868313367}, "K74-U060": {"K74-U070": 144.38357225193369}, "K75A-D010": {"K75A-D020": 206.29852512128295}, "K74-D090": {"K74-U011": 73.60210841395369}, "K73-U110": {"K73-U120": 226.3686083866516}, "K73-U050": {"K73-U060": 107.42297556456758}, "K73-U060": {"K73-U070": 129.22920754180853}, "K74-U007": {"K74-U010": 249.02959077429622}, "K73-D030": {"K73-D040": 117.75860531984338}, "K73-D040": {"K73-D050": 85.76088429114652}, "K73-U090": {"K73-U100": 128.96665378249716}, "K75P-U140": {"K75P-D010": 151.9890556459224}, "K73-U030": {"K73-U040": 89.22248100753393}, "K73-U010": {"K73-U020": 60.943314923019784}, "K75P-U110": {"K75P-U120": 83.75643122213806}, "K76-D020": {"K76-D030": 113.49732735507}, "K75A-U030": {"K75A-D010": 224.17878127632463}, "K75P-D060": {"K75P-D070": 162.06205365227257}, "K73-D110": {"K73-D120": 88.09647750515666}, "K75P-U090": {"K75P-U100": 38.37565595953636}, "K74-U080": {"K74-U090": 228.98622982693396}, "K75P-U120": {"K75P-U130": 62.604501601698644}, "K73-U040": {"K73-U050": 99.0830045875557, "K73-U060": 199.69230278187678}, "K75P-U020": {"K75P-U030": 107.810406949543}, "K73-D010": {"K73-D020": 74.33328597731398}, "K74-D080": {"K74-D090": 169.33927267424355}, "K74-D060": {"K74-D070": 160.00692562574574}, "K75P-D010": {"K75P-D020": 129.38785680673774}, "K73-D090": {"K73-D100": 85.34763811777748}, "K73-D100": {"K73-D110": 194.39408884182905}, "K75A-U010": {"K75A-U020": 42.79578862397688}, "K73-U020": {"K73-U030": 153.7020327446056}, "K75P-U100": {"K75P-U110": 61.596100416614455}, "K75A-D030": {"K75A-D040": 45.256944506477645}, "K75P-D080": {"K75P-U011": 147.99066716895157}, "K75P-D020": {"K75P-D030": 36.42916235057611}, "K75P-U080": {"K75P-U090": 53.91637427925898}, "K75P-D030": {"K75P-D040": 119.62496238473568}, "K75A-D050": {"K75A-D060": 68.85532287158264}, "K76-U030": {"K76-U040": 163.0854266580546}, "K74-U001": {"K74-U004": 202.36931568945062}, "K75P-U130": {"K75P-U140": 36.186496612728796}, "K73-D130": {"K73-D140": 141.10687084589966}, "K74-U030": {"K74-U040": 281.4208014109064}, "K75A-D100": {"K75A-D110": 99.13995114596652}, "K73-D140": {"K73-D150": 195.9558693734899}, "K74-U010": {"K74-U020": 168.44844164235894}, "K75A-D090": {"K75A-D100": 48.72974144383339}, "K75P-U050": {"K75P-U060": 158.44012784095486}, "K74-D050": {"K74-D060": 107.70351635780378}, "K75P-U060": {"K75P-U070": 28.07832745483904}, "K74-U020": {"K74-U030": 136.36896275705766}, "K75P-D040": {"K75P-D050": 161.71505377998932}, "K74-U004": {"K74-U007": 93.54488003939561}, "K75P-U040": {"K75P-U050": 111.22789943944568}, "K75A-U020": {"K75A-U030": 137.99658652232083}, "K73-D070": {"K73-D080": 153.45425382441496}, "K74-U011": {"K74-D100": 168.04999480530617}, "K73-D120": {"K73-D130": 107.84064430582175}, "K74-U100": {"K74-D010": 114.42083359185685}, "K74-D070": {"K74-D080": 259.63785345188643}, "K74-U040": {"K74-U050": 177.78123757499992}, "K74-D100": {"K74-D110": 89.82431389184418}, "K73-D080": {"K73-D090": 275.25693977681675}, "K75A-D060": {"K75A-D070": 40.73302881407874}, "K75P-U070": {"K75P-U080": 111.96518153992542}, "K75A-D040": {"K75A-D050": 55.25551361125555}, "K73-D020": {"K73-D030": 99.33915250927106}, "K73-D050": {"K73-D060": 64.29878854327228, "K73-D070": 102.0730727969114}, "K74-D110": {"K74-U002": 174.1663204522858}, "K74-D010": {"K74-D020": 160.5978655444389}, "K74-U070": {"K74-U080": 153.13511847352265}, "K73-D060": {"K73-D070": 32.37775094081504}, "K73-D150": {"K73-D160": 50.943704966455975}, "K74-D040": {"K74-D050": 84.25439917478825}, "K74-U050": {"K74-U060": 233.63780004568963}}