{"K76-U020": {"K76-U030": 151.4726477586284}, "K73-U070": {"K73-U080": 168.25742595341413}, "K76-U040": {"K76-U050": 172.3888279058475}, "K76-D030": {"K76-D040": 54.650754821314855}, "K75P-D050": {"K75P-D060": 93.73314336583432}, "K73-U080": {"K73-U090": 279.99345762452305, "K73-U110": 151.50094717525218}, "K74-D020": {"K74-D030": 145.02339764528114}, "K73-U100": {"K73-U110": 188.4550450178874}, "K76-D010": {"K76-D020": 170.41630763929464}, "K75A-D110": {"K75A-U011": 167.53615955404857}, "K75A-D080": {"K75A-D090": 134.5171576228867}, "K75P-U030": {"K75P-U040": 131.26170739041177}, "K75P-D070": {"K75P-D080": 91.7678250200065}, "K75P-U010": {"K75P-U020": 93.88419147998245}, "K75A-D020": {"K75A-D030": 24.35746431043418}, "K74-D030": {"K74-D040": 138.21397631201938}, "K75A-D070": {"K75A-D080": 53.95099078976248}, "K74-U090": {"K74-U100": 192.81744595897933}, "K76-U010": {"K76-U020": 10.60349771382998}, "K74-U060": {"K74-U070": 131.5373189751713}, "K75A-D010": {"K75A-D020": 207.57218754938953}, "K74-D090": {"K74-U011": 71.68685955683836}, "K73-U110": {"K73-U120": 219.50577291842365}, "K73-U050": {"K73-U060": 115.22406810324131}, "K73-U060": {"K73-U070": 130.29947903089266}, "K74-U007": {"K74-U010": 251.4117286973404}, "K73-D030": {"K73-D040": 115.5179196992437}, "K73-D040": {"K73-D050": 83.76406735393701}, "K73-U090": {"K73-U100": 165.3680667550288}, "K75P-U140": {"K75P-D010": 148.24782265992036}, "K73-U030": {"K73-U040": 90.29742779098612}, "K73-U010": {"K73-U020": 62.73341697304704}, "K75P-U110": {"K75P-U120": 88.77509113132068}, "K76-D020": {"K76-D030": 126.47493242550733}, "K75A-U030": {"K75A-D010": 241.33110039670842}, "K75P-D060": {"K75P-D070": 192.54445744720388}, "K73-D110": {"K73-D120": 70.18177967122963}, "K75P-U090": {"K75P-U100": 41.1328282582616}, "K74-U080": {"K74-U090": 232.36984555024418}, "K75P-U120": {"K75P-U130": 61.07164949197768}, "K73-U040": {"K73-U050": 111.56257650232246, "K73-U060": 196.61186700296662}, "K75P-U020": {"K75P-U030": 105.838993806749}, "K73-D010": {"K73-D020": 82.93117570544794}, "K74-D080": {"K74-D090": 167.65365479757745}, "K74-D060": {"K74-D070": 157.5359216907845}, "K75P-D010": {"K75P-D020": 145.07347787066777}, "K73-D090": {"K73-D100": 84.05277776224713}, "K73-D100": {"K73-D110": 178.30398491608133}, "K75A-U010": {"K75A-U020": 46.25193317277474}, "K73-U020": {"K73-U030": 182.31759399010437}, "K75P-U100": {"K75P-U110": 64.25535754285309}, "K75A-D030": {"K75A-D040": 44.655075396096784}, "K75P-D080": {"K75P-U011": 137.665069444267}, "K75P-D020": {"K75P-D030": 35.76614860772984}, "K75P-U080": {"K75P-U090": 44.25216938717735}, "K75P-D030": {"K75P-D040": 121.52153899614908}, "K75A-D050": {"K75A-D060": 82.69903727181767}, "K76-U030": {"K76-U040": 163.100854099248}, "K74-U001": {"K74-U004": 149.33451147142756}, "K75P-U130": {"K75P-U140": 40.79542764867786}, "K73-D130": {"K73-D140": 127.10007613715041}, "K74-U030": {"K74-U040": 295.73473276964097}, "K75A-D100": {"K75A-D110": 96.59586518103286}, "K73-D140": {"K73-D150": 188.42547596850258}, "K74-U010": {"K74-U020": 150.17226508395507}, "K75A-D090": {"K75A-D100": 49.836551674468446}, "K75P-U050": {"K75P-U060": 152.3216501368725}, "K74-D050": {"K74-D060": 100.1319958124623}, "K75P-U060": {"K75P-U070": 29.917203567374077}, "K74-U020": {"K74-U030": 141.68668775873599}, "K75P-D040": {"K75P-D050": 162.70503726985947}, "K74-U004": {"K74-U007": 93.87385751030679}, "K75P-U040": {"K75P-U050": 99.55696486849304}, "K75A-U020": {"K75A-U030": 142.38137258594205}, "K73-D070": {"K73-D080": 156.45462473440926}, "K74-U011": {"K74-D100": 163.96565913856415}, "K73-D120": {"K73-D130": 104.82868461975993}, "K74-U100": {"K74-D010": 126.21071969627864}, "K74-D070": {"K74-D080": 260.74201565365854}, "K74-U040": {"K74-U050": 232.8272117709833}, "K74-D100": {"K74-D110": 88.54647941268095}, "K73-D080": {"K73-D090": 268.64688780735213}, "K75A-D060": {"K75A-D070": 45.99908523009684}, "K75P-U070": {"K75P-U080": 106.69666419094708}, "K75A-D040": {"K75A-D050": 50.76772257225572}, "K73-D020": {"K73-D030": 104.77171698242194}, "K73-D050": {"K73-D060": 64.29878854327228, "K73-D070": 103.15480507791581}, "K74-D110": {"K74-U002": 175.17399359756058}, "K74-D010": {"K74-D020": 156.2849940205577}, "K74-U070": {"K74-U080": 150.8207826043572}, "K73-D060": {"K73-D070": 32.37775094081504}, "K73-D150": {"K73-D160": 46.87741910799603}, "K74-D040": {"K74-D050": 82.51767625625372}, "K74-U050": {"K74-U060": 236.02284063860512}}