{"K76-U020": {"K76-U030": 152.78436347143577}, "K73-U070": {"K73-U080": 160.86774262543062}, "K76-U040": {"K76-U050": 136.81883505715524}, "K76-D030": {"K76-D040": 48.403475112265525}, "K75P-D050": {"K75P-D060": 94.3938418260915}, "K73-U080": {"K73-U090": 246.36684583798478, "K73-U110": 151.50094717525218}, "K74-D020": {"K74-D030": 145.02339764528114}, "K73-U100": {"K73-U110": 231.16187448456898}, "K76-D010": {"K76-D020": 170.41630763929464}, "K75A-D110": {"K75A-U011": 171.04981397453037}, "K75A-D080": {"K75A-D090": 123.12286040473839}, "K75P-U030": {"K75P-U040": 131.55418468761022}, "K75P-D070": {"K75P-D080": 97.42440774681157}, "K75P-U010": {"K75P-U020": 95.6810280300165}, "K75A-D020": {"K75A-D030": 22.81065410066828}, "K74-D030": {"K74-D040": 132.08936958523594}, "K75A-D070": {"K75A-D080": 51.15674419630217}, "K74-U090": {"K74-U100": 195.28781810409595}, "K76-U010": {"K76-U020": 13.661803562402403}, "K74-U060": {"K74-U070": 131.5373189751713}, "K75A-D010": {"K75A-D020": 200.15970402603904}, "K74-D090": {"K74-U011": 78.21335269971749}, "K73-U110": {"K73-U120": 210.03040438360958}, "K73-U050": {"K73-U060": 118.28595275483022}, "K73-U060": {"K73-U070": 136.34600603517055}, "K74-U007": {"K74-U010": 251.4117286973404}, "K73-D030": {"K73-D040": 114.57656040320641}, "K73-D040": {"K73-D050": 79.98175428428357}, "K73-U090": {"K73-U100": 139.78227405647698}, "K75P-U140": {"K75P-D010": 150.74787813659162}, "K73-U030": {"K73-U040": 94.57407369691745}, "K73-U010": {"K73-U020": 67.85940967515421}, "K75P-U110": {"K75P-U120": 89.65474255273696}, "K76-D020": {"K76-D030": 130.38941583773763}, "K75A-U030": {"K75A-D010": 234.42326792592718}, "K75P-D060": {"K75P-D070": 204.7658290311354}, "K73-D110": {"K73-D120": 73.22432339331804}, "K75P-U090": {"K75P-U100": 42.80681475822089}, "K74-U080": {"K74-U090": 232.7915748956978}, "K75P-U120": {"K75P-U130": 65.88654379560107}, "K73-U040": {"K73-U050": 115.70584598116452, "K73-U060": 197.10097492179233}, "K75P-U020": {"K75P-U030": 108.0150944260741}, "K73-D010": {"K73-D020": 76.72023824807897}, "K74-D080": {"K74-D090": 168.02946038603775}, "K74-D060": {"K74-D070": 160.4727869125819}, "K75P-D010": {"K75P-D020": 134.74224134008472}, "K73-D090": {"K73-D100": 81.53370356674637}, "K73-D100": {"K73-D110": 178.8342277820259}, "K75A-U010": {"K75A-U020": 45.0828133546575}, "K73-U020": {"K73-U030": 186.95000707521675}, "K75P-U100": {"K75P-U110": 66.59661383542198}, "K75A-D030": {"K75A-D040": 43.9696110708384}, "K75P-D080": {"K75P-U011": 137.47266585614523}, "K75P-D020": {"K75P-D030": 35.921398467868414}, "K75P-U080": {"K75P-U090": 45.28763884899975}, "K75P-D030": {"K75P-D040": 133.05877695650324}, "K75A-D050": {"K75A-D060": 81.8343981711551}, "K76-U030": {"K76-U040": 163.100854099248}, "K74-U001": {"K74-U004": 148.1510603242848}, "K75P-U130": {"K75P-U140": 41.805141191713595}, "K73-D130": {"K73-D140": 134.52146182616303}, "K74-U030": {"K74-U040": 297.86713354340924}, "K75A-D100": {"K75A-D110": 97.17038571697297}, "K73-D140": {"K73-D150": 197.03764478293456}, "K74-U010": {"K74-U020": 147.1155347180036}, "K75A-D090": {"K75A-D100": 48.26225139825688}, "K75P-U050": {"K75P-U060": 154.21349932335073}, "K74-D050": {"K74-D060": 101.56691660809446}, "K75P-U060": {"K75P-U070": 27.235733986984616}, "K74-U020": {"K74-U030": 136.53513725465604}, "K75P-D040": {"K75P-D050": 164.6614066305583}, "K74-U004": {"K74-U007": 94.71647175927612}, "K75P-U040": {"K75P-U050": 98.73614154347936}, "K75A-U020": {"K75A-U030": 135.6834035284456}, "K73-D070": {"K73-D080": 156.8132460348715}, "K74-U011": {"K74-D100": 167.7868655120133}, "K73-D120": {"K73-D130": 104.82868461975993}, "K74-U100": {"K74-D010": 123.9296477266508}, "K74-D070": {"K74-D080": 262.7250326794634}, "K74-U040": {"K74-U050": 232.8272117709833}, "K74-D100": {"K74-D110": 90.16235262839398}, "K73-D080": {"K73-D090": 264.01317757290434}, "K75A-D060": {"K75A-D070": 46.95818981946654}, "K75P-U070": {"K75P-U080": 110.96967818624178}, "K75A-D040": {"K75A-D050": 53.37914450169128}, "K73-D020": {"K73-D030": 105.21394416095033}, "K73-D050": {"K73-D060": 64.29878854327228, "K73-D070": 103.77800666541266}, "K74-D110": {"K74-U002": 175.17399359756058}, "K74-D010": {"K74-D020": 156.2849940205577}, "K74-U070": {"K74-U080": 151.24870434392147}, "K73-D060": {"K73-D070": 32.37775094081504}, "K73-D150": {"K73-D160": 45.54612120908058}, "K74-D040": {"K74-D050": 84.38590863062835}, "K74-U050": {"K74-U060": 232.57150091727013}}