{"KAT": {"DIH": 113.59970135135737, "SUW": 115.08808944253228}}