{"KAT": {"DIH": 139.50268606645938, "SUW": 130.49124232433445}}