{"KAT": {"DIH": 132.92988303712394, "SUW": 131.8815133596157}}