{"KAT": {"DIH": 140.3834930933324, "SUW": 115.29957404570405}}