{"KAT": {"DIH": 143.67481538577826, "SUW": 117.41796208229809}}