{"KAT": {"DIH": 149.7441856789895, "SUW": 135.53648282084794}}