{"KAT": {"DIH": 158.50157442866583, "SUW": 92.87316451179306}}