{"KAT": {"DIH": 154.85652114024126, "SUW": 126.92038023309405}}