{"KAT": {"DIH": 147.69236869435017, "SUW": 105.61443254181268}}