{"KAT": {"DIH": 142.5650113241852, "SUW": 130.96841377332441}}