{"KAT": {"DIH": 158.70815878864516, "SUW": 129.75539340613702}}