{"KAT": {"DIH": 136.21257345897584, "SUW": 119.27237411660835}}