{"KAT": {"DIH": 151.06893719689853, "SUW": 118.00500841003957}}