{"KAT": {"DIH": 119.13661438505923, "SUW": 126.44668247551222}}