{"KAT": {"DIH": 119.13661438505923, "SUW": 128.35646837218354}}