{"KAT": {"DIH": 146.3568295197327, "SUW": 120.38910326189311}}