{"KAT": {"DIH": 130.27197605044412, "SUW": 131.0058308982918}}