{"KAT": {"DIH": 140.3531571084949, "SUW": 122.19873890490115}}