{"KAT": {"DIH": 140.97674173373892, "SUW": 112.32437442344812}}