{"KAT": {"DIH": 139.21412128519722, "SUW": 124.02223930700511}}