{"KAT": {"DIH": 148.57415748193213, "SUW": 118.32708269272014}}