{"KAT": {"DIH": 144.03288530779471, "SUW": 128.3666783489844}}