{"KAT": {"DIH": 142.31025257638103, "SUW": 119.6794564682807}}