{"KOB": {"CHH": 142.24582520008144, "NTK": 87.34447963753672}, "KOT": {"TAW": 320.59967589200676, "MKK": 138.0084119954975, "SKM": 120.32247296590083, "LOF": 107.5988315544123}, "KOW": {"TSY": 661.6501893299353, "HOK": 177.74210021785535, "OLY": 121.76470215836767}}