{"KOB": {"CHH": 84.30992632920001, "NTK": 98.44966596165287}, "KOT": {"TAW": 320.59967589200676, "MKK": 138.0084119954975, "SKM": 101.73170209486896, "LOF": 93.53260786747109}, "KOW": {"TSY": 661.6501893299353, "HOK": 177.74210021785535, "OLY": 121.76470215836767}}