{"KOB": {"CHH": 137.56491917531304, "NTK": 92.58064013243337}, "KOT": {"TAW": 320.59967589200676, "MKK": 138.0084119954975, "SKM": 107.53644121791322, "LOF": 113.61493760849476}, "KOW": {"TSY": 661.6501893299353, "HOK": 177.74210021785535, "OLY": 121.76470215836767}}