{"KOB": {"CHH": 103.59427623181891, "NTK": 66.93395020265389}, "KOT": {"TAW": 320.6334607893461, "MKK": 137.9909267884819, "SKM": 120.68238713192882, "LOF": 106.21265809362663}, "KOW": {"TSY": 661.66956150993, "HOK": 177.72150059192205, "OLY": 121.82868609035276}}