{"KOB": {"CHH": 82.07592936253423, "NTK": 87.110507433913}, "KOT": {"TAW": 320.6334607893461, "MKK": 137.9909267884819, "SKM": 127.35242253468327, "LOF": 88.4086761396712}, "KOW": {"TSY": 661.66956150993, "HOK": 177.72150059192205, "OLY": 121.82868609035276}}