{"KOB": {"CHH": 95.80391980562658, "NTK": 68.93347773217636}, "KOT": {"TAW": 320.6334607893461, "MKK": 137.9909267884819, "SKM": 67.7010837004269, "LOF": 93.50637684565436}, "KOW": {"TSY": 661.66956150993, "HOK": 177.72150059192205, "OLY": 121.82868609035276}}