{"KOB": {"CHH": 137.46567884986075, "NTK": 95.59732003089405}, "KOT": {"TAW": 320.59967589200676, "MKK": 138.0084119954975, "SKM": 123.79620740407924, "LOF": 116.33539797690018}, "KOW": {"TSY": 661.6501893299353, "HOK": 177.74210021785535, "OLY": 121.76470215836767}}