{"KOB": {"CHH": 127.62541904454079, "NTK": 115.29952603196769}, "KOT": {"TAW": 320.59967589200676, "MKK": 138.0084119954975, "SKM": 93.06561471393107, "LOF": 104.23998255151068}, "KOW": {"TSY": 661.6501893299353, "HOK": 177.74210021785535, "OLY": 121.76470215836767}}