{"KOB": {"CHH": 121.07091469720214, "NTK": 58.52714768846056}, "KOT": {"TAW": 320.6334607893461, "MKK": 137.9909267884819, "SKM": 116.8880073004611, "LOF": 113.16224821209963}, "KOW": {"TSY": 661.66956150993, "HOK": 177.72150059192205, "OLY": 121.82868609035276}}