{"KOB": {"CHH": 75.29851397635456, "NTK": 96.03992055517624}, "KOT": {"TAW": 320.6334607893461, "MKK": 137.9909267884819, "SKM": 121.12110220582915, "LOF": 96.61995465348664}, "KOW": {"TSY": 661.66956150993, "HOK": 177.72150059192205, "OLY": 121.82868609035276}}