{"KOB": {"CHH": 157.7662689775958, "NTK": 62.30129066488773}, "KOT": {"TAW": 320.6334607893461, "MKK": 137.9909267884819, "SKM": 116.61599943084926, "LOF": 111.44906971687776}, "KOW": {"TSY": 661.66956150993, "HOK": 177.72150059192205, "OLY": 121.82868609035276}}