{"KOB": {"CHH": 72.45265505033885, "NTK": 84.9719493707903}, "KOT": {"TAW": 320.59967589200676, "MKK": 138.0084119954975, "SKM": 121.73277122327663, "LOF": 107.60139828635701}, "KOW": {"TSY": 661.6501893299353, "HOK": 177.74210021785535, "OLY": 121.76470215836767}}