{"KOB": {"CHH": 95.73002879307187, "NTK": 50.934403259541284}, "KOT": {"TAW": 320.6334607893461, "MKK": 137.9909267884819, "SKM": 87.13043208661468, "LOF": 101.78575359435587}, "KOW": {"TSY": 661.66956150993, "HOK": 177.72150059192205, "OLY": 121.82868609035276}}