{"KOB": {"CHH": 97.20288969381053, "NTK": 67.20600927774032}, "KOT": {"TAW": 320.6334607893461, "MKK": 137.9909267884819, "SKM": 98.41618530287388, "LOF": 102.17146764303808}, "KOW": {"TSY": 661.66956150993, "HOK": 177.72150059192205, "OLY": 121.82868609035276}}