{"KOB": {"CHH": 100.6502209547083, "NTK": 83.80839158830653}, "KOT": {"TAW": 320.59967589200676, "MKK": 138.0084119954975, "SKM": 109.87857533207902, "LOF": 69.00530336358914}, "KOW": {"TSY": 661.6501893299353, "HOK": 177.74210021785535, "OLY": 121.76470215836767}}