{"KOB": {"CHH": 110.92625315836328, "NTK": 72.90831837899796}, "KOT": {"TAW": 320.6334607893461, "MKK": 137.9909267884819, "SKM": 116.17691629064184, "LOF": 95.97327418093954}, "KOW": {"TSY": 661.66956150993, "HOK": 177.72150059192205, "OLY": 121.82868609035276}}