{"KOB": {"CHH": 130.49173825066737, "NTK": 87.04251996804612}, "KOT": {"TAW": 320.6334607893461, "MKK": 137.9909267884819, "SKM": 97.58509794929145, "LOF": 110.56889288170628}, "KOW": {"TSY": 661.66956150993, "HOK": 177.72150059192205, "OLY": 121.82868609035276}}