{"KOB": {"CHH": 91.4329589055169, "NTK": 90.55087932564496}, "KOT": {"TAW": 320.5996790693445, "MKK": 138.00840675534423, "SKM": 101.60812315828166, "LOF": 98.44977090407708}, "KOW": {"TSY": 661.6501893312031, "HOK": 177.74210021785484, "OLY": 121.76470281678971}}