{"KOB": {"CHH": 104.838519611142, "NTK": 95.63588525347788}, "KOT": {"TAW": 320.6334607893461, "MKK": 137.9909267884819, "SKM": 75.72341321179138, "LOF": 95.23149056936855}, "KOW": {"TSY": 661.66956150993, "HOK": 177.72150059192205, "OLY": 121.82868609035276}}