{"KOB": {"CHH": 71.58523521753652, "NTK": 87.63436232890477}, "KOT": {"TAW": 320.61421918250437, "MKK": 138.0029249522613, "SKM": 91.6644995490665, "LOF": 98.99222669779975}, "KOW": {"TSY": 661.6551134781696, "HOK": 177.7390083245138, "OLY": 121.784780994204}}