{"KOB": {"CHH": 66.93081555196937, "NTK": 86.12619105796259}, "KOT": {"TAW": 320.59967589200676, "MKK": 138.0084119954975, "SKM": 111.59265525909075, "LOF": 105.392616337253}, "KOW": {"TSY": 661.6501893299353, "HOK": 177.74210021785535, "OLY": 121.76470215836767}}