{"KOB": {"CHH": 126.33839208129976, "NTK": 66.74657399780537}, "KOT": {"TAW": 320.59967589200676, "MKK": 138.0084119954975, "SKM": 84.2297543929954, "LOF": 102.1386717095148}, "KOW": {"TSY": 661.6501893299353, "HOK": 177.74210021785535, "OLY": 121.76470215836767}}