{"KOB": {"CHH": 100.438084702021, "NTK": 74.37105578072654}, "KOT": {"TAW": 320.6334607893461, "MKK": 137.9909267884819, "SKM": 112.38599057877755, "LOF": 106.614392708181}, "KOW": {"TSY": 661.66956150993, "HOK": 177.72150059192205, "OLY": 121.82868609035276}}