{"KOB": {"CHH": 102.5336195465919, "NTK": 77.02787513086331}, "KOT": {"TAW": 320.59967589200676, "MKK": 138.0084119954975, "SKM": 96.37884038272861, "LOF": 100.80569558795807}, "KOW": {"TSY": 661.6501893299353, "HOK": 177.74210021785535, "OLY": 121.76470215836767}}