{"KOB": {"CHH": 84.22671169578287, "NTK": 99.65745013777158}, "KOT": {"TAW": 320.607404792852, "MKK": 138.00441194097837, "SKM": 100.42824463474388, "LOF": 99.3237036252178}, "KOW": {"TSY": 661.6530969902258, "HOK": 177.74122697585216, "OLY": 121.77430580330372}}