{"KOB": {"CHH": 91.4329589055169, "NTK": 94.69579139308046}, "KOT": {"TAW": 320.5996779766579, "MKK": 138.008408557433, "SKM": 107.38257975820815, "LOF": 101.80479381366938}, "KOW": {"TSY": 661.650189330426, "HOK": 177.74210021785515, "OLY": 121.76470254715926}}