{"KOB": {"CHH": 92.81090568135426, "NTK": 82.70484703211642}, "KOT": {"TAW": 320.6334607893461, "MKK": 137.9909267884819, "SKM": 99.84382660378581, "LOF": 107.54595888617254}, "KOW": {"TSY": 661.66956150993, "HOK": 177.72150059192205, "OLY": 121.82868609035276}}