{"KSR": {"TWW": 712.0168687935018, "YUL": 252.1058415652304}}