{"KSR": {"TWW": 712.017057267896, "YUL": 252.10593265029033}}