{"KSR": {"TWW": 712.0168259254515, "YUL": 252.10577272098212}}