{"KSR": {"TWW": 712.0169777091568, "YUL": 252.10587765055607}}