{"KSR": {"TWW": 712.0168259285063, "YUL": 252.1057727236379}}