{"KSR": {"TWW": 712.0171115334573, "YUL": 252.1059701646033}}