{"KSR": {"TWW": 712.0168259266462, "YUL": 252.10577272218387}}