{"KSR": {"TWW": 712.0168264955081, "YUL": 252.1057736366735}}