{"KSR": {"TWW": 712.0168259253526, "YUL": 252.10577272090168}}