{"KSR": {"TWW": 712.0204064812464, "YUL": 252.10954542832116}}