{"KSR": {"TWW": 712.0168259255977, "YUL": 252.10577272103097}}