{"KWF": {"LAK": 135.04086411225995, "KWH": 120.7582047926065}, "KWH": {"TWH": 139.94693893833428, "KWF": 111.59319766048421}, "KWT": {"NTK": 122.62834534557672, "LAT": 119.69386843289617}}