{"KWF": {"LAK": 133.31519935848422, "KWH": 108.80359721004156}, "KWH": {"TWH": 144.63023327161767, "KWF": 114.14413578993944}, "KWT": {"NTK": 117.34808877913454, "LAT": 100.19920527634225}}