{"KWF": {"LAK": 97.81205303938599, "KWH": 88.86412680165228}, "KWH": {"TWH": 125.57526249921503, "KWF": 91.58058565320859}, "KWT": {"NTK": 113.25557166337785, "LAT": 81.50740126241377}}