{"KWF": {"LAK": 95.92074084964838, "KWH": 87.67414101321376}, "KWH": {"TWH": 145.75224504450085, "KWF": 105.1751282865393}, "KWT": {"NTK": 113.81951847879864, "LAT": 103.15564237094085}}