{"KWF": {"LAK": 105.07889017707757, "KWH": 115.82449363499802}, "KWH": {"TWH": 109.96771301132151, "KWF": 105.71737481353986}, "KWT": {"NTK": 103.14425149076472, "LAT": 120.24059978707592}}