{"KWF": {"LAK": 108.71678799914113, "KWH": 98.63883988264386}, "KWH": {"TWH": 124.81253675316152, "KWF": 89.75224694118906}, "KWT": {"NTK": 116.33360251150798, "LAT": 82.40889552029964}}