{"KWF": {"LAK": 130.68200021812783, "KWH": 107.77927927700011}, "KWH": {"TWH": 132.1714863035692, "KWF": 109.15586950317092}, "KWT": {"NTK": 118.11168390790021, "LAT": 106.67838640561199}}