{"KWF": {"LAK": 116.5004050757882, "KWH": 119.34765312669124}, "KWH": {"TWH": 127.18311871830505, "KWF": 108.81326749027494}, "KWT": {"NTK": 97.24985085347055, "LAT": 72.86523454104184}}