{"KWF": {"LAK": 92.00851500742769, "KWH": 107.97159066289905}, "KWH": {"TWH": 149.51193341765844, "KWF": 97.95785746081447}, "KWT": {"NTK": 90.39312762200652, "LAT": 79.54837341706754}}