{"KWF": {"LAK": 110.3080732441484, "KWH": 89.56304741876833}, "KWH": {"TWH": 113.75128563138351, "KWF": 105.48421538572595}, "KWT": {"NTK": 121.0731494227791, "LAT": 120.03271709704143}}