{"KWF": {"LAK": 99.83294267222138, "KWH": 75.58653849638894}, "KWH": {"TWH": 151.89247628540554, "KWF": 113.28949821072933}, "KWT": {"NTK": 100.89879607377698, "LAT": 91.46568632714123}}