{"KWF": {"LAK": 136.2681618403601, "KWH": 113.45399057159565}, "KWH": {"TWH": 148.94759006700693, "KWF": 103.34695827585494}, "KWT": {"NTK": 91.86181795772059, "LAT": 119.27811938720706}}