{"KWF": {"LAK": 117.64510919922702, "KWH": 98.63883988264386}, "KWH": {"TWH": 112.77128307784537, "KWF": 89.75224694118906}, "KWT": {"NTK": 107.43021803432148, "LAT": 74.16800596826968}}