{"KWF": {"LAK": 134.22882996517464, "KWH": 122.33255428690423}, "KWH": {"TWH": 156.21689135392944, "KWF": 121.70318997216376}, "KWT": {"NTK": 105.90105424051485, "LAT": 85.35754611245252}}