{"KWF": {"LAK": 137.909938488876, "KWH": 101.36691091947509}, "KWH": {"TWH": 164.6621701681391, "KWF": 94.30763970828059}, "KWT": {"NTK": 122.97215407374055, "LAT": 108.73924178625734}}