{"KWF": {"LAK": 114.58558403906075, "KWH": 126.223661403758}, "KWH": {"TWH": 116.26744314197019, "KWF": 90.89802437813499}, "KWT": {"NTK": 104.86703476423497, "LAT": 94.15097787617742}}