{"KWF": {"LAK": 124.68381468227975, "KWH": 100.67282029309743}, "KWH": {"TWH": 148.50439509970835, "KWF": 93.96518334137905}, "KWT": {"NTK": 110.22910912442481, "LAT": 108.65815015944227}}