{"KWF": {"LAK": 93.35827750903783, "KWH": 109.16423803893917}, "KWH": {"TWH": 140.61789584121962, "KWF": 81.12131425225256}, "KWT": {"NTK": 79.9431161470265, "LAT": 100.99607652300533}}