{"KWF": {"LAK": 108.31526083713663, "KWH": 104.22405703057962}, "KWH": {"TWH": 94.17622903415206, "KWF": 99.8213380636129}, "KWT": {"NTK": 99.18108278140653, "LAT": 90.31512336446426}}