{"KWF": {"LAK": 139.70825986277447, "KWH": 98.28300091324402}, "KWH": {"TWH": 140.09412048039212, "KWF": 108.46842943717104}, "KWT": {"NTK": 84.02415628068708, "LAT": 115.19111669429692}}