{"KWF": {"LAK": 108.47551704461232, "KWH": 123.54188886763788}, "KWH": {"TWH": 130.16211379701457, "KWF": 111.88410064666296}, "KWT": {"NTK": 111.84613183497308, "LAT": 90.35179150120727}}