{"KWF": {"LAK": 149.68189835499157, "KWH": 102.08878985771273}, "KWH": {"TWH": 153.22003981885965, "KWF": 104.28624116082497}, "KWT": {"NTK": 114.29525153070317, "LAT": 107.48710070870816}}