{"KWF": {"LAK": 94.16453042406239, "KWH": 105.97676211192022}, "KWH": {"TWH": 153.21639946147303, "KWF": 107.68495028004038}, "KWT": {"NTK": 107.15089292951863, "LAT": 93.52352779893802}}