{"KWF": {"LAK": 119.07726591973358, "KWH": 98.34646156828212}, "KWH": {"TWH": 128.3738185027507, "KWF": 105.48421538572595}, "KWT": {"NTK": 119.74583448050119, "LAT": 122.05826568736889}}