{"KWF": {"LAK": 145.22331810266283, "KWH": 121.61720133957677}, "KWH": {"TWH": 147.50208221971704, "KWF": 116.17952122278714}, "KWT": {"NTK": 116.05915743220301, "LAT": 105.98957982245906}}