{"KWF": {"LAK": 109.44564145298295, "KWH": 89.17794936428432}, "KWH": {"TWH": 117.12659111410696, "KWF": 87.7118380353774}, "KWT": {"NTK": 99.72356301942679, "LAT": 88.88737059951848}}