{"KWF": {"LAK": 105.23482140327046, "KWH": 70.72072472110875}, "KWH": {"TWH": 140.93032656654628, "KWF": 91.83562100137566}, "KWT": {"NTK": 96.50541654630767, "LAT": 91.70375830115789}}