{"KWF": {"LAK": 143.13494115963897, "KWH": 104.6373645423259}, "KWH": {"TWH": 131.79015752507985, "KWF": 80.05845264649875}, "KWT": {"NTK": 108.7468030763649, "LAT": 100.54285392278393}}