{"KWF": {"LAK": 162.69149665898618, "KWH": 121.31618846537995}, "KWH": {"TWH": 144.65900607945576, "KWF": 119.43576829609262}, "KWT": {"NTK": 108.43444939714216, "LAT": 92.99957092256963}}