{"KWF": {"LAK": 147.54452879675944, "KWH": 110.13544918157679}, "KWH": {"TWH": 136.75375720246674, "KWF": 108.13803039670874}, "KWT": {"NTK": 71.17168404218292, "LAT": 104.19480452238051}}