{"KWF": {"LAK": 156.2249838488404, "KWH": 110.73433786016876}, "KWH": {"TWH": 159.74686356400082, "KWF": 116.76613247034341}, "KWT": {"NTK": 117.15684867164723, "LAT": 118.94289627697098}}