{"KWF": {"LAK": 133.22359287792207, "KWH": 96.2753077124234}, "KWH": {"TWH": 125.50618695065062, "KWF": 112.68445598103044}, "KWT": {"NTK": 121.0078658119733, "LAT": 94.11087334319384}}