{"KWF": {"LAK": 97.60783857009152, "KWH": 113.87363744777278}, "KWH": {"TWH": 138.09135195125313, "KWF": 104.68793767583652}, "KWT": {"NTK": 107.23519555073649, "LAT": 105.03933658612922}}