{"KWF": {"LAK": 156.2249838488404, "KWH": 109.96037540018752}, "KWH": {"TWH": 159.40762618222314, "KWF": 116.76613247034341}, "KWT": {"NTK": 117.15684867164723, "LAT": 118.94289627697098}}