{"KWF": {"LAK": 135.19387648233936, "KWH": 125.20067351266252}, "KWH": {"TWH": 109.1131714796849, "KWF": 82.50638227796229}, "KWT": {"NTK": 105.77504420985501, "LAT": 91.03352964520687}}