{"KWF": {"LAK": 130.21989087245976, "KWH": 94.73796247308225}, "KWH": {"TWH": 105.21383695293596, "KWF": 96.97627359676984}, "KWT": {"NTK": 107.17024578666879, "LAT": 85.74091753936804}}