{"KWF": {"LAK": 151.2613275868768, "KWH": 119.48592145926605}, "KWH": {"TWH": 125.71626922357423, "KWF": 112.1821175476849}, "KWT": {"NTK": 111.75719364887205, "LAT": 113.05289155757188}}