{"KWF": {"LAK": 108.00584537459626, "KWH": 99.29760127232049}, "KWH": {"TWH": 97.30692114905784, "KWF": 99.8213380636129}, "KWT": {"NTK": 97.15936145852659, "LAT": 90.31512336446426}}