{"KWF": {"LAK": 99.90502597893078, "KWH": 113.84114765195027}, "KWH": {"TWH": 118.29160208483952, "KWF": 116.33448407791994}, "KWT": {"NTK": 103.83493699299467, "LAT": 112.37653550556315}}