{"KWF": {"LAK": 124.14537210537678, "KWH": 107.59362808809331}, "KWH": {"TWH": 127.5855223522049, "KWF": 94.13461197929759}, "KWT": {"NTK": 111.07212276872842, "LAT": 94.63971167745498}}