{"KWF": {"LAK": 125.73838744647749, "KWH": 117.16747788926095}, "KWH": {"TWH": 137.02541367153125, "KWF": 111.41721092354074}, "KWT": {"NTK": 88.08177852717102, "LAT": 106.20767916652626}}