{"KWF": {"LAK": 115.69367858243841, "KWH": 109.7715990402618}, "KWH": {"TWH": 119.38384232468088, "KWF": 102.47041416161505}, "KWT": {"NTK": 94.62188319988198, "LAT": 82.04191672347989}}