{"KWF": {"LAK": 151.75856260785133, "KWH": 101.48109622052911}, "KWH": {"TWH": 157.39781434804502, "KWF": 121.48575798956854}, "KWT": {"NTK": 107.58629784400259, "LAT": 117.91849426217482}}