{"KWF": {"LAK": 110.79636218345911, "KWH": 105.882730433609}, "KWH": {"TWH": 94.60914760141007, "KWF": 69.92979345459293}, "KWT": {"NTK": 104.32923533947049, "LAT": 90.39521346677793}}