{"KWF": {"LAK": 145.83120192510506, "KWH": 92.32655647890012}, "KWH": {"TWH": 130.1419911141752, "KWF": 92.51063386894715}, "KWT": {"NTK": 100.57649908336182, "LAT": 92.72828246116173}}