{"KWF": {"LAK": 133.84790064255154, "KWH": 105.67775552535822}, "KWH": {"TWH": 154.03731557476596, "KWF": 95.39477453486822}, "KWT": {"NTK": 111.64006808664416, "LAT": 123.59172740932107}}