{"KWF": {"LAK": 126.2105410439427, "KWH": 108.67962640871096}, "KWH": {"TWH": 121.80758706301462, "KWF": 115.89269025746073}, "KWT": {"NTK": 100.90860690899964, "LAT": 102.19318326128987}}