{"KWF": {"LAK": 124.93083489483911, "KWH": 107.59362808809331}, "KWH": {"TWH": 128.02697011698442, "KWF": 97.92115078136783}, "KWT": {"NTK": 106.56491049185556, "LAT": 101.73816645873853}}