{"KWF": {"LAK": 112.42147806472319, "KWH": 119.22419634600223}, "KWH": {"TWH": 146.56219797624266, "KWF": 110.00171339980957}, "KWT": {"NTK": 94.17095442749886, "LAT": 93.08891182919052}}