{"KWF": {"LAK": 121.90360734278056, "KWH": 114.32342115001852}, "KWH": {"TWH": 135.34042253341704, "KWF": 95.62832543200469}, "KWT": {"NTK": 106.6177660523183, "LAT": 89.99216584420357}}