{"KWF": {"LAK": 105.82693905362348, "KWH": 118.29363456672107}, "KWH": {"TWH": 127.49979691529924, "KWF": 93.58427664723804}, "KWT": {"NTK": 103.98081358182098, "LAT": 93.03497963973003}}