{"KWF": {"LAK": 94.05595794582635, "KWH": 83.30591339046275}, "KWH": {"TWH": 135.91151002600463, "KWF": 119.40990204200682}, "KWT": {"NTK": 99.23571549914526, "LAT": 100.64220376597417}}