{"KWF": {"LAK": 116.60732355988421, "KWH": 91.84662539167064}, "KWH": {"TWH": 122.32685608768926, "KWF": 80.284773217925}, "KWT": {"NTK": 122.07412592920598, "LAT": 119.4504312976449}}