{"KWF": {"LAK": 118.03006972528951, "KWH": 88.67288758856043}, "KWH": {"TWH": 92.32724805048709, "KWF": 95.3333294098683}, "KWT": {"NTK": 97.88463944478454, "LAT": 78.77884569405754}}