{"KWF": {"LAK": 125.35536127808068, "KWH": 85.49860239238826}, "KWH": {"TWH": 105.15247096589685, "KWF": 108.5417554483738}, "KWT": {"NTK": 96.83579243299012, "LAT": 81.28361102801783}}