{"KWF": {"LAK": 113.47430272350311, "KWH": 105.75842905944765}, "KWH": {"TWH": 144.37617670933983, "KWF": 112.36455502636379}, "KWT": {"NTK": 95.7291706865899, "LAT": 101.70158361427461}}