{"KWF": {"LAK": 138.0908876631569, "KWH": 111.1178204316559}, "KWH": {"TWH": 148.5678179381737, "KWF": 108.58687097141183}, "KWT": {"NTK": 119.08791752008445, "LAT": 110.93155965619185}}