{"KWF": {"LAK": 139.70825986277447, "KWH": 101.65470082191962}, "KWH": {"TWH": 145.8847084323529, "KWF": 108.46842943717104}, "KWT": {"NTK": 84.02415628068708, "LAT": 115.19111669429692}}