{"KWF": {"LAK": 134.30204075451408, "KWH": 99.56882238282876}, "KWH": {"TWH": 121.30058467769518, "KWF": 107.71549072063881}, "KWT": {"NTK": 89.0473321503163, "LAT": 72.75400304926409}}