{"KWF": {"LAK": 140.95829386362576, "KWH": 112.71463749374179}, "KWH": {"TWH": 121.59186174128516, "KWF": 100.4540189858474}, "KWT": {"NTK": 97.87419389223916, "LAT": 95.92412290809014}}