{"LAK": {"NAC": 297.325059733712, "MEF": 125.99409180675624, "KWF": 145.40025473595622, "TSY": 180.92058554930654}, "LAT": {"YAT": 83.29573033914683, "KWT": 109.20871755419091}}