{"LAK": {"NAC": 297.325059733712, "MEF": 125.99409180675624, "KWF": 149.15518365552876, "TSY": 180.92058554930654}, "LAT": {"YAT": 71.84089580796282, "KWT": 107.93907562857419}}