{"LAK": {"NAC": 297.315114409468, "MEF": 126.01845691417279, "KWF": 81.29547551576556, "TSY": 180.97766664408806}, "LAT": {"YAT": 114.03987823970087, "KWT": 98.27001673127687}}