{"LAK": {"NAC": 297.31511473559294, "MEF": 126.01834389911505, "KWF": 95.93821205477688, "TSY": 180.97766001661313}, "LAT": {"YAT": 81.94767035342895, "KWT": 97.33817511229964}}