{"LAK": {"NAC": 297.325059733712, "MEF": 125.99409180675624, "KWF": 129.1827583008521, "TSY": 180.92058554930654}, "LAT": {"YAT": 83.70821208267128, "KWT": 112.65285057833083}}