{"LAK": {"NAC": 297.315114409468, "MEF": 126.01845691417279, "KWF": 108.44058034592615, "TSY": 180.97766664408806}, "LAT": {"YAT": 93.78644760500237, "KWT": 97.7655102314657}}