{"LAK": {"NAC": 297.315114409468, "MEF": 126.01845691417279, "KWF": 118.79469282573362, "TSY": 180.97766664408806}, "LAT": {"YAT": 99.08505462989613, "KWT": 77.88909982907315}}