{"LAK": {"NAC": 297.325059733712, "MEF": 125.99409180675624, "KWF": 145.26551776345215, "TSY": 180.92058554930654}, "LAT": {"YAT": 90.531581007624, "KWT": 93.98356364317341}}