{"LAK": {"NAC": 297.3151144248285, "MEF": 126.01841312982393, "KWF": 106.64774112804734, "TSY": 180.9776659914338}, "LAT": {"YAT": 76.42481988029662, "KWT": 94.87630411985563}}