{"LAK": {"NAC": 297.315114409468, "MEF": 126.01845691417279, "KWF": 131.3165288594181, "TSY": 180.97766664408806}, "LAT": {"YAT": 100.92068125551637, "KWT": 124.78797701080002}}