{"LAK": {"NAC": 297.325059733712, "MEF": 125.99409180675624, "KWF": 110.09381506076161, "TSY": 180.92058554930654}, "LAT": {"YAT": 97.85292318154836, "KWT": 122.27091693774341}}