{"LAK": {"NAC": 297.315114409468, "MEF": 126.01845691417279, "KWF": 109.02077993856992, "TSY": 180.97766664408806}, "LAT": {"YAT": 105.62490068418154, "KWT": 107.77104144196979}}