{"LAK": {"NAC": 297.325059733712, "MEF": 125.99409180675624, "KWF": 122.81994437870974, "TSY": 180.92058554930654}, "LAT": {"YAT": 89.43877388004638, "KWT": 118.88126476791679}}