{"LAK": {"NAC": 297.315114409468, "MEF": 126.01845691417279, "KWF": 73.73582797447186, "TSY": 180.97766664408806}, "LAT": {"YAT": 89.95251571817506, "KWT": 115.21103051059636}}