{"LAK": {"NAC": 297.315114409468, "MEF": 126.01845691417279, "KWF": 134.18464953851583, "TSY": 180.97766664408806}, "LAT": {"YAT": 107.68845897174428, "KWT": 116.05043524087321}}