{"LAK": {"NAC": 297.31987122722313, "MEF": 126.00069475086616, "KWF": 136.67027032121473, "TSY": 180.95555225843526}, "LAT": {"YAT": 90.67676947883506, "KWT": 105.53670815695477}}