{"LAK": {"NAC": 297.315114409468, "MEF": 126.01845691417279, "KWF": 146.75829162683823, "TSY": 180.97766664408806}, "LAT": {"YAT": 91.17972413236592, "KWT": 108.7465697401719}}