{"LAK": {"NAC": 297.315114409468, "MEF": 126.01845691417279, "KWF": 98.11870194471292, "TSY": 180.97766664408806}, "LAT": {"YAT": 95.06241061576338, "KWT": 110.1939372977728}}