{"LAK": {"NAC": 297.325059733712, "MEF": 125.99409180675624, "KWF": 130.76098532352825, "TSY": 180.92058554930654}, "LAT": {"YAT": 98.52978337814989, "KWT": 104.11625593735366}}