{"LAK": {"NAC": 297.315114409468, "MEF": 126.01845691417279, "KWF": 99.80600165099311, "TSY": 180.97766664408806}, "LAT": {"YAT": 110.99589041573077, "KWT": 98.27001673127687}}