{"LAK": {"NAC": 297.325059733712, "MEF": 125.99409180675624, "KWF": 140.4062491157635, "TSY": 180.92058554930654}, "LAT": {"YAT": 92.31895095093446, "KWT": 102.52310748877464}}