{"LAK": {"NAC": 297.315114409468, "MEF": 126.01845691417279, "KWF": 147.08120636045857, "TSY": 180.97766664408806}, "LAT": {"YAT": 79.67001889249475, "KWT": 108.7465697401719}}