{"LAK": {"NAC": 297.325059733712, "MEF": 125.99409180675624, "KWF": 118.60578888798712, "TSY": 180.92058554930654}, "LAT": {"YAT": 88.84111039620718, "KWT": 113.99593599624045}}