{"LAK": {"NAC": 297.325059733712, "MEF": 125.99409180675624, "KWF": 139.00597357469985, "TSY": 180.92058554930654}, "LAT": {"YAT": 83.1362449918409, "KWT": 109.20871755419091}}