{"LAK": {"NAC": 297.325059733712, "MEF": 125.99409180675624, "KWF": 113.63671751177533, "TSY": 180.92058554930654}, "LAT": {"YAT": 111.36566312751533, "KWT": 109.71740783521341}}