{"LAK": {"NAC": 297.325059733712, "MEF": 125.99409180675624, "KWF": 139.41395386295022, "TSY": 180.92058554930654}, "LAT": {"YAT": 90.74579651448828, "KWT": 103.06797872683137}}