{"LAK": {"NAC": 297.315114409468, "MEF": 126.01845691417279, "KWF": 142.63772225010928, "TSY": 180.97766664408806}, "LAT": {"YAT": 98.71262751211437, "KWT": 67.78344255359315}}