{"LAK": {"NAC": 297.315114409468, "MEF": 126.01845691417279, "KWF": 134.25677815323914, "TSY": 180.97766664408806}, "LAT": {"YAT": 100.4572225884141, "KWT": 107.30023176400782}}