{"LAK": {"NAC": 297.31542175135803, "MEF": 126.00796853436194, "KWF": 143.70979722977668, "TSY": 180.96909907798462}, "LAT": {"YAT": 101.56628544860158, "KWT": 85.48473360713336}}