{"LAK": {"NAC": 297.325059733712, "MEF": 125.99409180675624, "KWF": 132.7484723660907, "TSY": 180.92058554930654}, "LAT": {"YAT": 94.87121686303945, "KWT": 103.06797872683137}}