{"LAK": {"NAC": 297.325059733712, "MEF": 125.99409180675624, "KWF": 101.42281700547957, "TSY": 180.92058554930654}, "LAT": {"YAT": 68.55898241551564, "KWT": 98.81371518728702}}