{"LAK": {"NAC": 297.315114409468, "MEF": 126.01845691417279, "KWF": 81.41222332340544, "TSY": 180.97766664408806}, "LAT": {"YAT": 100.65660411306774, "KWT": 94.21084219710086}}