{"LAK": {"NAC": 297.315114409468, "MEF": 126.01845691083754, "KWF": 119.98243865103795, "TSY": 180.97766664408806}, "LAT": {"YAT": 98.20174262391748, "KWT": 103.32309310785209}}