{"LAK": {"NAC": 297.315114409468, "MEF": 126.01845691417279, "KWF": 155.77962234209485, "TSY": 180.97766664408806}, "LAT": {"YAT": 93.92988691901807, "KWT": 109.9972761499677}}