{"LAK": {"NAC": 297.31511473559294, "MEF": 126.01837452619573, "KWF": 86.34439084929919, "TSY": 180.9776612758334}, "LAT": {"YAT": 86.95290331808606, "KWT": 91.71392184096271}}