{"LAK": {"NAC": 297.325059733712, "MEF": 125.99409180675624, "KWF": 86.39449909878559, "TSY": 180.92058554930654}, "LAT": {"YAT": 91.13432535191819, "KWT": 115.52371240451725}}