{"LAK": {"NAC": 297.31511808912285, "MEF": 126.01762029342179, "KWF": 110.94466645793969, "TSY": 180.97740187927025}, "LAT": {"YAT": 108.41399067458126, "KWT": 74.92580947329931}}