{"LAK": {"NAC": 297.315114409468, "MEF": 126.01845691417279, "KWF": 122.19470118884423, "TSY": 180.97766664408806}, "LAT": {"YAT": 106.87614434267486, "KWT": 86.87503839785488}}