{"LAK": {"NAC": 297.315114409468, "MEF": 126.01845691408944, "KWF": 143.03373189103309, "TSY": 180.97766664408806}, "LAT": {"YAT": 93.6579286633656, "KWT": 78.21732008672868}}