{"LAK": {"NAC": 297.315114409468, "MEF": 126.01845691417279, "KWF": 116.61771762629778, "TSY": 180.97766664408806}, "LAT": {"YAT": 96.27391821885844, "KWT": 80.14827139391745}}