{"LAK": {"NAC": 297.315114409468, "MEF": 126.01845691417279, "KWF": 111.37910070792846, "TSY": 180.97766664408806}, "LAT": {"YAT": 93.32677196564528, "KWT": 123.66261818315122}}