{"LAK": {"NAC": 297.315114409468, "MEF": 126.01845691417279, "KWF": 131.3165288594181, "TSY": 180.97766664408806}, "LAT": {"YAT": 106.14520139501819, "KWT": 123.98664112311113}}