{"LAK": {"NAC": 297.325059733712, "MEF": 125.99409180675624, "KWF": 120.22552292584926, "TSY": 180.92058554930654}, "LAT": {"YAT": 76.37647786671344, "KWT": 93.47317513808368}}