{"LCK": {"MEF": 78.08922151249497, "CSW": 110.07105984287412}}