{"LCK": {"MEF": 99.80762441091315, "CSW": 113.34080262545521}}