{"LCK": {"MEF": 122.35531431433758, "CSW": 102.35555858851188}}