{"LCK": {"MEF": 92.42121456697751, "CSW": 109.25392328297887}}