{"LCK": {"MEF": 88.09399219500258, "CSW": 108.12711589937503}}