{"LCK": {"MEF": 98.03046940580087, "CSW": 104.51313300168003}}