{"LCK": {"MEF": 82.81710630121299, "CSW": 95.72793262621532}}