{"LCK": {"MEF": 113.14610766929532, "CSW": 94.46477952427922}}