{"LCK": {"MEF": 83.03159586247538, "CSW": 96.78203994567548}}