{"LCK": {"MEF": 81.21652139435189, "CSW": 93.70171878954585}}