{"LCK": {"MEF": 110.6656482438694, "CSW": 84.56153986919409}}