{"LCK": {"MEF": 104.86092495346195, "CSW": 100.9411050904241}}