{"LCK": {"MEF": 106.82698992634785, "CSW": 115.18356392636278}}