{"LCK": {"MEF": 74.53539567109169, "CSW": 99.35513936359379}}