{"LCK": {"MEF": 79.06645378124321, "CSW": 109.62673481397599}}