{"LCK": {"MEF": 104.03340813957425, "CSW": 109.34474203081223}}