{"LCK": {"MEF": 118.89958801027463, "CSW": 108.37508898761807}}