{"LCK": {"MEF": 95.3693392642201, "CSW": 104.49863678899585}}