{"LCK": {"MEF": 103.84249254529018, "CSW": 99.80813085508163}}