{"LCK": {"MEF": 112.75879969362627, "CSW": 112.70751117737322}}