{"LCK": {"MEF": 92.57265769294955, "CSW": 97.70210589242618}}