{"LCK": {"MEF": 114.62352349654707, "CSW": 96.83659459569992}}