{"LCK": {"MEF": 93.19779593014188, "CSW": 96.32875055879575}}