{"LCK": {"MEF": 95.2633840896403, "CSW": 95.72793262621532}}