{"LCK": {"MEF": 111.14725091061402, "CSW": 108.63452574615715}}