{"LCK": {"MEF": 112.75879969362627, "CSW": 118.64857564830508}}