{"LCK": {"MEF": 115.49234569467248, "CSW": 103.33932882320553}}