{"LCK": {"MEF": 111.74224818644973, "CSW": 106.42095738737191}}