{"LCK": {"MEF": 94.37483245811575, "CSW": 92.07745904982727}}