{"LCK": {"MEF": 91.42937769153318, "CSW": 91.79284729404722}}