{"LCK": {"MEF": 105.60791941780553, "CSW": 93.70993764824809}}