{"LCK": {"MEF": 123.31978288290381, "CSW": 102.35555858851188}}