{"LCK": {"MEF": 101.28777696117717, "CSW": 77.74415127000165}}