{"LCK": {"MEF": 96.73865181620326, "CSW": 101.75061352866852}}