{"LCK": {"MEF": 106.15661182187266, "CSW": 100.20426732864512}}