{"LCK": {"MEF": 109.23813786531873, "CSW": 90.95018244329825}}