{"LCK": {"MEF": 98.95558848019465, "CSW": 105.3789187943325}}