{"LCK": {"MEF": 99.68878940469817, "CSW": 83.16973614300149}}