{"LCK": {"MEF": 102.99294461547436, "CSW": 108.85996365853312}}