{"LCK": {"MEF": 98.29719042003191, "CSW": 113.05623725407614}}