{"LCK": {"MEF": 121.65032928459622, "CSW": 97.26917174131282}}