{"LCK": {"MEF": 105.23402666895765, "CSW": 111.12992422340933}}