{"LCK": {"MEF": 113.2356234855411, "CSW": 106.75653959340097}}