{"LCK": {"MEF": 120.63832674026328, "CSW": 103.14592936555407}}