{"LET": {"WCH": 124.97512489386779, "SOH": 103.46031040075597}}