{"LET": {"WCH": 158.91430684195979, "SOH": 105.63127199585969}}