{"LET": {"WCH": 152.55578739027445, "SOH": 112.40370522732744}}