{"LET": {"WCH": 148.0832435406772, "SOH": 101.95397317742604}}