{"LET": {"WCH": 163.89408697759728, "SOH": 107.47726158308626}}