{"LET": {"WCH": 146.011631905685, "SOH": 108.45467789420957}}