{"LET": {"WCH": 155.2719103587048, "SOH": 100.0046520393879}}