{"LET": {"WCH": 152.17040160782093, "SOH": 103.03925960815407}}