{"LET": {"WCH": 153.74185123936869, "SOH": 107.2220654270067}}