{"LET": {"WCH": 149.43651939307125, "SOH": 102.2738297819058}}