{"LET": {"WCH": 153.74706237037122, "SOH": 98.17883154583151}}