{"LET": {"WCH": 152.43369785657563, "SOH": 98.47490304176702}}