{"LET": {"WCH": 154.0461322321359, "SOH": 101.84282249857327}}