{"LET": {"WCH": 148.35712598491813, "SOH": 103.39543277893056}}