{"LET": {"WCH": 157.27850223934007, "SOH": 101.4597846334215}}