{"LET": {"WCH": 158.94818361596006, "SOH": 108.45548506331241}}