{"LET": {"WCH": 134.94542913971927, "SOH": 112.22320190371677}}