{"LET": {"WCH": 155.7754315748773, "SOH": 108.6388288343152}}