{"LET": {"WCH": 145.3269541883391, "SOH": 96.94574711935189}}