{"LET": {"WCH": 130.53057859324608, "SOH": 115.02382005186253}}