{"LET": {"WCH": 163.96537549033678, "SOH": 98.14414732029356}}