{"LET": {"WCH": 148.7570357893986, "SOH": 104.24325498018439}}