{"LET": {"WCH": 156.23306105371105, "SOH": 109.54750713307556}}