{"LET": {"WCH": 143.43338676056104, "SOH": 109.48930198905228}}