{"LET": {"WCH": 160.06593203539774, "SOH": 102.27751154838987}}