{"LET": {"WCH": 145.72666310453573, "SOH": 95.62583895797896}}