{"LET": {"WCH": 163.11695414717278, "SOH": 100.70872054765292}}