{"LET": {"WCH": 133.08228758913884, "SOH": 103.4587329450887}}