{"LET": {"WCH": 155.33864168824715, "SOH": 107.15734319299595}}