{"LET": {"WCH": 145.71520610461954, "SOH": 113.9413092826986}}