{"LET": {"WCH": 163.63973285920991, "SOH": 104.43265559744552}}