{"LOP": {"TIS": 173.9447465366083, "YUL": 116.47150393944658}, "LOF": {"WTS": 110.2337687032519, "KOT": 100.0130469428967}, "LOW": {"SHS": 261.7549324699613}}