{"LOP": {"TIS": 173.94478369244825, "YUL": 120.90376486574198}, "LOF": {"WTS": 82.42931329130784, "KOT": 111.41644479098349}, "LOW": {"SHS": 261.75493247375664}}