{"LOP": {"TIS": 173.94478368667234, "YUL": 111.35593410430593}, "LOF": {"WTS": 87.45619984938739, "KOT": 98.53477108860287}, "LOW": {"SHS": 261.75493247375664}}