{"LOP": {"TIS": 173.94478367950018, "YUL": 102.61539020541036}, "LOF": {"WTS": 104.81348634051115, "KOT": 93.64536478245694}, "LOW": {"SHS": 261.75493247375664}}