{"LOP": {"TIS": 173.94477962760578, "YUL": 115.57817531859641}, "LOF": {"WTS": 112.08359494855237, "KOT": 109.92575451087014}, "LOW": {"SHS": 261.75493247368}}