{"LOP": {"TIS": 173.90155338871187, "YUL": 113.66627492785851}, "LOF": {"WTS": 102.87487479320903, "KOT": 100.20340866115386}, "LOW": {"SHS": 261.7527207161594}}