{"LOP": {"TIS": 173.94478369309957, "YUL": 120.8472533990041}, "LOF": {"WTS": 106.70484123808532, "KOT": 110.93673298990852}, "LOW": {"SHS": 261.75493247375664}}