{"LOP": {"TIS": 173.9447830152132, "YUL": 121.77115143135086}, "LOF": {"WTS": 103.01155378643534, "KOT": 113.40418539978018}, "LOW": {"SHS": 261.75493247375294}}