{"LOP": {"TIS": 173.90155338871187, "YUL": 119.89636487948981}, "LOF": {"WTS": 121.9695771261847, "KOT": 94.4848789661086}, "LOW": {"SHS": 261.7527207161594}}