{"LOP": {"TIS": 173.90155338871187, "YUL": 103.14009192704248}, "LOF": {"WTS": 105.86561513414628, "KOT": 93.3088089050696}, "LOW": {"SHS": 261.7527207161594}}