{"LOP": {"TIS": 173.94472076815268, "YUL": 110.11372840907377}, "LOF": {"WTS": 107.42564960105453, "KOT": 98.32162186896193}, "LOW": {"SHS": 261.7549324588242}}