{"LOP": {"TIS": 173.94478369324744, "YUL": 128.27183795336936}, "LOF": {"WTS": 90.95527123259708, "KOT": 106.26633189854022}, "LOW": {"SHS": 261.75493247375664}}