{"LOP": {"TIS": 173.94478369324753, "YUL": 102.50716534311341}, "LOF": {"WTS": 89.81521582183704, "KOT": 103.68557293687297}, "LOW": {"SHS": 261.75493247375664}}