{"LOP": {"TIS": 173.90155338871187, "YUL": 128.77244044401613}, "LOF": {"WTS": 107.19158600769086, "KOT": 100.20624863351259}, "LOW": {"SHS": 261.7527207161594}}