{"LOP": {"TIS": 173.90155338871187, "YUL": 122.92007453370483}, "LOF": {"WTS": 78.05844262052113, "KOT": 101.24049465352687}, "LOW": {"SHS": 261.7527207161594}}