{"LOP": {"TIS": 173.90155338871187, "YUL": 121.17722248184103}, "LOF": {"WTS": 93.51977586962313, "KOT": 116.43240371860142}, "LOW": {"SHS": 261.7527207161594}}