{"LOP": {"TIS": 173.9447836932459, "YUL": 115.07026808595276}, "LOF": {"WTS": 102.70007340789418, "KOT": 96.53986756116089}, "LOW": {"SHS": 261.75493247375664}}