{"LOP": {"TIS": 173.9447836932475, "YUL": 128.27183795336936}, "LOF": {"WTS": 93.18974410933738, "KOT": 111.15572883781756}, "LOW": {"SHS": 261.75493247375664}}