{"LOP": {"TIS": 173.90155338871187, "YUL": 128.92341834886122}, "LOF": {"WTS": 105.4543069737559, "KOT": 106.34747676320167}, "LOW": {"SHS": 261.7527207161594}}