{"LOP": {"TIS": 173.90155338871187, "YUL": 111.62919436428724}, "LOF": {"WTS": 97.35391881116576, "KOT": 92.74494896438748}, "LOW": {"SHS": 261.7527207161594}}