{"LOP": {"TIS": 173.90155338871187, "YUL": 127.31080376293434}, "LOF": {"WTS": 93.84881416515154, "KOT": 88.55722664770218}, "LOW": {"SHS": 261.7527207161594}}