{"LOP": {"TIS": 173.90155338871187, "YUL": 120.10268273328593}, "LOF": {"WTS": 98.19371397208761, "KOT": 106.80961606255684}, "LOW": {"SHS": 261.7527207161594}}