{"LOP": {"TIS": 173.94478359147837, "YUL": 117.35003215838788}, "LOF": {"WTS": 97.76600338406868, "KOT": 99.94933337187733}, "LOW": {"SHS": 261.75493247375664}}