{"LOP": {"TIS": 173.90155338871187, "YUL": 126.04266090156375}, "LOF": {"WTS": 87.23450080673254, "KOT": 99.84768871916496}, "LOW": {"SHS": 261.7527207161594}}