{"LOP": {"TIS": 173.94478369324753, "YUL": 104.18959460090305}, "LOF": {"WTS": 97.26200311608633, "KOT": 122.70460320053337}, "LOW": {"SHS": 261.75493247375664}}