{"LOP": {"TIS": 173.94478369324753, "YUL": 114.84924930986867}, "LOF": {"WTS": 110.60566354110115, "KOT": 117.64154859946773}, "LOW": {"SHS": 261.75493247375664}}