{"LOP": {"TIS": 173.94478369324753, "YUL": 123.09056279296752}, "LOF": {"WTS": 87.71419793004654, "KOT": 110.32726075547222}, "LOW": {"SHS": 261.75493247375664}}