{"LOP": {"TIS": 173.9447593147766, "YUL": 116.47150393944658}, "LOF": {"WTS": 103.81241738467062, "KOT": 100.0130469428967}, "LOW": {"SHS": 261.75493247126667}}