{"LOP": {"TIS": 173.90155338871187, "YUL": 127.65138981751595}, "LOF": {"WTS": 91.71105072605928, "KOT": 103.06291984724847}, "LOW": {"SHS": 261.7527207161594}}