{"LOP": {"TIS": 173.90155338871187, "YUL": 121.10670655794483}, "LOF": {"WTS": 99.67079634253483, "KOT": 96.81726864872813}, "LOW": {"SHS": 261.7527207161594}}