{"LOP": {"TIS": 173.94478369324753, "YUL": 124.46365900498931}, "LOF": {"WTS": 109.47629118891855, "KOT": 121.4069259628371}, "LOW": {"SHS": 261.75493247375664}}