{"LOP": {"TIS": 173.90155338871187, "YUL": 121.95563552674147}, "LOF": {"WTS": 103.96804703153403, "KOT": 111.81562818685805}, "LOW": {"SHS": 261.7527207161594}}