{"LOP": {"TIS": 173.94478369324753, "YUL": 113.9295790717222}, "LOF": {"WTS": 96.97916215809342, "KOT": 106.84747430372643}, "LOW": {"SHS": 261.75493247375664}}