{"LOP": {"TIS": 173.94478329287512, "YUL": 118.08616939345477}, "LOF": {"WTS": 101.63198043928023, "KOT": 110.78225754336609}, "LOW": {"SHS": 261.7549324737548}}