{"LOP": {"TIS": 173.94478003416998, "YUL": 118.69832200806309}, "LOF": {"WTS": 114.07523545369713, "KOT": 112.1331790597831}, "LOW": {"SHS": 261.75493247370093}}