{"LOP": {"TIS": 173.94478369324753, "YUL": 117.06743380313169}, "LOF": {"WTS": 102.86383229370672, "KOT": 114.61897480483404}, "LOW": {"SHS": 261.75493247375664}}