{"LOP": {"TIS": 173.943134368834, "YUL": 126.280957427534}, "LOF": {"WTS": 109.98348216594236, "KOT": 104.75831498347547}, "LOW": {"SHS": 261.75492221474576}}