{"LOP": {"TIS": 173.90155338871187, "YUL": 116.46871460522027}, "LOF": {"WTS": 111.65831424800326, "KOT": 116.95886239350291}, "LOW": {"SHS": 261.7527207161594}}