{"LOP": {"TIS": 173.94475025227226, "YUL": 116.47150393944658}, "LOF": {"WTS": 110.2337687032519, "KOT": 100.0130469428967}, "LOW": {"SHS": 261.75493247034086}}