{"LOP": {"TIS": 173.90155338871187, "YUL": 129.14687685927223}, "LOF": {"WTS": 69.38278570817988, "KOT": 116.62164918654155}, "LOW": {"SHS": 261.7527207161594}}