{"LOP": {"TIS": 173.94478369324753, "YUL": 118.90502027607333}, "LOF": {"WTS": 88.22938526190354, "KOT": 105.50857309073926}, "LOW": {"SHS": 261.75493247375664}}