{"LOP": {"TIS": 173.94478369324753, "YUL": 117.25855759308509}, "LOF": {"WTS": 107.68028549921037, "KOT": 104.924526322769}, "LOW": {"SHS": 261.75493247375664}}