{"LOP": {"TIS": 173.94478369324398, "YUL": 115.69163376219242}, "LOF": {"WTS": 104.62165178570167, "KOT": 103.50138502893245}, "LOW": {"SHS": 261.75493247375664}}