{"LOP": {"TIS": 173.90155338871187, "YUL": 118.16406383992191}, "LOF": {"WTS": 89.79695235377349, "KOT": 105.17095292456652}, "LOW": {"SHS": 261.7527207161594}}