{"LOP": {"TIS": 173.94478369324753, "YUL": 123.7355099629275}, "LOF": {"WTS": 107.26153837736845, "KOT": 116.8976431579179}, "LOW": {"SHS": 261.75493247375664}}