{"LOP": {"TIS": 173.94478369324753, "YUL": 122.10062532551945}, "LOF": {"WTS": 95.22748552904629, "KOT": 100.76167456169031}, "LOW": {"SHS": 261.75493247375664}}