{"MEF": {"LAK": 126.01845691417279, "TWW": 351.8880006414448, "LCK": 108.47248965381782, "NAC": 173.14254853482174}}