{"MEF": {"LAK": 126.01845691417279, "TWW": 351.8880006370597, "LCK": 98.22837340827472, "NAC": 173.14254853507447}}