{"MEF": {"LAK": 125.99409180675624, "TWW": 351.82102109394066, "LCK": 99.72600218010813, "NAC": 173.18177049448929}}