{"MEF": {"LAK": 126.01842499538252, "TWW": 351.88570077555954, "LCK": 90.84420934757394, "NAC": 173.14731700946453}}