{"MEF": {"LAK": 126.01845691417279, "TWW": 351.8880006414448, "LCK": 81.16923723844862, "NAC": 173.14254853482174}}