{"MEF": {"LAK": 126.01845691417232, "TWW": 351.8880005864663, "LCK": 77.6035810151704, "NAC": 173.1425485376749}}