{"MEF": {"LAK": 126.01845674967065, "TWW": 351.8879430722256, "LCK": 114.33578075727823, "NAC": 173.14261901708704}}