{"MEF": {"LAK": 126.01845691417279, "TWW": 351.8880006413354, "LCK": 106.72276351499434, "NAC": 173.1425485348253}}