{"MEF": {"LAK": 126.01845691417279, "TWW": 351.8880006414445, "LCK": 95.40535073816656, "NAC": 173.14254853482174}}