{"MEF": {"LAK": 126.01845691417154, "TWW": 351.88800048376726, "LCK": 88.34324687274871, "NAC": 173.14254854604707}}