{"MEF": {"LAK": 126.01845691417279, "TWW": 351.88800062886787, "LCK": 108.03269087308169, "NAC": 173.1425485354743}}