{"MEF": {"LAK": 126.0184569140584, "TWW": 351.8879988623747, "LCK": 98.64586193869575, "NAC": 173.14254882905385}}