{"MEF": {"LAK": 125.99409180675624, "TWW": 351.82102109394066, "LCK": 95.48722602751214, "NAC": 173.18177049448929}}