{"MEF": {"LAK": 126.01838276499345, "TWW": 351.8854452349056, "LCK": 100.42001154021474, "NAC": 173.1498164431327}}