{"MEF": {"LAK": 126.01842144885025, "TWW": 351.88570077555954, "LCK": 90.84420934757394, "NAC": 173.1484355405536}}