{"MEF": {"LAK": 126.01845686255038, "TWW": 351.88797004680157, "LCK": 111.2576056614287, "NAC": 173.1425901538945}}