{"MEF": {"LAK": 126.01845691417279, "TWW": 351.888000641443, "LCK": 110.94207738218316, "NAC": 173.14254853482174}}