{"MEF": {"LAK": 126.01845688030339, "TWW": 351.8879731062659, "LCK": 110.18266058575723, "NAC": 173.14257311046796}}