{"MEF": {"LAK": 126.01845682674968, "TWW": 351.88794882914755, "LCK": 116.1022026815504, "NAC": 173.1426056254566}}