{"MEF": {"LAK": 126.01845691417279, "TWW": 351.8880006241923, "LCK": 111.23831144582694, "NAC": 173.14254853554684}}