{"MEF": {"LAK": 126.01845462272938, "TWW": 351.8877210314448, "LCK": 108.92014794911111, "NAC": 173.1430702964967}}