{"MEF": {"LAK": 125.99409180675624, "TWW": 351.82102109394066, "LCK": 106.23387577202118, "NAC": 173.18177049448929}}