{"MKK": {"HUH": 188.37271920781143, "KOT": 138.00833900248827}}