{"MKK": {"HUH": 188.3728451322668, "KOT": 138.008411988633}}