{"MKK": {"HUH": 188.3728423648412, "KOT": 138.00841169078416}}