{"MKK": {"HUH": 188.34839797738397, "KOT": 138.0023152807906}}