{"MKK": {"HUH": 188.37284520331573, "KOT": 138.008411995497}}