{"MOK": {"PRE": 91.48918368007068, "YMT": 75.58536175140594}, "MOS": {"HEO": 141.9118814650278}}