{"MOK": {"PRE": 85.15845986794537, "YMT": 96.54435481414322}, "MOS": {"HEO": 131.75660870245505}}