{"MOK": {"PRE": 94.30061106851934, "YMT": 99.14707965299712}, "MOS": {"HEO": 133.07854600238278}}