{"MOK": {"PRE": 79.89456256100098, "YMT": 92.3605436986054}, "MOS": {"HEO": 137.90179689695464}}