{"MOK": {"PRE": 82.29513535247348, "YMT": 62.21611497161981}, "MOS": {"HEO": 127.45033515892165}}