{"MOK": {"PRE": 93.31168396863539, "YMT": 100.5280680663519}, "MOS": {"HEO": 138.98627316755895}}