{"MOK": {"PRE": 90.83309376899868, "YMT": 104.55248593641076}, "MOS": {"HEO": 139.68024537859893, "WKS": 162.6925069147032}}