{"MOK": {"PRE": 82.10879318995318, "YMT": 86.0666686959946}, "MOS": {"HEO": 138.07982602205792}}