{"MOK": {"PRE": 95.70807411401701, "YMT": 117.54497942773051}, "MOS": {"HEO": 141.70852537881058}}