{"MOK": {"PRE": 98.12690580316043, "YMT": 110.9546505968347}, "MOS": {"HEO": 135.98966086279145, "WKS": 172.67824634287723}}