{"MOK": {"PRE": 78.24930814002252, "YMT": 72.36833271183062}, "MOS": {"HEO": 131.63344392284807}}