{"MOK": {"PRE": 113.08601526138428, "YMT": 90.07375278713955}, "MOS": {"HEO": 141.85371132455975}}