{"MOK": {"PRE": 95.71601312121473, "YMT": 104.18793519691269}, "MOS": {"HEO": 144.74497676322852, "WKS": 160.21535280960035}}