{"MOK": {"PRE": 91.43389022507259, "YMT": 108.23139963036847}, "MOS": {"HEO": 139.9716686811546, "WKS": 176.32793404166972}}