{"MOK": {"PRE": 92.5680966303568, "YMT": 93.32261427389037}, "MOS": {"HEO": 145.50265210944767, "WKS": 182.41173618051263}}