{"MOK": {"PRE": 96.48713663575097, "YMT": 99.403678618296}, "MOS": {"HEO": 138.05125626951897}}