{"MOK": {"PRE": 100.08718981654252, "YMT": 107.52065443899873}, "MOS": {"HEO": 138.9058660877546, "WKS": 170.24975614808972}}