{"MOK": {"PRE": 99.4987348954469, "YMT": 98.11235225963907}, "MOS": {"HEO": 136.20292671927598}}