{"MOK": {"PRE": 77.69075868119715, "YMT": 82.87580215195919}, "MOS": {"HEO": 127.11695151900128}}