{"MOK": {"PRE": 78.97118407400984, "YMT": 85.17446306625786}, "MOS": {"HEO": 138.755362246731}}