{"MOK": {"PRE": 77.63324463666541, "YMT": 78.16096871853624}, "MOS": {"HEO": 148.8761029958012, "WKS": 167.8704011491622}}