{"MOK": {"PRE": 79.32992017299887, "YMT": 78.16096871853624}, "MOS": {"HEO": 149.82849269622108, "WKS": 167.8704011491622}}