{"MOK": {"PRE": 85.06010161743437, "YMT": 108.75301340442343}, "MOS": {"HEO": 146.21693416555408}}