{"MOK": {"PRE": 89.84261388115083, "YMT": 96.54435481414322}, "MOS": {"HEO": 118.58094783220955}}