{"MOK": {"PRE": 99.20684711525291, "YMT": 109.96102227937267}, "MOS": {"HEO": 147.80348764458373, "WKS": 156.2609662465332}}