{"MOK": {"PRE": 76.35835295113712, "YMT": 87.58420655501088}, "MOS": {"HEO": 139.25940528900145}}