{"MOK": {"PRE": 86.19185367195318, "YMT": 51.95554781431084}, "MOS": {"HEO": 127.45033515892165}}