{"MOK": {"PRE": 93.11948375845303, "YMT": 105.18594296448609}, "MOS": {"HEO": 139.12965920944708}}