{"MOK": {"PRE": 89.75036458494851, "YMT": 98.89250478654715}, "MOS": {"HEO": 147.3863035359928}}