{"MOK": {"PRE": 106.76252845878064, "YMT": 106.63139152566592}, "MOS": {"HEO": 143.711041762075}}