{"MOK": {"PRE": 102.66057233489464, "YMT": 102.97394223968436}, "MOS": {"HEO": 144.1937515310812, "WKS": 170.8316417696484}}