{"MOK": {"PRE": 91.41525566807603, "YMT": 115.29829717899933}, "MOS": {"HEO": 139.12965920944708}}