{"MOK": {"PRE": 96.42994018968605, "YMT": 95.21802875786844}, "MOS": {"HEO": 139.82427062894703}}