{"MOK": {"PRE": 108.37701020999316, "YMT": 108.23778255416627}, "MOS": {"HEO": 111.85249153638415}}