{"MOK": {"PRE": 114.99280570046422, "YMT": 106.60432292514975}, "MOS": {"HEO": 139.3629054210197}}