{"MOK": {"PRE": 83.72250691150478, "YMT": 101.01345119829786}, "MOS": {"HEO": 141.94065907786694}}