{"MOK": {"PRE": 85.81875146782976, "YMT": 94.67834453755202}, "MOS": {"HEO": 137.45136213337486}}