{"MOK": {"PRE": 95.84332564073912, "YMT": 101.50276215156751}, "MOS": {"HEO": 139.68024537859893, "WKS": 165.238725724881}}