{"MOK": {"PRE": 103.96561307827362, "YMT": 122.98060906718119}, "MOS": {"HEO": 149.60232488971698, "WKS": 166.4602074239889}}