{"MOK": {"PRE": 92.76613870201763, "YMT": 84.13151602586639}, "MOS": {"HEO": 143.3908715755815, "WKS": 172.99557338953485}}