{"MOK": {"PRE": 83.2751089082778, "YMT": 106.27517424888322}, "MOS": {"HEO": 132.33392934079004, "WKS": 168.73109320003292}}