{"MOK": {"PRE": 91.82591737859903, "YMT": 94.34908907600929}, "MOS": {"HEO": 141.48178441802335, "WKS": 166.2826858766554}}