{"MOK": {"PRE": 78.97118407400984, "YMT": 74.19069514352823}, "MOS": {"HEO": 139.50595805192336}}