{"MOK": {"PRE": 91.03313349341482, "YMT": 92.98925207126246}, "MOS": {"HEO": 146.32732657310126}}