{"MOK": {"PRE": 82.43419773126593, "YMT": 114.97788342624577}, "MOS": {"HEO": 138.57718513709784}}