{"MOK": {"PRE": 108.24940243715537, "YMT": 114.18634941205252}, "MOS": {"HEO": 146.0449035010376}}