{"MOK": {"PRE": 91.86742147900884, "YMT": 111.27466470262615}, "MOS": {"HEO": 141.28014293540048}}