{"MOK": {"PRE": 80.20925280763547, "YMT": 71.93414151236648}, "MOS": {"HEO": 133.4005170385966}}