{"MOK": {"PRE": 88.69046856361267, "YMT": 59.102096466783074}, "MOS": {"HEO": 120.8028530489886}}