{"MOK": {"PRE": 94.12464673658872, "YMT": 98.06042508248049}, "MOS": {"HEO": 144.3212210827772}}