{"MOK": {"PRE": 87.28717763105041, "YMT": 88.22759853597928}, "MOS": {"HEO": 131.75660870245505}}