{"MOK": {"PRE": 106.15902385855743, "YMT": 89.96172031387644}, "MOS": {"HEO": 139.5167969821156}}