{"MOK": {"PRE": 103.90392421102965, "YMT": 111.17885423668936}, "MOS": {"HEO": 148.127339485202}}