{"MOK": {"PRE": 93.08257212977978, "YMT": 98.63321382140398}, "MOS": {"HEO": 140.7310252435229}}