{"MOK": {"PRE": 86.69196633177853, "YMT": 49.04175229472587}, "MOS": {"HEO": 143.3972128098762}}