{"MOK": {"PRE": 104.89887979771075, "YMT": 96.59396671333211}, "MOS": {"HEO": 131.70308957750694}}