{"MOK": {"PRE": 99.21299809726004, "YMT": 103.8126572507399}, "MOS": {"HEO": 143.711041762075}}