{"MOK": {"PRE": 80.40351180611616, "YMT": 84.42487184668262}, "MOS": {"HEO": 148.04564342659896, "WKS": 167.8704011491622}}