{"MOK": {"PRE": 80.81814436859804, "YMT": 104.53775589404981}, "MOS": {"HEO": 140.91788598096753, "WKS": 152.0870838509394}}