{"NAC": {"AUS": 223.95048281911917, "OLY": 121.67099381470052, "LAK": 297.315114409468, "MEF": 173.14254853482174}}