{"NAC": {"AUS": 223.95048229364843, "OLY": 140.5338749080442, "LAK": 297.315114409468, "MEF": 173.14255095495972}}