{"NAC": {"AUS": 223.92850142135907, "OLY": 145.42900185376084, "LAK": 297.325059733712, "MEF": 173.18177049448929}}