{"NAC": {"AUS": 223.95048281911917, "OLY": 116.52468543030719, "LAK": 297.315114409468, "MEF": 173.14254853482208}}