{"NAC": {"AUS": 223.95040023276314, "OLY": 108.82475202154424, "LAK": 297.315114409468, "MEF": 173.14277313611416}}