{"NAC": {"AUS": 223.95048281911917, "OLY": 119.01060359532161, "LAK": 297.315114409468, "MEF": 173.14254853482254}}