{"NAC": {"AUS": 223.9502909662806, "OLY": 100.35537559681764, "LAK": 297.31511440947713, "MEF": 173.14292889908273}}