{"NAC": {"AUS": 223.9326778869335, "OLY": 128.8793648633926, "LAK": 297.31660714928296, "MEF": 173.17431832215243}}