{"NAC": {"AUS": 223.92850142135907, "OLY": 126.2261639797226, "LAK": 297.325059733712, "MEF": 173.18177049448929}}