{"NAC": {"AUS": 223.95048281911915, "OLY": 136.2298040214709, "LAK": 297.315114409468, "MEF": 173.1425485348232}}