{"NAC": {"AUS": 223.95048281911846, "OLY": 123.66566742900689, "LAK": 297.315114409468, "MEF": 173.1425485348312}}