{"NAC": {"AUS": 223.9504828190834, "OLY": 131.7084008762409, "LAK": 297.315114409468, "MEF": 173.1425485349875}}