{"NAC": {"AUS": 223.95048192922962, "OLY": 134.64046085661874, "LAK": 297.315114409468, "MEF": 173.14255263334675}}