{"NAC": {"AUS": 223.95048281795366, "OLY": 95.68143907448174, "LAK": 297.315114409468, "MEF": 173.14254854078726}}