{"NAC": {"AUS": 223.9504827109296, "OLY": 102.84696254281207, "LAK": 297.315114409468, "MEF": 173.1425487731497}}