{"NAC": {"AUS": 223.94807763679677, "OLY": 118.13151824234612, "LAK": 297.31511452318034, "MEF": 173.1460247528363}}