{"NAC": {"AUS": 223.95048281900458, "OLY": 108.3844880086106, "LAK": 297.315114409468, "MEF": 173.14254853540905}}