{"NAC": {"AUS": 223.9504828191179, "OLY": 156.0251314124643, "LAK": 297.315114409468, "MEF": 173.14254853483482}}