{"NAC": {"AUS": 223.95048279436907, "OLY": 109.02579990417613, "LAK": 297.315114409468, "MEF": 173.142548637414}}