{"NAC": {"AUS": 223.9504828134574, "OLY": 114.92810873582732, "LAK": 297.315114409468, "MEF": 173.14254856379668}}