{"NAC": {"AUS": 223.95048280846518, "OLY": 107.91450913998055, "LAK": 297.315114409468, "MEF": 173.1425485838912}}