{"NAC": {"AUS": 223.95048281911872, "OLY": 123.98665326456164, "LAK": 297.315114409468, "MEF": 173.14254853482493}}