{"NAC": {"AUS": 223.95048281911917, "OLY": 115.24424177108497, "LAK": 297.315114409468, "MEF": 173.14254853482174}}