{"NAC": {"AUS": 223.95040023276314, "OLY": 126.46468041364092, "LAK": 297.31511440946804, "MEF": 173.14277313611416}}