{"NAC": {"AUS": 223.95048281911917, "OLY": 125.30063553224088, "LAK": 297.315114409468, "MEF": 173.14254853482177}}