{"NAC": {"AUS": 223.95048268555175, "OLY": 138.6552863406531, "LAK": 297.315114409468, "MEF": 173.14254879963062}}