{"NAC": {"AUS": 223.95048281911917, "OLY": 135.8068236193238, "LAK": 297.315114409468, "MEF": 173.14254853482288}}