{"NAC": {"AUS": 223.95040023276314, "OLY": 120.91639113504914, "LAK": 297.315114409468, "MEF": 173.14277313611416}}