{"NAC": {"AUS": 223.92850142135907, "OLY": 191.30075512854842, "LAK": 297.325059733712, "MEF": 173.18177049448929}}