{"NAC": {"AUS": 223.95048281911917, "OLY": 188.97366430435767, "LAK": 297.315114409468, "MEF": 173.14254853482174}}