{"NAC": {"AUS": 223.95048265422105, "OLY": 110.34892372895429, "LAK": 297.315114409468, "MEF": 173.14254947243265}}