{"NAC": {"AUS": 223.94853462143806, "OLY": 142.9518321308273, "LAK": 297.3151144284317, "MEF": 173.14536427141348}}