{"NAC": {"AUS": 223.95048281911818, "OLY": 129.04403386297147, "LAK": 297.315114409468, "MEF": 173.14254853483348}}