{"NAC": {"AUS": 223.92850142135907, "OLY": 128.6299354253048, "LAK": 297.325059733712, "MEF": 173.18177049448929}}