{"NAC": {"AUS": 223.92850142135907, "OLY": 129.73296245335277, "LAK": 297.325059733712, "MEF": 173.18177049448929}}