{"NOP": {"FOH": 107.03950525240502, "QUB": 68.30226018936968}}