{"NOP": {"FOH": 119.10292798630982, "QUB": 82.93350883670264}}