{"NOP": {"FOH": 95.85402643144714, "QUB": 96.8570086925329}}