{"NOP": {"FOH": 99.46862378830242, "QUB": 109.04589350091153}}