{"NOP": {"FOH": 125.51048614494263, "QUB": 98.4472425225001}}