{"NOP": {"FOH": 85.95950285327936, "QUB": 91.76542053268305}}