{"NOP": {"FOH": 104.5437927621152, "QUB": 120.54203734575586}}