{"NOP": {"FOH": 98.92752218546775, "QUB": 103.19178075532663}}