{"NOP": {"FOH": 107.82991312274393, "QUB": 116.30568537008045}}