{"NOP": {"FOH": 110.66476565601083, "QUB": 96.11570549321608}}