{"NOP": {"FOH": 115.5708711881014, "QUB": 116.12053362661948}}