{"NOP": {"FOH": 115.78905523063881, "QUB": 113.10298103659424}}