{"NOP": {"FOH": 98.72819944545994, "QUB": 106.25603248303665}}