{"NOP": {"FOH": 87.7135792231399, "QUB": 92.58946113879863}}