{"NOP": {"FOH": 104.60267864645888, "QUB": 109.1624254031949}}