{"NOP": {"FOH": 101.61234755556708, "QUB": 81.45843314407345}}