{"NOP": {"FOH": 91.15722960402255, "QUB": 104.6519707231623}}