{"NOP": {"FOH": 111.90518487924965, "QUB": 100.87142372116577}}