{"NOP": {"FOH": 109.66060703219219, "QUB": 103.81949256963564}}