{"NOP": {"FOH": 94.142410781813, "QUB": 123.77372422514645}}