{"NOP": {"FOH": 125.56977033846151, "QUB": 113.73030957883732}}