{"NOP": {"FOH": 120.96838929516343, "QUB": 88.83991206340939}}