{"NOP": {"FOH": 95.85402643144714, "QUB": 99.1436750707597}}