{"NOP": {"FOH": 90.54551983285373, "QUB": 94.99204474049118}}