{"NOP": {"FOH": 111.04635277594919, "QUB": 67.88760203206041}}