{"NOP": {"FOH": 94.60272187084811, "QUB": 71.69552686011238}}