{"NOP": {"FOH": 111.30639510808683, "QUB": 86.06341629466567}}