{"NOP": {"FOH": 104.4110145808266, "QUB": 107.32492816656068}}