{"NOP": {"FOH": 112.43841530819648, "QUB": 87.44940372123824}}