{"NOP": {"FOH": 105.49240566236215, "QUB": 111.57938596437835}}