{"NOP": {"FOH": 107.82991312274393, "QUB": 109.7924353499046}}