{"NOP": {"FOH": 104.70705642949865, "QUB": 73.82277248473565}}