{"NOP": {"FOH": 110.99269723177515, "QUB": 86.51511763315035}}