{"NOP": {"FOH": 117.84414608037392, "QUB": 115.92271874417698}}