{"NOP": {"FOH": 114.36923078839565, "QUB": 91.3226929130302}}