{"NOP": {"FOH": 102.56113573342232, "QUB": 69.04871832480404}}