{"NOP": {"FOH": 92.81092164527595, "QUB": 99.07989293628343}}