{"NOP": {"FOH": 110.22730755317055, "QUB": 76.26944920635121}}