{"NOP": {"FOH": 119.78543617386242, "QUB": 99.274349495756}}