{"NOP": {"FOH": 110.17156493393232, "QUB": 113.59773722517556}}