{"NOP": {"FOH": 119.84803450201987, "QUB": 94.4459751821911}}