{"NOP": {"FOH": 127.26914439966319, "QUB": 90.46474245404231}}