{"NOP": {"FOH": 104.03813069378577, "QUB": 104.33758986182724}}