{"NOP": {"FOH": 112.8319527469087, "QUB": 98.44092174302025}}