{"NOP": {"FOH": 101.25096313872359, "QUB": 78.14575466650665}}