{"NOP": {"FOH": 107.97060865376768, "QUB": 55.47851205996508}}