{"NOP": {"FOH": 99.85916477216702, "QUB": 120.70971839103136}}