{"NOP": {"FOH": 121.00905056950481, "QUB": 7780.722317923088}}