{"NOP": {"FOH": 93.8669894838133, "QUB": 84.69255540073306}}