{"NOP": {"FOH": 112.53978963459573, "QUB": 115.40553379540052}}