{"NOP": {"FOH": 122.7795694868835, "QUB": 92.0982807316494}}