{"NOP": {"FOH": 102.93230770955608, "QUB": 89.61045693821521}}