{"NOP": {"FOH": 114.36411911806813, "QUB": 100.3166134740168}}