{"NOP": {"FOH": 95.28417430535947, "QUB": 107.03082626673913}}