{"NOP": {"FOH": 104.29675385484322, "QUB": 120.93661402444522}}