{"NOP": {"FOH": 117.83939532908236, "QUB": 95.96029589422547}}