{"NOP": {"FOH": 126.74349377740354, "QUB": 104.92799276819437}}