{"NOP": {"FOH": 109.07157235874479, "QUB": 106.62408444472881}}