{"NOP": {"FOH": 91.15722960402255, "QUB": 110.4995579914668}}