{"NOP": {"FOH": 126.74349377740354, "QUB": 90.93167414223744}}