{"NOP": {"FOH": 118.4282624154027, "QUB": 97.09032852641424}}