{"NOP": {"FOH": 109.58789577329276, "QUB": 108.08868263607413}}