{"NOP": {"FOH": 110.63723225605418, "QUB": 112.49209885099609}}