{"NOP": {"FOH": 109.70839428370773, "QUB": 107.37841394860143}}