{"NOP": {"FOH": 97.16254928225592, "QUB": 110.19672858655231}}