{"NOP": {"FOH": 90.54551983285373, "QUB": 83.76715695638234}}