{"NOP": {"FOH": 104.85312782044147, "QUB": 72.11430424047845}}