{"NOP": {"FOH": 102.83012251355012, "QUB": 105.14880809706992}}