{"NOP": {"FOH": 109.07790073332748, "QUB": 119.69248288220236}}