{"NTK": {"KOB": 91.04455384379469, "KWT": 95.30349931226542}}