{"NTK": {"KOB": 95.30472912331666, "KWT": 105.4854318152417}}