{"NTK": {"KOB": 94.14970997874704, "KWT": 92.37581563443896}}