{"NTK": {"KOB": 89.5206916833027, "KWT": 111.8596094158545}}