{"NTK": {"KOB": 120.96718578304099, "KWT": 102.83177183264316}}