{"NTK": {"KOB": 101.04489529329052, "KWT": 85.12869777907513}}