{"NTK": {"KOB": 90.58544812524376, "KWT": 99.50754445583553}}