{"NTK": {"KOB": 98.236378414068, "KWT": 103.65741119387708}}