{"NTK": {"KOB": 106.10968229825514, "KWT": 98.8371928629049}}