{"NTK": {"KOB": 115.35103458754259, "KWT": 98.63169009608457}}