{"NTK": {"KOB": 117.35985262422864, "KWT": 105.9065810194597}}