{"NTK": {"KOB": 97.02424424940783, "KWT": 85.736353676528}}