{"NTK": {"KOB": 73.72151741964636, "KWT": 110.53157678483713}}