{"NTK": {"KOB": 71.49542910991354, "KWT": 89.53057719571807}}