{"NTK": {"KOB": 110.84845443847271, "KWT": 68.82823602548847}}