{"NTK": {"KOB": 98.64590521882032, "KWT": 100.50823465986342}}