{"NTK": {"KOB": 98.94427158329347, "KWT": 84.56808150736585}}