{"NTK": {"KOB": 115.36184255588519, "KWT": 112.53485233108051}}