{"NTK": {"KOB": 98.24429057414197, "KWT": 114.73638821749542}}