{"NTK": {"KOB": 96.74318559431431, "KWT": 99.95975183814275}}