{"NTK": {"KOB": 74.45994658579885, "KWT": 102.34673142392042}}