{"NTK": {"KOB": 111.27499498683285, "KWT": 76.0710815342077}}