{"NTK": {"KOB": 112.05329578083486, "KWT": 115.03412195557453}}