{"NTK": {"KOB": 100.184256210985, "KWT": 105.4854318152417}}