{"NTK": {"KOB": 98.24953546662466, "KWT": 104.62312835954181}}