{"NTK": {"KOB": 101.7395986276481, "KWT": 99.35747818568467}}