{"NTK": {"KOB": 64.34588619892219, "KWT": 95.09979077567847}}