{"NTK": {"KOB": 100.54702952907698, "KWT": 117.67726798291059}}