{"NTK": {"KOB": 116.86341762646168, "KWT": 102.75119852579289}}