{"NTK": {"KOB": 82.96612107096202, "KWT": 120.64742917155729}}