{"NTK": {"KOB": 116.110204865738, "KWT": 105.40319618341562}}