{"NTK": {"KOB": 120.5847054124107, "KWT": 110.45658890856666}}