{"NTK": {"KOB": 102.31139869223674, "KWT": 85.27515576616135}}