{"NTK": {"KOB": 119.04928511335518, "KWT": 85.54301245560757}}