{"NTK": {"KOB": 105.27329966203031, "KWT": 82.58578231212485}}