{"NTK": {"KOB": 89.11598289126377, "KWT": 90.32718043169136}}