{"NTK": {"KOB": 78.84672681779232, "KWT": 104.27623481868295}}