{"NTK": {"KOB": 79.88993347523638, "KWT": 98.55878657485519}}