{"NTK": {"KOB": 109.76927846942394, "KWT": 102.05020657899348}}