{"NTK": {"KOB": 91.24662391422896, "KWT": 102.92119108319926}}