{"NTK": {"KOB": 113.1538490875217, "KWT": 100.39594910624037}}