{"NTK": {"KOB": 85.10094012771273, "KWT": 109.7909298717625}}