{"NTK": {"KOB": 111.14645373752667, "KWT": 116.36112868583132}}