{"NTK": {"KOB": 95.6425001157502, "KWT": 85.49327825975867}}