{"NTK": {"KOB": 83.91818700524911, "KWT": 85.08450383874249}}