{"NTK": {"KOB": 97.01359802293628, "KWT": 98.88943985027137}}