{"NTK": {"KOB": 121.25794815790468, "KWT": 99.04828529060876}}