{"NTK": {"KOB": 90.75052190161006, "KWT": 93.96646308123272}}