{"NTK": {"KOB": 117.35985262422864, "KWT": 97.66433062576235}}