{"NTK": {"KOB": 103.64386909631578, "KWT": 112.91820705356879}}