{"OCP": {"WCH": 128.22047330313688, "ADM": 287.63195481798437}}