{"OCP": {"WCH": 121.75544603377709, "ADM": 287.6909845930278}}