{"OCP": {"WCH": 128.13623265650364, "ADM": 287.63195481798437}}