{"OCP": {"WCH": 127.07391548021921, "ADM": 287.63195481798437}}