{"OCP": {"WCH": 129.3087619189119, "ADM": 287.63195481798437}}