{"OCP": {"WCH": 128.21579130591152, "ADM": 287.6909845930278}}