{"OCP": {"WCH": 123.27337088851911, "ADM": 287.63195481798437}}