{"OCP": {"WCH": 120.20364695157953, "ADM": 287.63195481798437}}