{"OCP": {"WCH": 124.14552263157107, "ADM": 287.63195481798437}}