{"OCP": {"WCH": 129.2962553713807, "ADM": 287.63195481798437}}