{"OCP": {"WCH": 133.2383953234647, "ADM": 287.63195481798437}}