{"OCP": {"WCH": 129.16666862311203, "ADM": 287.63197665832104}}