{"OCP": {"WCH": 130.39163233035706, "ADM": 287.6909845930278}}