{"OCP": {"WCH": 131.81986833909758, "ADM": 287.63195481798437}}