{"OCP": {"WCH": 124.84274990169835, "ADM": 287.63195481798437}}