{"OCP": {"WCH": 132.4157825500855, "ADM": 287.63195481798437}}