{"OCP": {"WCH": 129.7536338789795, "ADM": 287.6909845930278}}