{"OCP": {"WCH": 126.95750294468007, "ADM": 287.63195481798437}}