{"OCP": {"WCH": 122.56343395431296, "ADM": 287.63195481798437}}