{"OCP": {"WCH": 116.90709055888166, "ADM": 287.63195481798437}}