{"OCP": {"WCH": 131.60991194345755, "ADM": 287.63195481798437}}