{"OCP": {"WCH": 127.77120582159668, "ADM": 287.6909845930278}}