{"OCP": {"WCH": 127.25226409551779, "ADM": 287.63195481798437}}