{"OCP": {"WCH": 120.66959596834647, "ADM": 287.63195481798437}}