{"OCP": {"WCH": 120.93300859332302, "ADM": 287.6909845930278}}