{"OCP": {"WCH": 128.35637734063593, "ADM": 287.63195481798437}}