{"OCP": {"WCH": 127.36401262371473, "ADM": 287.63195481798437}}