{"OCP": {"WCH": 121.383556481968, "ADM": 287.6909845930278}}