{"OCP": {"WCH": 129.49609371846202, "ADM": 287.63195481798437}}