{"OCP": {"WCH": 124.31545030745413, "ADM": 287.6909845930278}}