{"OCP": {"WCH": 126.62187251616993, "ADM": 287.6319548179853}}