{"OCP": {"WCH": 120.11996360937715, "ADM": 287.6909845930278}}