{"OCP": {"WCH": 127.51238968451193, "ADM": 287.6909845930278}}