{"OCP": {"WCH": 127.14794327014638, "ADM": 287.63195481798437}}