{"OCP": {"WCH": 122.42069176164553, "ADM": 287.63195481798437}}