{"OCP": {"WCH": 130.56904295998422, "ADM": 287.63195481798437}}