{"OCP": {"WCH": 120.10700034616926, "ADM": 287.6909845930278}}