{"OCP": {"WCH": 131.29536116120033, "ADM": 287.63195481798437}}