{"OCP": {"WCH": 121.44353123281576, "ADM": 287.63195481798437}}