{"OCP": {"WCH": 128.14483847880143, "ADM": 287.6909845930278}}