{"OCP": {"WCH": 121.9833711530523, "ADM": 287.6909845930278}}