{"OCP": {"WCH": 130.5605245640361, "ADM": 287.63195481798437}}