{"OCP": {"WCH": 122.23264839452543, "ADM": 287.63195481798437}}