{"OCP": {"WCH": 127.83672490162044, "ADM": 287.63195481798437}}