{"OCP": {"WCH": 130.71227247371417, "ADM": 287.6909845930278}}