{"OCP": {"WCH": 129.8648496396681, "ADM": 287.6909845930278}}