{"OCP": {"WCH": 124.30000829590945, "ADM": 287.6909845930278}}