{"OCP": {"WCH": 120.24708429423961, "ADM": 287.63195481798437}}