{"OCP": {"WCH": 128.94694712903265, "ADM": 287.6909845930278}}