{"OCP": {"WCH": 124.79309743507899, "ADM": 287.63195481798437}}