{"OCP": {"WCH": 130.9869423645853, "ADM": 287.6909845930278}}