{"OCP": {"WCH": 130.0408106715246, "ADM": 287.6909845930278}}