{"OCP": {"WCH": 129.4875009315996, "ADM": 287.63195481798437}}