{"OCP": {"WCH": 122.67600310105168, "ADM": 287.6909845930278}}