{"OCP": {"WCH": 117.04735616141905, "ADM": 287.63195481798437}}