{"OCP": {"WCH": 125.58217537793428, "ADM": 287.63195481798437}}