{"OCP": {"WCH": 123.24970582325916, "ADM": 287.63195481798437}}