{"OCP": {"WCH": 124.97007259729389, "ADM": 287.63195481798437}}