{"OCP": {"WCH": 126.62187251616993, "ADM": 287.63195481798556}}