{"OCP": {"WCH": 126.20115071606074, "ADM": 287.6909845930278}}