{"OCP": {"WCH": 121.05497515627705, "ADM": 287.6909845930278}}