{"OCP": {"WCH": 117.25579302980111, "ADM": 287.63195481798437}}