{"OCP": {"WCH": 131.62565561684502, "ADM": 287.63195481798437}}