{"OCP": {"WCH": 128.8734330943921, "ADM": 287.63195481798437}}