{"OCP": {"WCH": 122.09047484419617, "ADM": 287.63195481798437}}