{"OCP": {"WCH": 136.5380820296132, "ADM": 287.63195481798437}}