{"OCP": {"WCH": 123.49967313695463, "ADM": 287.63195481798437}}