{"OCP": {"WCH": 126.30687415678287, "ADM": 287.6909845930278}}