{"OLY": {"NAC": 93.07729441841968, "KOW": 121.82868609035276}}