{"OLY": {"NAC": 100.69950582605765, "KOW": 121.76470215836767}}