{"OLY": {"NAC": 84.69232855207346, "KOW": 121.76470215836767}}