{"OLY": {"NAC": 121.76884390362655, "KOW": 121.76470215836767}}