{"OLY": {"NAC": 103.16945311661368, "KOW": 121.82868609035276}}