{"OLY": {"NAC": 102.61559298750777, "KOW": 121.76470215836767}}