{"OLY": {"NAC": 119.7741823031303, "KOW": 121.82868609035276}}