{"OLY": {"NAC": 98.25618304127548, "KOW": 121.82868609035276}}