{"OLY": {"NAC": 105.64196803841969, "KOW": 121.76470215836767}}