{"OLY": {"NAC": 89.31096738954336, "KOW": 121.76470215836767}}