{"OLY": {"NAC": 100.68941056194657, "KOW": 121.76470223041142}}