{"OLY": {"NAC": 121.10471276682347, "KOW": 121.76470215836767}}