{"OLY": {"NAC": 109.43293157429348, "KOW": 121.76470215836767}}