{"OLY": {"NAC": 92.13373367311995, "KOW": 121.76470215836767}}