{"OLY": {"NAC": 108.72778242157774, "KOW": 121.76470215836767}}