{"OLY": {"NAC": 108.9560189918553, "KOW": 121.82868609035276}}