{"OLY": {"NAC": 116.23364319465198, "KOW": 121.76470215848403}}