{"OLY": {"NAC": 106.74188636208594, "KOW": 121.76470215836767}}