{"OLY": {"NAC": 95.17681286792515, "KOW": 121.82868609035276}}