{"OLY": {"NAC": 121.57503350367006, "KOW": 121.76470215836767}}