{"OLY": {"NAC": 96.33322649474552, "KOW": 121.76470215836767}}