{"OLY": {"NAC": 92.07716385685579, "KOW": 121.82868609035276}}