{"OLY": {"NAC": 89.89669760770589, "KOW": 121.82868609035276}}