{"OLY": {"NAC": 113.14950376147799, "KOW": 121.76470215836767}}