{"OLY": {"NAC": 101.31657824453123, "KOW": 121.76470215836767}}