{"OLY": {"NAC": 96.8836785086375, "KOW": 121.76539160210496}}