{"OLY": {"NAC": 117.76784316781061, "KOW": 121.82868609035276}}