{"OLY": {"NAC": 118.40751140056966, "KOW": 121.82868609035276}}