{"OLY": {"NAC": 100.97293153297429, "KOW": 121.82868609035276}}