{"OLY": {"NAC": 107.30515392481934, "KOW": 121.76648173316286}}