{"OLY": {"NAC": 108.13894510328105, "KOW": 121.76470215836767}}