{"OLY": {"NAC": 109.59693455934799, "KOW": 121.82868609035276}}