{"OLY": {"NAC": 82.15617781388377, "KOW": 121.76470215836767}}