{"OLY": {"NAC": 85.75580488557631, "KOW": 121.82868609035276}}