{"OLY": {"NAC": 107.69110853260004, "KOW": 121.7647021590662}}