{"OLY": {"NAC": 104.18119102783335, "KOW": 121.82868609035276}}