{"OLY": {"NAC": 113.14186040726797, "KOW": 121.76470215836767}}