{"OLY": {"NAC": 109.34404708307666, "KOW": 121.76470215836767}}