{"OLY": {"NAC": 102.39897329472024, "KOW": 121.76470215836767}}