{"OLY": {"NAC": 108.6093271100523, "KOW": 121.82868609035276}}