{"OLY": {"NAC": 100.89591639440077, "KOW": 121.82868609035276}}