{"OLY": {"NAC": 92.87248607313612, "KOW": 121.76470215836767}}