{"OLY": {"NAC": 103.00219946322814, "KOW": 121.82868609035276}}