{"OLY": {"NAC": 106.10004294767418, "KOW": 121.82868609035276}}