{"OLY": {"NAC": 91.96770765317899, "KOW": 121.76470215836767}}