{"OLY": {"NAC": 125.80830752027722, "KOW": 121.82868609035276}}