{"OLY": {"NAC": 123.08737889898198, "KOW": 121.82868609035276}}