{"OLY": {"NAC": 112.87135177291707, "KOW": 121.76470215836767}}