{"OLY": {"NAC": 106.1661134670499, "KOW": 121.76470215836767}}