{"OLY": {"NAC": 119.6271746132085, "KOW": 121.76470215836767}}