{"OLY": {"NAC": 122.09708766553554, "KOW": 121.82868609035276}}