{"OLY": {"NAC": 105.77942886622199, "KOW": 121.82868609035276}}