{"OLY": {"NAC": 105.94296223413733, "KOW": 121.76470215838171}}