{"OLY": {"NAC": 110.44744832377016, "KOW": 121.76470215836767}}