{"PRE": {"SSP": 126.49023980381935, "SKM": 114.33960983028791, "MOK": 115.4183445342242}}