{"PRE": {"SSP": 90.87208596131443, "SKM": 102.63759514312206, "MOK": 107.81501980520844}}