{"PRE": {"SSP": 116.04008762082819, "SKM": 111.97838368766274, "MOK": 97.90542645396235}}