{"PRE": {"SSP": 119.2467335680536, "SKM": 122.79086532757779, "MOK": 94.93385703123798}}