{"PRE": {"SSP": 126.4668297728106, "SKM": 106.07966604218318, "MOK": 105.65201858958797}}