{"PRE": {"SSP": 95.10966690493096, "SKM": 116.60760591233945, "MOK": 79.77659576798388}}