{"PRE": {"SSP": 120.90876858864249, "SKM": 99.67832755316876, "MOK": 104.73244842245886}}