{"PRE": {"SSP": 89.81951188641015, "SKM": 110.05106149895389, "MOK": 95.6867736554386}}