{"PRE": {"SSP": 135.2483619385236, "SKM": 113.61968869279512, "MOK": 106.49817811755807}}