{"PRE": {"SSP": 123.38420409995679, "SKM": 127.0960009007429, "MOK": 107.06922571920104}}