{"PRE": {"SSP": 118.4690622702147, "SKM": 94.81453826842474, "MOK": 102.08929775229103}}