{"PRE": {"SSP": 101.62115415763527, "SKM": 116.66005663186301, "MOK": 91.41740110312206}}