{"PRE": {"SSP": 111.26195132487237, "SKM": 75.53788445759452, "MOK": 66.84340210693492}}