{"PRE": {"SSP": 116.04209929286885, "SKM": 96.99968672345821, "MOK": 98.37417890804397}}