{"PRE": {"SSP": 120.78366300026876, "SKM": 123.09609111437787, "MOK": 112.56390395094202}}