{"PRE": {"SSP": 92.3500061332588, "SKM": 107.0739186302654, "MOK": 98.30379045012576}}