{"PRE": {"SSP": 111.9438728621275, "SKM": 103.08958567205806, "MOK": 117.27547130274142}}