{"PRE": {"SSP": 114.03470520106225, "SKM": 100.33884316025322, "MOK": 93.89259867304554}}