{"PRE": {"SSP": 81.39597654997388, "SKM": 112.39568040289502, "MOK": 68.36519517708182}}