{"PRE": {"SSP": 99.79202261643812, "SKM": 96.79858144190679, "MOK": 72.65739210779968}}