{"PRE": {"SSP": 95.10966690493096, "SKM": 114.35611236260551, "MOK": 75.67480959010354}}