{"PRE": {"SSP": 121.9234607398289, "SKM": 114.85631983927867, "MOK": 99.61812053841093}}