{"PRE": {"SSP": 100.4033252410788, "SKM": 119.9406777513429, "MOK": 92.44545466292986}}