{"PRE": {"SSP": 129.28108431286205, "SKM": 98.9160689074432, "MOK": 83.52562847819347}}