{"PRE": {"SSP": 107.937536121628, "SKM": 73.91807821198542, "MOK": 102.91684092785786}}