{"PRE": {"SSP": 89.73949976801308, "SKM": 113.49332919204558, "MOK": 111.12198364229653}}