{"PRE": {"SSP": 119.03773599552373, "SKM": 105.80957040255002, "MOK": 89.67068598184092}}