{"PRE": {"SSP": 122.64326135114588, "SKM": 110.32694315084453, "MOK": 107.34679554497284}}