{"PRE": {"SSP": 116.53993924282449, "SKM": 116.66005663186301, "MOK": 98.18216124138937}}