{"PRE": {"SSP": 85.11225405515714, "SKM": 105.08797017766472, "MOK": 99.38346363503051}}