{"PRE": {"SSP": 119.63047707635596, "SKM": 106.47867818712106, "MOK": 84.41775485455965}}