{"PRE": {"SSP": 100.37997805676721, "SKM": 110.92296711328035, "MOK": 76.99162401599294}}