{"PRE": {"SSP": 118.28734652761352, "SKM": 98.3663574352696, "MOK": 93.86047074518486}}