{"PRE": {"SSP": 95.35733133473902, "SKM": 112.30662872323487, "MOK": 114.39483450734853}}