{"PRE": {"SSP": 105.1231582203148, "SKM": 93.16970232327338, "MOK": 73.33106901636941}}