{"PRE": {"SSP": 127.1120415131436, "SKM": 101.18336285882764, "MOK": 110.17265109973523}}