{"PRE": {"SSP": 118.43844272247327, "SKM": 106.34093040936177, "MOK": 109.73987376826054}}