{"PRE": {"SSP": 95.10966690493096, "SKM": 117.70845101371049, "MOK": 81.30732863109318}}