{"PRE": {"SSP": 132.48439544657643, "SKM": 102.19149366753948, "MOK": 94.52282696646448}}