{"PRE": {"SSP": 103.3222362353669, "SKM": 101.61645206592888, "MOK": 108.51670994029978}}