{"PRE": {"SSP": 96.21335846270901, "SKM": 86.49562786451273, "MOK": 95.24554540771167}}