{"PRE": {"SSP": 118.45662029203667, "SKM": 102.01606399603476, "MOK": 103.5899729256785}}