{"PRE": {"SSP": 113.95754448745348, "SKM": 125.36750632638753, "MOK": 111.51369287152211}}