{"PRE": {"SSP": 120.78366300026876, "SKM": 124.78783380264608, "MOK": 114.50751355584782}}