{"PRE": {"SSP": 128.82850854232922, "SKM": 98.2522290066194, "MOK": 90.0569464244996}}