{"PRE": {"SSP": 127.78180413721714, "SKM": 109.02628128462811, "MOK": 101.56394511725043}}