{"PRE": {"SSP": 123.78709379059588, "SKM": 107.54992851200136, "MOK": 78.58584679979201}}