{"PRE": {"SSP": 113.01022522975067, "SKM": 87.46977599742404, "MOK": 101.83507537117328}}