{"PRE": {"SSP": 132.02092111968975, "SKM": 95.93170860536448, "MOK": 57.583164209169965}}