{"PRE": {"SSP": 97.91038726101577, "SKM": 79.5476049699287, "MOK": 99.96562980796338}}