{"PRE": {"SSP": 107.21995982380054, "SKM": 102.28872811967534, "MOK": 87.3361684736}}