{"PRE": {"SSP": 103.9595594163815, "SKM": 86.7636393595415, "MOK": 118.28427907982814}}