{"PRE": {"SSP": 117.56552207313231, "SKM": 95.2102101577245, "MOK": 89.22320111710079}}