{"PRE": {"SSP": 101.08377389903542, "SKM": 113.91181249453545, "MOK": 101.56669690622721}}