{"PRE": {"SSP": 125.47329032719593, "SKM": 123.62814538014331, "MOK": 120.18135018095916}}