{"PRE": {"SSP": 98.99250496793964, "SKM": 91.25688668146348, "MOK": 104.87431935354041}}