{"PRE": {"SSP": 118.25608564039551, "SKM": 99.43447168812521, "MOK": 103.41269527374436}}