{"PRE": {"SSP": 104.8750249354714, "SKM": 102.77231038966268, "MOK": 76.3915846316198}}