{"PRE": {"SSP": 96.30442253502856, "SKM": 106.07567929094941, "MOK": 106.27274833196316}}