{"PRE": {"SSP": 109.73392513772191, "SKM": 108.84769574922977, "MOK": 99.16518652963221}}