{"PRE": {"SSP": 85.11225405515714, "SKM": 105.79917315989823, "MOK": 105.5806055443747}}