{"PRE": {"SSP": 112.17312663493249, "SKM": 100.4017125886165, "MOK": 97.08983487295242}}