{"PRE": {"SSP": 107.97821965174698, "SKM": 101.64545646985295, "MOK": 106.38490740070026}}