{"PRE": {"SSP": 109.287243127269, "SKM": 71.87462378379519, "MOK": 104.03459200261668}}