{"PRE": {"SSP": 90.86023257429532, "SKM": 100.4017125886165, "MOK": 97.08983487295242}}