{"QUB": {"TAK": 99.93314082473117, "YAT": 249.64280689646404, "NOP": 89.42371691355225}}