{"QUB": {"TAK": 85.76153434681163, "YAT": 249.64280689646404, "NOP": 123.57025600349678}}