{"QUB": {"TAK": 111.06201386390853, "YAT": 249.670485416899, "NOP": 89.1383393733475}}