{"QUB": {"TAK": 103.52128272717277, "YAT": 249.64280689646404, "NOP": 115.81474158267982}}