{"QUB": {"TAK": 91.09844977099263, "YAT": 249.64280689646404, "NOP": 112.5266177181185}}