{"QUB": {"TAK": 107.20215458451989, "YAT": 249.64280689646404, "NOP": 129.63899389610415}}