{"QUB": {"TAK": 97.69316347954648, "YAT": 249.64280689646404, "NOP": 105.3781403841568}}