{"QUB": {"TAK": 103.40590885004785, "YAT": 249.64280689646404, "NOP": 115.1762837677448}}