{"QUB": {"TAK": 92.95453042452658, "YAT": 249.670485416899, "NOP": 107.0532372522767}}