{"QUB": {"TAK": 96.0589955256012, "YAT": 249.64280689646404, "NOP": 115.10713271076648}}