{"QUB": {"TAK": 80.27066911680089, "YAT": 249.670485416899, "NOP": 117.25622138487378}}