{"QUB": {"TAK": 89.63529525416473, "YAT": 249.64280689646404, "NOP": 92.36178405041414}}