{"QUB": {"TAK": 96.66468345745497, "YAT": 249.670485416899, "NOP": 114.9577450394097}}