{"QUB": {"TAK": 93.8759565104755, "YAT": 249.6428071271711, "NOP": 125.31141873462632}}