{"QUB": {"TAK": 103.30496002332214, "YAT": 249.670485416899, "NOP": 98.16046775674883}}