{"QUB": {"TAK": 108.83878616853876, "YAT": 249.64280689646404, "NOP": 106.33382698008154}}