{"QUB": {"TAK": 99.33676939794212, "YAT": 249.64617195838227, "NOP": 117.37578935980437}}