{"QUB": {"TAK": 101.05584608417496, "YAT": 249.64280689646404, "NOP": 123.59967804792294}}