{"QUB": {"TAK": 104.70184733304787, "YAT": 249.64281011011462, "NOP": 123.62924380607174}}