{"QUB": {"TAK": 79.12757229613663, "YAT": 249.64280691486638, "NOP": 119.49389001537372}}