{"QUB": {"TAK": 104.5337888381458, "YAT": 249.64280689646404, "NOP": 106.03370120002323}}