{"QUB": {"TAK": 83.39356743124807, "YAT": 249.64280689646404, "NOP": 109.18199995449785}}