{"QUB": {"TAK": 85.80240899328291, "YAT": 249.670485416899, "NOP": 104.46727787356049}}