{"QUB": {"TAK": 81.3249330757478, "YAT": 249.64280689646404, "NOP": 85.1877861866929}}