{"QUB": {"TAK": 86.0524733788588, "YAT": 249.670485416899, "NOP": 104.78422259209279}}