{"QUB": {"TAK": 109.6534167965164, "YAT": 249.64280689646404, "NOP": 120.96778745908011}}