{"QUB": {"TAK": 103.52128272717277, "YAT": 249.64280689646404, "NOP": 103.2445811919786}}