{"QUB": {"TAK": 97.90322277172245, "YAT": 249.670485416899, "NOP": 100.89252423245992}}