{"QUB": {"TAK": 94.16242435865509, "YAT": 249.64280689646404, "NOP": 107.42654962956935}}