{"QUB": {"TAK": 110.528729506947, "YAT": 249.670485416899, "NOP": 111.77533797650725}}