{"QUB": {"TAK": 90.32986278445259, "YAT": 249.64280689646404, "NOP": 108.28728668274145}}