{"QUB": {"TAK": 96.83876593557603, "YAT": 249.64280689646404, "NOP": 126.16342114036986}}