{"QUB": {"TAK": 97.9837511447461, "YAT": 249.64280689646404, "NOP": 125.58677167743471}}