{"QUB": {"TAK": 97.05223900900994, "YAT": 249.64280689646404, "NOP": 106.75808722450981}}