{"QUB": {"TAK": 99.05280031764778, "YAT": 249.670485416899, "NOP": 88.58941781432563}}