{"QUB": {"TAK": 104.5337888381458, "YAT": 249.64280689646404, "NOP": 108.72742917315279}}