{"QUB": {"TAK": 91.57392087934389, "YAT": 249.670485416899, "NOP": 124.42286011095709}}