{"QUB": {"TAK": 67.88392497382377, "YAT": 249.64280689646404, "NOP": 125.55371344168134}}