{"QUB": {"TAK": 91.6949839861041, "YAT": 249.670485416899, "NOP": 102.75253097062276}}