{"QUB": {"TAK": 99.16475275125552, "YAT": 249.64280689646404, "NOP": 127.29685826435332}}