{"QUB": {"TAK": 98.92133456967575, "YAT": 249.64280689646404, "NOP": 114.57779144853052}}