{"QUB": {"TAK": 109.29072080426386, "YAT": 249.64280689646404, "NOP": 120.92325336647984}}