{"QUB": {"TAK": 98.72711365659205, "YAT": 249.64280689646404, "NOP": 115.02002052013094}}