{"SHT": {"TAW": 121.27655149573452, "FOT": 155.94739801142072}, "SHS": {"LOW": 261.7549324732443, "LMC": 525.251614437618, "FAN": 125.75902684573347}, "SHM": {"CIO": 110.25855203996957, "TSH": 216.38984212830445}, "SHW": {"SYP": 107.94697731354711, "CEN": 71.99352776250342}}