{"SHT": {"TAW": 117.25196291612357, "FOT": 155.98726948978157}, "SHS": {"LOW": 261.7527207161594, "LMC": 525.2461667274767, "FAN": 125.729642875841}, "SHM": {"CIO": 105.87400020368545, "TSH": 216.41829374487816}, "SHW": {"SYP": 112.73685739967671, "CEN": 74.09212134445737}}