{"SHT": {"TAW": 137.63812274408244, "FOT": 155.94739801142072}, "SHS": {"LOW": 261.75493247375664, "LMC": 525.2516144376989, "FAN": 125.75902684573347}, "SHM": {"CIO": 107.05755383989094, "TSH": 216.38983882450898}, "SHW": {"SYP": 100.31280178076535, "CEN": 106.79187208228237}}