{"SHT": {"TAW": 118.24550918468249, "FOT": 155.98726948978157}, "SHS": {"LOW": 261.7527207161594, "LMC": 525.2461667274767, "FAN": 125.729642875841}, "SHM": {"CIO": 109.98112723342305, "TSH": 216.41829374487816}, "SHW": {"SYP": 120.83129639884207, "CEN": 114.36476881445488}}