{"SHT": {"TAW": 124.4871012487027, "FOT": 155.94739804778467}, "SHS": {"LOW": 261.7549168374038, "LMC": 525.2516086570439, "FAN": 125.75902627676416}, "SHM": {"CIO": 112.7291625061609, "TSH": 216.3903061454499}, "SHW": {"SYP": 104.88535901984388, "CEN": 80.75143679461587}}