{"SHT": {"TAW": 140.66834843424016, "FOT": 155.98726948978157}, "SHS": {"LOW": 261.7527207161594, "LMC": 525.2461667274767, "FAN": 125.729642875841}, "SHM": {"CIO": 110.66939445558576, "TSH": 216.41829374487816}, "SHW": {"SYP": 130.20146020980727, "CEN": 117.56980867295465}}