{"SHT": {"TAW": 140.93800965454528, "FOT": 155.98726948978157}, "SHS": {"LOW": 261.7527207161594, "LMC": 525.2461667274767, "FAN": 125.729642875841}, "SHM": {"CIO": 107.76271305907267, "TSH": 216.41829374487816}, "SHW": {"SYP": 122.64801507475586, "CEN": 115.44040510352269}}