{"SHT": {"TAW": 125.27716155980052, "FOT": 155.94739801142072}, "SHS": {"LOW": 261.75493247375664, "LMC": 525.2516144376989, "FAN": 125.75902684573347}, "SHM": {"CIO": 101.0524579585685, "TSH": 216.38983882450898}, "SHW": {"SYP": 121.62061932752712, "CEN": 115.14681907757617}}