{"SHT": {"TAW": 108.98169304808482, "FOT": 155.9474043616676}, "SHS": {"LOW": 261.75487095849917, "LMC": 525.2515492149062, "FAN": 125.75897932276673}, "SHM": {"CIO": 108.10405294326324, "TSH": 216.39410975540403}, "SHW": {"SYP": 139.2174350646346, "CEN": 111.56488971285928}}