{"SHT": {"TAW": 140.60117683690865, "FOT": 155.98726948978157}, "SHS": {"LOW": 261.7527207161594, "LMC": 525.2461667274767, "FAN": 125.729642875841}, "SHM": {"CIO": 117.46786247657614, "TSH": 216.41829374487816}, "SHW": {"SYP": 119.31307353044933, "CEN": 96.93446332322584}}