{"SHT": {"TAW": 163.00115374564956, "FOT": 155.94739801142305}, "SHS": {"LOW": 261.7549323742678, "LMC": 525.2516143754116, "FAN": 125.75902684568011}, "SHM": {"CIO": 115.40958990652386, "TSH": 216.3898956398254}, "SHW": {"SYP": 119.65930218671227, "CEN": 96.51132502592459}}