{"SHT": {"TAW": 133.09164501029414, "FOT": 155.98726948978157}, "SHS": {"LOW": 261.7527207161594, "LMC": 525.2461667274767, "FAN": 125.729642875841}, "SHM": {"CIO": 106.2024550100272, "TSH": 216.41829374487816}, "SHW": {"SYP": 129.78144023928908, "CEN": 121.48039052258393}}