{"SHT": {"TAW": 154.43200479276825, "FOT": 155.9473980115435}, "SHS": {"LOW": 261.7549315645072, "LMC": 525.2516140227076, "FAN": 125.75902684335843}, "SHM": {"CIO": 113.89074820322757, "TSH": 216.38993504174636}, "SHW": {"SYP": 108.51127819110317, "CEN": 118.13482807650917}}