{"SHT": {"TAW": 121.00967844917457, "FOT": 155.94739801142072}, "SHS": {"LOW": 261.75493247375664, "LMC": 525.2516144376989, "FAN": 125.75902684573347}, "SHM": {"CIO": 108.51602540244701, "TSH": 216.38983882450898}, "SHW": {"SYP": 120.67822117985403, "CEN": 94.8026967816065}}