{"SHT": {"TAW": 126.08989820900463, "FOT": 155.98726948978157}, "SHS": {"LOW": 261.7527207161594, "LMC": 525.2461667274767, "FAN": 125.729642875841}, "SHM": {"CIO": 108.0426985369315, "TSH": 216.41829374487816}, "SHW": {"SYP": 126.6382666650783, "CEN": 112.40529868272765}}