{"SHT": {"TAW": 173.67957711441153, "FOT": 155.94739801142072}, "SHS": {"LOW": 261.75493247375664, "LMC": 525.2516144376989, "FAN": 125.75902684573347}, "SHM": {"CIO": 117.81077220178614, "TSH": 216.38983889893797}, "SHW": {"SYP": 116.2634818265727, "CEN": 98.9654682409638}}