{"SHT": {"TAW": 139.01505118140307, "FOT": 155.98726948978157}, "SHS": {"LOW": 261.7527207161594, "LMC": 525.2461667274767, "FAN": 125.729642875841}, "SHM": {"CIO": 105.94084158813314, "TSH": 216.41829374487816}, "SHW": {"SYP": 119.47049402621903, "CEN": 95.76084289981108}}