{"SHT": {"TAW": 130.57056066317634, "FOT": 155.98726948978157}, "SHS": {"LOW": 261.7527207161594, "LMC": 525.2461667274767, "FAN": 125.729642875841}, "SHM": {"CIO": 116.11195355191732, "TSH": 216.41829374487816}, "SHW": {"SYP": 97.1782321654905, "CEN": 112.8986479921612}}