{"SHT": {"TAW": 139.1214701281289, "FOT": 155.94739801142072}, "SHS": {"LOW": 261.75493247375664, "LMC": 525.2516144376989, "FAN": 125.75902684573347}, "SHM": {"CIO": 104.33453505741495, "TSH": 216.38983882450898}, "SHW": {"SYP": 144.92791603119846, "CEN": 103.874286844479}}