{"SHT": {"TAW": 106.01243012318312, "FOT": 155.94739801142072}, "SHS": {"LOW": 261.75493247375664, "LMC": 525.2516144376989, "FAN": 125.75902684573347}, "SHM": {"CIO": 101.0524579585685, "TSH": 216.38983882450898}, "SHW": {"SYP": 122.02422139200878, "CEN": 113.04051737972368}}