{"SHT": {"TAW": 107.03082922227046, "FOT": 155.94739801142072}, "SHS": {"LOW": 261.75493247375664, "LMC": 525.2516144376989, "FAN": 125.75902684573347}, "SHM": {"CIO": 118.94410876862385, "TSH": 216.38983882450898}, "SHW": {"SYP": 120.17872872144889, "CEN": 87.8215359677237}}