{"SHT": {"TAW": 97.5016569333982, "FOT": 155.98726948978157}, "SHS": {"LOW": 261.7527207161594, "LMC": 525.2461667274767, "FAN": 125.729642875841}, "SHM": {"CIO": 103.8781666079412, "TSH": 216.41829374487816}, "SHW": {"SYP": 145.1205063353138, "CEN": 101.83440975159394}}