{"SHT": {"TAW": 114.33000032144142, "FOT": 155.94739801142072}, "SHS": {"LOW": 261.75493247375664, "LMC": 525.2516144376989, "FAN": 125.75902684573347}, "SHM": {"CIO": 109.94225529232679, "TSH": 216.38983882450898}, "SHW": {"SYP": 128.3647702643736, "CEN": 93.85389972047058}}