{"SHT": {"TAW": 125.04809680882654, "FOT": 155.94739801142072}, "SHS": {"LOW": 261.75493247375664, "LMC": 525.2516144376989, "FAN": 125.75902684573347}, "SHM": {"CIO": 121.9618234053285, "TSH": 216.38983882450898}, "SHW": {"SYP": 130.3828497318476, "CEN": 95.38538848921195}}