{"SHT": {"TAW": 184.91892388214228, "FOT": 155.94739801153122}, "SHS": {"LOW": 261.7549315645072, "LMC": 525.2516140227076, "FAN": 125.75902684380969}, "SHM": {"CIO": 117.74950604461435, "TSH": 216.38993504174636}, "SHW": {"SYP": 109.65015037199286, "CEN": 118.13482807650917}}