{"SHT": {"TAW": 116.57149547381775, "FOT": 155.98726948978157}, "SHS": {"LOW": 261.7527207161594, "LMC": 525.2461667274767, "FAN": 125.729642875841}, "SHM": {"CIO": 118.35438698612754, "TSH": 216.41829374487816}, "SHW": {"SYP": 126.60955946435328, "CEN": 119.74544511008239}}