{"SHT": {"TAW": 133.34702213392163, "FOT": 155.98726948978157}, "SHS": {"LOW": 261.7527207161594, "LMC": 525.2461667274767, "FAN": 125.729642875841}, "SHM": {"CIO": 121.7608897057764, "TSH": 216.41829374487816}, "SHW": {"SYP": 113.55472467775935, "CEN": 92.63127216300215}}