{"SHT": {"TAW": 128.8669509150845, "FOT": 155.94739801142072}, "SHS": {"LOW": 261.75493247375664, "LMC": 525.2516144376989, "FAN": 125.75902684573347}, "SHM": {"CIO": 123.87109450306284, "TSH": 216.3898388245134}, "SHW": {"SYP": 131.32306377850787, "CEN": 117.9311526679838}}