{"SHT": {"TAW": 125.34364926233187, "FOT": 155.94739801142072}, "SHS": {"LOW": 261.75493247375664, "LMC": 525.2516144376989, "FAN": 125.75902684573347}, "SHM": {"CIO": 110.20496963265062, "TSH": 216.38983882450898}, "SHW": {"SYP": 136.34119531585637, "CEN": 93.41073676741544}}