{"SHT": {"TAW": 123.43397218477976, "FOT": 155.94739801142072}, "SHS": {"LOW": 261.7549324690709, "LMC": 525.2516144355607, "FAN": 125.75902684573347}, "SHM": {"CIO": 128.53701589947494, "TSH": 216.38984649941554}, "SHW": {"SYP": 136.25023060651714, "CEN": 80.84159598189007}}