{"SHT": {"TAW": 146.85671409146101, "FOT": 155.94739801142072}, "SHS": {"LOW": 261.75493247375664, "LMC": 525.2516144376989, "FAN": 125.75902684573347}, "SHM": {"CIO": 119.47558654748089, "TSH": 216.38983882451126}, "SHW": {"SYP": 122.55676214507903, "CEN": 113.61306003452337}}