{"SHT": {"TAW": 166.4589214617964, "FOT": 155.94739801142632}, "SHS": {"LOW": 261.7549322657498, "LMC": 525.2516143427629, "FAN": 125.75902684566022}, "SHM": {"CIO": 120.65509989613763, "TSH": 216.38990195263835}, "SHW": {"SYP": 132.95478020745807, "CEN": 96.33496916780813}}