{"SHT": {"TAW": 92.35287759431876, "FOT": 155.94739801584154}, "SHS": {"LOW": 261.7549292543706, "LMC": 525.2516126236685, "FAN": 125.75902674030242}, "SHM": {"CIO": 117.95155946699131, "TSH": 216.39003999085048}, "SHW": {"SYP": 101.45300464762764, "CEN": 91.52879022218042}}