{"SIH": {"TIS": 389.37996923715644, "TUM": 154.4576016339195}}