{"SIH": {"TIS": 389.39081043024225, "TUM": 154.4520165062308}}