{"SIH": {"TIS": 389.37715842551864, "TUM": 154.45979988816413}}