{"SIH": {"TIS": 389.4368347083126, "TUM": 154.42917913446357}}