{"SIH": {"TIS": 389.39401275678944, "TUM": 154.44912309398626}}