{"SIH": {"TIS": 389.3771584074351, "TUM": 154.45979989183172}}