{"SIH": {"TIS": 389.408872840031, "TUM": 154.44352676596438}}