{"SIH": {"TIS": 389.3771584071277, "TUM": 154.45979989183172}}