{"SIH": {"TIS": 389.3772549215773, "TUM": 154.45977857380788}}