{"SIH": {"TIS": 389.37715840655744, "TUM": 154.4597998919334}}