{"SIH": {"TIS": 389.37767925912897, "TUM": 154.459642079436}}