{"SIH": {"TIS": 389.3771856652381, "TUM": 154.4597970121736}}