{"SIH": {"TIS": 389.3771584462183, "TUM": 154.4597998811171}}