{"SIH": {"TIS": 389.3771596904609, "TUM": 154.45979968519907}}