{"SKW": {"HFC": 139.6605641962325, "SWH": 110.70748959131508}, "SKM": {"KOT": 149.49196153209044, "PRE": 99.29941909368088}}