{"SKW": {"HFC": 118.9236844846973, "SWH": 92.15905626200396}, "SKM": {"KOT": 105.22824158096516, "PRE": 116.5146722008059}}