{"SKW": {"HFC": 149.28057847226015, "SWH": 100.91734721668914}, "SKM": {"KOT": 135.31362759873255, "PRE": 106.81229103414364}}