{"SKW": {"HFC": 103.10477692568774, "SWH": 86.61412368688852}, "SKM": {"KOT": 119.10369743189715, "PRE": 90.19262708439369}}