{"SKW": {"HFC": 182.4117516801181, "SWH": 91.51100510390009}, "SKM": {"KOT": 116.20295489828194, "PRE": 90.4899525373417}}