{"SKW": {"HFC": 160.98546425055386, "SWH": 107.49790694709402}, "SKM": {"KOT": 142.51052108484345, "PRE": 105.77847833723663}}