{"SKW": {"HFC": 133.4681722588786, "SWH": 102.56993974154724}, "SKM": {"KOT": 97.87899329849424, "PRE": 92.03283387491162}}