{"SKW": {"HFC": 118.07443648317219, "SWH": 113.87581430898929}, "SKM": {"KOT": 144.1021794801005, "PRE": 102.8991500172414}}