{"SKW": {"HFC": 149.4756091588049, "SWH": 105.49953260350699}, "SKM": {"KOT": 121.15214532169668, "PRE": 101.09835238322124}}