{"SKW": {"HFC": 144.10324106317623, "SWH": 104.88200249118904}, "SKM": {"KOT": 121.8603355877641, "PRE": 95.03146721560636}}