{"SKW": {"HFC": 141.58642142289497, "SWH": 110.3525395070421}, "SKM": {"KOT": 122.89857675449896, "PRE": 108.17702100171093}}