{"SKW": {"HFC": 137.83531994914182, "SWH": 105.49953260350699}, "SKM": {"KOT": 108.7699212341056, "PRE": 98.6426137591347}}