{"SKW": {"HFC": 134.25411650745622, "SWH": 89.04382667816188}, "SKM": {"KOT": 94.90232432461518, "PRE": 83.18662221265333}}