{"SKW": {"HFC": 134.25411650745622, "SWH": 93.33944401034569}, "SKM": {"KOT": 99.80621498938002, "PRE": 83.18662221265333}}