{"SKW": {"HFC": 166.83113804302866, "SWH": 110.80364351986131}, "SKM": {"KOT": 131.55547554604445, "PRE": 104.02392903361049}}