{"SKW": {"HFC": 138.92939964600066, "SWH": 109.0258587003943}, "SKM": {"KOT": 105.50537349453548, "PRE": 115.93631001040305}}