{"SKW": {"HFC": 139.78536633476648, "SWH": 101.26548172952627}, "SKM": {"KOT": 142.68278617235677, "PRE": 117.07801074746256}}