{"SKW": {"HFC": 151.38836283601677, "SWH": 84.24426643401173}, "SKM": {"KOT": 84.5470270273502, "PRE": 71.73657063290534}}