{"SKW": {"HFC": 171.55940972593098, "SWH": 101.79325629881114}, "SKM": {"KOT": 110.89563366561936, "PRE": 113.03269432221275}}