{"SKW": {"HFC": 138.0002313355294, "SWH": 105.88372983328898}, "SKM": {"KOT": 126.73935042182055, "PRE": 104.33134739486532}}