{"SKW": {"HFC": 138.83759139584748, "SWH": 103.34440203514234}, "SKM": {"KOT": 124.57457457461733, "PRE": 86.42776090552208}}