{"SKW": {"HFC": 134.6135338000689, "SWH": 98.99482872422848}, "SKM": {"KOT": 123.57756219008961, "PRE": 104.37241407540463}}