{"SKW": {"HFC": 144.74114673116085, "SWH": 102.02893355657365}, "SKM": {"KOT": 141.75305679960897, "PRE": 117.38318870544467}}