{"SKW": {"HFC": 116.451150031396, "SWH": 112.8096755699496}, "SKM": {"KOT": 114.95222607925851, "PRE": 107.69160338034858}}