{"SKW": {"HFC": 149.28057847226015, "SWH": 102.4340512455182}, "SKM": {"KOT": 134.7622648388593, "PRE": 111.25336016389069}}