{"SKW": {"HFC": 132.77073091360322, "SWH": 74.92762096934294}, "SKM": {"KOT": 99.93709347256544, "PRE": 71.73657063290534}}