{"SKW": {"HFC": 137.6805989411851, "SWH": 93.22350056633293}, "SKM": {"KOT": 109.02050109716768, "PRE": 113.38493732319402}}