{"SKW": {"HFC": 162.14497266159452, "SWH": 115.51210038475911}, "SKM": {"KOT": 118.19892386637302, "PRE": 118.9386843769767}}