{"SKW": {"HFC": 99.89419658409749, "SWH": 86.15323911961545}, "SKM": {"KOT": 120.4433435279796, "PRE": 90.19262708439369}}