{"SKW": {"HFC": 151.4439727638911, "SWH": 109.81123743534044}, "SKM": {"KOT": 107.52216920201508, "PRE": 111.10617386218757}}