{"SKW": {"HFC": 117.95586337783428, "SWH": 109.90749767666675}, "SKM": {"KOT": 111.6280437267224, "PRE": 93.20215896110327}}