{"SKW": {"HFC": 158.08691782549846, "SWH": 108.5565561658706}, "SKM": {"KOT": 126.92723826270137, "PRE": 110.11828137541742}}