{"SKW": {"HFC": 170.2566446765167, "SWH": 85.20745542524836}, "SKM": {"KOT": 113.0129811326196, "PRE": 109.77799880535315}}