{"SKW": {"HFC": 167.5736291338266, "SWH": 106.9841504538189}, "SKM": {"KOT": 119.46954079940193, "PRE": 108.68179846354319}}