{"SKW": {"HFC": 132.41218693343072, "SWH": 110.73804071798625}, "SKM": {"KOT": 126.43854675282788, "PRE": 96.02955048742045}}