{"SKW": {"HFC": 141.58642142289497, "SWH": 107.94726611893566}, "SKM": {"KOT": 122.89857675449896, "PRE": 108.17702100171093}}