{"SKW": {"HFC": 143.74025126371205, "SWH": 100.15714045424804}, "SKM": {"KOT": 105.73533205622667, "PRE": 96.50598654587029}}