{"SKW": {"HFC": 133.54104722483356, "SWH": 101.28684610957855}, "SKM": {"KOT": 105.54466340451219, "PRE": 95.228320492237}}