{"SKW": {"HFC": 126.17789064476892, "SWH": 108.32130344005218}, "SKM": {"KOT": 138.20378752432342, "PRE": 81.34653933863424}}