{"SKW": {"HFC": 136.60268527891537, "SWH": 92.46060160305865}, "SKM": {"KOT": 134.79030165527465, "PRE": 100.05466078150987}}