{"SKW": {"HFC": 158.62332932618912, "SWH": 97.31420986682892}, "SKM": {"KOT": 109.4606189655436, "PRE": 103.24984910215494}}