{"SKW": {"HFC": 103.10477692568774, "SWH": 77.95271131819968}, "SKM": {"KOT": 119.10369743189715, "PRE": 94.37336437595432}}