{"SKW": {"HFC": 146.8070760982299, "SWH": 82.98844469121187}, "SKM": {"KOT": 109.06496008050722, "PRE": 75.26137767874488}}