{"SKW": {"HFC": 159.5199235099119, "SWH": 112.20392135321735}, "SKM": {"KOT": 131.55547554604445, "PRE": 105.05373092238419}}