{"SKW": {"HFC": 154.55136232349332, "SWH": 120.53602923782543}, "SKM": {"KOT": 119.54824364935166, "PRE": 121.28460495728496}}