{"SKW": {"HFC": 123.66018738177881, "SWH": 98.7944451436209}, "SKM": {"KOT": 126.44503903058083, "PRE": 111.82955225085684}}