{"SKW": {"HFC": 132.77073091360322, "SWH": 79.83137298516779}, "SKM": {"KOT": 103.1433841253089, "PRE": 71.73657063290534}}