{"SKW": {"HFC": 162.74684818014074, "SWH": 97.76571606037363}, "SKM": {"KOT": 145.8573426205493, "PRE": 110.82361684990056}}