{"SKW": {"HFC": 130.22393863334986, "SWH": 113.43292446216267}, "SKM": {"KOT": 118.9979965503156, "PRE": 118.55225769991463}}