{"SKW": {"HFC": 168.96945211924793, "SWH": 118.1271597240968}, "SKM": {"KOT": 126.12463342619768, "PRE": 106.9791967913491}}