{"SKW": {"HFC": 133.4681722588786, "SWH": 96.19743902080054}, "SKM": {"KOT": 108.75443699832692, "PRE": 81.92448626532298}}