{"SKW": {"HFC": 132.77073091360322, "SWH": 79.83137298516779}, "SKM": {"KOT": 99.93709347256544, "PRE": 71.73657063290534}}