{"SKW": {"HFC": 132.85636768178134, "SWH": 91.38671082051965}, "SKM": {"KOT": 85.08283144761165, "PRE": 88.56366744803128}}