{"SKW": {"HFC": 172.61756410696447, "SWH": 108.1495793431563}, "SKM": {"KOT": 137.5281082910087, "PRE": 107.9678988873683}}