{"SKW": {"HFC": 147.4095451130239, "SWH": 89.77744271797326}, "SKM": {"KOT": 117.65357075999673, "PRE": 112.2075490640852}}