{"SKW": {"HFC": 138.0377258242448, "SWH": 83.74310915177249}, "SKM": {"KOT": 112.85191443924505, "PRE": 103.40250940171032}}