{"SKW": {"HFC": 127.43537210058086, "SWH": 102.50311071176677}, "SKM": {"KOT": 137.97386691602568, "PRE": 103.24919470335888}}