{"SKW": {"HFC": 136.60268527891537, "SWH": 95.5840872984775}, "SKM": {"KOT": 132.86127148974717, "PRE": 100.05466078150987}}