{"SKW": {"HFC": 129.17590531371212, "SWH": 98.51203545872967}, "SKM": {"KOT": 119.02644529983525, "PRE": 116.15261930860842}}