{"SKW": {"HFC": 110.77385606839167, "SWH": 121.34513631699512}, "SKM": {"KOT": 77.38430559187319, "PRE": 114.49476133298239}}