{"SSP": {"CSW": 107.86138917893238, "PRE": 79.36479094754289}}