{"SSP": {"CSW": 113.27222407443114, "PRE": 98.16503510209024}}