{"SSP": {"CSW": 99.0894279496729, "PRE": 103.15330889373384}}