{"SSP": {"CSW": 105.87802516179764, "PRE": 70.6301414570489}}