{"SSP": {"CSW": 109.17558911484282, "PRE": 114.80767829696546}}