{"SSP": {"CSW": 103.22438487423742, "PRE": 83.04872831517466}}