{"SSP": {"CSW": 127.5280024248564, "PRE": 72.56084798288374}}