{"SSP": {"CSW": 102.82980214449864, "PRE": 83.06460592144043}}