{"SSP": {"CSW": 113.70901916266, "PRE": 95.70502856532616}}