{"SSP": {"CSW": 90.99984597397241, "PRE": 73.43180772785534}}