{"SSP": {"CSW": 114.69283519332707, "PRE": 96.32609771673009}}