{"SSP": {"CSW": 112.41901496430428, "PRE": 77.5651316973618}}