{"SSP": {"CSW": 107.51011254183815, "PRE": 109.73384319202162}}