{"SSP": {"CSW": 122.6266199825271, "PRE": 74.69729237688702}}