{"SSP": {"CSW": 83.6488727309752, "PRE": 68.28161674055502}}