{"SSP": {"CSW": 109.88434702152031, "PRE": 86.81236022946322}}