{"SSP": {"CSW": 109.58123308276268, "PRE": 92.7577912049244}}