{"SSP": {"CSW": 101.27792049948016, "PRE": 105.722106125645}}