{"SSP": {"CSW": 100.23871356665214, "PRE": 75.98988608377202}}