{"SSP": {"CSW": 116.83760458353659, "PRE": 112.21361942778053}}