{"SSP": {"CSW": 122.06949251987271, "PRE": 101.10900955722413}}