{"SSP": {"CSW": 86.92392469408455, "PRE": 71.2274173609803}}