{"SSP": {"CSW": 114.269080313148, "PRE": 80.38810955984957}}