{"SSP": {"CSW": 117.58119061524158, "PRE": 95.70502856532616}}