{"SSP": {"CSW": 110.40016820110978, "PRE": 94.62308131573623}}