{"SSP": {"CSW": 97.71336900490418, "PRE": 110.41004201390975}}