{"SSP": {"CSW": 109.6145414041176, "PRE": 99.36903781251877}}