{"SSP": {"CSW": 103.58553653691547, "PRE": 80.44510853053917}}