{"SSP": {"CSW": 95.65020263629461, "PRE": 96.32982945187487}}