{"SSP": {"CSW": 108.38791224394276, "PRE": 101.05365241793255}}