{"STW": {"CIO": 140.7472195235191, "CKT": 125.98695437385751}}