{"STW": {"CIO": 148.14769010072234, "CKT": 107.0011335554832}}