{"STW": {"CIO": 161.28667196959964, "CKT": 127.73837060133874}}