{"STW": {"CIO": 151.16197140610194, "CKT": 125.42692197356855}}