{"STW": {"CIO": 144.66146511483808, "CKT": 119.32023122222668}}