{"STW": {"CIO": 135.6129409922761, "CKT": 113.18055078442622}}