{"STW": {"CIO": 131.6095021269766, "CKT": 120.23070834395075}}