{"STW": {"CIO": 148.9882979586255, "CKT": 116.0754387393035}}