{"STW": {"CIO": 142.92243018672363, "CKT": 111.70859310525721}}