{"STW": {"CIO": 146.00637980707404, "CKT": 118.4912204058041}}