{"STW": {"CIO": 154.9942698417294, "CKT": 122.9517004160712}}