{"STW": {"CIO": 142.9228945130627, "CKT": 125.21870957868589}}