{"STW": {"CIO": 157.71396617884216, "CKT": 134.8064850842823}}