{"STW": {"CIO": 122.52203401615444, "CKT": 131.18637679095997}}