{"STW": {"CIO": 141.2905368405699, "CKT": 139.55071756412457}}