{"STW": {"CIO": 125.82875888725205, "CKT": 127.82722386739457}}