{"STW": {"CIO": 140.27362887905718, "CKT": 114.73163328887449}}