{"STW": {"CIO": 127.43100428940548, "CKT": 119.3592707050079}}