{"STW": {"CIO": 144.24851181733618, "CKT": 116.41543970846624}}