{"STW": {"CIO": 111.59623135362445, "CKT": 130.10705924533076}}