{"STW": {"CIO": 141.10891006412507, "CKT": 133.58838796805463}}