{"STW": {"CIO": 142.25578674301886, "CKT": 123.08644856100325}}