{"STW": {"CIO": 145.72982174284286, "CKT": 129.8390956816713}}