{"STW": {"CIO": 135.47930505982282, "CKT": 136.14080953799888}}