{"STW": {"CIO": 132.50019985023764, "CKT": 132.27740201641816}}