{"STW": {"CIO": 146.81063158009349, "CKT": 118.20896268262644}}