{"STW": {"CIO": 146.533650879357, "CKT": 122.1578885287013}}