{"STW": {"CIO": 135.50991196418863, "CKT": 129.3479345465508}}