{"STW": {"CIO": 135.89990218243182, "CKT": 128.7258451191985}}