{"STW": {"CIO": 152.85098513410557, "CKT": 123.24032369608881}}