{"STW": {"CIO": 141.230208068717, "CKT": 118.84002333441262}}