{"SUW": {"TKW": 133.9073968575787, "KAT": 112.96085025404393}, "SUN": {"DIS": 198.58233387484285, "TUC": 823.8869930572249, "TSY": 690.6200602275409}}