{"SUW": {"TKW": 144.55035846189293, "KAT": 117.537658712158}, "SUN": {"DIS": 198.58233387484285, "TUC": 823.8869930572249, "TSY": 690.6200602275409}}