{"SUW": {"TKW": 124.63047717318564, "KAT": 112.71036163679636}, "SUN": {"DIS": 198.57938038523076, "TUC": 823.8732149873189, "TSY": 690.63554194413}}