{"SUW": {"TKW": 137.2320836259209, "KAT": 116.38770442321277}, "SUN": {"DIS": 198.58233387484285, "TUC": 823.8869930572249, "TSY": 690.6200602275409}}