{"SUW": {"TKW": 142.1393533411772, "KAT": 113.58105467641664}, "SUN": {"DIS": 198.58233387484285, "TUC": 823.8869930572249, "TSY": 690.6200602275409}}