{"SUW": {"TKW": 133.98224084305483, "KAT": 125.0701995609796}, "SUN": {"DIS": 198.58233387484285, "TUC": 823.886991457505, "TSY": 690.6200750126557}}