{"SUW": {"TKW": 124.45891391127654, "KAT": 108.62544822376745}, "SUN": {"DIS": 198.58233387484285, "TUC": 823.8869930572249, "TSY": 690.6200602275409}}