{"SUW": {"TKW": 137.88288406111258, "KAT": 109.83718579763563}, "SUN": {"DIS": 198.58233387484285, "TUC": 823.8869930572249, "TSY": 690.6200602275409}}