{"SUW": {"TKW": 136.37491655429682, "KAT": 116.799761347525}, "SUN": {"DIS": 198.57938038523076, "TUC": 823.8732149873189, "TSY": 690.63554194413}}