{"SUW": {"TKW": 126.3342928665315, "KAT": 118.99370768343526}, "SUN": {"DIS": 198.58233387484285, "TUC": 823.8869930572249, "TSY": 690.6200602275409}}