{"SUW": {"TKW": 131.40751325363152, "KAT": 124.77472252495281}, "SUN": {"DIS": 198.58233387484285, "TUC": 823.8869930572249, "TSY": 690.6200602275409}}