{"SUW": {"TKW": 147.7616201532889, "KAT": 108.588812693481}, "SUN": {"DIS": 198.57938038523076, "TUC": 823.8732149873189, "TSY": 690.63554194413}}