{"SUW": {"TKW": 124.71500801516433, "KAT": 125.0701995609796}, "SUN": {"DIS": 198.58233387484285, "TUC": 823.886990047069, "TSY": 690.6200911395442}}