{"SUW": {"TKW": 149.2803526877318, "KAT": 119.23876487468549}, "SUN": {"DIS": 198.57938038523076, "TUC": 823.8732149873189, "TSY": 690.63554194413}}