{"SUW": {"TKW": 137.81342625102323, "KAT": 110.73333940084058}, "SUN": {"DIS": 198.58233387484285, "TUC": 823.8869930572249, "TSY": 690.6200602275409}}