{"SUW": {"TKW": 147.06846683698768, "KAT": 105.98756965942334}, "SUN": {"DIS": 198.57938038523076, "TUC": 823.8732149873189, "TSY": 690.63554194413}}