{"SUW": {"TKW": 138.51258738803602, "KAT": 114.08534237162867}, "SUN": {"DIS": 198.58233387484285, "TUC": 823.8869930572249, "TSY": 690.6200602275409}}