{"SUW": {"TKW": 142.36330382874428, "KAT": 103.45065090886567}, "SUN": {"DIS": 198.57938038523076, "TUC": 823.8732149873189, "TSY": 690.63554194413}}