{"SUW": {"TKW": 122.5689020386585, "KAT": 117.3883757590002}, "SUN": {"DIS": 198.58233387484285, "TUC": 823.8869930543513, "TSY": 690.6200603122057}}