{"SUW": {"TKW": 141.6421546393566, "KAT": 122.13657985978925}, "SUN": {"DIS": 198.58233387484285, "TUC": 823.8869930572249, "TSY": 690.6200602275409}}