{"SUW": {"TKW": 129.3820495578676, "KAT": 125.72955967270471}, "SUN": {"DIS": 198.57938038523076, "TUC": 823.8732149873189, "TSY": 690.63554194413}}