{"SUW": {"TKW": 132.0951618683267, "KAT": 119.27358436479014}, "SUN": {"DIS": 198.58233387484285, "TUC": 823.8869930569965, "TSY": 690.6200602368039}}