{"SWH": {"TAK": 97.66889267005789, "SKW": 102.11709707482052}}