{"SWH": {"TAK": 88.99607776048165, "SKW": 104.46436129308367}}