{"SWH": {"TAK": 108.524297751849, "SKW": 96.96582593944689}}