{"SWH": {"TAK": 111.58998935327475, "SKW": 91.96489936121998}}