{"SWH": {"TAK": 113.76381133926205, "SKW": 110.47546525661535}}