{"SWH": {"TAK": 84.91812708855718, "SKW": 98.60107152056642}}