{"SWH": {"TAK": 97.3814467436861, "SKW": 95.2049272055098}}