{"SWH": {"TAK": 104.14536227675373, "SKW": 97.5651348140137}}