{"SWH": {"TAK": 95.30414068739113, "SKW": 96.06292766696191}}