{"SWH": {"TAK": 105.12021567943596, "SKW": 112.57140455589033}}