{"SWH": {"TAK": 78.37014374643819, "SKW": 101.11759872763183}}