{"SWH": {"TAK": 92.87369035963965, "SKW": 102.46814785287798}}