{"SWH": {"TAK": 100.22759268824348, "SKW": 91.05492616516801}}