{"SWH": {"TAK": 83.09204415878145, "SKW": 107.30408106737396}}