{"SWH": {"TAK": 112.47056236919897, "SKW": 95.91916877688894}}