{"SWH": {"TAK": 118.81401719611786, "SKW": 112.18213927953634}}