{"SWH": {"TAK": 90.59668294173133, "SKW": 79.8668679316588}}