{"SWH": {"TAK": 120.13639140991515, "SKW": 106.2137902719292}}