{"SWH": {"TAK": 108.889177493179, "SKW": 92.65418293720161}}