{"SWH": {"TAK": 118.81401719611786, "SKW": 116.988479534782}}