{"SWH": {"TAK": 112.24621777724951, "SKW": 84.92504117440748}}