{"SWH": {"TAK": 108.02049026629102, "SKW": 119.20129455102321}}