{"SWH": {"TAK": 102.77114967584396, "SKW": 109.67442072943072}}