{"SWH": {"TAK": 105.73140466671111, "SKW": 124.6985218650261}}