{"SWH": {"TAK": 108.524297751849, "SKW": 92.54297111035238}}