{"SWH": {"TAK": 96.75326388449159, "SKW": 105.93360593639486}}