{"SWH": {"TAK": 99.34167466904356, "SKW": 96.84658190159331}}