{"SWH": {"TAK": 85.57607084129057, "SKW": 113.84989780422993}}