{"SWH": {"TAK": 113.2324659016027, "SKW": 127.73278679582693}}