{"SWH": {"TAK": 109.48337205235593, "SKW": 101.09442506488251}}