{"SWH": {"TAK": 109.45158129080525, "SKW": 117.81419169119624}}