{"SWH": {"TAK": 95.96480798946823, "SKW": 87.89674018653967}}