{"SWH": {"TAK": 104.66396048082497, "SKW": 104.27536376754415}}