{"SWH": {"TAK": 104.6946312374336, "SKW": 113.5862807908389}}