{"SWH": {"TAK": 109.538362605269, "SKW": 93.15574599351282}}