{"SWH": {"TAK": 88.03716118001361, "SKW": 104.34542844825069}}