{"SWH": {"TAK": 93.31890649225015, "SKW": 91.0551603150071}}