{"SWH": {"TAK": 93.52709225499663, "SKW": 106.90435260503281}}