{"SWH": {"TAK": 96.1034216747895, "SKW": 91.92620477693448}}