{"SWH": {"TAK": 92.64291424000484, "SKW": 117.54607784146705}}