{"SWH": {"TAK": 105.21340051995125, "SKW": 114.3792381788314}}