{"SWH": {"TAK": 109.44575364196712, "SKW": 110.47788075593205}}