{"SWH": {"TAK": 87.43594030518625, "SKW": 107.58253560489727}}