{"SWH": {"TAK": 103.46812036194937, "SKW": 85.36101911824639}}