{"SWH": {"TAK": 85.80655440094047, "SKW": 120.45811357497178}}