{"SWH": {"TAK": 117.91429175498813, "SKW": 97.0013838547494}}