{"SWH": {"TAK": 97.51366525868944, "SKW": 125.75561073322112}}