{"SWH": {"TAK": 85.75064369336904, "SKW": 107.93592111182298}}