{"SWH": {"TAK": 98.91756377512128, "SKW": 84.14934901805933}}