{"SYP": {"HKU": 111.70867613913785, "SHW": 118.20699898926776}}