{"SYP": {"HKU": 90.80666104331124, "SHW": 137.2890684562036}}