{"SYP": {"HKU": 78.88444312975467, "SHW": 108.9648902629232}}