{"SYP": {"HKU": 104.33548321749147, "SHW": 132.781087709146}}