{"SYP": {"HKU": 95.44922843340474, "SHW": 119.85520551051385}}