{"SYP": {"HKU": 101.26164801943497, "SHW": 131.59775599625965}}