{"SYP": {"HKU": 71.21137801638912, "SHW": 133.08151349479485}}