{"SYP": {"HKU": 106.47139252682841, "SHW": 117.19978860093804}}