{"SYP": {"HKU": 91.04609801930621, "SHW": 124.31635168051044}}