{"SYP": {"HKU": 81.99935016871156, "SHW": 115.68611733333492}}