{"SYP": {"HKU": 108.3396038786605, "SHW": 120.52652330511526}}