{"SYP": {"HKU": 110.7224250470706, "SHW": 144.18426195993982}}