{"SYP": {"HKU": 81.11150650088811, "SHW": 126.05697929481639}}