{"SYP": {"HKU": 97.58925797746915, "SHW": 110.59800324621817}}