{"SYP": {"HKU": 112.78910348844127, "SHW": 103.64403037939823}}