{"SYP": {"HKU": 86.85149134754684, "SHW": 126.87011018871576}}