{"SYP": {"HKU": 110.69530517917894, "SHW": 149.04570438844684}}