{"SYP": {"HKU": 111.35268477974333, "SHW": 111.81428531283441}}