{"SYP": {"HKU": 96.8244112739696, "SHW": 108.40778037442185}}