{"SYP": {"HKU": 87.59789092833404, "SHW": 130.77820217165976}}