{"SYP": {"HKU": 101.92862490543149, "SHW": 130.89186203685856}}