{"SYP": {"HKU": 73.32514654232776, "SHW": 115.6769991264991}}