{"SYP": {"HKU": 93.71487503105784, "SHW": 131.9732503354481}}