{"SYP": {"HKU": 95.21839340429284, "SHW": 146.81640038635948}}