{"SYP": {"HKU": 75.57849674393768, "SHW": 116.88270405651633}}