{"SYP": {"HKU": 64.65088595360159, "SHW": 121.84366095344805}}