{"SYP": {"HKU": 77.23546856932487, "SHW": 128.62852230833983}}