{"SYP": {"HKU": 91.43997117760576, "SHW": 112.58732611964699}}