{"SYP": {"HKU": 103.67720820266577, "SHW": 153.38036394078796}}