{"SYP": {"HKU": 87.86198658324108, "SHW": 134.27597912689606}}