{"SYP": {"HKU": 80.44657649660218, "SHW": 135.86534751903733}}