{"SYP": {"HKU": 95.16032897060958, "SHW": 137.3610882190984}}