{"SYP": {"HKU": 103.1522763730275, "SHW": 135.1007398143971}}