{"SYP": {"HKU": 89.58045215057163, "SHW": 136.11745526152635}}