{"TAW": {"SHT": 72.25056741284763, "KOT": 320.59967589200676, "HIK": 146.65139324773781, "CKT": 139.388114572566}, "TAP": {"TWO": 106.61152342325822, "UNI": 430.1198270758908}, "TAK": {"SWH": 92.84289950478482, "QUB": 112.76418053510494}}