{"TAW": {"SHT": 77.58512916936232, "KOT": 320.59967589200676, "HIK": 126.66759115745288, "CKT": 139.35092632512988}, "TAP": {"TWO": 120.35479399485023, "UNI": 430.1198270758908}, "TAK": {"SWH": 100.6427464927267, "QUB": 106.09569011769472}}