{"TAW": {"SHT": 51.623783413751724, "KOT": 320.6334607893461, "HIK": 139.1852380732878, "CKT": 124.29589261837131}, "TAP": {"TWO": 128.29320876443316, "UNI": 430.1272595566713}, "TAK": {"SWH": 95.26244657849631, "QUB": 121.55259446916811}}