{"TAW": {"SHT": 75.74320112810467, "KOT": 320.59967589200676, "HIK": 155.2268126666104, "CKT": 130.35633311141765}, "TAP": {"TWO": 119.48588873669715, "UNI": 430.1198270758908}, "TAK": {"SWH": 102.2297982258621, "QUB": 106.87208101745595}}