{"TAW": {"SHT": 91.99625798386663, "KOT": 320.5996758930645, "HIK": 142.80963859919666, "CKT": 143.17173351365977}, "TAP": {"TWO": 131.13098657006748, "UNI": 430.11982707590533}, "TAK": {"SWH": 87.41067798632211, "QUB": 116.71630044769354}}