{"TAW": {"SHT": 62.15810977293493, "KOT": 320.6334607893461, "HIK": 128.6503148482537, "CKT": 111.44226242141413}, "TAP": {"TWO": 116.61626551482723, "UNI": 430.1272595566713}, "TAK": {"SWH": 97.55171840348751, "QUB": 102.25356600918595}}