{"TAW": {"SHT": 128.34389982679514, "KOT": 320.6334607893461, "HIK": 140.06719168241108, "CKT": 136.91244543837644}, "TAP": {"TWO": 119.10883106543977, "UNI": 430.1272595566713}, "TAK": {"SWH": 86.02373426186531, "QUB": 110.48043389990703}}