{"TAW": {"SHT": 144.05521502166215, "KOT": 320.6334607893461, "HIK": 160.72575301206675, "CKT": 133.43885831385356}, "TAP": {"TWO": 131.07272439253623, "UNI": 430.1272595566713}, "TAK": {"SWH": 88.29416330640012, "QUB": 111.02843010173015}}