{"TAW": {"SHT": 69.6141342314373, "KOT": 320.59967589200676, "HIK": 139.93924001200327, "CKT": 141.46042594026386}, "TAP": {"TWO": 115.66123347901907, "UNI": 430.1198270758908}, "TAK": {"SWH": 88.56309658408529, "QUB": 99.80995473102975}}