{"TAW": {"SHT": 82.1105933001822, "KOT": 320.6334607893461, "HIK": 129.5865724861888, "CKT": 135.20798806223206}, "TAP": {"TWO": 128.18632711719616, "UNI": 430.1272595566713}, "TAK": {"SWH": 116.79551057915455, "QUB": 104.23717145791825}}