{"TAW": {"SHT": 49.641433659707204, "KOT": 320.59967589200676, "HIK": 130.62340081790035, "CKT": 131.7159949274406}, "TAP": {"TWO": 112.51231667430363, "UNI": 430.1198270758908}, "TAK": {"SWH": 105.01528572760154, "QUB": 90.44153035841893}}