{"TAW": {"SHT": 88.67926295366408, "KOT": 320.6334607893461, "HIK": 146.41408932930565, "CKT": 116.72334729219556}, "TAP": {"TWO": 119.01716192104941, "UNI": 430.1272595566713}, "TAK": {"SWH": 100.32313801172083, "QUB": 106.72083571846915}}