{"TAW": {"SHT": 62.120023018316296, "KOT": 320.59967589200676, "HIK": 146.1500448987433, "CKT": 136.3115900511325}, "TAP": {"TWO": 144.18986282509897, "UNI": 430.1198270758908}, "TAK": {"SWH": 104.13456024581328, "QUB": 127.6536943440207}}