{"TAW": {"SHT": 57.359759348613025, "KOT": 320.6334607893461, "HIK": 132.65026452587531, "CKT": 124.29589261837131}, "TAP": {"TWO": 109.93925174758786, "UNI": 430.1272595566713}, "TAK": {"SWH": 91.18049619832922, "QUB": 121.24732718796459}}