{"TAW": {"SHT": 94.00455221217806, "KOT": 320.6334607893461, "HIK": 147.7657358924017, "CKT": 203.75261993346507}, "TAP": {"TWO": 119.59033622675531, "UNI": 430.1272595566713}, "TAK": {"SWH": 99.03177598100226, "QUB": 110.49875211238191}}