{"TAW": {"SHT": 64.50412429486336, "KOT": 320.59967589200676, "HIK": 126.51693537187532, "CKT": 132.77488691346642}, "TAP": {"TWO": 214.6196663689273, "UNI": 430.1198270758908}, "TAK": {"SWH": 105.22765363796054, "QUB": 97.83868015019708}}