{"TAW": {"SHT": 97.31815162642096, "KOT": 320.59967589200676, "HIK": 145.85080586821366, "CKT": 133.77488360101887}, "TAP": {"TWO": 113.54233865964652, "UNI": 430.1198270758908}, "TAK": {"SWH": 118.15262376651349, "QUB": 124.42478763386903}}