{"TAW": {"SHT": 90.03285171202967, "KOT": 320.6334607893461, "HIK": 155.55803507411676, "CKT": 136.60284437651896}, "TAP": {"TWO": 116.18618136904601, "UNI": 430.1272595566713}, "TAK": {"SWH": 91.53710141798948, "QUB": 123.16947476935623}}