{"TAW": {"SHT": 128.70950984411564, "KOT": 320.6334607893461, "HIK": 143.33047251416997, "CKT": 137.3012008945388}, "TAP": {"TWO": 124.0323378467056, "UNI": 430.1272595566713}, "TAK": {"SWH": 90.16122475211091, "QUB": 113.59523631303223}}