{"TAW": {"SHT": 115.91199023094399, "KOT": 320.59967589200676, "HIK": 161.31158667008123, "CKT": 134.7403000134003}, "TAP": {"TWO": 104.34408513843091, "UNI": 430.1198270758908}, "TAK": {"SWH": 101.02439114930878, "QUB": 115.59458088407094}}