{"TAW": {"SHT": 74.71139534694512, "KOT": 320.6334607893461, "HIK": 140.26050756903115, "CKT": 136.42442751830166}, "TAP": {"TWO": 112.76279123660797, "UNI": 430.1272595566713}, "TAK": {"SWH": 98.4628922403429, "QUB": 110.56099239617463}}