{"TAW": {"SHT": 87.65770733685407, "KOT": 320.59967589200676, "HIK": 160.62086665544015, "CKT": 135.59154598622246}, "TAP": {"TWO": 100.7006171813077, "UNI": 430.1198270758908}, "TAK": {"SWH": 109.2025683309605, "QUB": 115.1322587484793}}