{"TAW": {"SHT": 81.54076134658735, "KOT": 320.6334607893461, "HIK": 160.72575301206675, "CKT": 133.43885831385356}, "TAP": {"TWO": 123.63636043615136, "UNI": 430.1272595566713}, "TAK": {"SWH": 88.29416330640012, "QUB": 111.51411123670388}}