{"TAW": {"SHT": 77.72303120390578, "KOT": 320.59967589200676, "HIK": 163.48790455035612, "CKT": 129.8766298202483}, "TAP": {"TWO": 131.5847310469708, "UNI": 430.1198270758908}, "TAK": {"SWH": 97.94139061598811, "QUB": 103.86875235555286}}