{"TAW": {"SHT": 64.53401194708826, "KOT": 320.59967589200676, "HIK": 162.68768241720966, "CKT": 136.11007015440114}, "TAP": {"TWO": 195.8056234918729, "UNI": 430.1198270758908}, "TAK": {"SWH": 91.80652639895037, "QUB": 113.17460162058735}}