{"TAW": {"SHT": 78.35308578227874, "KOT": 320.6334607893461, "HIK": 131.74679172226553, "CKT": 126.97074628165925}, "TAP": {"TWO": 117.07360996340628, "UNI": 430.1272595566713}, "TAK": {"SWH": 112.83353988570529, "QUB": 82.61556994566152}}