{"TAW": {"SHT": 85.73437446926405, "KOT": 320.59967589200676, "HIK": 157.37025774170212, "CKT": 133.68547009137734}, "TAP": {"TWO": 121.57308596202104, "UNI": 430.1198270758908}, "TAK": {"SWH": 91.67179646607151, "QUB": 117.7051157496588}}