{"TAW": {"SHT": 81.9288862849648, "KOT": 320.59967589200676, "HIK": 166.64098080830246, "CKT": 144.6781340672281}, "TAP": {"TWO": 120.44748338029497, "UNI": 430.1198270758908}, "TAK": {"SWH": 101.84790865997807, "QUB": 105.01406549318952}}