{"TAW": {"SHT": 71.43696681309925, "KOT": 320.6334607893461, "HIK": 156.6680439086284, "CKT": 131.50279755601997}, "TAP": {"TWO": 136.5569798440313, "UNI": 430.1272595566713}, "TAK": {"SWH": 103.3384838811688, "QUB": 111.87055869748258}}