{"TAW": {"SHT": 71.16858694163157, "KOT": 320.59967589200676, "HIK": 148.2793258308198, "CKT": 132.87568285840666}, "TAP": {"TWO": 110.99566136756319, "UNI": 430.1198270758908}, "TAK": {"SWH": 99.06672053443125, "QUB": 108.9677373595404}}