{"TAW": {"SHT": 107.49855683719477, "KOT": 320.6334607893461, "HIK": 150.3089049141441, "CKT": 136.91244543837644}, "TAP": {"TWO": 115.04997402666636, "UNI": 430.1272595566713}, "TAK": {"SWH": 86.02373426186531, "QUB": 107.23381544434115}}