{"TAW": {"SHT": 85.69802745689455, "KOT": 320.59967589200676, "HIK": 147.22236590256435, "CKT": 139.96073263715334}, "TAP": {"TWO": 110.48679835417606, "UNI": 430.1198270758908}, "TAK": {"SWH": 98.09792203884115, "QUB": 96.7733253403708}}