{"TAW": {"SHT": 68.44449391007697, "KOT": 320.59967589200676, "HIK": 165.44590199090652, "CKT": 135.1291522488402}, "TAP": {"TWO": 119.88141735265461, "UNI": 430.1198270758908}, "TAK": {"SWH": 100.95838748473659, "QUB": 106.48160496487728}}