{"TAW": {"SHT": 90.59270868806524, "KOT": 320.59967589200676, "HIK": 162.32131179181587, "CKT": 128.3411519894045}, "TAP": {"TWO": 117.12985325008522, "UNI": 430.1198270758908}, "TAK": {"SWH": 97.46254873626293, "QUB": 109.03344446838955}}