{"TAW": {"SHT": 107.90428598862304, "KOT": 320.59967589200676, "HIK": 157.53053011477283, "CKT": 148.94311848399613}, "TAP": {"TWO": 165.12944302173577, "UNI": 430.1198270758908}, "TAK": {"SWH": 105.37153085751712, "QUB": 115.44654475688692}}