{"TAW": {"SHT": 55.65339853574507, "KOT": 320.59967589200676, "HIK": 139.61430679586326, "CKT": 145.187450977054}, "TAP": {"TWO": 160.11991240428068, "UNI": 430.1198270758908}, "TAK": {"SWH": 102.05166379014443, "QUB": 86.76532595399928}}