{"TAW": {"SHT": 96.58090411895998, "KOT": 320.6334607893461, "HIK": 144.84068273647767, "CKT": 136.77108080508492}, "TAP": {"TWO": 124.05910406203505, "UNI": 430.1272595566713}, "TAK": {"SWH": 78.97059204920984, "QUB": 115.80514141355611}}