{"TAW": {"SHT": 81.60865477306888, "KOT": 320.6334607893461, "HIK": 136.35803855542682, "CKT": 125.06630335653418}, "TAP": {"TWO": 134.3694821589791, "UNI": 430.1272595566713}, "TAK": {"SWH": 88.84449120015142, "QUB": 123.53760152002619}}