{"TAW": {"SHT": 91.60388984804604, "KOT": 320.599675892022, "HIK": 151.22704843211613, "CKT": 135.004369286393}, "TAP": {"TWO": 98.6924545170752, "UNI": 430.1198270758908}, "TAK": {"SWH": 107.04467363872004, "QUB": 122.43359015387708}}