{"TAW": {"SHT": 97.89179760032498, "KOT": 320.6334607893461, "HIK": 163.00085993977407, "CKT": 138.65042730117264}, "TAP": {"TWO": 115.60922403479506, "UNI": 430.1272595566713}, "TAK": {"SWH": 94.37500054532913, "QUB": 103.5117255441613}}