{"TAW": {"SHT": 91.44072363128691, "KOT": 320.59967589200676, "HIK": 159.19251109825254, "CKT": 130.6418546416172}, "TAP": {"TWO": 110.23670411722306, "UNI": 430.1198270758908}, "TAK": {"SWH": 108.98924490075883, "QUB": 93.40829293289457}}