{"TAW": {"SHT": 76.13212030962796, "KOT": 320.5996759027503, "HIK": 152.01321207674414, "CKT": 148.37149657941288}, "TAP": {"TWO": 107.24868958347284, "UNI": 430.1198270761489}, "TAK": {"SWH": 106.73849064741196, "QUB": 103.17138293691069}}