{"TAW": {"SHT": 106.79932160384537, "KOT": 320.59967589200676, "HIK": 137.3075994677685, "CKT": 136.3462048645233}, "TAP": {"TWO": 110.28596974131406, "UNI": 430.1198270758908}, "TAK": {"SWH": 86.13181973125555, "QUB": 106.78319574916895}}