{"TAW": {"SHT": 76.13212030962796, "KOT": 320.5996759083817, "HIK": 154.2369023074935, "CKT": 150.1905517549032}, "TAP": {"TWO": 107.24868958347284, "UNI": 430.1198270761489}, "TAK": {"SWH": 100.81295141655798, "QUB": 103.17138293691069}}