{"TAW": {"SHT": 110.00101876209256, "KOT": 320.5996818707287, "HIK": 133.13516283206565, "CKT": 131.65942959137817}, "TAP": {"TWO": 106.93198638020321, "UNI": 430.11982715237383}, "TAK": {"SWH": 94.78658430872723, "QUB": 108.74107663534869}}