{"TAW": {"SHT": 73.3562642378246, "KOT": 320.6334607893461, "HIK": 136.42791523756992, "CKT": 134.88718925600887}, "TAP": {"TWO": 142.089832468436, "UNI": 430.1272595566713}, "TAK": {"SWH": 105.99595952123909, "QUB": 101.0688979928224}}