{"TAW": {"SHT": 100.32214964260446, "KOT": 320.60921774490214, "HIK": 150.69507270176942, "CKT": 127.93083303107946}, "TAP": {"TWO": 121.7147446560627, "UNI": 430.12135735777247}, "TAK": {"SWH": 87.42464648110783, "QUB": 106.92247231547749}}