{"TAW": {"SHT": 76.43589112019295, "KOT": 320.59967589208236, "HIK": 146.4758072653493, "CKT": 138.78942892248097}, "TAP": {"TWO": 117.77784183070625, "UNI": 430.1198270758911}, "TAK": {"SWH": 96.0572399169805, "QUB": 111.35595818524038}}