{"TAW": {"SHT": 79.07988807714403, "KOT": 320.59967589200676, "HIK": 154.4405097574945, "CKT": 127.54211644903978}, "TAP": {"TWO": 109.76050879863735, "UNI": 430.1198270758908}, "TAK": {"SWH": 103.54758556519562, "QUB": 109.57708944812923}}