{"TAW": {"SHT": 87.19262065850586, "KOT": 320.59967589200676, "HIK": 145.4030904755183, "CKT": 133.86811053887135}, "TAP": {"TWO": 107.1939101447671, "UNI": 430.1198270758908}, "TAK": {"SWH": 114.19186079320097, "QUB": 106.9286252648028}}