{"TAW": {"SHT": 108.80516462457145, "KOT": 320.59967589200676, "HIK": 153.25589230777834, "CKT": 141.75876132881845}, "TAP": {"TWO": 100.86547779063721, "UNI": 430.1198270758908}, "TAK": {"SWH": 90.59653307498488, "QUB": 121.6729697566825}}