{"TAW": {"SHT": 83.53898816395858, "KOT": 320.5996758920513, "HIK": 144.91822653881437, "CKT": 138.78942892248097}, "TAP": {"TWO": 125.80005764763561, "UNI": 430.1198270758908}, "TAK": {"SWH": 99.65151592528245, "QUB": 111.35595818524038}}