{"TAW": {"SHT": 108.27988463238975, "KOT": 320.6334607893461, "HIK": 155.0686669809417, "CKT": 130.89333252320674}, "TAP": {"TWO": 121.23361155451536, "UNI": 430.1272595566713}, "TAK": {"SWH": 95.85915959542997, "QUB": 120.48872779266097}}