{"TAW": {"SHT": 92.52612743339958, "KOT": 320.59967589200676, "HIK": 139.1431291195699, "CKT": 141.79253258149154}, "TAP": {"TWO": 139.19344470575072, "UNI": 430.1198270758908}, "TAK": {"SWH": 95.48705391256303, "QUB": 111.94940283105794}}