{"TAW": {"SHT": 91.01296348656464, "KOT": 320.59967589200676, "HIK": 165.21972939296597, "CKT": 147.46880663559654}, "TAP": {"TWO": 132.9236563289143, "UNI": 430.1198270758908}, "TAK": {"SWH": 90.73854599512997, "QUB": 106.7117012530784}}