{"TAW": {"SHT": 95.26041607696007, "KOT": 320.59967589200676, "HIK": 157.37025774170212, "CKT": 133.68547009137734}, "TAP": {"TWO": 135.08120662446782, "UNI": 430.1198270758908}, "TAK": {"SWH": 91.67179646607151, "QUB": 117.7051157496588}}