{"TIK": {"YAT": 141.42059376158528, "TKO": 137.86060074167807}, "TIH": {"FOH": 95.69197326483045, "CAB": 99.62472671222808}, "TIS": {"LOP": 173.90155338871187, "SIH": 389.4590189027982}}