{"TIK": {"YAT": 141.42059376158528, "TKO": 2067.1007337684578}, "TIH": {"FOH": 109.9631738362933, "CAB": 93.47819822404489}, "TIS": {"LOP": 173.90155338871187, "SIH": 389.4590189027982}}