{"TIK": {"YAT": 141.42227855363086, "TKO": 109.02417348479332}, "TIH": {"FOH": 85.51476969692916, "CAB": 81.21546255723942}, "TIS": {"LOP": 173.9444063807247, "SIH": 389.37736019550545}}