{"TIK": {"YAT": 141.42059376158528, "TKO": 57.52947582206451}, "TIH": {"FOH": 97.45743024041879, "CAB": 116.93391614457309}, "TIS": {"LOP": 173.90155338871187, "SIH": 389.4590189027982}}