{"TIK": {"YAT": 141.42059376158528, "TKO": 9554.293869119636}, "TIH": {"FOH": 91.70642765989369, "CAB": 77.90857162871308}, "TIS": {"LOP": 173.90155338871187, "SIH": 389.4590189027982}}