{"TIK": {"YAT": 141.42059376158528, "TKO": 76.10570365991545}, "TIH": {"FOH": 103.90666709350334, "CAB": 98.8843653950033}, "TIS": {"LOP": 173.90155338871187, "SIH": 389.4590189027982}}