{"TIK": {"YAT": 141.42059376158528, "TKO": 56.5545641037668}, "TIH": {"FOH": 93.68888925532508, "CAB": 115.63690922812546}, "TIS": {"LOP": 173.90155338871187, "SIH": 389.4590189027982}}