{"TIK": {"YAT": 141.42227855363086, "TKO": 82.03494325830218}, "TIH": {"FOH": 102.1760781300031, "CAB": 99.15260253224433}, "TIS": {"LOP": 173.94478369324753, "SIH": 389.3771584065415}}