{"TIK": {"YAT": 141.42059376158528, "TKO": 71.90573765353075}, "TIH": {"FOH": 119.63562604201388, "CAB": 98.24448356533156}, "TIS": {"LOP": 173.90155338871187, "SIH": 389.4590189027982}}