{"TIK": {"YAT": 141.42227855363006, "TKO": 69.263342157407}, "TIH": {"FOH": 79.11169497408908, "CAB": 64.10293579440703}, "TIS": {"LOP": 173.94414471117685, "SIH": 389.37767925912897}}