{"TIK": {"YAT": 141.42059376158528, "TKO": 70.46461475581108}, "TIH": {"FOH": 116.15485709403126, "CAB": 92.77803168791857}, "TIS": {"LOP": 173.90155338871187, "SIH": 389.4590189027982}}