{"TIK": {"YAT": 141.42059376158528, "TKO": 236.82210461262562}, "TIH": {"FOH": 100.95270026713199, "CAB": 113.3998964747816}, "TIS": {"LOP": 173.90155338871187, "SIH": 389.4590189027982}}