{"TIK": {"YAT": 141.42227855363086, "TKO": 78.68675560891337}, "TIH": {"FOH": 91.5658943594547, "CAB": 79.40898435170024}, "TIS": {"LOP": 173.94478369324753, "SIH": 389.3771584065415}}