{"TIK": {"YAT": 141.42227855363086, "TKO": 53.99783656844123}, "TIH": {"FOH": 108.61168425027704, "CAB": 118.05295312163723}, "TIS": {"LOP": 173.94478348047332, "SIH": 389.3771585089549}}