{"TIK": {"YAT": 141.42059376158528, "TKO": 45.1549469612352}, "TIH": {"FOH": 103.31265983625947, "CAB": 113.78912282240859}, "TIS": {"LOP": 173.90155338871187, "SIH": 389.4590189027982}}