{"TIK": {"YAT": 141.42059376158528, "TKO": 84.04003470764954}, "TIH": {"FOH": 116.34701721080978, "CAB": 104.76688618822968}, "TIS": {"LOP": 173.90155338871187, "SIH": 389.4590189027982}}