{"TIK": {"YAT": 141.42059376158528, "TKO": 75.20438375501034}, "TIH": {"FOH": 100.95058359321499, "CAB": 109.09257297260751}, "TIS": {"LOP": 173.90155338871187, "SIH": 389.4590189027982}}