{"TIK": {"YAT": 141.42225365091704, "TKO": 69.24802972621255}, "TIH": {"FOH": 109.0342419789259, "CAB": 89.12557871707023}, "TIS": {"LOP": 173.9325741783757, "SIH": 389.41239666597426}}