{"TIK": {"YAT": 141.42227855363086, "TKO": 73.27861477236046}, "TIH": {"FOH": 96.60373503083702, "CAB": 85.87252915413569}, "TIS": {"LOP": 173.94478369324753, "SIH": 389.3771584065415}}