{"TIK": {"YAT": 141.42227855363086, "TKO": 90.58954405325635}, "TIH": {"FOH": 89.21750295809088, "CAB": 91.77031531715114}, "TIS": {"LOP": 173.94477811623545, "SIH": 389.37717289293033}}