{"TIK": {"YAT": 141.42227855363086, "TKO": 91.57812133171166}, "TIH": {"FOH": 99.07563924879618, "CAB": 93.63396523532289}, "TIS": {"LOP": 173.94478369324753, "SIH": 389.3771584065417}}