{"TIK": {"YAT": 141.42227855363086, "TKO": 40.74039986791678}, "TIH": {"FOH": 102.19404039815524, "CAB": 112.00031828328687}, "TIS": {"LOP": 173.94465213250578, "SIH": 389.3772549215773}}