{"TIK": {"YAT": 141.42059376158528, "TKO": 26.51238302125703}, "TIH": {"FOH": 90.14509843110538, "CAB": 113.8187880312505}, "TIS": {"LOP": 173.90155338871187, "SIH": 389.4590189027982}}