{"TIK": {"YAT": 141.42227855363086, "TKO": 79.6019300283636}, "TIH": {"FOH": 72.56460016839772, "CAB": 106.5688741168706}, "TIS": {"LOP": 173.94478369324753, "SIH": 389.3771584065415}}