{"TIK": {"YAT": 141.42227855363086, "TKO": 59.65270856939096}, "TIH": {"FOH": 96.45001205404637, "CAB": 93.80861222659631}, "TIS": {"LOP": 173.94478369324753, "SIH": 389.3771584065415}}