{"TIK": {"YAT": 141.42227855363086, "TKO": 136.93732557177094}, "TIH": {"FOH": 101.3997887808616, "CAB": 93.80898603539414}, "TIS": {"LOP": 173.9447836926649, "SIH": 389.37715840764474}}