{"TIK": {"YAT": 141.42211264021276, "TKO": 70.74417226032776}, "TIH": {"FOH": 111.38795306040234, "CAB": 95.90546977148333}, "TIS": {"LOP": 173.92180933697486, "SIH": 389.4368347083126}}