{"TIK": {"YAT": 141.42059376158528, "TKO": 248.27405073451123}, "TIH": {"FOH": 116.17257436673356, "CAB": 92.80760650532872}, "TIS": {"LOP": 173.90155338871187, "SIH": 389.4590189027982}}