{"TIK": {"YAT": 141.42227855363086, "TKO": 132.40861620255495}, "TIH": {"FOH": 90.16329272723625, "CAB": 86.29391630151548}, "TIS": {"LOP": 173.94444411197702, "SIH": 389.37736019550545}}