{"TIK": {"YAT": 141.42227855363086, "TKO": 128.50566654913695}, "TIH": {"FOH": 111.56693088953288, "CAB": 100.93082127817641}, "TIS": {"LOP": 173.94478369324713, "SIH": 389.3771584065429}}