{"TIK": {"YAT": 141.42227855363086, "TKO": 138.13405205495675}, "TIH": {"FOH": 79.92368349329713, "CAB": 98.86017830807882}, "TIS": {"LOP": 173.94478369324753, "SIH": 389.3771584065415}}