{"TIK": {"YAT": 141.42227855363086, "TKO": 43.18763545004714}, "TIH": {"FOH": 91.25980990277544, "CAB": 84.42808743185472}, "TIS": {"LOP": 173.94478369277564, "SIH": 389.3771584075344}}