{"TIK": {"YAT": 141.42059376158528, "TKO": 4616.616033022855}, "TIH": {"FOH": 102.48148826472531, "CAB": 79.39473213566166}, "TIS": {"LOP": 173.90155338871187, "SIH": 389.4590189027982}}