{"TIK": {"YAT": 141.42059376158528, "TKO": 114.89032844727907}, "TIH": {"FOH": 121.98852634428081, "CAB": 113.62140229802674}, "TIS": {"LOP": 173.90155338871187, "SIH": 389.4590189027982}}