{"TIK": {"YAT": 141.42059376158528, "TKO": 1569.9699933271593}, "TIH": {"FOH": 100.35281312932631, "CAB": 111.19758579134277}, "TIS": {"LOP": 173.90155338871187, "SIH": 389.4590189027982}}