{"TIK": {"YAT": 141.42059376158528, "TKO": 108.19092753528352}, "TIH": {"FOH": 98.40189543242643, "CAB": 116.0583991393793}, "TIS": {"LOP": 173.90155338871187, "SIH": 389.4590189027982}}