{"TIK": {"YAT": 141.42059376158528, "TKO": 58.45460019178713}, "TIH": {"FOH": 101.02428036234978, "CAB": 105.78316715432507}, "TIS": {"LOP": 173.90155338871187, "SIH": 389.4590189027982}}