{"TIK": {"YAT": 141.42227855363086, "TKO": 90.64383141663322}, "TIH": {"FOH": 107.44120295014882, "CAB": 104.04776581368506}, "TIS": {"LOP": 173.9447836932457, "SIH": 389.3771584065482}}