{"TIK": {"YAT": 141.42227855363086, "TKO": 112.79573536537171}, "TIH": {"FOH": 102.31879189973316, "CAB": 97.68524178920592}, "TIS": {"LOP": 173.94478369324753, "SIH": 389.3771584065415}}