{"TIK": {"YAT": 141.42227855363086, "TKO": 113.53946289184182}, "TIH": {"FOH": 94.68002193971546, "CAB": 111.5265074814989}, "TIS": {"LOP": 173.94478129252678, "SIH": 389.3771613891603}}