{"TIK": {"YAT": 141.42227855363086, "TKO": 64.08419884687011}, "TIH": {"FOH": 102.43641430751026, "CAB": 103.76650269031457}, "TIS": {"LOP": 173.94478369324753, "SIH": 389.3771584065415}}