{"TIK": {"YAT": 141.42227855363086, "TKO": 115.38551660265765}, "TIH": {"FOH": 94.68002193971546, "CAB": 113.57385673334902}, "TIS": {"LOP": 173.94478129252678, "SIH": 389.3771613891603}}