{"TIK": {"YAT": 141.42227855363086, "TKO": 131.954526032419}, "TIH": {"FOH": 96.13921223536569, "CAB": 88.17112033638122}, "TIS": {"LOP": 173.94478369324753, "SIH": 389.3771584065415}}