{"TIK": {"YAT": 141.42227855363086, "TKO": 61.207647844503505}, "TIH": {"FOH": 110.3489926345409, "CAB": 99.8960289393655}, "TIS": {"LOP": 173.9447836931505, "SIH": 389.3771584066498}}