{"TIK": {"YAT": 141.42227855363086, "TKO": 46.6412586210906}, "TIH": {"FOH": 110.07691781845199, "CAB": 107.0176578094735}, "TIS": {"LOP": 173.94478359147837, "SIH": 389.3771584670154}}