{"TIK": {"YAT": 141.42227855363086, "TKO": 59.60894273831002}, "TIH": {"FOH": 102.44593526901858, "CAB": 95.5028917024937}, "TIS": {"LOP": 173.94478369324753, "SIH": 389.3771584065415}}