{"TIK": {"YAT": 141.42227855363086, "TKO": 83.27706785634322}, "TIH": {"FOH": 99.87470186346259, "CAB": 98.58027442291989}, "TIS": {"LOP": 173.94478368211222, "SIH": 389.3771584124965}}