{"TIK": {"YAT": 141.42227855363086, "TKO": 39.935668468100324}, "TIH": {"FOH": 109.81360250862312, "CAB": 86.8525982690514}, "TIS": {"LOP": 173.94478369324753, "SIH": 389.3771584065415}}