{"TIK": {"YAT": 141.42227855363086, "TKO": 39.56019871800618}, "TIH": {"FOH": 105.17463635833971, "CAB": 100.80028645495818}, "TIS": {"LOP": 173.94466528857998, "SIH": 389.3772452700737}}