{"TIK": {"YAT": 141.42059376158528, "TKO": 65.85104489014202}, "TIH": {"FOH": 105.53465251532957, "CAB": 88.92018121012691}, "TIS": {"LOP": 173.90155338871187, "SIH": 389.4590189027982}}