{"TIK": {"YAT": 141.42227855363086, "TKO": 70.39067418337395}, "TIH": {"FOH": 95.41737694310686, "CAB": 93.63396523532289}, "TIS": {"LOP": 173.94478369324753, "SIH": 389.3771584065417}}