{"TIK": {"YAT": 141.42227855363086, "TKO": 65.51858183466273}, "TIH": {"FOH": 83.16195924074654, "CAB": 98.69104761468182}, "TIS": {"LOP": 173.94478369189386, "SIH": 389.3771584082232}}