{"TIK": {"YAT": 141.42227855363086, "TKO": 114.39086501677544}, "TIH": {"FOH": 98.69453325684438, "CAB": 85.31137438610148}, "TIS": {"LOP": 173.94478369324753, "SIH": 389.3771584065415}}