{"TIK": {"YAT": 141.42059376158528, "TKO": 101.63848020503879}, "TIH": {"FOH": 108.3741001674193, "CAB": 86.88781384559864}, "TIS": {"LOP": 173.90155338871187, "SIH": 389.4590189027982}}