{"TIK": {"YAT": 141.42227855363086, "TKO": 57.72436670789595}, "TIH": {"FOH": 93.87981956136447, "CAB": 108.88682068959824}, "TIS": {"LOP": 173.94478369324753, "SIH": 389.3771584065415}}