{"TIK": {"YAT": 141.42227855363086, "TKO": 29.888325921615216}, "TIH": {"FOH": 83.16195924074654, "CAB": 107.17413285763189}, "TIS": {"LOP": 173.94478369174345, "SIH": 389.3771584086177}}