{"TIK": {"YAT": 141.42227855363086, "TKO": 27.740178268985375}, "TIH": {"FOH": 87.6830774410324, "CAB": 75.57273617471046}, "TIS": {"LOP": 173.94431787531803, "SIH": 389.3774352089613}}