{"TIK": {"YAT": 141.42227855363086, "TKO": 102.06836945807154}, "TIH": {"FOH": 110.25836095677225, "CAB": 114.54354624233846}, "TIS": {"LOP": 173.94478369324753, "SIH": 389.3771584065415}}