{"TIK": {"YAT": 141.42059376158528, "TKO": 84.21111625883654}, "TIH": {"FOH": 105.99575425298003, "CAB": 118.72427053753589}, "TIS": {"LOP": 173.90155338871187, "SIH": 389.4590189027982}}