{"TIK": {"YAT": 141.42227855363086, "TKO": 53.14909985312822}, "TIH": {"FOH": 91.95109709911132, "CAB": 100.30171931635098}, "TIS": {"LOP": 173.94478369324753, "SIH": 389.3771584065415}}