{"TIK": {"YAT": 141.42227855359988, "TKO": 88.92540418922849}, "TIH": {"FOH": 79.65806546956307, "CAB": 71.22548421600781}, "TIS": {"LOP": 173.9435813357501, "SIH": 389.37813848257554}}