{"TIK": {"YAT": 141.42059376158528, "TKO": 739.482431034751}, "TIH": {"FOH": 112.93685645266396, "CAB": 97.3303784016404}, "TIS": {"LOP": 173.90155338871187, "SIH": 389.4590189027982}}