{"TIK": {"YAT": 141.42227855363086, "TKO": 107.93329284190676}, "TIH": {"FOH": 109.42123821006025, "CAB": 108.32340989531558}, "TIS": {"LOP": 173.94478369324435, "SIH": 389.37715840655585}}