{"TIK": {"YAT": 141.42059376158528, "TKO": 94.94045036263269}, "TIH": {"FOH": 104.80663307853293, "CAB": 97.0702228126265}, "TIS": {"LOP": 173.90155338871187, "SIH": 389.4590189027982}}