{"TIK": {"YAT": 141.42227855363086, "TKO": 51.68009128766006}, "TIH": {"FOH": 109.27986548657813, "CAB": 103.9156481227694}, "TIS": {"LOP": 173.94478102578003, "SIH": 389.3771624979253}}