{"TIK": {"YAT": 141.42227855363086, "TKO": 78.43282269896989}, "TIH": {"FOH": 96.74177121810386, "CAB": 84.43890349162459}, "TIS": {"LOP": 173.9447791758678, "SIH": 389.3771669606091}}