{"TIK": {"YAT": 141.42227855363086, "TKO": 54.14118812149852}, "TIH": {"FOH": 105.35182332605424, "CAB": 103.47154738471588}, "TIS": {"LOP": 173.94478369324753, "SIH": 389.3771584065415}}