{"TKO": {"HAH": 83.89786566881612, "TIK": 35.47107785269122, "LHP": 128.5902815189715}, "TKW": {"SUW": 103.15453219326992, "HOM": 122.34564343472104}}