{"TKO": {"HAH": 155.558691271517, "TIK": 42.87892572512975, "LHP": 128.5902815189715}, "TKW": {"SUW": 130.01000088481163, "HOM": 130.16439990251143}}