{"TKO": {"HAH": 129.97407831649642, "TIK": 124.71925218625302, "LHP": 128.5982368396038}, "TKW": {"SUW": 117.86444812191871, "HOM": 131.9827619037132}}