{"TKO": {"HAH": 117.08497385924773, "TIK": 89.67875888479351, "LHP": 128.5982368396038}, "TKW": {"SUW": 129.30424250499058, "HOM": 136.94095776573786}}