{"TKO": {"HAH": 80.32962300157823, "TIK": 78.69513657962474, "LHP": 128.5982368396038}, "TKW": {"SUW": 107.25221355770046, "HOM": 127.95514242237687}}