{"TKO": {"HAH": 107.48058067581874, "TIK": 82.96379986969784, "LHP": 128.5902815189715}, "TKW": {"SUW": 127.68420749520924, "HOM": 137.17681056318492}}