{"TKO": {"HAH": 76.88684092137461, "TIK": 103.98295436091033, "LHP": 128.5982368396038}, "TKW": {"SUW": 107.46279278613811, "HOM": 137.9626941510906}}