{"TKO": {"HAH": 58.29457561775733, "TIK": 75.33441819272598, "LHP": 128.5982368396038}, "TKW": {"SUW": 124.00799713672173, "HOM": 130.18549657809564}}