{"TKO": {"HAH": 102.9080671530181, "TIK": 127.35260337382411, "LHP": 128.5902815189715}, "TKW": {"SUW": 133.02399905030762, "HOM": 134.65207992698538}}