{"TKO": {"HAH": 2260.115813212604, "TIK": 46.84643130434548, "LHP": 128.5982368396038}, "TKW": {"SUW": 101.91578817436059, "HOM": 133.2400371420077}}