{"TKO": {"HAH": 127.03594117474881, "TIK": 234.71090138989683, "LHP": 128.5982368396038}, "TKW": {"SUW": 122.01783718755397, "HOM": 131.98084655968134}}