{"TKO": {"HAH": 80.23532471505135, "TIK": 77.86984289612138, "LHP": 128.5903377603077}, "TKW": {"SUW": 126.62826856762499, "HOM": 130.3905193471448}}