{"TKO": {"HAH": 117.11697904606794, "TIK": 210.8051913490088, "LHP": 128.5902815189715}, "TKW": {"SUW": 122.92979808826608, "HOM": 138.48412016619577}}