{"TKO": {"HAH": 72.73522001996571, "TIK": 130.22544042839155, "LHP": 128.5902815189715}, "TKW": {"SUW": 132.78615320345392, "HOM": 136.90371913636335}}