{"TKO": {"HAH": 102.80783990344472, "TIK": 84.33805923250472, "LHP": 128.5982368396038}, "TKW": {"SUW": 124.89774828513256, "HOM": 120.46120617443736}}