{"TKO": {"HAH": 96.85896046683195, "TIK": 78.71914299410892, "LHP": 128.5902815189715}, "TKW": {"SUW": 124.0108009221708, "HOM": 122.85679017052828}}