{"TKO": {"HAH": 101.90351650450899, "TIK": 75.09123452586915, "LHP": 128.5902815189715}, "TKW": {"SUW": 125.06807295682731, "HOM": 134.0662138249701}}