{"TKO": {"HAH": 95.09230536113259, "TIK": 53.54748159068913, "LHP": 128.5982368396038}, "TKW": {"SUW": 126.47124207918162, "HOM": 127.92485209633159}}