{"TKO": {"HAH": 128.64088843591952, "TIK": 108.93332185426102, "LHP": 128.59028151897377}, "TKW": {"SUW": 128.82804630649687, "HOM": 122.02081776929553}}