{"TKO": {"HAH": 90.28771322886523, "TIK": 60.185195163877054, "LHP": 128.5902815189715}, "TKW": {"SUW": 126.34911943912137, "HOM": 131.55063177391622}}