{"TKO": {"HAH": 114.10273963521483, "TIK": 101.56277417985235, "LHP": 128.5902815189715}, "TKW": {"SUW": 115.28737471012396, "HOM": 121.43507456403964}}