{"TKO": {"HAH": 104.50623559632496, "TIK": 71.99910205159901, "LHP": 128.5982368396038}, "TKW": {"SUW": 119.67634220685673, "HOM": 131.98084655968134}}