{"TKO": {"HAH": 109.24893490534232, "TIK": 127.61867476478452, "LHP": 128.5902815189715}, "TKW": {"SUW": 120.81086689220267, "HOM": 132.31409700969024}}