{"TKO": {"HAH": 158.1763236350189, "TIK": 49.5951297464239, "LHP": 128.5902815189715}, "TKW": {"SUW": 130.01000088481163, "HOM": 130.16439990251143}}