{"TKO": {"HAH": 140.8310537940698, "TIK": 109.13824754587918, "LHP": 128.5902815189715}, "TKW": {"SUW": 130.17852643928296, "HOM": 139.38449233985315}}