{"TKO": {"HAH": 67.7691277473729, "TIK": 77.64009159171937, "LHP": 128.59147556992028}, "TKW": {"SUW": 126.03140951958332, "HOM": 129.03520907054914}}