{"TKO": {"HAH": 136.78245481276397, "TIK": 125.01734768230571, "LHP": 128.5902815189715}, "TKW": {"SUW": 113.21649616368036, "HOM": 121.43507456403964}}