{"TKO": {"HAH": 91.25683709435067, "TIK": 199.77081980160656, "LHP": 128.5982368396038}, "TKW": {"SUW": 129.269923735336, "HOM": 126.90792532292657}}