{"TKO": {"HAH": 187.82128729485038, "TIK": 231.12105386250968, "LHP": 462.7058030241782}, "TKW": {"SUW": 110.11355325559775, "HOM": 120.77749019247635}}