{"TKO": {"HAH": 111.01976267555035, "TIK": 106.50471935202245, "LHP": 128.5902815189715}, "TKW": {"SUW": 132.19220150720156, "HOM": 147.65098206734856}}