{"TKO": {"HAH": 94.1505603730113, "TIK": 125.21631147178516, "LHP": 128.5982368396038}, "TKW": {"SUW": 103.48565726647857, "HOM": 129.31908980437214}}