{"TKO": {"HAH": 103.33543748603294, "TIK": 122.6884384622289, "LHP": 128.5982368396038}, "TKW": {"SUW": 123.84863822562218, "HOM": 127.87541951157054}}