{"TKO": {"HAH": 126.75317128724987, "TIK": 86.68163379940043, "LHP": 128.5902815189715}, "TKW": {"SUW": 127.5163347187796, "HOM": 136.14946605277026}}