{"TKO": {"HAH": 100.45696001630141, "TIK": 124.94695773341421, "LHP": 128.5982368396038}, "TKW": {"SUW": 121.40021264987547, "HOM": 127.4835656339435}}