{"TKO": {"HAH": 121.22042218120237, "TIK": 60.38317633451213, "LHP": 128.5902815189715}, "TKW": {"SUW": 124.40687347589225, "HOM": 128.44380477375722}}