{"TKO": {"HAH": 74.90597755490701, "TIK": 83.23389052007553, "LHP": 128.5982368396038}, "TKW": {"SUW": 124.00799713672173, "HOM": 129.0265389853033}}