{"TKO": {"HAH": 106.28003404710937, "TIK": 110.92338995843086, "LHP": 128.5982368396038}, "TKW": {"SUW": 122.13332979842187, "HOM": 128.69615442811477}}