{"TKO": {"HAH": 106.7176344410592, "TIK": 86.25774847279817, "LHP": 128.5902815189715}, "TKW": {"SUW": 102.69107810483487, "HOM": 114.89144118890354}}