{"TKO": {"HAH": 143.88121636444475, "TIK": 72.17530664989856, "LHP": 128.5982368396038}, "TKW": {"SUW": 123.1023631210602, "HOM": 130.49747160944116}}