{"TKO": {"HAH": 106.46376107099141, "TIK": 103.26452251336711, "LHP": 128.5902815189715}, "TKW": {"SUW": 124.40569980621724, "HOM": 123.44241039687213}}