{"TKO": {"HAH": 109.25719264367983, "TIK": 136.5300793461685, "LHP": 128.5982368396038}, "TKW": {"SUW": 121.1750469214031, "HOM": 132.4861538743997}}