{"TKO": {"HAH": 110.25128018200023, "TIK": 156.51006353363778, "LHP": 128.5982368396038}, "TKW": {"SUW": 127.52019181386527, "HOM": 140.64988602699614}}