{"TKO": {"HAH": 118.6628963496664, "TIK": 81.6441898064896, "LHP": 128.5902815189715}, "TKW": {"SUW": 117.0759083439502, "HOM": 122.49156710763569}}