{"TKO": {"HAH": 92.70508364377498, "TIK": 255.27252445280823, "LHP": 128.5982368396038}, "TKW": {"SUW": 110.99240206105802, "HOM": 137.36642473598152}}