{"TKO": {"HAH": 74.83797405044332, "TIK": 175.42972086305323, "LHP": 128.5982368396038}, "TKW": {"SUW": 127.42741464657483, "HOM": 141.7689004407227}}