{"TKO": {"HAH": 110.01134297419256, "TIK": 94.20391821629627, "LHP": 128.5902815189715}, "TKW": {"SUW": 139.91395321775443, "HOM": 136.05894940203535}}