{"TKO": {"HAH": 96.34502277011329, "TIK": 233.5828321898445, "LHP": 128.5982368396038}, "TKW": {"SUW": 107.46279278613811, "HOM": 137.56875821122293}}