{"TKO": {"HAH": 131.82721673374516, "TIK": 140.30907103548694, "LHP": 128.5902815189715}, "TKW": {"SUW": 117.75076590619896, "HOM": 146.37424654716295}}