{"TKO": {"HAH": 140.8310537940698, "TIK": 45.37665234408125, "LHP": 128.5902815189715}, "TKW": {"SUW": 129.97614048809217, "HOM": 139.38449233985315}}