{"TKO": {"HAH": 107.91631928786865, "TIK": 282.94181524471225, "LHP": 128.5982368396038}, "TKW": {"SUW": 118.24907630666549, "HOM": 133.34326541537558}}