{"TKO": {"HAH": 121.94953186334496, "TIK": 83.31384827359531, "LHP": 128.5902815189715}, "TKW": {"SUW": 131.31806158052493, "HOM": 131.47278922373152}}