{"TKO": {"HAH": 65.45397539455502, "TIK": 54.54098914940575, "LHP": 128.5902815189715}, "TKW": {"SUW": 132.70753788310853, "HOM": 136.90371913636335}}