{"TKO": {"HAH": 72.01893384343413, "TIK": 110.65301030489056, "LHP": 128.5982368396038}, "TKW": {"SUW": 108.15014853877503, "HOM": 133.5416132431896}}