{"TKO": {"HAH": 120.58798753693159, "TIK": 181.9851424771291, "LHP": 128.5902815189715}, "TKW": {"SUW": 128.82804630649687, "HOM": 126.51377615381648}}