{"TKO": {"HAH": 123.14385198613812, "TIK": 234.34227894190772, "LHP": 128.5982368396038}, "TKW": {"SUW": 130.6118421083758, "HOM": 131.18638356238276}}