{"TKO": {"HAH": 83.20489164474087, "TIK": 80.59297401862446, "LHP": 128.5902815189715}, "TKW": {"SUW": 124.56927189574299, "HOM": 124.06774901564863}}