{"TKO": {"HAH": 81.92180333508692, "TIK": 83.65128505257357, "LHP": 128.5982368396038}, "TKW": {"SUW": 101.44717723172896, "HOM": 132.79153385478622}}