{"TKO": {"HAH": 98.95094237138066, "TIK": 57.56334604381497, "LHP": 128.59028155812646}, "TKW": {"SUW": 127.64889753977623, "HOM": 130.55146741243033}}