{"TKO": {"HAH": 116.94217062921385, "TIK": 117.71704156056231, "LHP": 128.5902815189715}, "TKW": {"SUW": 113.44827232085318, "HOM": 122.19697672006419}}