{"TKO": {"HAH": 128.987253732614, "TIK": 120.92740744969765, "LHP": 128.5902815189715}, "TKW": {"SUW": 122.62576972332377, "HOM": 125.36091189815802}}