{"TKO": {"HAH": 91.33550433571017, "TIK": 87.50042195663825, "LHP": 128.5982368396038}, "TKW": {"SUW": 103.48565726647857, "HOM": 129.31908980437214}}