{"TKO": {"HAH": 88.9991344268872, "TIK": 196.69428194772718, "LHP": 128.5982368396038}, "TKW": {"SUW": 132.30891591698827, "HOM": 123.26810004585289}}