{"TKO": {"HAH": 114.8321954524647, "TIK": 165.70287537955426, "LHP": 128.5982368396038}, "TKW": {"SUW": 123.01605346879857, "HOM": 131.9827619037132}}