{"TKO": {"HAH": 78.96527226641001, "TIK": 102.71807473145819, "LHP": 128.5982368396038}, "TKW": {"SUW": 137.25337280572725, "HOM": 137.78193408007286}}