{"TKO": {"HAH": 113.58638748055273, "TIK": 107.16341311180045, "LHP": 128.5982368396038}, "TKW": {"SUW": 129.004713894434, "HOM": 136.94095776573786}}