{"TKO": {"HAH": 141.72875884903038, "TIK": 122.97731498613737, "LHP": 128.5902815189715}, "TKW": {"SUW": 113.21649616368036, "HOM": 121.43507456403964}}