{"TKO": {"HAH": 79.03997498110729, "TIK": 100.29507520899085, "LHP": 128.5982368396038}, "TKW": {"SUW": 117.72448399782552, "HOM": 139.64615243630075}}