{"TKO": {"HAH": 112.51082705523136, "TIK": 128.9425403263796, "LHP": 128.5902815189715}, "TKW": {"SUW": 122.7586805278942, "HOM": 114.89144118890354}}