{"TKO": {"HAH": 61.697612801120634, "TIK": 110.75811666478144, "LHP": 128.5982368396038}, "TKW": {"SUW": 113.74657045868841, "HOM": 129.58768725718818}}