{"TKO": {"HAH": 114.59728317503618, "TIK": 103.39718620644253, "LHP": 128.5902815189715}, "TKW": {"SUW": 132.87350355939324, "HOM": 133.07906453654}}