{"TKO": {"HAH": 132.21525024860506, "TIK": 63.4067826220674, "LHP": 128.5902815189715}, "TKW": {"SUW": 125.84956751547273, "HOM": 135.05948186674334}}