{"TKO": {"HAH": 137.68111404434856, "TIK": 113.53014392959203, "LHP": 128.5902815189715}, "TKW": {"SUW": 115.29656939480644, "HOM": 136.3174476247116}}