{"TKO": {"HAH": 109.79638909937844, "TIK": 115.09366964389065, "LHP": 128.5902815189715}, "TKW": {"SUW": 113.10021751105714, "HOM": 138.3549031595936}}