{"TKO": {"HAH": 101.30185656013984, "TIK": 132.85244921109972, "LHP": 128.5902815189715}, "TKW": {"SUW": 122.43018415065686, "HOM": 128.8615939245789}}