{"TKO": {"HAH": 75.65987638024896, "TIK": 67.50705545003115, "LHP": 128.5982368396038}, "TKW": {"SUW": 128.9665819281511, "HOM": 125.60880591436285}}