{"TKO": {"HAH": 115.25072142848462, "TIK": 81.78647039680865, "LHP": 128.5902815189715}, "TKW": {"SUW": 129.30651220469193, "HOM": 130.5844083097465}}