{"TKO": {"HAH": 90.33217317696082, "TIK": 78.9097037960712, "LHP": 128.5982368396038}, "TKW": {"SUW": 130.63533789783767, "HOM": 123.26810004585289}}