{"TKO": {"HAH": 127.54722683038763, "TIK": 87.76084477199439, "LHP": 128.5902815189715}, "TKW": {"SUW": 119.14097355737142, "HOM": 120.43938531983267}}