{"TKO": {"HAH": 65.390789629479, "TIK": 97.69251431491008, "LHP": 128.59028152325558}, "TKW": {"SUW": 127.64889753977623, "HOM": 118.94668860406857}}