{"TKO": {"HAH": 98.4159622322401, "TIK": 79.93773476468004, "LHP": 128.5902815189715}, "TKW": {"SUW": 126.58299921199664, "HOM": 126.23487670267541}}