{"TKO": {"HAH": 105.87468128810522, "TIK": 89.15460899825271, "LHP": 128.5982368396038}, "TKW": {"SUW": 125.7275921077844, "HOM": 131.2677452061445}}