{"TKO": {"HAH": 145.73471025181212, "TIK": 116.53525115730443, "LHP": 128.5902815189715}, "TKW": {"SUW": 129.37748078422433, "HOM": 130.09603460150657}}