{"TSY": {"KOW": 661.6501893299353, "LAK": 180.97766664408806, "AIR": 1467.4435565286954, "SUN": 690.6200602275409}, "TST": {"JOR": 113.51752680164729, "ADM": 176.37972739938374}, "TSH": {"HEO": 122.59484402009863, "SHM": 216.38983882453937}, "TSW": {"TWH": 58.08402508609836}}