{"TSY": {"KOW": 661.66956150993, "LAK": 180.92058554930654, "AIR": 1467.438586142022, "SUN": 690.63554194413}, "TST": {"JOR": 75.74517055698445, "ADM": 176.36607432311197}, "TSH": {"HEO": 118.33372194350773, "SHM": 216.41829374487816}, "TSW": {"TWH": 70.19733227392278}}