{"TSY": {"KOW": 661.6501893299353, "LAK": 180.97766664408806, "AIR": 1467.4435565286954, "SUN": 690.6200602275409}, "TST": {"JOR": 90.55814820892974, "ADM": 176.37972739938374}, "TSH": {"HEO": 124.83175263450671, "SHM": 216.38983882450898}, "TSW": {"TWH": 64.42762831388606}}