{"TSY": {"KOW": 661.6501893299353, "LAK": 180.97766664408806, "AIR": 1467.4435565286954, "SUN": 690.6200602275409}, "TST": {"JOR": 97.0453167308964, "ADM": 176.37972739935327}, "TSH": {"HEO": 132.9762735547211, "SHM": 216.38983911732217}, "TSW": {"TWH": 63.0982716149782}}