{"TSY": {"KOW": 661.6501893299353, "LAK": 180.9776666440742, "AIR": 1467.4435565286954, "SUN": 690.6200602275434}, "TST": {"JOR": 106.93569729376922, "ADM": 176.3797247148198}, "TSH": {"HEO": 114.92773085714111, "SHM": 216.38995761122186}, "TSW": {"TWH": 72.37492908535091}}