{"TSY": {"KOW": 661.6501893299353, "LAK": 180.97766664408806, "AIR": 1467.4435565286954, "SUN": 690.6200602275409}, "TST": {"JOR": 97.23792692862028, "ADM": 176.37972736724296}, "TSH": {"HEO": 134.4112718807713, "SHM": 216.38984441951578}, "TSW": {"TWH": 68.54179678093945}}