{"TSY": {"KOW": 661.6501893299353, "LAK": 180.97766664408806, "AIR": 1467.4435565286954, "SUN": 690.6200602275409}, "TST": {"JOR": 81.73913886244719, "ADM": 176.379727384011}, "TSH": {"HEO": 134.17014469269415, "SHM": 216.38984249539286}, "TSW": {"TWH": 71.99312958117694}}