{"TSY": {"KOW": 661.6501893299353, "LAK": 180.97766664408806, "AIR": 1467.4435565286954, "SUN": 690.6200602275409}, "TST": {"JOR": 94.10993561202145, "ADM": 176.37972739938374}, "TSH": {"HEO": 133.83902895819023, "SHM": 216.389838839833}, "TSW": {"TWH": 73.00325291045006}}