{"TSY": {"KOW": 661.6501893299353, "LAK": 180.97766664408806, "AIR": 1467.4435565286954, "SUN": 690.6200602275409}, "TST": {"JOR": 94.93984658910804, "ADM": 176.37972684665596}, "TSH": {"HEO": 120.28478621444992, "SHM": 216.3898802428746}, "TSW": {"TWH": 68.14598987560888}}