{"TSY": {"KOW": 661.6501893299353, "LAK": 180.97766664408806, "AIR": 1467.4435565286954, "SUN": 690.6200602275409}, "TST": {"JOR": 100.01354065017617, "ADM": 176.37972739938374}, "TSH": {"HEO": 126.55169564079566, "SHM": 216.38983882450898}, "TSW": {"TWH": 70.8909283131381}}