{"TSY": {"KOW": 661.6501893299353, "LAK": 180.97766664408806, "AIR": 1467.4435565286954, "SUN": 690.6200602275409}, "TST": {"JOR": 106.98083977602028, "ADM": 176.37972739938374}, "TSH": {"HEO": 124.83481820466197, "SHM": 216.3898388248195}, "TSW": {"TWH": 81.09999933085807}}