{"TSY": {"KOW": 661.66956150993, "LAK": 180.92058554930654, "AIR": 1467.438586142022, "SUN": 690.63554194413}, "TST": {"JOR": 114.33826615791926, "ADM": 176.36607432311197}, "TSH": {"HEO": 127.73235354783819, "SHM": 216.41829374487816}, "TSW": {"TWH": 62.74952903161619}}