{"TSY": {"KOW": 661.6501893299412, "LAK": 180.97766641652166, "AIR": 1467.4435565286917, "SUN": 690.6200602603412}, "TST": {"JOR": 87.37967147820459, "ADM": 176.37963087690656}, "TSH": {"HEO": 110.56579872642695, "SHM": 216.39047986832375}, "TSW": {"TWH": 55.23909908474299}}