{"TSY": {"KOW": 661.66956150993, "LAK": 180.92058554930654, "AIR": 1467.438586142022, "SUN": 690.63554194413}, "TST": {"JOR": 84.96556047940769, "ADM": 176.36607432311197}, "TSH": {"HEO": 124.39381856069254, "SHM": 216.41829374487816}, "TSW": {"TWH": 69.09918043679802}}