{"TUC": {"SUN": 823.8869930572249}, "TUM": {"SIH": 154.45978070562074}}