{"TUC": {"SUN": 823.886993057218}, "TUM": {"SIH": 154.4595593607666}}