{"TUC": {"SUN": 823.8869918910293}, "TUM": {"SIH": 154.45566348165374}}