{"TUC": {"SUN": 823.8869929538665}, "TUM": {"SIH": 154.4578214597212}}