{"TWO": {"TAP": 137.33217182034147, "FAN": 412.6313816071952}, "TWW": {"MEF": 351.88800063856786, "KSR": 712.0168259346062}, "TWH": {"KWH": 116.51108884667613}}