{"TWO": {"TAP": 151.40789547595318, "FAN": 412.6313816071952}, "TWW": {"MEF": 351.88799844506184, "KSR": 712.0168277424757}, "TWH": {"KWH": 99.56303688851916}}