{"TWO": {"TAP": 127.48418430995984, "FAN": 412.6313816127478}, "TWW": {"MEF": 351.88570077555954, "KSR": 712.0177360545364}, "TWH": {"KWH": 109.47483709443432}}