{"TWO": {"TAP": 147.0777338523713, "FAN": 412.6313816073336}, "TWW": {"MEF": 351.88727891916074, "KSR": 712.0171785279774}, "TWH": {"KWH": 120.56759128268895}}