{"TWO": {"TAP": 140.02590858994225, "FAN": 412.6313816071952}, "TWW": {"MEF": 351.88800064144465, "KSR": 712.0168259252457}, "TWH": {"KWH": 97.59743941995484}}