{"TWO": {"TAP": 147.16973385949612, "FAN": 412.6406617887748}, "TWW": {"MEF": 351.82102109394066, "KSR": 712.0342164557089}, "TWH": {"KWH": 120.18152532252273}}