{"TWO": {"TAP": 130.31132004138135, "FAN": 412.6313816071952}, "TWW": {"MEF": 351.8880006122272, "KSR": 712.0168259707285}, "TWH": {"KWH": 105.48347785281297}}