{"TWO": {"TAP": 133.2092877134648, "FAN": 412.6406617887748}, "TWW": {"MEF": 351.82102109394066, "KSR": 712.0342164557089}, "TWH": {"KWH": 100.27667493804485}}