{"TWO": {"TAP": 112.83118975413497, "FAN": 412.6313816071952}, "TWW": {"MEF": 351.8880006414448, "KSR": 712.0168259252415}, "TWH": {"KWH": 96.42907702140198, "TSW": 89.37830886457508}}