{"TWO": {"TAP": 123.78201586640967, "FAN": 412.63138198289136}, "TWW": {"MEF": 351.882064285597, "KSR": 712.0194361505688}, "TWH": {"KWH": 114.19002503464034}}