{"TWO": {"TAP": 124.3908478033228, "FAN": 412.6313816071952}, "TWW": {"MEF": 351.8880006414448, "KSR": 712.0168259252412}, "TWH": {"KWH": 113.12778264722309, "TSW": 72.48029456321167}}