{"TWO": {"TAP": 103.12576939552817, "FAN": 412.6313816071952}, "TWW": {"MEF": 351.8879999521968, "KSR": 712.0168263871572}, "TWH": {"KWH": 120.58183388707155}}