{"TWO": {"TAP": 128.02232022042824, "FAN": 412.6313816071952}, "TWW": {"MEF": 351.8880006414448, "KSR": 712.0168259252412}, "TWH": {"KWH": 139.58946991510942, "TSW": 62.683924227421144}}