{"TWO": {"TAP": 118.05449984172351, "FAN": 412.6313816071952}, "TWW": {"MEF": 351.8880006414448, "KSR": 712.0168259252412}, "TWH": {"KWH": 97.01779971155935, "TSW": 78.45619946809734}}