{"TWO": {"TAP": 116.80253753971326, "FAN": 412.6313816071952}, "TWW": {"MEF": 351.8880006414448, "KSR": 712.0168259252412}, "TWH": {"KWH": 140.41112226031498, "TSW": 74.996433795644}}