{"TWO": {"TAP": 124.92584619559322, "FAN": 412.6406617887748}, "TWW": {"MEF": 351.82102109394066, "KSR": 712.0342164557089}, "TWH": {"KWH": 94.03251880965897}}