{"TWO": {"TAP": 142.45393691655062, "FAN": 412.6406617887748}, "TWW": {"MEF": 351.82102109394066, "KSR": 712.0342164557089}, "TWH": {"KWH": 94.93403105968153}}