{"TWO": {"TAP": 114.77686740138502, "FAN": 412.6313816071952}, "TWW": {"MEF": 351.8880006414448, "KSR": 712.0168259252412}, "TWH": {"KWH": 83.79649722514998, "TSW": 84.72088514424253}}