{"TWO": {"TAP": 132.4362889035789, "FAN": 412.6313816071952}, "TWW": {"MEF": 351.8880006414448, "KSR": 712.0168259252412}, "TWH": {"KWH": 143.98334191832538, "TSW": 85.54099617806483}}