{"TWO": {"TAP": 125.83658672069146, "FAN": 412.6313816071952}, "TWW": {"MEF": 351.8880006414448, "KSR": 712.0168259252412}, "TWH": {"KWH": 101.81500438250077, "TSW": 73.88493195722157}}