{"TWO": {"TAP": 132.6956628389451, "FAN": 412.6313816071952}, "TWW": {"MEF": 351.8880005919642, "KSR": 712.0168259813986}, "TWH": {"KWH": 116.93928407392664}}