{"TWO": {"TAP": 148.08644235788307, "FAN": 412.6406617887748}, "TWW": {"MEF": 351.82102109394066, "KSR": 712.0342164557089}, "TWH": {"KWH": 88.77095728842957}}