{"TWO": {"TAP": 129.46652690946627, "FAN": 412.6406617887748}, "TWW": {"MEF": 351.82102109394066, "KSR": 712.0342164557089}, "TWH": {"KWH": 93.0288519330307}}