{"TWO": {"TAP": 112.66099582751573, "FAN": 412.6313816071952}, "TWW": {"MEF": 351.8880006414448, "KSR": 712.0168259252412}, "TWH": {"KWH": 116.95478758819954, "TSW": 84.61244617216946}}