{"TWO": {"TAP": 137.62016950399197, "FAN": 412.6406617887748}, "TWW": {"MEF": 351.82102109394066, "KSR": 712.0342164557089}, "TWH": {"KWH": 104.81137100838694}}