{"TWO": {"TAP": 122.18345817203972, "FAN": 412.6313816071952}, "TWW": {"MEF": 351.8880006414448, "KSR": 712.0168259252412}, "TWH": {"KWH": 108.0681816016021, "TSW": 65.16044317351067}}