{"TWO": {"TAP": 133.58563748835073, "FAN": 412.6313816071952}, "TWW": {"MEF": 351.88800064143544, "KSR": 712.0168259252839}, "TWH": {"KWH": 102.34624906537458}}