{"TWO": {"TAP": 132.31805461070903, "FAN": 412.6313816071952}, "TWW": {"MEF": 351.8880006414448, "KSR": 712.0168259252412}, "TWH": {"KWH": 134.44650695384354, "TSW": 86.62888954674577}}