{"TWO": {"TAP": 146.9121518654857, "FAN": 412.6313816071952}, "TWW": {"MEF": 351.8880005864663, "KSR": 712.0168259945716}, "TWH": {"KWH": 116.93928407392664}}