{"TWO": {"TAP": 128.0038757056561, "FAN": 412.6313816071952}, "TWW": {"MEF": 351.8880006414448, "KSR": 712.0168259252412}, "TWH": {"KWH": 108.3379780999051, "TSW": 80.81207824750585}}