{"TWO": {"TAP": 134.3817121144559, "FAN": 412.6313816071952}, "TWW": {"MEF": 351.8880006414448, "KSR": 712.0168259252412}, "TWH": {"KWH": 97.69901454266407, "TSW": 65.71547069576118}}