{"TWO": {"TAP": 119.50803480817012, "FAN": 412.6313816071952}, "TWW": {"MEF": 351.8880006414448, "KSR": 712.0168259252412}, "TWH": {"KWH": 94.5060111816696, "TSW": 68.93913880621707}}