{"TWO": {"TAP": 136.7488332884121, "FAN": 412.6313816071952}, "TWW": {"MEF": 351.88800064119016, "KSR": 712.0168259258456}, "TWH": {"KWH": 94.11749896742445}}