{"TWO": {"TAP": 164.70564371973956, "FAN": 412.6406617887748}, "TWW": {"MEF": 351.82102109394066, "KSR": 712.0342164557089}, "TWH": {"KWH": 143.84571532761262}}