{"TWO": {"TAP": 113.57430632994502, "FAN": 412.6313816071952}, "TWW": {"MEF": 351.8880006414448, "KSR": 712.0168259252412}, "TWH": {"KWH": 143.41620032137655, "TSW": 78.8095611088176}}