{"TWO": {"TAP": 135.7409978578439, "FAN": 412.6406617887748}, "TWW": {"MEF": 351.82102109394066, "KSR": 712.0342164557089}, "TWH": {"KWH": 152.90067436493746}}