{"TWO": {"TAP": 144.37480342221156, "FAN": 412.6313816071955}, "TWW": {"MEF": 351.8877741573449, "KSR": 712.0169777091568}, "TWH": {"KWH": 119.23456612826615}}