{"TWO": {"TAP": 132.9401892910675, "FAN": 412.6313816101459}, "TWW": {"MEF": 351.8863240392146, "KSR": 712.0175631299701}, "TWH": {"KWH": 111.72735338499088}}