{"UNI": {"TAP": 430.1198274886404, "FOT": 186.4567990683292}}