{"UNI": {"TAP": 430.1198288801209, "FOT": 186.4567112632841}}