{"UNI": {"TAP": 430.11982719246316, "FOT": 186.45681248013977}}