{"WAC": {"ADM": 100.75263396739379, "CAB": 130.20216897626307}}