{"WAC": {"ADM": 126.40668048623354, "CAB": 155.4111140165161}}