{"WAC": {"ADM": 113.57102837068314, "CAB": 123.72516813378627}}