{"WAC": {"ADM": 124.12219324321215, "CAB": 123.1814018355986}}