{"WAC": {"ADM": 112.05826878406529, "CAB": 128.75703190102206}}