{"WAC": {"ADM": 108.9324091959148, "CAB": 137.1084323878363}}