{"WAC": {"ADM": 102.98313763277085, "CAB": 105.6311224600865}}