{"WAC": {"ADM": 120.84672622354394, "CAB": 116.86357469096781}}