{"WAC": {"ADM": 120.11224597996268, "CAB": 160.2975443253448}}