{"WAC": {"ADM": 90.31111531961953, "CAB": 125.85822309435862}}