{"WAC": {"ADM": 89.2919894438357, "CAB": 140.06234768284068}}