{"WAC": {"ADM": 97.90415348839505, "CAB": 145.7191573448835}}