{"WAC": {"ADM": 114.05635943752608, "CAB": 133.89697913734278}}