{"WAC": {"ADM": 103.50155551082824, "CAB": 135.07871302842503}}