{"WAC": {"ADM": 114.5652715351803, "CAB": 117.91120483397201}}