{"WAC": {"ADM": 123.76279515070189, "CAB": 134.92100674480662}}