{"WAC": {"ADM": 88.79479613640743, "CAB": 147.1173198840196}}