{"WAC": {"ADM": 108.81712731939278, "CAB": 135.07871302842503}}