{"WAC": {"ADM": 111.61332282793754, "CAB": 131.51936940746558}}