{"WAC": {"ADM": 120.08208294914644, "CAB": 133.89807591551732}}