{"WAC": {"ADM": 115.54914949529707, "CAB": 150.94230163982357}}