{"WAC": {"ADM": 107.06667395842112, "CAB": 149.86792403809878}}