{"WAC": {"ADM": 123.55707701638107, "CAB": 122.08671214451724}}