{"WAC": {"ADM": 115.58558472268082, "CAB": 133.8028628724814}}