{"WAC": {"ADM": 102.57135815063, "CAB": 128.41914863548567}}