{"WAC": {"ADM": 86.59993487919782, "CAB": 95.25185101146641}}