{"WAC": {"ADM": 126.21863145939687, "CAB": 146.47842529234885}}