{"WAC": {"ADM": 114.93317185923279, "CAB": 130.68114621756777}}