{"WAC": {"ADM": 88.77544452807933, "CAB": 130.40938000038096}}