{"WAC": {"ADM": 117.46565114439613, "CAB": 133.89697913734278}}