{"WAC": {"ADM": 117.31384099666882, "CAB": 113.92405826823816}}