{"WAC": {"ADM": 90.41135152291652, "CAB": 128.8482302779459}}