{"WAC": {"ADM": 111.61332282793754, "CAB": 138.16743246671902}}