{"WAC": {"ADM": 102.61382661603515, "CAB": 135.1410338168289}}