{"WAC": {"ADM": 118.51831843942145, "CAB": 114.37458495720746}}