{"WAC": {"ADM": 120.84672622354394, "CAB": 118.70721722187102}}