{"WAC": {"ADM": 94.84837072057505, "CAB": 133.97006441873128}}