{"WAC": {"ADM": 84.82827169786592, "CAB": 127.4463953671406}}