{"WAC": {"ADM": 118.01647492137606, "CAB": 143.35765759648325}}