{"WAC": {"ADM": 102.17531821165403, "CAB": 125.35480310212547}}