{"WAC": {"ADM": 92.46344237231432, "CAB": 176.16685807705278}}