{"WAC": {"ADM": 119.89300292019689, "CAB": 148.22379956487018}}