{"WAC": {"ADM": 118.23052620190609, "CAB": 131.2042176830834}}