{"WAC": {"ADM": 112.10378723485087, "CAB": 125.58541036055094}}