{"WAC": {"ADM": 112.10378723485087, "CAB": 123.67334612413697}}