{"WAC": {"ADM": 123.02406620307787, "CAB": 155.17058029014524}}