{"WCH": {"OCP": 133.83589300177044, "LET": 161.5451577648908}}