{"WCH": {"OCP": 135.70273070781136, "LET": 173.1328535805789}}