{"WCH": {"OCP": 122.29586695751372, "LET": 182.55894053447344}}