{"WCH": {"OCP": 118.65968719221499, "LET": 166.55402549534145}}