{"WCH": {"OCP": 123.61902462107625, "LET": 162.32506850285105}}