{"WCH": {"OCP": 125.58271344795571, "LET": 160.37992020541554}}