{"WCH": {"OCP": 131.56197287422205, "LET": 168.2093353731327}}