{"WCH": {"OCP": 108.86165414565475, "LET": 145.09731159364105}}