{"WCH": {"OCP": 117.30084208981705, "LET": 123.58317611457585}}