{"WCH": {"OCP": 118.5702849045111, "LET": 122.91242770969582}}