{"WCH": {"OCP": 129.62371070234911, "LET": 172.30326675902717}}