{"WCH": {"OCP": 122.55226318519189, "LET": 174.12290949867284}}