{"WCH": {"OCP": 125.07139371704179, "LET": 141.2896450137543}}