{"WCH": {"OCP": 115.67392350791488, "LET": 160.34248482196665}}