{"WCH": {"OCP": 124.50926007531908, "LET": 167.42004799889602}}