{"WCH": {"OCP": 121.08439431506513, "LET": 166.99233872625382}}