{"WCH": {"OCP": 117.28001410524033, "LET": 178.44144803784224}}