{"WCH": {"OCP": 124.96429174499417, "LET": 165.93462423521973}}