{"WCH": {"OCP": 109.15466971435016, "LET": 183.10809821149746}}