{"WCH": {"OCP": 117.02678047485645, "LET": 181.79210224915124}}