{"WCH": {"OCP": 117.782028919069, "LET": 136.66204036569616}}