{"WCH": {"OCP": 125.71717283815651, "LET": 137.78288410757577}}