{"WCH": {"OCP": 112.31052389042009, "LET": 157.68926896158476}}