{"WCH": {"OCP": 126.66806083441892, "LET": 185.2057787030204}}