{"WCH": {"OCP": 120.49830343034255, "LET": 171.47672817095517}}