{"WCH": {"OCP": 110.8744197078857, "LET": 148.47603093864598}}