{"WCH": {"OCP": 120.23401126098686, "LET": 155.22615616082612}}