{"WCH": {"OCP": 129.72059663254626, "LET": 179.5284936159652}}