{"WCH": {"OCP": 127.90788351952737, "LET": 188.81606263262702}}