{"WCH": {"OCP": 123.94742181745048, "LET": 173.07318056215604}}