{"WCH": {"OCP": 126.49291875479942, "LET": 174.32377618367778}}