{"WCH": {"OCP": 124.66148142188199, "LET": 172.29086180211118}}