{"WCH": {"OCP": 121.14578712305577, "LET": 150.5646764837861}}