{"WCH": {"OCP": 123.58046460300038, "LET": 138.15115983464733}}