{"WCH": {"OCP": 124.14658205882681, "LET": 179.23138867477786}}