{"WCH": {"OCP": 123.95556644880946, "LET": 177.1380064411933}}