{"WCH": {"OCP": 122.52235534204556, "LET": 160.3469343140703}}