{"WCH": {"OCP": 107.70022879958515, "LET": 181.1127698216164}}