{"WCH": {"OCP": 122.13802183066385, "LET": 177.9273033137403}}