{"WCH": {"OCP": 124.81881400806591, "LET": 175.74277330039496}}