{"WCH": {"OCP": 130.7044097976531, "LET": 178.20115656490378}}