{"WCH": {"OCP": 128.73246241392545, "LET": 160.25453820319765}}