{"WCH": {"OCP": 124.40409178050588, "LET": 171.96293416164815}}