{"WCH": {"OCP": 123.08749091632023, "LET": 138.02053567916943}}