{"WCH": {"OCP": 121.83338638221635, "LET": 163.7062208702588}}