{"WCH": {"OCP": 116.96010197833986, "LET": 175.91187953307147}}