{"WCH": {"OCP": 115.58648186228181, "LET": 172.51598943539761}}