{"WCH": {"OCP": 113.16724110298594, "LET": 164.01271423123876}}