{"WCH": {"OCP": 132.94084249017482, "LET": 160.67381528031632}}