{"WCH": {"OCP": 125.45922859164769, "LET": 173.12581737308568}}