{"WCH": {"OCP": 109.41455313107113, "LET": 166.41198922401335}}