{"WCH": {"OCP": 128.42398371173, "LET": 176.42468301418884}}