{"WCH": {"OCP": 118.85784757888095, "LET": 172.6065293341764}}