{"WCH": {"OCP": 114.540402800083, "LET": 171.8634718919794}}