{"WCH": {"OCP": 122.76597802648371, "LET": 165.62192010732895}}