{"WCH": {"OCP": 130.58060797491578, "LET": 172.67894848811915}}