{"WCH": {"OCP": 144.0439050825317, "LET": 185.57282445418082}}