{"WCH": {"OCP": 118.28900848243416, "LET": 169.25118748565865}}