{"WCH": {"OCP": 134.0127550864342, "LET": 184.75989819554923}}