{"WCH": {"OCP": 120.0903028363858, "LET": 168.15195586838442}}