{"WCH": {"OCP": 126.38470114351499, "LET": 134.867671648416}}