{"WCH": {"OCP": 122.74867161706399, "LET": 160.37992020541554}}