{"WCH": {"OCP": 119.80082217950186, "LET": 179.57735923230467}}