{"WCH": {"OCP": 124.28639026071235, "LET": 147.68671998842635}}