{"WCH": {"OCP": 122.46067323853227, "LET": 175.7566328428322}}