{"WCH": {"OCP": 127.62364123751642, "LET": 169.52258845502917}}