{"WCH": {"OCP": 117.22934670906106, "LET": 182.25859678298977}}