{"WCH": {"OCP": 116.41497171592498, "LET": 176.85742482657005}}