{"WCH": {"OCP": 108.57721482673028, "LET": 175.23544439980387}}