{"WCH": {"OCP": 135.33415619051215, "LET": 176.07005438442897}}