{"WCH": {"OCP": 131.72168708930292, "LET": 167.15177833409845}}