{"WCH": {"OCP": 121.61303639722715, "LET": 152.82477717530406}}