{"WCH": {"OCP": 123.57086764221943, "LET": 155.15593419651753}}