{"WCH": {"OCP": 124.11409656570345, "LET": 162.10130126229063}}