{"WCH": {"OCP": 114.75760205470733, "LET": 172.96931178018983}}