{"WCH": {"OCP": 123.8520562405733, "LET": 175.91102269124923}}