{"WCH": {"OCP": 127.0395472544482, "LET": 179.36859604868897}}