{"WCH": {"OCP": 125.1426938997862, "LET": 180.7634428083677}}