{"WCH": {"OCP": 126.68610373256115, "LET": 165.6555999666976}}