{"WCH": {"OCP": 127.3830738025014, "LET": 170.57162161147923}}