{"WCH": {"OCP": 121.72469958700097, "LET": 170.36201696862582}}