{"WTS": {"LOF": 105.83019147874738, "DIH": 95.18070527601736}}