{"WTS": {"LOF": 110.54670231155538, "DIH": 114.00326830543088}}