{"WTS": {"LOF": 115.794394222303, "DIH": 113.80955944726706}}