{"WTS": {"LOF": 100.16631668277935, "DIH": 116.12216249571256}}