{"WTS": {"LOF": 108.03895948606005, "DIH": 117.74115205622522}}