{"WTS": {"LOF": 109.27617383009147, "DIH": 103.51655141876583}}