{"WTS": {"LOF": 77.86876453377207, "DIH": 108.7214158541542}}