{"WTS": {"LOF": 98.01739039308407, "DIH": 105.84680910047727}}