{"WTS": {"LOF": 95.37529235723915, "DIH": 99.2733987362737}}