{"WTS": {"LOF": 102.21373056103455, "DIH": 98.14758399199846}}