{"WTS": {"LOF": 101.87419848676119, "DIH": 102.7453495457834}}