{"WTS": {"LOF": 114.06577776063371, "DIH": 105.61619791843309}}