{"WTS": {"LOF": 109.43598871109398, "DIH": 96.68863063800016}}