{"WTS": {"LOF": 113.6422796663825, "DIH": 110.4081272334284}}