{"WTS": {"LOF": 90.41251062601073, "DIH": 112.91526775193786}}