{"WTS": {"LOF": 110.76537652408783, "DIH": 111.60979083917968}}