{"WTS": {"LOF": 114.93873246205612, "DIH": 89.8991104994005}}