{"WTS": {"LOF": 114.85115252654995, "DIH": 105.91684430957291}}