{"WTS": {"LOF": 80.21124805165621, "DIH": 103.03721650668622}}