{"WTS": {"LOF": 112.16828087060135, "DIH": 99.37022242287368}}