{"WTS": {"LOF": 114.37290801232658, "DIH": 117.82273606564056}}