{"WTS": {"LOF": 71.44012017494858, "DIH": 94.38975416153968}}