{"WTS": {"LOF": 115.38770509896544, "DIH": 121.49606432669759}}