{"WTS": {"LOF": 117.76764840747028, "DIH": 90.90878773654514}}