{"WTS": {"LOF": 97.60299187174573, "DIH": 109.88197041340936}}