{"WTS": {"LOF": 117.76764840747028, "DIH": 86.34309748505015}}