{"WTS": {"LOF": 106.54639958314537, "DIH": 96.5385115476453}}