{"WTS": {"LOF": 108.3573328158631, "DIH": 106.12885065618926}}