{"WTS": {"LOF": 101.35215564177938, "DIH": 107.37482071291556}}