{"WTS": {"LOF": 115.54917313924022, "DIH": 104.80865745871934}}