{"WTS": {"LOF": 117.48688719135916, "DIH": 109.80222763065717}}