{"WTS": {"LOF": 95.0033243019397, "DIH": 109.88197041340936}}