{"WTS": {"LOF": 116.05901058209221, "DIH": 103.85890548651332}}