{"WTS": {"LOF": 100.99175839745642, "DIH": 104.69379063383876}}