{"WTS": {"LOF": 95.8539429514743, "DIH": 120.28619744261383}}