{"WTS": {"LOF": 114.73335678875178, "DIH": 106.18015925417299}}