{"WTS": {"LOF": 83.94407409259236, "DIH": 111.76617086923811}}