{"WTS": {"LOF": 104.14319593962219, "DIH": 77.68169512325957}}