{"WTS": {"LOF": 95.63071399448037, "DIH": 97.16102398254296}}