{"WTS": {"LOF": 88.04635258366994, "DIH": 115.29591586353004}}