{"WTS": {"LOF": 102.21373056103455, "DIH": 86.09954303351876}}