{"WTS": {"LOF": 103.18835495013147, "DIH": 100.79397383832028}}