{"YAT": {"TIK": 141.42227855363086, "LAT": 96.49337329735427, "QUB": 249.64280689646404}}