{"YAT": {"TIK": 141.42227855362682, "LAT": 127.82690813973086, "QUB": 249.6428069349392}}