{"YAT": {"TIK": 141.42059376158528, "LAT": 148.47508598782025, "QUB": 249.670485416899}}