{"YAT": {"TIK": 141.42059376158528, "LAT": 124.07446102758357, "QUB": 249.670485416899}}