{"YAT": {"TIK": 141.42059376158528, "LAT": 112.57837822375768, "QUB": 249.670485416899}}