{"YAT": {"TIK": 141.42059376158528, "LAT": 141.06778824210505, "QUB": 249.670485416899}}