{"YAT": {"TIK": 141.42059376158528, "LAT": 132.20545388019758, "QUB": 249.670485416899}}