{"YAT": {"TIK": 141.42227855363086, "LAT": 144.75641425354985, "QUB": 249.64280689646404}}