{"YAT": {"TIK": 141.42227855363086, "LAT": 126.23222526933198, "QUB": 249.64280689646404}}