{"YAT": {"TIK": 141.42059376158528, "LAT": 148.49310287978483, "QUB": 249.670485416899}}