{"YAT": {"TIK": 141.42227855363086, "LAT": 86.84403596761885, "QUB": 249.64280689646404}}