{"YAT": {"TIK": 141.42227855363086, "LAT": 140.84365836541662, "QUB": 249.64280689646404}}