{"YAT": {"TIK": 141.42214416376225, "LAT": 145.40600168016223, "QUB": 249.64526002660236}}