{"YAT": {"TIK": 141.42227855363086, "LAT": 120.14338822623351, "QUB": 249.64280689646404}}