{"YAT": {"TIK": 141.42059376158528, "LAT": 154.2928662734475, "QUB": 249.670485416899}}