{"YAT": {"TIK": 141.42059376158528, "LAT": 150.05722168149245, "QUB": 249.670485416899}}