{"YAT": {"TIK": 141.42059376158528, "LAT": 131.17834694763403, "QUB": 249.670485416899}}