{"YAT": {"TIK": 141.42059376158528, "LAT": 105.31397730703468, "QUB": 249.670485416899}}