{"YAT": {"TIK": 141.42227855363086, "LAT": 136.47107045158276, "QUB": 249.64280689646452}}