{"YAT": {"TIK": 141.42227855359258, "LAT": 120.02989793303428, "QUB": 249.64280710410034}}