{"YAT": {"TIK": 141.42227855363086, "LAT": 145.36458354842756, "QUB": 249.64280689646404}}