{"YAT": {"TIK": 141.42227855363086, "LAT": 122.76051119402287, "QUB": 249.64280689646404}}