{"YAT": {"TIK": 141.42059376158528, "LAT": 108.78148815985371, "QUB": 249.670485416899}}