{"YAT": {"TIK": 141.42059376158528, "LAT": 144.67889474220593, "QUB": 249.670485416899}}