{"YAT": {"TIK": 141.42227843812236, "LAT": 117.03875710439004, "QUB": 249.6428333295878}}