{"YAT": {"TIK": 141.42227855363086, "LAT": 136.21541151900243, "QUB": 249.64280689646404}}