{"YAT": {"TIK": 141.42059376158528, "LAT": 156.92745999571838, "QUB": 249.670485416899}}