{"YMT": {"MOK": 81.97058558045629, "HOM": 108.84165914848856, "JOR": 99.38378060331755}}