{"YMT": {"MOK": 93.79024735037399, "HOM": 153.09144587250944, "JOR": 115.90356227131147}}