{"YMT": {"MOK": 67.83326890759297, "HOM": 146.96312872847238, "JOR": 90.94772337141339}}