{"YMT": {"MOK": 73.44148025047261, "HOM": 137.78147495340312, "JOR": 83.01763791044824}}