{"YMT": {"MOK": 78.48197513941281, "HOM": 159.04191286069081, "JOR": 121.004183164253}}