{"YMT": {"MOK": 85.74342381827951, "HOM": 132.21097863958497, "JOR": 91.17368201061058}}