{"YMT": {"MOK": 81.03552107940364, "HOM": 117.7574932336397, "JOR": 72.10512860845299}}