{"YMT": {"MOK": 91.839291298462, "HOM": 140.74712763411063, "JOR": 90.41501668752439}}