{"YMT": {"MOK": 74.59287774335543, "HOM": 123.71699059924927, "JOR": 104.51318130398434}}