{"YMT": {"MOK": 83.60061621186922, "HOM": 99.84417221470761, "JOR": 116.44935863356802}}