{"YMT": {"MOK": 90.74433134453855, "HOM": 142.0290882327104, "JOR": 109.30600641123313}}