{"YMT": {"MOK": 51.46737372483128, "HOM": 119.33514799458813, "JOR": 101.45909033776037}}