{"YMT": {"MOK": 77.45076536201228, "HOM": 120.20175340385693, "JOR": 124.15456177137996}}