{"YMT": {"MOK": 98.72538279872883, "HOM": 131.87142424313845, "JOR": 108.90660468518244}}