{"YMT": {"MOK": 98.36417331328676, "HOM": 144.145324132712, "JOR": 122.67242795964675}}