{"YMT": {"MOK": 71.45252575201852, "HOM": 140.53757205579126, "JOR": 106.26720174706657}}