{"YMT": {"MOK": 117.81192743713936, "HOM": 177.46993659790633, "JOR": 99.62343611573462}}