{"YMT": {"MOK": 99.4030206978822, "HOM": 141.34680843802116, "JOR": 122.17778150341353}}