{"YMT": {"MOK": 115.07714793383234, "HOM": 126.04015143279437, "JOR": 100.32797199915356}}