{"YMT": {"MOK": 118.05323752042861, "HOM": 101.14710684052943, "JOR": 110.09360571828184}}