{"YMT": {"MOK": 96.6357209389877, "HOM": 134.94363356780823, "JOR": 112.92712904887051}}