{"YMT": {"MOK": 103.40966566783518, "HOM": 102.53277949391315, "JOR": 114.67062936728144}}