{"YMT": {"MOK": 110.1971188851156, "HOM": 170.22813941738553, "JOR": 115.8609555391353}}