{"YMT": {"MOK": 111.58175351301853, "HOM": 154.2165611791914, "JOR": 88.59274678335446}}