{"YMT": {"MOK": 104.80937889994975, "HOM": 113.59377299940452, "JOR": 125.63690632607907}}