{"YMT": {"MOK": 94.9162048143999, "HOM": 124.20574143496965, "JOR": 80.01308866367829}}