{"YMT": {"MOK": 116.32232125644308, "HOM": 164.5176524382377, "JOR": 96.55769525364062}}