{"YMT": {"MOK": 69.06447285561345, "HOM": 95.75018140926969, "JOR": 99.53139331423043}}