{"YMT": {"MOK": 116.74632499052537, "HOM": 138.11304034435756, "JOR": 71.67643541410118}}