{"YMT": {"MOK": 107.86980187110669, "HOM": 152.7096880913386, "JOR": 108.18053979708638}}