{"YMT": {"MOK": 89.63657866500267, "HOM": 103.60463579411957, "JOR": 112.80167732539262}}