{"YMT": {"MOK": 107.87282756990672, "HOM": 140.74712763411063, "JOR": 100.46112965280487}}