{"YMT": {"MOK": 85.21989910330278, "HOM": 112.62042998205607, "JOR": 94.27722597177745}}