{"YMT": {"MOK": 101.9002868974103, "HOM": 137.0158230854317, "JOR": 99.8134518672608}}