{"YMT": {"MOK": 103.45998529979617, "HOM": 145.41068173911768, "JOR": 91.39430266077375}}