{"YMT": {"MOK": 103.62744684394065, "HOM": 112.19999303498477, "JOR": 120.93287334520551}}