{"YMT": {"MOK": 70.72151741502284, "HOM": 150.1295315027221, "JOR": 116.1935015488649}}