{"YMT": {"MOK": 87.62777053874808, "HOM": 161.95243821407794, "JOR": 92.24181990049804}}