{"YMT": {"MOK": 111.04343563579384, "HOM": 121.78367036963519, "JOR": 124.92989591786564}}