{"YMT": {"MOK": 94.11526839935831, "HOM": 122.16963393009387, "JOR": 96.0630879600832}}