{"YMT": {"MOK": 113.30868207647339, "HOM": 165.52737021761584, "JOR": 113.05496566044295}}