{"YMT": {"MOK": 112.3912552870217, "HOM": 153.5884678732581, "JOR": 127.02027275159412}}