{"YMT": {"MOK": 95.15904009715409, "HOM": 133.20403562035966, "JOR": 98.84683453638944}}