{"YMT": {"MOK": 93.5418604145968, "HOM": 156.93225336502724, "JOR": 92.65810394627884}}