{"YMT": {"MOK": 83.03013575410509, "HOM": 133.74593837099178, "JOR": 83.48515417284692}}