{"YMT": {"MOK": 83.10122643435083, "HOM": 186.6203939507394, "JOR": 105.44613593057667}}