{"YMT": {"MOK": 95.32408562447127, "HOM": 167.30517335176373, "JOR": 97.1467240933638}}