{"YMT": {"MOK": 77.67654585913502, "HOM": 140.53757205579126, "JOR": 106.26720174706657}}