{"YMT": {"MOK": 110.32603238386932, "HOM": 142.513889072453, "JOR": 100.46112965280487}}