{"YMT": {"MOK": 84.8598742809892, "HOM": 155.71000806731425, "JOR": 84.28229238655058}}