{"YMT": {"MOK": 105.50435495352231, "HOM": 128.39936008332984, "JOR": 111.3700158198908}}