{"YMT": {"MOK": 69.84701250082898, "HOM": 145.0430195994338, "JOR": 114.1258232173379}}