{"YMT": {"MOK": 112.07225122731033, "HOM": 146.27949700241368, "JOR": 104.6060405690259}}