{"YMT": {"MOK": 102.65603406490966, "HOM": 143.62179776809683, "JOR": 104.19313064779999}}