{"YMT": {"MOK": 106.03597855921005, "HOM": 133.20403562035966, "JOR": 112.80167732539262}}