{"YUL": {"KSR": 252.105772720969, "LOP": 106.4596220358072}}