{"YUL": {"KSR": 252.1057746356085, "LOP": 128.43682893170958}}