{"YUL": {"KSR": 252.10882861390184, "LOP": 119.54147256769245}}