{"YUL": {"KSR": 252.10577508474915, "LOP": 128.43682893170958}}