{"YUL": {"KSR": 252.10916815757415, "LOP": 118.1571917418805}}