{"YUL": {"KSR": 252.1057727208513, "LOP": 122.91107152971372}}