{"YUL": {"KSR": 252.10577272085112, "LOP": 105.49733606219395}}