{"YUL": {"KSR": 252.10577272205055, "LOP": 108.61361862888175}}