{"YUL": {"KSR": 252.10577272087062, "LOP": 118.13605200840053}}