{"YUL": {"KSR": 252.10577272429168, "LOP": 111.99796436247095}}