{"YUL": {"KSR": 252.10577272085112, "LOP": 121.8063799166529}}