{"YUL": {"KSR": 252.1057727208512, "LOP": 123.81996437674236}}