{"YUL": {"KSR": 252.10577272085112, "LOP": 125.87740080377277}}