{"YUL": {"KSR": 252.15832485966456, "LOP": 109.69776056146964}}