{"YUL": {"KSR": 252.10577320755652, "LOP": 103.82091006251906}}