{"YUL": {"KSR": 252.10577272085112, "LOP": 132.94913845063675}}