{"YUL": {"KSR": 252.10577272085112, "LOP": 126.67629353436561}}