{"YUL": {"KSR": 252.10583468079244, "LOP": 123.53910577795334}}