{"EXC": {"HUH": 180.61346573892155, "ADM": 80.68494344824997}}