{"HUH": {"EXC": 199.67649251092718, "HOM": 132.0, "MKK": 188.3268434346662, "ETS": 198.00000000000003}}