{"K18-U010": {"K18-U020": 275.22903522889504}, "K18-D020": {"K18-D030": 29.836831171032696}, "K18-U020": {"K18-U030": 61.352420819482084}, "K17-D010": {"K17-D020": 236.70059446160144}, "K18-D010": {"K18-D020": 227.47144583348904}, "K17-U020": {"K17-U030": 126.92151787053095}, "K17-U030": {"K17-U040": 27.47181817589032}, "K17-D020": {"K17-D030": 26.26830493139199}, "K17-U010": {"K17-U020": 230.68635350200003}}