{"K18-U010": {"K18-U020": 277.0165395099713}, "K18-D020": {"K18-D030": 31.713347094294154}, "K18-U020": {"K18-U030": 61.61797191415907}, "K17-D010": {"K17-D020": 255.7849550891412}, "K18-D010": {"K18-D020": 225.14189143894313}, "K17-U020": {"K17-U030": 124.27562266172338}, "K17-U030": {"K17-U040": 28.02925572321333}, "K17-D020": {"K17-D030": 23.275492515452633}, "K17-U010": {"K17-U020": 234.02738099145648}}