{"K75A-U020": {"K75A-U030": 146.74}, "K73-U040": {"K73-U050": 79.875887630902, "K73-U060": 162.69580325680005}, "K76-U030": {"K76-U040": 163.09853852308873}, "K73-U090": {"K73-U100": 101.47264106573002}, "K73-U030": {"K73-U040": 77.81070854555517}, "K73-U080": {"K73-U110": 151.49080806680516, "K73-U090": 261.1956147823}, "K73-U070": {"K73-U080": 129.41200863449868}, "K76-D010": {"K76-D020": 170.4205902588189}, "K73-U010": {"K73-U020": 53.735}, "K73-U050": {"K73-U060": 83.65676031707501}, "K75P-U050": {"K75P-U060": 160.97620000000003}, "K73-D100": {"K73-D110": 180.0315}, "K73-U100": {"K73-U110": 199.18445202700002}, "K75P-U100": {"K75P-U110": 51.36059059751401}, "K73-D130": {"K73-D140": 131.8194581}, "K75P-D040": {"K75P-D050": 157.56863138967066}, "K73-D020": {"K73-D030": 74.10762479999998}, "K75P-U020": {"K75P-U030": 93.50000000000001}, "K75P-D060": {"K75P-D070": 165.67131709920002}, "K73-D070": {"K73-D080": 135.3462}, "K75P-D050": {"K75P-D060": 68.06260999999999}, "K75P-U060": {"K75P-U070": 25.558599000000005}, "K75P-D010": {"K75P-D020": 97.51710688000601}, "K73-D040": {"K73-D050": 81.65569183035}, "K75P-D020": {"K75P-D030": 29.693220292139795}, "K76-D030": {"K76-D040": 43.273349272999994}, "K75A-D080": {"K75A-D090": 55.11022000000001}, "K75P-U130": {"K75P-U140": 24.30665012258472}, "K75P-D080": {"K75P-U011": 111.936}, "K75P-U110": {"K75P-U120": 75.03650000000002}, "K73-U060": {"K73-U070": 128.44927449588974}, "K73-D030": {"K73-D040": 103.5815}, "K75P-U140": {"K75P-D010": 112.6361302}, "K75P-D030": {"K75P-D040": 106.484963255}, "K75A-D030": {"K75A-D040": 47.828}, "K75A-D090": {"K75A-D100": 30.239000000000004}, "K75A-D100": {"K75A-D110": 108.57000000000001}, "K75A-D070": {"K75A-D080": 18.767100000000006}, "K75A-D050": {"K75A-D060": 50.71000000000001}, "K75P-U030": {"K75P-U040": 49.50000000000001}, "K73-U110": {"K73-U120": 191.75964245826106}, "K74-D020": {"K74-D030": 145.0290291090401}, "K76-D020": {"K76-D030": 155.10000000000002}, "K73-D080": {"K73-D090": 267.85}, "K75P-D070": {"K75P-D080": 78.14584579999999}, "K75P-U090": {"K75P-U100": 39.6275714274}, "K75P-U010": {"K75P-U020": 73.81286000000003}, "K73-D010": {"K73-D020": 70.07631806999999}, "K75A-D040": {"K75A-D050": 39.8178}, "K73-D050": {"K73-D070": 93.09300000000002}, "K75P-U080": {"K75P-U090": 41.7384919839712}, "K75A-D110": {"K75A-U011": 124.08000000000001}, "K75A-D060": {"K75A-D070": 12.100000000000001}, "K73-D110": {"K73-D120": 66.32285000000002}, "K75P-U120": {"K75P-U130": 58.16110018344998}, "K73-D140": {"K73-D150": 175.67000000000002}, "K75P-U070": {"K75P-U080": 98.99481092985}, "K73-D090": {"K73-D100": 84.9530077}, "K75A-U030": {"K75A-D010": 191.4}, "K73-D150": {"K73-D160": 39.18455717}, "K75P-U040": {"K75P-U050": 81.4}, "K73-U020": {"K73-U030": 168.19}, "K73-D120": {"K73-D130": 111.10000000000001}, "K75A-D010": {"K75A-D020": 156.29900000000004}, "K75A-U010": {"K75A-U020": 38.5}}