{"KF4": {"KF2": 1022.622933255641, "KF6": 250.956503751425}, "KF5": {"KF1": 767.8870583628943}, "KF3": {"KF1": 686.7605663807169}, "KF2": {"KF4": 1022.6194900500279}, "KF1": {"KF5": 767.8869564336203, "KF3": 686.7592627534749}, "KF6": {"KF4": 250.95195393195968}}