{"KOW": {"OLY": 121.78478099420406, "HOK": 177.74045705896611, "TSY": 661.6530969902259}, "KOT": {"MKK": 138.0008851872174, "TAW": 320.61421918250466, "LOF": 132.22, "SKM": 140.1081}, "KOB": {"CHH": 191.40000000000003, "NTK": 132.0}}