{"LAK": {"NAC": 297.3240652012878, "TSY": 180.93143095731529, "MEF": 125.9965283174981, "KWF": 198.00000000000003}, "LAT": {"KWT": 132.0, "YAT": 132.0}}