{"LOW": {"SHS": 261.7527207161598}, "LOF": {"KOT": 132.0}, "LOP": {"YUL": 123.20000000000002}}