{"LOW": {"SHS": 261.7529418919195}, "LOF": {"KOT": 132.44}, "LOP": {"YUL": 123.20000000000002, "TIS": 173.9447836932477}}