{"OLY": {"KOW": 121.81652914327564, "NAC": 72.47459999999998}}