{"SHS": {"FAN": 125.74878128894757, "LOW": 261.7538745969547, "LMC": 525.2516144376997}, "SHT": {"FOT": 155.95753280625766, "TAW": 132.0}, "SHW": {"SYP": 132.0, "CEN": 126.72000000000003}, "SHM": {"CIO": 73.7, "TSH": 216.38983882450867}}