{"SHS": {"FAN": 125.74497258402437, "LOW": 261.7533201024686, "LMC": 525.2516144376997}, "SHT": {"FOT": 155.96456137546923, "TAW": 132.0}, "SHW": {"SYP": 132.0, "CEN": 125.4}, "SHM": {"CIO": 73.7, "TSH": 216.38983882450867}}