{"SHS": {"FAN": 125.73258127283043, "LOW": 261.7529418919195, "LMC": 525.2516144376997}, "SHT": {"FOT": 155.96858734975226, "TAW": 132.0}, "SHW": {"SYP": 132.0}, "SHM": {"CIO": 73.7}}