{"TAP": {"UNI": 430.12725955667185, "TWO": 66.0}, "TAW": {"KOT": 320.6334607893466, "HIK": 132.0}}