{"TAP": {"UNI": 430.12651630859375, "TWO": 73.26}, "TAW": {"KOT": 320.63346078934666, "HIK": 132.0, "SHT": 182.42238300000002}, "TAK": {"QUB": 132.0, "SWH": 132.0}}