{"TSY": {"SUN": 498.65626469758524, "AIR": 545.2792010974523, "LAK": 169.38098124181295, "KOW": 434.2742426274743}, "TSH": {"SHM": 213.40946343396217, "HEO": 122.748}, "TST": {"JOR": 113.44171738370115, "ADM": 170.90276130926773}, "TSW": {"TWH": 102.06678681319778}}