{"TSY": {"SUN": 690.6302177817952, "AIR": 1467.4422931230924, "LAK": 180.95036493340567, "KOW": 661.6537790339979}, "TSH": {"SHM": 216.41058246145818}, "TST": {"JOR": 119.99460000000003, "ADM": 176.37166539437624}, "TSW": {"TWH": 71.72219999999999}}