{"TSY": {"SUN": 690.6292020263696, "AIR": 1467.4429522457126, "LAK": 180.9530951044739, "KOW": 661.6520970458517}, "TSH": {"SHM": 216.41058246145818}, "TST": {"JOR": 119.99460000000003, "ADM": 176.372471594877}, "TSW": {"TWH": 71.72219999999999}}