{"TWO": {"TAP": 126.77345999999997, "FAN": 412.63497693968077}, "TWW": {"KSR": 712.0309122549204, "MEF": 351.82771904869134}, "TWH": {"KWH": 181.72374000000005, "TSW": 83.38029904464288}}