{"YUL": {"LOP": 78.53999999999999, "KSR": 252.1483399532903}}