{"5": {"305": 92.98473800000001, "6": 154.90269300000006}}