{"5": {"305": 78.80587413018047, "6": 131.44939462798888}}