{"CHH": {"DIH": 125.74499841300003, "KOB": 72.38453404290489}, "CHW": {"HFC": 97.12712757561907}}