{"HUH": {"EXC": 142.057839412334, "HOM": 102.41405396234445, "MKK": 174.34176617133613, "ETS": 165.8442782214}}