{"KWF": {"KWH": 56.333173627164115, "LAK": 146.86931515806}, "KWH": {"TWH": 91.96007189086694, "KWF": 123.63977856889247}, "KWT": {"LAT": 59.24693454819428, "NTK": 123.10722221400003}}