{"LET": {"WCH": 157.08863562040852, "SOH": 104.75884973356226}}