{"MKK": {"HUH": 182.08064428133264, "KOT": 122.63268031876812}}