{"NAC": {"MEF": 167.8363691350184, "OLY": 110.58041493217301, "LAK": 250.83595255516008, "AUS": 223.9504828191194}}