{"NOP": {"QUB": 95.02005951333403, "FOH": 119.74520055678663}}