{"NTK": {"KWT": 62.020299857803636, "KOB": 80.46239545200001}}