{"PRE": {"MOK": 119.92232109552954, "SSP": 117.90649729320003, "SKM": 68.133450252}}