{"QUB": {"YAT": 249.66096677372153, "TAK": 0.0, "NOP": 126.89913470841638}}