{"SYP": {"SHW": 96.54315926508, "HKU": 97.78164747494}}