{"TWO": {"FAN": 383.3682965886638, "TAP": 120.45640448317279}, "TWH": {"KWH": 165.37625418600004, "TSW": 93.72773790451005}, "TWW": {"KSR": 646.8226293858479, "MEF": 339.99105742798906}}