{"YAT": {"QUB": 217.13448658987954, "LAT": 97.30227897900002, "TIK": 131.95204551293244}}