{"HFC": {"SKW": 127.88639400000002, "CHW": 126.90794582352314}}