{"HUH": {"ETS": 198.00000000000003, "MKK": 188.31605289634044, "EXC": 199.7187365304598}}