{"K18-U020": {"K18-U030": 64.18048967279698}, "K17-U020": {"K17-U030": 148.2575508457833}, "K12-U010": {"K12-U020": 274.5991018228475}, "K18-D010": {"K18-D020": 267.65390131495394}, "K18-U010": {"K18-U020": 237.47616959758625}, "K17-D020": {"K17-D030": 32.72289842130421}, "K18-D020": {"K18-D030": 67.64286838920432}, "K12-D020": {"K12-D030": 297.11337217963967}, "K17-D010": {"K17-D020": 259.61237532275254}, "K12-U020": {"K12-U030": 224.21447900970506}, "K12-D010": {"K12-D020": 158.99790210702199}, "K12-D030": {"K12-D040": 13.200538651393861}, "K17-U030": {"K17-U040": 27.921927699940152}, "K17-U010": {"K17-U020": 295.70774047099997}}