{"K18-U020": {"K18-U030": 63.778235900260185}, "K17-U020": {"K17-U030": 144.5292019336}, "K12-U010": {"K12-U020": 252.50977399999996}, "K18-D010": {"K18-D020": 225.7199898789}, "K18-U010": {"K18-U020": 232.26887848999996}, "K17-D020": {"K17-D030": 35.68653130097}, "K18-D020": {"K18-D030": 48.760370446285805}, "K12-D020": {"K12-D030": 346.90546}, "K17-D010": {"K17-D020": 225.94156508000006}, "K12-U020": {"K12-U030": 229.89384000000004}, "K12-D010": {"K12-D020": 146.52}, "K12-D030": {"K12-D040": 9.577333510107003}, "K17-U030": {"K17-U040": 29.0903503}, "K17-U010": {"K17-U020": 308.64790000000005}}