{"LCK": {"MEF": 132.46780134159303, "CSW": 125.24775388020278}}