{"LET": {"WCH": 154.38851583489117, "SOH": 102.00879583174694}}