{"MOK": {"PRE": 97.3673066521924, "YMT": 110.37444065643612}, "MOS": {"HEO": 129.7599303, "WKS": 154.235298630297}}