{"OCP": {"WCH": 128.749216442055, "ADM": 287.6749875239911}}