{"OCP": {"WCH": 125.05576090763232, "ADM": 287.6504789868776}}