{"QUB": {"YAT": 257.226976986276, "NOP": 117.06402135439782, "TAK": 127.243209374853}}