{"STW": {"CIO": 141.32409500465997, "CKT": 109.43103819733642}}