{"SUN": {"TSY": 690.6274650845919, "DIS": 198.5823315901593, "TUC": 823.879670825977}, "SUW": {"TKW": 179.48920000000004}}