{"TIK": {"TKO": 89.01090393064372, "YAT": 141.4216911029687}, "TIS": {"SIH": 389.450832853173, "LOP": 173.9447836932477}, "TIH": {"CAB": 132.0, "FOH": 13.2}}