{"TKO": {"LHP": 274.31033769399, "TIK": 150.80078124081209, "HAH": 90.09186206245394}, "TKW": {"SUW": 131.489467, "HOM": 135.91840540740003}}