{"TKO": {"LHP": 128.59370602364874, "TIK": 109.19881197945169, "HAH": 147.56279999999998}, "TKW": {"SUW": 132.0, "HOM": 132.0}}