{"1": {"2": 56.30823, "6": 68.18724}}