{"5": {"305": 72.43571211268134, "6": 140.39138789881923}}