{"AIR": {"TSY": 1398.6992008728528, "AWE": 94.56918024084845}}