{"CIO": {"SHM": 153.51462985753292, "STW": 138.58211186263128}}