{"FOT": {"UNI": 186.44220118547096, "SHT": 155.96858734975226}, "FOH": {"NOP": 133.1, "TIH": 94.60000000000001}}