{"HOK": {"KOW": 177.7411299489629}, "HOM": {"YMT": 162.8, "TKW": 154.0, "WHA": 62.680941528708004, "HUH": 137.5}}