{"HOK": {"KOW": 137.6283616905127}, "HOM": {"YMT": 162.3372547469971, "TKW": 153.26423600211197, "WHA": 84.33400139935402, "HUH": 136.45}}