{"HUH": {"MKK": 188.34266344290566, "EXC": 199.6932283971752, "ETS": 418.99000000000007, "HOM": 136.40000000000003}}