{"K12-D030": {"K12-D040": 14.300000000000002}, "K12-D010": {"K12-D020": 168.71349000000004}, "K12-D020": {"K12-D030": 261.8}, "K12-U020": {"K12-U030": 182.60000000000002}}