{"K68-U080": {"K68-U090": 38.5}, "K65-U090": {"K65-U100": 47.300000000000004}, "K66-U010": {"K66-U020": 103.4}, "K68-U100": {"K68-U110": 128.70000000000002}, "K66-U050": {"K66-U060": 41.800000000000004}, "K65-U070": {"K65-U080": 55.99000000000001}, "K66-U130": {"K66-U140": 32.45}, "K66-U170": {"K66-U180": 11.66}, "K65-D140": {"K65-D150": 110.00000000000001}, "K68-U150": {"K68-U160": 55.00000000000001}, "K66-U110": {"K66-U120": 26.400000000000002}, "K65-D050": {"K65-D060": 63.36}, "K66-U100": {"K66-U110": 61.60000000000001}, "K66-D010": {"K66-D020": 19.8}, "K66-U020": {"K66-U030": 177.10000000000002}, "K68-D040": {"K68-D050": 83.60000000000001}, "K66-D040": {"K66-D050": 45.1}, "K68-D080": {"K68-D090": 53.900000000000006}, "K65-U140": {"K65-U150": 97.9}, "K66-U150": {"K66-U160": 23.1}, "K66-D070": {"K66-D080": 60.50000000000001}}