{"KF6": {"KF4": 250.9580538951101}, "KF3": {"KF1": 686.7722985509134}, "KF1": {"KF3": 686.7722977998847, "KF5": 767.8871517312351}, "KF2": {"KF4": 1022.6260886855077}, "KF4": {"KF6": 250.95805437439475, "KF2": 1022.6260895307441}, "KF5": {"KF1": 767.8871517966713}}