{"KOT": {"MKK": 138.0016378680454, "TAW": 320.61421918250466, "SKM": 150.95278000000002, "LOF": 118.8}, "KOW": {"HOK": 177.74158457718494, "OLY": 121.7922451430541, "TSY": 661.6520970458517}}