{"KOT": {"MKK": 137.9909267884821, "TAW": 320.63008229961264, "SKM": 150.238, "LOF": 118.80000000000001}, "KOW": {"HOK": 177.73323275435294, "OLY": 121.82228769715432, "TSY": 661.6628994172299}}