{"KSR": {"TWW": 673.2168559015545, "YUL": 244.15969748215016}}