{"LAK": {"TSY": 180.977659280227, "MEF": 131.14427243767165, "NAC": 278.80444873685127, "KWF": 150.65329056599086}, "LAT": {"YAT": 133.5270800651553, "KWT": 129.2}}