{"LOW": {"SHS": 261.7536264530134}, "LOF": {"KOT": 119.98799999999999, "WTS": 99.00000000000001}, "LOP": {"TIS": 173.9447836932477, "YUL": 132.0}}