{"LOW": {"SHS": 261.7538745969547}, "LOF": {"KOT": 119.76227999999999, "WTS": 99.62700000000001}, "LOP": {"TIS": 173.9447836932477, "YUL": 132.0}}