{"MKK": {"KOT": 138.00396749047624, "HUH": 188.35084269997748}}