{"OCP": {"ADM": 287.64179932082493, "WCH": 117.26753085911977}}