{"PRE": {"SSP": 135.3, "SKM": 113.98200000000001, "MOK": 102.74000000000001}}