{"TIK": {"YAT": 141.42193166988946, "TKO": 100.40642304}, "TIH": {"FOH": 93.336693065}, "TIS": {"LOP": 173.91642029044186, "SIH": 389.43086707813575}}