{"WCH": {"OCP": 119.90000000000002, "LET": 171.80900000000003}}