{"1": {"6": 191.8355640139751, "2": 380.6680814441254}}