{"CIO": {"STW": 123.92647079999998, "SHM": 43.686060000000005}}