{"DIS": {"SUN": 198.58233353192423}, "DIH": {"CHH": 0.0, "KAT": 145.332, "WTS": 108.35155440999999, "HIK": 333.0324963105837}}