{"FOT": {"UNI": 186.42286683380604, "SHT": 155.9735576883733}, "FOH": {"NOP": 0.0, "TIH": 107.69000000000001}}