{"FOT": {"UNI": 167.40675115987568, "SHT": 147.81571615600043}, "FOH": {"NOP": 17.610000000000003, "TIH": 98.54938116100001}}