{"HAH": {"TKO": 29.69397086428206, "POA": 119.68158423227563}}