{"K17-U030": {"K17-U040": 29.351464999999997}, "K18-D010": {"K18-D020": 227.72316028}, "K12-U020": {"K12-U030": 232.83810000000003}, "K17-D010": {"K17-D020": 102.29876716148677}, "K18-D020": {"K18-D030": 38.69225267193001}, "K17-U010": {"K17-U020": 233.31000000000003}, "K18-U010": {"K18-U020": 217.39206308929997}, "K12-D020": {"K12-D030": 113.94570000000002}, "K12-U010": {"K12-U020": 220.81884000000008}, "K12-D030": {"K12-D040": 10.330772715890001}, "K17-U020": {"K17-U030": 177.52460000000002}, "K18-U020": {"K18-U030": 64.19639282161602}, "K17-D020": {"K17-D030": 25.771380576700004}, "K12-D010": {"K12-D020": 191.11378}}