{"K17-U030": {"K17-U040": 28.564817985}, "K18-D010": {"K18-D020": 231.64575982680003}, "K12-U020": {"K12-U030": 232.43386100000004}, "K17-D010": {"K17-D020": 98.39400140080429}, "K18-D020": {"K18-D030": 43.21027811700084}, "K17-U010": {"K17-U020": 223.06900000000005}, "K18-U010": {"K18-U020": 235.47802439021666}, "K12-D020": {"K12-D030": 149.338538393}, "K12-U010": {"K12-U020": 228.32695600000005}, "K12-D030": {"K12-D040": 11.197433309883811}, "K17-U020": {"K17-U030": 190.28864705400002}, "K18-U020": {"K18-U030": 64.23387494368657}, "K17-D020": {"K17-D030": 22.42474876506203}, "K12-D010": {"K12-D020": 186.10164561999997}}