{"K73-U110": {"K73-U120": 157.11132761059997}, "K73-U060": {"K73-U070": 139.23326569842618}, "K75P-U040": {"K75P-U050": 95.94970000000002}, "K74-D030": {"K74-D040": 135.3}, "K75A-D080": {"K75A-D090": 90.11200000000001}, "K76-D010": {"K76-D020": 170.45153331266766}, "K75P-D010": {"K75P-D020": 137.79326000000003}, "K76-U020": {"K76-U030": 161.49954024561504}, "K73-U040": {"K73-U050": 123.10741058, "K73-U060": 229.57000000000002}, "K75P-D070": {"K75P-D080": 96.84946480000004}, "K75A-U030": {"K75A-D010": 244.52923000000004}, "K75A-D110": {"K75A-U011": 177.87000000000003}, "K76-D030": {"K76-D040": 57.096575243962114}, "K75P-D030": {"K75P-D040": 124.25574700000001}, "K76-U030": {"K76-U040": 163.08696940217413}, "K75P-U070": {"K75P-U080": 118.8}, "K73-D110": {"K73-D120": 108.50400000000002}, "K73-U050": {"K73-U060": 113.81301613542448}, "K73-U090": {"K73-U100": 126.77842615900002}, "K76-U040": {"K76-U050": 186.86239209000001}, "K75P-U050": {"K75P-U060": 156.97343199999995}, "K73-U010": {"K73-U020": 74.36685300000002}, "K75P-U140": {"K75P-D010": 147.81800000000004}, "K75P-U100": {"K75P-U110": 67.97131000000003}, "K75A-U010": {"K75A-U020": 47.75099999999999}, "K73-U070": {"K73-U080": 169.27450826792}, "K76-U010": {"K76-U020": 4.1215419795}, "K75P-D020": {"K75P-D030": 35.86}, "K73-U080": {"K73-U110": 151.48842975741633, "K73-U090": 276.84360000000004}, "K75A-D020": {"K75A-D030": 26.620000000000005}, "K75A-D010": {"K75A-D020": 200.32100000000005}, "K75P-U130": {"K75P-U140": 37.17802000000001}, "K73-D130": {"K73-D140": 167.09}, "K75P-U060": {"K75P-U070": 29.078368000000005}, "K73-D020": {"K73-D030": 53.46}, "K73-U030": {"K73-U040": 95.58070956500002}, "K74-D090": {"K74-U011": 77.67100000000002}, "K73-D010": {"K73-D020": 88.0}, "K75P-D040": {"K75P-D050": 179.5013}, "K73-D050": {"K73-D070": 120.45550000000003}, "K75P-D080": {"K75P-U011": 173.03000000000003}, "K73-U100": {"K73-U110": 258.0561599000001}, "K73-D070": {"K73-D080": 156.64000000000001}, "K75P-U110": {"K75P-U120": 84.6043}, "K75P-U080": {"K75P-U090": 48.7883}, "K75P-D060": {"K75P-D070": 170.709}, "K74-U060": {"K74-U070": 132.99}, "K75A-D090": {"K75A-D100": 52.68791}, "K74-D010": {"K74-D020": 167.31}, "K74-U070": {"K74-U080": 134.53}, "K74-D060": {"K74-D070": 133.705}, "K75A-U020": {"K75A-U030": 182.20400000000004}, "K74-D110": {"K74-U002": 199.10000000000002}, "K75P-D050": {"K75P-D060": 93.04570000000001}, "K74-D040": {"K74-D050": 96.25000000000001}, "K75P-U090": {"K75P-U100": 24.369400000000002}, "K73-D120": {"K73-D130": 118.811}, "K76-D020": {"K76-D030": 151.80223300000003}, "K73-D100": {"K73-D110": 235.65300000000002}, "K73-D030": {"K73-D040": 124.52000000000002}, "K73-D150": {"K73-D160": 46.717000000000006}, "K75P-U120": {"K75P-U130": 76.61500000000002}, "K75A-D030": {"K75A-D040": 48.8147}, "K73-D040": {"K73-D050": 94.60000000000001}, "K75P-U010": {"K75P-U020": 93.06}, "K74-D070": {"K74-D080": 278.3}, "K73-D090": {"K73-D100": 70.664}, "K75P-U030": {"K75P-U040": 126.46700000000003}, "K75A-D100": {"K75A-D110": 98.78}, "K75P-U020": {"K75P-U030": 100.10000000000001}, "K74-U011": {"K74-D100": 188.10000000000002}, "K74-U100": {"K74-D010": 106.7}, "K73-U020": {"K73-U030": 237.60000000000002}, "K74-U004": {"K74-U007": 90.2}, "K75A-D070": {"K75A-D080": 35.2}, "K74-U080": {"K74-U090": 235.4}, "K75A-D050": {"K75A-D060": 70.4}, "K74-D050": {"K74-D060": 115.50000000000001}}