{"KF3": {"KF1": 686.7696149730084}, "KF2": {"KF4": 1022.6249893003809}, "KF1": {"KF5": 767.8870904998887, "KF3": 686.767753558763}, "KF4": {"KF6": 250.95731273557425, "KF2": 1022.62401885426}, "KF5": {"KF1": 767.8870583628943}, "KF6": {"KF4": 250.9566588174289}}