{"KF3": {"KF1": 686.7721852457846}, "KF2": {"KF4": 1022.6260109654322}, "KF1": {"KF5": 767.8871415864967, "KF3": 686.7719727077244}, "KF4": {"KF6": 250.95800649117723, "KF2": 1022.6259924303929}, "KF5": {"KF1": 767.8871502768282}, "KF6": {"KF4": 250.95795422204887}}