{"KOT": {"TAW": 320.61583510367115, "MKK": 138.0008851872174, "LOF": 0.0, "SKM": 118.8}, "KOW": {"HOK": 177.73491757241842, "TSY": 661.6562685252867, "OLY": 121.80248403036558}, "KOB": {"NTK": 0.0, "CHH": 198.00000000000003}}