{"NAC": {"OLY": 126.06000000000002, "MEF": 173.17784829852272, "LAK": 297.3240652012878, "AUS": 223.93069956113527}}