{"SHT": {"TAW": 38.3262, "FOT": 155.9764643191458}, "SHS": {"FAN": 125.72964287584118, "LMC": 525.2472017924194}, "SHW": {"SYP": 20.003059999999998, "CEN": 6.6000000000000005}, "SHM": {"TSH": 216.4154482528414, "CIO": 66.0}}