{"SUN": {"TSY": 690.6339937724717, "DIS": 198.58076426937006, "TUC": 823.8732149873198}, "SUW": {"TKW": 131.12}}