{"SUN": {"TSY": 690.626058161752, "DIS": 198.58232732243408, "TUC": 823.8779532655604}, "SUW": {"TKW": 131.208}}