{"SYP": {"SHW": 50.05429792980902, "HKU": 53.03978433297317}}