{"TAW": {"KOT": 320.60000352906553, "SHT": 60.50668322923506, "CKT": 138.6, "HIK": 123.24081000000001}, "TAP": {"UNI": 430.1198474329159, "TWO": 100.00045860234152}, "TAK": {"SWH": 13.456971415362247, "QUB": 29.653667999999993}}