{"TKO": {"HAH": 75.295797126, "LHP": 128.59050277902284, "TIK": 33.73276373737226}, "TKW": {"SUW": 132.0, "HOM": 185.46000000000004}}