{"TKO": {"HAH": 68.090636104854, "LHP": 128.59044281754888, "TIK": 41.45598609551}, "TKW": {"SUW": 132.0, "HOM": 180.11400000000003}}