{"TSW": {"TWH": 50.471365999999996}, "TSY": {"LAK": 180.97742835575204, "AIR": 1467.4435555513842, "KOW": 661.6501981786797, "SUN": 690.6202890609802}, "TST": {"JOR": 21.76522793756211, "ADM": 176.37863834205265}, "TSH": {"SHM": 216.38983882450867, "HEO": 131.16400000000002}}