{"TSW": {"TWH": 66.0}, "TSY": {"LAK": 180.93143095731529, "AIR": 1467.438586142023, "KOW": 661.6695615099304, "SUN": 690.6355419441308}, "TST": {"JOR": 7.92, "ADM": 176.36743963073937}, "TSH": {"SHM": 216.38983882450867}}