{"TUC": {"SUN": 823.8758328206019}, "TUM": {"SIH": 154.42199648764904}}