{"TWO": {"FAN": 412.63350461507434, "TAP": 107.4661699452}, "TWW": {"MEF": 351.8337472079667, "KSR": 712.0324774026626}, "TWH": {"KWH": 53.46, "TSW": 75.4350247691763}}