{"TWO": {"FAN": 412.63329231428634, "TAP": 109.91955295068001}, "TWW": {"MEF": 351.8337472079667, "KSR": 712.0309122549204}, "TWH": {"KWH": 53.46, "TSW": 75.4350247691763}}