{"TWO": {"FAN": 412.63142034785017, "TAP": 121.5423918252884}, "TWW": {"MEF": 351.87097533914533, "KSR": 712.0260679661435}, "TWH": {"KWH": 66.5298216066, "TSW": 67.72657634144292}}