{"WAC": {"ADM": 39.23988248743261, "CAB": 2.6306329500000003}}