{"WCH": {"LET": 45.694578006000015, "OCP": 118.94211641400003}}