{"YAT": {"TIK": 141.4205937615855, "LAT": 198.00000000000003, "QUB": 249.67048541689928}}