{"YMT": {"JOR": 1.4879700000000002, "MOK": 72.10953213369312, "HOM": 146.43478740000003}}