{"YMT": {"JOR": 18.5052557, "MOK": 83.349041866662, "HOM": 171.49787761182603}}