{"1": {"6": 75.46437042529112, "2": 64.34230000000001}}