{"5": {"305": 101.38810000000001, "6": 141.759002}}