{"EXC": {"HUH": 199.66341722819013, "ADM": 81.56190696726073}}