{"HAH": {"TKO": 117.47614284259703, "POA": 124.34021791861885}}