{"HKU": {"SYP": 119.26871337443262, "KET": 92.95597188196054}}