{"K18-U020": {"K18-U030": 72.19620182080617}, "K17-D020": {"K17-D030": 30.066489627250576}, "K17-U030": {"K17-U040": 29.972057316300003}, "K18-D020": {"K18-D030": 33.835370029311406}, "K17-U020": {"K17-U030": 171.36696159927087}, "K12-U020": {"K12-U030": 229.604323970537}, "K12-D010": {"K12-D020": 179.24418544595198}, "K17-D010": {"K17-D020": 123.0715633208097}, "K18-D010": {"K18-D020": 241.7377231233927}, "K12-D030": {"K12-D040": 12.564074831558404}, "K12-D020": {"K12-D030": 368.3135856117159}, "K18-U010": {"K18-U020": 208.53069347242294}, "K17-U010": {"K17-U020": 90.15053857090194}, "K12-U010": {"K12-U020": 271.84299999999996}}