{"KOW": {"HOK": 177.74210009268404, "OLY": 121.58939952155399, "TSY": 596.22300300695}, "KOT": {"TAW": 300.54020767341865, "MKK": 138.00822358778186, "SKM": 51.77975392854, "LOF": 58.29213659999998}, "KOB": {"NTK": 35.301819079999994, "CHH": 28.828447758000003}}