{"LAK": {"TSY": 180.9473314099965, "MEF": 126.00680315882747, "NAC": 297.32039976252946, "KWF": 30.0783087}, "LAT": {"KWT": 118.8, "YAT": 0.0}}