{"MEF": {"LAK": 125.99872117716559, "LCK": 0.5940000000000001, "NAC": 173.17784829852272, "TWW": 351.82771904869134}}