{"NAC": {"LAK": 266.39957886465777, "OLY": 142.03782953934856, "MEF": 174.5513513189375, "AUS": 223.94102054815372}}