{"TSY": {"LAK": 180.2481588192058, "SUN": 507.4019880185234, "AIR": 674.1359094529345, "KOW": 419.38376652211934}, "TSH": {"SHM": 216.40208773469104, "HEO": 134.22384046}, "TST": {"JOR": 23.771918535000005, "ADM": 138.8308212741509}, "TSW": {"TWH": 19.077692304}}