{"TWO": {"FAN": 412.6363134761742, "TAP": 144.0748424145918}, "TWH": {"KWH": 1.3167000000000004}, "TWW": {"KSR": 712.0270948595771, "MEF": 351.82771904869134}}