{"WCH": {"OCP": 101.32083060000002, "LET": 90.34044800000001}}