{"WCH": {"OCP": 97.91203400000002, "LET": 77.52272}}