{"WTS": {"LOF": 106.05488250587996, "DIH": 77.41946331193762}}