{"AIR": {"TSY": 566.9930329373025, "AWE": 133.5805333537679}}