{"CIO": {"STW": 136.20428434698064, "SHM": 131.83415063600006}}