{"CKT": {"STW": 128.58631138699997, "TAW": 132.92909648699998}}