{"CSW": {"SSP": 128.10276600000003, "LCK": 125.30595000000001}}