{"DIS": {"SUN": 198.58233307822306}, "DIH": {"HIK": 333.0324963105837, "CHH": 127.545, "WTS": 166.74900000000002}}