{"HUH": {"EXC": 199.67649251092718, "MKK": 188.35680537838283, "HOM": 132.0, "ETS": 198.00000000000003}}