{"HUH": {"EXC": 199.6704259833209, "MKK": 188.35985294512056, "HOM": 132.0, "ETS": 192.17000000000002}}