{"JOR": {"TST": 120.58860000000001, "YMT": 88.69739999999999}}