{"KF1": {"KF3": 686.7450434187183, "KF5": 767.8862977672875}, "KF5": {"KF1": 767.8865292132839}, "KF3": {"KF1": 686.726141415814}, "KF6": {"KF4": 250.94657528301096}, "KF2": {"KF4": 1022.605058401485}, "KF4": {"KF2": 1022.60716155966, "KF6": 250.94055840711567}}