{"MEF": {"LAK": 132.04016496682024, "LCK": 127.6236142722225, "TWW": 346.6992005773007, "NAC": 173.22829368133938}}