{"OCP": {"WCH": 124.717231913331, "ADM": 287.6319563858975}}