{"OLY": {"KOW": 121.79870584316578, "NAC": 128.4924894}}