{"SHT": {"FOT": 155.9735576883733, "TAW": 198.00000000000003}, "SHS": {"FAN": 125.73760593168204, "LMC": 525.2461667274772, "LOW": 261.7531409501032}, "SHM": {"CIO": 132.0, "TSH": 216.41829374487838}, "SHW": {"SYP": 139.70000000000002, "CEN": 132.0}}