{"SHT": {"FOT": 155.96858734975226, "TAW": 198.59400000000002}, "SHS": {"FAN": 125.74497258402437, "LMC": 525.2472017924194, "LOW": 261.7533201024686}, "SHM": {"CIO": 132.0, "TSH": 216.4154482528414}, "SHW": {"SYP": 139.59, "CEN": 132.693}}