{"SHT": {"FOT": 155.96858734975226, "TAW": 191.93460000000002}, "SHS": {"FAN": 125.74637801019529, "LMC": 525.2472017924194, "LOW": 261.7533201024686}, "SHM": {"CIO": 132.0, "TSH": 216.41288731000813}, "SHW": {"SYP": 139.59, "CEN": 133.39370000000002}}