{"TAP": {"UNI": 430.1258473853234, "TWO": 198.00000000000003}, "TAW": {"KOT": 320.63008229961264, "SHT": 173.58}, "TAK": {"QUB": 132.0, "SWH": 125.4}}