{"TIK": {"TKO": 184.1513725537491, "YAT": 141.4216258306729}, "TIS": {"LOP": 173.90976714657384, "SIH": 389.3771584065412}, "TIH": {"CAB": 73.392, "FOH": 89.56167000000002}}