{"TIK": {"TKO": 132.1552146876735, "YAT": 143.10674967760943}, "TIS": {"LOP": 167.73936466031836, "SIH": 380.4394425658871}, "TIH": {"CAB": 93.05458075632001, "FOH": 111.70270842175087}}