{"TWO": {"FAN": 412.6406617887754, "TAP": 198.00000000000003}, "TWH": {"KWH": 137.5}}