{"WTS": {"DIH": 116.85979216229998, "LOF": 132.6682383688838}}