{"YMT": {"HOM": 177.79494776940714, "MOK": 108.09484756916636, "JOR": 120.07861231724242}}