{"AUS": {"ETS": 57.77442, "NAC": 223.94781039431655}}