{"DIS": {"SUN": 198.5823285673918}, "DIH": {"WTS": 13.777368000000001, "KAT": 0.0, "HIK": 333.0914519288978, "CHH": 6.6}}