{"DIS": {"SUN": 198.58233133630557}, "DIH": {"WTS": 13.777368000000001, "KAT": 0.0, "HIK": 333.0914519288978, "CHH": 20.020000000000003}}