{"FOT": {"SHT": 155.97969390889307, "UNI": 186.4149037834402}, "FOH": {"NOP": 132.0, "TIH": 71.5}}