{"HAH": {"TKO": 16.421029679999997, "POA": 128.16917320084224}}