{"HKU": {"SYP": 22.48422, "KET": 94.6513532744228}}