{"HOK": {"KOW": 177.74210021557138}, "HOM": {"HUH": 90.51646765700002, "YMT": 29.534564344685634, "WHA": 86.06508141169202, "TKW": 138.6}}