{"K53-U080": {"K53-U090": 91.47696744305661}, "K52-nD030": {"K52-nD040": 26.29649}, "K51A-U110": {"K51A-U120": 151.00992060000004}, "K58-D130": {"K58-D140": 109.85597480000001}, "K53-D130": {"K53-D140": 95.45553269999999}, "K52A-D050": {"K52A-D060": 21.384000000000004}, "K51A-D260": {"K51A-D270": 74.3336}, "K54-D040": {"K54-D050": 154.41348999999997}, "K58-D050": {"K58-D060": 195.90097999999998}, "K51A-U040": {"K51A-U050": 120.07820000000001}, "K53-U140": {"K53-D010": 87.36892382498557}, "K53-U030": {"K53-U040": 244.46726199516576}, "K51A-D170": {"K51A-D180": 163.889}, "K54-D050": {"K54-D060": 79.36818636999999}, "K51A-U050": {"K51A-U060": 279.41551000000004}, "K51-D090": {"K51-D100": 102.0481}, "K51-D070": {"K51-D080": 71.489}, "K53-U070": {"K53-U080": 62.881523693999995}, "K52-nU060": {"K52-nU070": 177.925}, "K58-D010": {"K58-D020": 21.928169999999998}, "K52A-U170": {"K52A-U180": 275.366511913542}, "K51-D230": {"K51-D240": 80.06899999999999}, "K51A-D070": {"K51A-D080": 100.51525000000001}, "K51-U110": {"K51-U120": 152.3225}, "K53-U090": {"K53-U100": 126.33054170444511}, "K58-U100": {"K58-U110": 93.74061400000002}, "K51A-U010": {"K51A-U020": 53.79766699999999}, "K52-nD020": {"K52-nD030": 27.966521}, "K54-D060": {"K54-D070": 155.54178199999998}, "K54-D030": {"K54-D040": 111.31640300000001}, "K51A-D030": {"K51A-D040": 61.25845000000002}, "K58-D110": {"K58-D120": 192.995}, "K58-D180": {"K58-D190": 271.73597000000007}, "K52-nU100": {"K52-nU110": 176.66957000000005}, "K51A-D160": {"K51A-D170": 213.983}, "K54-D020": {"K54-D030": 132.84318259177235}, "K52-nU250": {"K52-nU260": 83.31400000000001}, "K51-D080": {"K51-D090": 119.24000000000001}, "K51A-D040": {"K51A-D050": 108.06290000000001}, "K51-U080": {"K51-U090": 185.4017}, "K52-nD010": {"K52-nD020": 19.883599999999998}, "K58-D090": {"K58-D100": 137.52200000000002}, "K53-U060": {"K53-U070": 84.86624869516304}, "K53-D050": {"K53-D060": 104.58887999999999}, "K53-U130": {"K53-U140": 74.53856349808441}, "K51A-U090": {"K51A-U100": 186.13139205100003}, "K52-nU220": {"K52-nU230": 97.6558}, "K51A-U200": {"K51A-U210": 59.913920000000005}, "K52-nU280": {"K52-nU290": 43.021}, "K53-D100": {"K53-D110": 77.87847219900002}, "K54-U010": {"K54-U020": 72.40711830000001}, "K52A-D090": {"K52A-D100": 108.96985000000002}, "K58-U023": {"K58-U026": 85.36000000000001}, "K51-D240": {"K51-D250": 142.79100000000003}, "K53-D080": {"K53-D090": 54.87570000000001}, "K52-nU110": {"K52-nU120": 168.560953}, "K58-D020": {"K58-D030": 102.74000000000001}, "K52-nU190": {"K52-nU200": 138.98863}, "K52-nD290": {"K52-nD300": 100.70500000000001}, "K51-U040": {"K51-U050": 125.2471}, "K53-D170": {"K53-D180": 316.38650999999993}, "K53-D120": {"K53-D130": 97.52785680000001}, "K51A-U230": {"K51A-U240": 38.250299999999996}, "K53-D070": {"K53-D080": 78.7093076}, "K51-U230": {"K51-U240": 50.59968100000001}, "K52-nU290": {"K52-nU300": 37.8047758}, "K54-U070": {"K54-D010": 197.2954313}, "K51-U240": {"K51-U250": 117.7}, "K51-U160": {"K51-U170": 102.96437800000001}, "K51-D120": {"K51-D130": 52.338407}, "K52A-D070": {"K52A-D080": 147.24171}, "K51-D110": {"K51-D120": 84.8775565}, "K52-nD090": {"K52-nD100": 98.86458999999999}, "K58-D080": {"K58-D090": 153.8548}, "K52A-D120": {"K52A-D130": 34.760000000000005}, "K53-D010": {"K53-D015": 102.55531}, "K52-nD160": {"K52-nD170": 156.123}, "K58-U090": {"K58-U100": 172.48458810000002}, "K58-U200": {"K58-U210": 75.3891479}, "K51-U150": {"K51-U160": 88.44000000000001}, "K58-U050": {"K58-U060": 63.96005000000001}, "K52-nD120": {"K52-nD130": 40.81}, "K51A-U070": {"K51A-U080": 200.51975900000005}, "K51A-U190": {"K51A-U200": 91.55486670000002}, "K53-U050": {"K53-U060": 151.5888520265391}, "K51-D270": {"K51-D280": 96.91330000000002}, "K53-D015": {"K53-D020": 53.329100000000004}, "K53-D040": {"K53-D050": 85.14000000000001}, "K52A-U150": {"K52A-U160": 31.46}, "K51-D160": {"K51-D170": 114.598}, "K51-D060": {"K51-D070": 73.39200000000002}, "K51-D050": {"K51-D060": 67.474}, "K52-nD040": {"K52-nD050": 24.604800000000004}, "K52A-D060": {"K52A-D070": 129.34768316859828}, "K51A-D210": {"K51A-D220": 85.17299999999999}, "K58-U170": {"K58-U180": 188.342}, "K52-nD050": {"K52-nD060": 40.480000000000004}, "K53-D090": {"K53-D100": 62.087311}, "K52-nD220": {"K52-nD230": 153.241}, "K58-D140": {"K58-D150": 39.050352110000006}, "K52A-D020": {"K52A-D030": 14.961100000000002}, "K52A-D030": {"K52A-D040": 23.4949}, "K58-D196": {"K58-D200": 91.12061199999998}, "K53-D140": {"K53-D150": 190.53429999999997}, "K51-U030": {"K51-U040": 94.61210000000001}, "K51A-D220": {"K51A-D230": 126.412}, "K51-D150": {"K51-D160": 197.74755000000005}, "K58-D060": {"K58-D070": 168.41341220000007}, "K52A-D140": {"K52A-D150": 117.34251760000004}, "K51A-D250": {"K51A-D260": 119.9}, "K51A-U180": {"K51A-U190": 90.62217999999999}, "K53-U120": {"K53-U130": 85.3419886}, "K58-U070": {"K58-U080": 87.20800000000001}, "K52-nU050": {"K52-nU060": 272.195}, "K51A-U170": {"K51A-U180": 76.539067}, "K51-U120": {"K51-U130": 131.12000000000003}, "K58-D200": {"K58-D210": 70.4}, "K58-D030": {"K58-D040": 99.528}, "K58-U010": {"K58-U020": 67.65}, "K51A-U210": {"K51A-U220": 77.60940000000001}, "K51-U010": {"K51-U020": 36.190000000000005}, "K52-nD270": {"K52-nD280": 91.718}, "K58-U140": {"K58-U150": 163.08599999999998}, "K51-U210": {"K51-U220": 55.00000000000001}, "K58-U160": {"K58-U170": 168.52}, "K52-nD190": {"K52-nD200": 232.64010000000002}, "K53-U010": {"K53-U020": 263.73248}, "K52-nU150": {"K52-nU160": 107.80000000000001}, "K51-D180": {"K51-D190": 177.5444}, "K52A-D130": {"K52A-D140": 93.2404}, "K58-U030": {"K58-U040": 310.97}, "K51A-U060": {"K51A-U070": 293.04}, "K53-U100": {"K53-U110": 81.993464366}, "K54-U050": {"K54-U060": 363.59400000000005}, "K52-nU160": {"K52-nU170": 51.46845}, "K54-U040": {"K54-U050": 167.541385}, "K52A-D010": {"K52A-D020": 277.2190054549581}, "K52-nD150": {"K52-nD160": 110.99000000000001}, "K52A-D180": {"K52A-D190": 214.68865}, "K52-nU030": {"K52-nU040": 130.24}, "K53-D150": {"K53-D160": 179.894}, "K54-U020": {"K54-U030": 112.91452810000001}, "K51-U140": {"K51-U150": 62.07200999999999}, "K58-U130": {"K58-U140": 98.17510999999999}, "K52A-U050": {"K52A-U060": 40.7}, "K51-D170": {"K51-D180": 98.14200000000002}, "K52-nD230": {"K52-nD240": 155.65}, "K52-nD100": {"K52-nD110": 83.00600000000001}, "K53-D060": {"K53-D070": 192.43213}, "K51A-U130": {"K51A-U140": 85.482340284}, "K52A-U140": {"K52A-U150": 160.36405648429758}, "K52-nU090": {"K52-nU100": 121.07700000000003}, "K52A-U015": {"K52A-U020": 136.4}, "K52A-U060": {"K52A-U070": 118.80000000000001}, "K51-U090": {"K51-U100": 183.70000000000002}, "K53-U110": {"K53-U120": 102.17064306493}, "K51A-D140": {"K51A-D150": 130.92199999999997}, "K58-U150": {"K58-U160": 205.44282000000004}, "K53-U040": {"K53-U050": 145.648008}, "K52-nD060": {"K52-nD070": 129.34768316859828}, "K51A-U030": {"K51A-U040": 88.14740000000002}, "K51A-U120": {"K51A-U130": 143.96349}, "K51A-U220": {"K51A-U230": 91.190187}, "K51A-U150": {"K51A-U160": 114.598}, "K58-D160": {"K58-D170": 230.14750000000004}, "K51A-D060": {"K51A-D070": 102.85}, "K58-D040": {"K58-D050": 90.6444}, "K52-nD110": {"K52-nD120": 202.07000000000002}, "K51-D100": {"K51-D110": 186.28500000000003}, "K51-D040": {"K51-D050": 54.894400000000005}, "K58-U040": {"K58-U050": 85.932}, "K52-nU260": {"K52-nU270": 81.95}, "K51A-D090": {"K51A-D100": 75.02990000000001}, "K51A-U080": {"K51A-U090": 208.22780000000003}, "K52-nU140": {"K52-nU150": 189.53000000000003}, "K52A-U110": {"K52A-U120": 43.61500000000001}, "K52A-U070": {"K52A-U080": 81.40000000000002}, "K51-U200": {"K51-U210": 92.4}, "K52-nU020": {"K52-nU030": 107.5998}, "K52-nU010": {"K52-nU020": 26.046350000000007}, "K51A-U160": {"K51A-U170": 77.308}, "K54-D010": {"K54-D020": 286.46420000000006}, "K51-U220": {"K51-U230": 68.849286}, "K52-nD130": {"K52-nD140": 102.15700000000001}, "K58-U190": {"K58-U200": 153.34000000000003}, "K52-nU080": {"K52-nU090": 101.47016}, "K51-U070": {"K51-U080": 199.04500000000002}, "K51-U190": {"K51-U200": 96.58000000000001},