{"KOW": {"HOK": 177.73686406933186, "OLY": 121.7922451430541, "TSY": 661.6562685252867}, "KOT": {"TAW": 320.61583510367115, "MKK": 137.99267530918365, "LOF": 11.879999999999999, "SKM": 106.92}, "KOB": {"CHH": 5.28, "NTK": 132.0}}