{"LAK": {"NAC": 297.31823535759713, "TSY": 180.9473314099965, "MEF": 126.00069475086632, "KWF": 48.114}, "LAT": {"YAT": 6.6, "KWT": 0.0}}