{"LCK": {"MEF": 21.750519999999998, "CSW": 18.25197}}