{"LET": {"WCH": 151.016209542, "SOH": 104.21115220899033}}