{"PRE": {"MOK": 19.859224844442853, "SKM": 30.16332, "SSP": 21.32465940000001}}