{"SHT": {"FOT": 155.96456137546923, "TAW": 132.66}, "SHS": {"LMC": 525.2483976192904, "LOW": 261.75348133959744, "FAN": 125.74497258402437}, "SHM": {"TSH": 216.41829374487838, "CIO": 125.4}, "SHW": {"SYP": 19.800000000000004, "CEN": 0.0}}