{"SHT": {"FOT": 155.94743608887978, "TAW": 93.34785692171947}, "SHS": {"LMC": 525.2515419679291, "LOW": 261.7548038606344, "FAN": 125.75899878389691}, "SHM": {"TSH": 216.39410975540403, "CIO": 119.51405840000002}, "SHW": {"SYP": 40.669291062083815, "CEN": 41.62156049212847}}