{"TIK": {"YAT": 141.42174984803495, "TKO": 21.278087154519156}, "TIH": {"CAB": 0.6237000000000001}, "TIS": {"LOP": 173.90155338871207, "SIH": 389.43086707813575}}