{"TIK": {"YAT": 124.21684100421098, "TKO": 80.53226484194896}, "TIH": {"CAB": 21.074946441205725, "FOH": 99.4685304844917}, "TIS": {"LOP": 162.78637405518901, "SIH": 356.4493948911651}}