{"5": {"6": 137.50000000000003, "305": 93.44830000000002}}