{"AIR": {"TSY": 1147.4063527072517, "AWE": 105.68713609443986}}