{"CIO": {"SHM": 116.88971386315329, "STW": 135.01879897000003}}