{"ETS": {"AUS": 159.33108719866, "HUH": 161.15550425352905}}