{"K12-U010": {"K12-U020": 353.47816472036254}, "K12-D030": {"K12-D040": 13.157611695905128}, "K12-D010": {"K12-D020": 161.43648253991802}, "K12-U020": {"K12-U030": 240.18538107838896}, "K12-D020": {"K12-D030": 313.97009058800006}}