{"K76-D020": {"K76-D030": 121.66719336661716}, "K75A-D020": {"K75A-D030": 11.909699999999999}, "K73-U080": {"K73-U110": 151.49080806680516, "K73-U090": 257.66940282410803}, "K73-D150": {"K73-D160": 48.81976000000001}, "K73-D090": {"K73-D100": 87.97749444000002}, "K73-D070": {"K73-D080": 146.34554000000003}, "K74-U060": {"K74-U070": 125.89500000000002}, "K75P-U110": {"K75P-U120": 88.28069250000001}, "K76-U030": {"K76-U040": 163.0896074946182}, "K76-D030": {"K76-D040": 46.65821279289226}, "K75A-U030": {"K75A-D010": 216.788}, "K75P-U060": {"K75P-U070": 25.630000000000006}, "K73-D120": {"K73-D130": 115.37567008}, "K76-D010": {"K76-D020": 170.4273618288534}, "K75P-U070": {"K75P-U080": 90.12640780000001}, "K73-U030": {"K73-U040": 92.3328885325}, "K75P-U050": {"K75P-U060": 118.06300000000003}, "K75P-D050": {"K75P-D060": 97.96393200000003}, "K75P-U020": {"K75P-U030": 109.69354000000001}, "K73-U050": {"K73-U060": 96.92760764916902}, "K75A-D030": {"K75A-D040": 45.43336426199999}, "K75P-D030": {"K75P-D040": 139.83874166229003}, "K74-D020": {"K74-D030": 145.02965482723556}, "K75A-D070": {"K75A-D080": 41.78994281}, "K75P-D010": {"K75P-D020": 114.35819230000001}, "K74-U011": {"K74-D100": 131.56}, "K75P-U080": {"K75P-U090": 35.49436000000001}, "K73-U070": {"K73-U080": 163.5004791619257}, "K73-U110": {"K73-U120": 238.48385694782004}, "K74-U070": {"K74-U080": 160.16}, "K76-U010": {"K76-U020": 10.970029093234633}, "K73-D100": {"K73-D110": 173.8}, "K75P-D060": {"K75P-D070": 172.14424700000004}, "K75A-U020": {"K75A-U030": 129.89900000000003}, "K75P-D080": {"K75P-U011": 160.84452450000003}, "K74-D090": {"K74-U011": 66.22}, "K75P-U100": {"K75P-U110": 58.523652000000006}, "K75P-D070": {"K75P-D080": 102.21602896703003}, "K74-U030": {"K74-U040": 296.098}, "K75P-D040": {"K75P-D050": 155.7343249}, "K75P-U090": {"K75P-U100": 43.46727}, "K73-U060": {"K73-U070": 133.9377708758246}, "K74-D050": {"K74-D060": 107.10930999999998}, "K75A-D100": {"K75A-D110": 95.805083}, "K73-U100": {"K73-U110": 230.9029269723}, "K73-U090": {"K73-U100": 111.11057500522102}, "K75P-U010": {"K75P-U020": 92.4}, "K74-U001": {"K74-U004": 161.15000000000003}, "K73-D040": {"K73-D050": 72.43326200000001}, "K75A-D050": {"K75A-D060": 76.84600000000002}, "K75P-U120": {"K75P-U130": 67.48797000000002}, "K75P-U140": {"K75P-D010": 145.49298577000002}, "K74-U100": {"K74-D010": 99.0957}, "K74-U020": {"K74-U030": 118.80000000000001}, "K75A-D040": {"K75A-D050": 56.21043956000002}, "K75A-D090": {"K75A-D100": 53.689350000000005}, "K73-D030": {"K73-D040": 111.21000000000001}, "K73-U040": {"K73-U050": 110.9835322163519}, "K75A-D080": {"K75A-D090": 82.54840000000002}, "K75P-D020": {"K75P-D030": 33.162465831000006}, "K74-D040": {"K74-D050": 70.4693}, "K76-U020": {"K76-U030": 175.62678705}, "K75A-D060": {"K75A-D070": 35.47610000000001}, "K73-D130": {"K73-D140": 149.48318000000003}, "K75A-D010": {"K75A-D020": 193.08790160000004}, "K74-D100": {"K74-D110": 64.82488099999999}, "K73-D020": {"K73-D030": 115.84826550000002}, "K75P-U040": {"K75P-U050": 100.7347}, "K74-U007": {"K74-U010": 231.83798000000002}, "K74-D010": {"K74-D020": 159.5}, "K73-D140": {"K73-D150": 191.480168}, "K74-D060": {"K74-D070": 77.869}, "K74-U004": {"K74-U007": 72.16}, "K73-D010": {"K73-D020": 83.81890000000001}, "K73-D110": {"K73-D120": 81.1404}, "K74-U050": {"K74-U060": 229.68}, "K74-U090": {"K74-U100": 158.73}, "K75P-U130": {"K75P-U140": 46.00596}, "K74-D070": {"K74-D080": 265.1}, "K73-U010": {"K73-U020": 60.451600000000006}, "K76-U040": {"K76-U050": 197.69651000000005}, "K75P-U030": {"K75P-U040": 139.70000000000002}, "K75A-U010": {"K75A-U020": 46.519000000000005}, "K74-U040": {"K74-U050": 151.14000000000001}, "K75A-D110": {"K75A-U011": 163.6855}, "K73-U020": {"K73-U030": 194.02900000000005}, "K74-D030": {"K74-D040": 156.20000000000002}, "K74-D110": {"K74-U002": 178.20000000000002}, "K74-U010": {"K74-U020": 129.25}, "K73-D050": {"K73-D070": 101.09}, "K74-U080": {"K74-U090": 218.9}, "K74-D080": {"K74-D090": 140.25}}