{"LAK": {"TSY": 175.88607101965314, "NAC": 277.2744485195712, "KWF": 117.92642706565262, "MEF": 138.2822155652015}, "LAT": {"KWT": 95.36885051664652, "YAT": 89.02393825655308}}