{"SHW": {"SYP": 192.75300000000001, "CEN": 132.0}, "SHT": {"FOT": 155.95560719523863, "TAW": 119.394}, "SHS": {"LMC": 525.2480401950227, "LOW": 261.75375705508776, "FAN": 125.74878128894757}, "SHM": {"TSH": 216.40850809776325, "CIO": 132.0}}