{"SIH": {"TIS": 389.4434654085098, "TUM": 154.41779610939486}}