{"STW": {"CKT": 137.61330000000004, "CIO": 126.38669999999999}}