{"SUN": {"DIS": 198.58058986876196, "TUC": 823.8758328206019, "TSY": 690.6355419441308}, "SUW": {"KAT": 132.0, "TKW": 132.0}}