{"WCH": {"OCP": 102.07102858780738, "LET": 187.34001660000007}}