{"WCH": {"OCP": 98.74558731978598, "LET": 192.17286000000004}}