{"YMT": {"JOR": 120.12, "HOM": 74.954682, "MOK": 106.93553199999997}}