{"CHH": {"DIH": 135.96000000000004, "KOB": 130.98910000000004}, "CHW": {"HFC": 136.62}}