{"HUH": {"EXC": 216.39174839264905, "ETS": 470.1534684205641, "MKK": 147.09371712717308, "HOM": 135.16000000000003}}