{"K17-D010": {"K17-D020": 305.14065136389183}, "K18-D010": {"K18-D020": 221.51999536082843}, "K17-D020": {"K17-D030": 94.39772231904381}, "K12-U010": {"K12-U020": 215.1540029878268}, "K12-D030": {"K12-D040": 14.13033616115672}, "K17-U020": {"K17-U030": 130.25857273109503}, "K17-U010": {"K17-U020": 239.36610951952116}, "K12-D020": {"K12-D030": 304.0609098134854}, "K12-D010": {"K12-D020": 149.10236479097185}, "K12-U020": {"K12-U030": 190.66508774821997}, "K18-U010": {"K18-U020": 197.89140913258456}, "K17-U030": {"K17-U040": 30.8046399228949}, "K18-U020": {"K18-U030": 52.8545035906065}, "K18-D020": {"K18-D030": 85.11102677281914}}