{"KF5": {"KF1": 767.8871377854122}, "KF1": {"KF5": 767.8870479797099, "KF3": 686.7686171975181}, "KF4": {"KF6": 250.95731273557425, "KF2": 1022.6232489284}, "KF2": {"KF4": 1022.6254400410158}, "KF3": {"KF1": 686.7689853803558}, "KF6": {"KF4": 250.9572303271421}}