{"KOW": {"HOK": 177.73323275435294, "TSY": 661.6616284085004, "OLY": 121.82228769715432}, "KOT": {"TAW": 320.6218421631514, "MKK": 137.99808715560704, "SKM": 143.0, "LOF": 132.0}}