{"LET": {"WCH": 148.0816444436343, "SOH": 101.22179718970706}}