{"LET": {"WCH": 156.86613820748858, "SOH": 104.10941945287104}}