{"NTK": {"KOB": 131.14729064284717, "KWT": 130.96072482510505}}