{"NTK": {"KOB": 128.58437487863557, "KWT": 127.71936839750155}}