{"OLY": {"NAC": 132.5208704948237, "KOW": 121.76575297948844}}