{"QUB": {"YAT": 249.64281713719765, "TAK": 94.53479154354662, "NOP": 114.10869204307608}}