{"SUN": {"DIS": 198.58233387484285, "TSY": 690.6200945742115, "TUC": 823.8869511270772}, "SUW": {"TKW": 154.0, "KAT": 122.09999999999998}}