{"TIK": {"YAT": 141.4205937615855, "TKO": 112.2}, "TIS": {"SIH": 389.4590189027987, "LOP": 173.90155338871207}, "TIH": {"CAB": 132.0, "FOH": 72.27}}