{"WTS": {"LOF": 122.18910000000001, "DIH": 113.192959}}