{"WTS": {"LOF": 122.85685389999999, "DIH": 113.192959}}