{"1": {"6": 74.57318123200001, "2": 1094.5312616557}}