{"AIR": {"TSY": 1467.4428851031587, "AWE": 96.89365224202263}}