{"HOK": {"KOW": 177.73491757241842}, "HOM": {"TKW": 154.0, "YMT": 165.36607999999998}}