{"HUH": {"MKK": 188.35840936087638, "EXC": 199.6678397268151, "ETS": 497.2, "HOM": 136.4}}