{"K65-D050": {"K65-D060": 52.15430000000001}, "K66-U050": {"K66-U060": 41.800000000000004}, "K66-D110": {"K66-D120": 47.300000000000004}, "K65-U070": {"K65-U080": 55.220000000000006}, "K66-D060": {"K66-D070": 51.7}, "K65-U050": {"K65-U060": 106.59}, "K66-D220": {"K66-D230": 96.80000000000001}, "K65-D060": {"K65-D070": 86.77900000000002}, "K65-U140": {"K65-U150": 92.4}, "K65-D170": {"K65-D180": 68.2}, "K65-D090": {"K65-D100": 117.58999999999999}, "K65-D150": {"K65-D160": 123.20000000000002}, "K66-D120": {"K66-D130": 65.78}, "K66-U170": {"K66-U180": 12.100000000000001}, "K66-U150": {"K66-U160": 25.520000000000003}, "K66-U030": {"K66-U040": 116.49000000000001}, "K65-U100": {"K65-U110": 113.30000000000001}, "K65-D130": {"K65-D140": 96.14000000000001}, "K65-D080": {"K65-D090": 74.80000000000001}, "K65-D180": {"K65-D190": 78.10000000000001}, "K65-D070": {"K65-D080": 124.30000000000001}, "K66-U090": {"K66-U100": 44.0}, "K65-U220": {"K65-U230": 71.5}, "K65-D160": {"K65-D170": 102.85}, "K66-D070": {"K66-D080": 55.660000000000004}, "K66-U160": {"K66-U170": 42.900000000000006}, "K68-U160": {"K68-U170": 61.60000000000001}, "K65-D140": {"K65-D150": 111.32000000000001}, "K66-D020": {"K66-D030": 71.5}, "K68-U050": {"K68-U060": 52.800000000000004}, "K65-U060": {"K65-U070": 27.610000000000003}, "K66-U100": {"K66-U110": 86.9}, "K66-D160": {"K66-D170": 113.85000000000002}, "K68-D160": {"K68-D170": 83.60000000000001}, "K65-U170": {"K65-U180": 19.8}, "K65-U160": {"K65-U170": 45.1}}