{"K75P-U010": {"K75P-U020": 88.25366000000001}, "K76-D010": {"K76-D020": 170.42283502768714}, "K75P-D020": {"K75P-D030": 43.36161383400001}, "K75P-D010": {"K75P-D020": 93.21211597192}, "K75P-U090": {"K75P-U100": 31.58364000000001}, "K75P-D050": {"K75P-D060": 47.310916399999996}, "K73-U040": {"K73-U050": 111.03830730131799, "K73-U060": 228.3162134}, "K73-U070": {"K73-U080": 227.08111763697565}, "K75P-U070": {"K75P-U080": 74.62015637450001}, "K74-U007": {"K74-U010": 236.61000000000004}, "K75P-U110": {"K75P-U120": 88.79703250000003}, "K74-U040": {"K74-U050": 137.32840000000002}, "K76-D020": {"K76-D030": 121.56179939765616}, "K76-U030": {"K76-U040": 163.09693265068938}, "K76-U020": {"K76-U030": 163.38892233648812}, "K75P-U140": {"K75P-D010": 129.99228}, "K75A-U010": {"K75A-U020": 45.43000000000001}, "K73-U090": {"K73-U100": 137.6944316132}, "K74-U030": {"K74-U040": 276.98}, "K73-U050": {"K73-U060": 117.88178378518617}, "K74-D080": {"K74-D090": 172.70000000000002}, "K75P-D060": {"K75P-D070": 139.57416}, "K73-U110": {"K73-U120": 252.96792056454382}, "K75P-D070": {"K75P-D080": 81.34039771}, "K74-U004": {"K74-U007": 96.36}, "K73-D110": {"K73-D120": 52.69000000000001}, "K74-D020": {"K74-D030": 145.02846596266417}, "K75P-D030": {"K75P-D040": 135.33550140000003}, "K75A-D030": {"K75A-D040": 53.676700000000004}, "K75A-D010": {"K75A-D020": 179.72775040000002}, "K73-D090": {"K73-D100": 86.85600000000001}, "K73-U060": {"K73-U070": 184.79006609823497}, "K75A-U020": {"K75A-U030": 139.03525263100002}, "K73-U080": {"K73-U110": 151.49496013310537, "K73-U090": 287.944714262865}, "K74-U001": {"K74-U004": 107.69770000000003}, "K75P-D080": {"K75P-U011": 131.99571000000003}, "K76-D030": {"K76-D040": 37.79966042233732}, "K76-U010": {"K76-U020": 5.407405410000001}, "K73-D050": {"K73-D070": 98.10845}, "K75P-U080": {"K75P-U090": 46.178268290000005}, "K73-D150": {"K73-D160": 33.0}, "K75A-D110": {"K75A-U011": 209.00000000000003}, "K76-U040": {"K76-U050": 234.47397093779995}, "K75P-D040": {"K75P-D050": 139.8052424109}, "K75P-U050": {"K75P-U060": 123.69500000000002}, "K73-D010": {"K73-D020": 80.41}, "K73-D080": {"K73-D090": 253.15400000000005}, "K73-D030": {"K73-D040": 108.35220000000001}, "K73-U100": {"K73-U110": 257.87755835463537}, "K73-U010": {"K73-U020": 88.12979737100001}, "K74-U020": {"K74-U030": 106.80999999999999}, "K75P-U030": {"K75P-U040": 119.69353000000001}, "K74-D030": {"K74-D040": 94.60000000000001}, "K75P-U060": {"K75P-U070": 34.30899999999999}, "K75P-U020": {"K75P-U030": 104.50000000000001}, "K74-D010": {"K74-D020": 152.68}, "K75A-D040": {"K75A-D050": 58.629999999999995}, "K75P-U120": {"K75P-U130": 61.45571003000001}, "K73-D070": {"K73-D080": 138.732}, "K73-U030": {"K73-U040": 96.29920586}, "K75P-U040": {"K75P-U050": 118.34900000000002}, "K74-U010": {"K74-U020": 178.574}, "K75P-U130": {"K75P-U140": 43.143100000000004}, "K73-D140": {"K73-D150": 194.70000000000002}, "K75A-D060": {"K75A-D070": 53.239999999999995}, "K75A-D020": {"K75A-D030": 24.970000000000002}, "K74-U070": {"K74-U080": 153.78000000000003}, "K75A-U030": {"K75A-D010": 222.92600000000002}, "K74-U050": {"K74-U060": 171.05}, "K75P-U100": {"K75P-U110": 62.25061700000002}, "K74-U090": {"K74-U100": 194.92000000000002}, "K74-U060": {"K74-U070": 151.8}, "K73-D130": {"K73-D140": 126.57700000000003}, "K75A-D080": {"K75A-D090": 78.441}, "K73-D040": {"K73-D050": 71.25800000000001}, "K73-D120": {"K73-D130": 96.69000000000001}, "K73-U020": {"K73-U030": 150.27320000000003}, "K75A-D090": {"K75A-D100": 59.400000000000006}, "K75A-D070": {"K75A-D080": 56.1}, "K75A-D050": {"K75A-D060": 101.2}, "K73-D020": {"K73-D030": 66.0}}