{"KOW": {"HOK": 177.74027448575617, "OLY": 121.78478099420406, "TSY": 661.6551134781697}, "KOT": {"TAW": 320.61583510367115, "MKK": 138.00231528079064, "LOF": 106.50475000000002, "SKM": 141.9}}