{"KWF": {"LAK": 111.1, "KWH": 117.7}, "KWT": {"LAT": 122.10000000000002, "NTK": 107.8}, "KWH": {"KWF": 113.19000000000001, "TWH": 162.8}}