{"LCK": {"CSW": 112.81549376406167, "MEF": 128.05145552003302}}