{"LET": {"WCH": 157.88136525917838, "SOH": 104.65657969570671}}