{"MEF": {"NAC": 173.17431832215263, "TWW": 351.82771904869134, "LAK": 125.99872117716559, "LCK": 125.29703999999997}}