{"NAC": {"LAK": 297.32039976252946, "OLY": 176.54720820000003, "MEF": 173.1682820625597}}