{"SHT": {"FOT": 155.96456137546923, "TAW": 173.43841581666456}, "SHS": {"FAN": 125.74637801019529, "LMC": 525.2490088147881, "LOW": 261.75493247375704}, "SHM": {"TSH": 216.4154482528414, "CIO": 134.20000000000002}, "SHW": {"CEN": 111.5169, "SYP": 119.9}}