{"SHT": {"FOT": 155.97969390889307, "TAW": 173.59362900000002}, "SHS": {"FAN": 125.73258127283043, "LMC": 525.2472017924194}, "SHM": {"TSH": 216.41829374487838}}