{"SUN": {"TSY": 690.6326004179786, "DIS": 198.5799415482572, "TUC": 823.8732149873198}, "SUW": {"KAT": 122.09999999999998, "TKW": 154.0}}