{"SUN": {"TSY": 690.6313463989347, "DIS": 198.58219476168125, "TUC": 823.8779532655604}, "SUW": {"KAT": 122.09999999999998, "TKW": 154.0}}