{"SWH": {"SKW": 119.99240860273544, "TAK": 93.26623108614304}}