{"TAP": {"UNI": 430.1219262279924, "TWO": 349.652088144038}, "TAW": {"SHT": 72.53939708466679, "KOT": 320.6074047928521, "CKT": 165.66000000000003}, "TAK": {"QUB": 120.14529999999999, "SWH": 87.014752}}