{"TIH": {"FOH": 98.75943}, "TIK": {"YAT": 141.42207372225045, "TKO": 100.08165354000002}, "TIS": {"SIH": 389.450832853173, "LOP": 173.9447836932477}}