{"TST": {"ADM": 176.36607432311223}, "TSY": {"SUN": 690.6355419441308, "AIR": 1467.438586142023, "KOW": 661.6695615099304}, "TSH": {"HEO": 130.9}, "TSW": {"TWH": 109.56000000000002}}