{"UNI": {"TAP": 430.1252453543801, "FOT": 186.42626160790937}}