{"WTS": {"DIH": 108.56461000000002, "LOF": 121.00000000000001}}