{"YAT": {"LAT": 155.1, "QUB": 249.6535301223857, "TIK": 141.42193166988946}}