{"YMT": {"HOM": 166.10000000000002, "MOK": 114.73297, "JOR": 133.1}}