{"FOT": {"SHT": 128.3375193717016, "UNI": 174.38632951561166}, "FOH": {"NOP": 115.569165426636, "TIH": 99.58137187800001}}