{"HUH": {"EXC": 199.65830784569977, "ETS": 138.6, "MKK": 188.36115217094033, "HOM": 6.6}}