{"KF2": {"KF4": 1022.6259815911886}, "KF4": {"KF6": 250.9580393735701, "KF2": 1022.6259924303929}, "KF1": {"KF5": 767.8871482462974, "KF3": 686.7722243747648}, "KF3": {"KF1": 686.7722068640057}, "KF6": {"KF4": 250.95793072082807}, "KF5": {"KF1": 767.8871482462974}}