{"KOT": {"MKK": 137.99808715560704, "SKM": 1.1, "TAW": 320.61276485345485, "LOF": 0.0}, "KOW": {"TSY": 661.6576945093816, "HOK": 177.73785893755138, "OLY": 121.81652914327564}}