{"KOT": {"MKK": 137.9991196395961, "SKM": 6.49, "TAW": 320.6102779507796, "LOF": 0.0}, "KOW": {"TSY": 661.6562685252867, "HOK": 177.73959578424873, "OLY": 121.81134644478485}, "KOB": {"CHH": 11.0}}