{"KWT": {"LAT": 0.0, "NTK": 18.0114}, "KWH": {"KWF": 25.080000000000002, "TWH": 186.64800000000002}, "KWF": {"LAK": 66.0, "KWH": 132.0}}