{"SHS": {"FAN": 125.75897932276673, "LOW": 261.7545226306089, "LMC": 525.2504928024746}, "SHT": {"FOT": 155.94746966087789, "TAW": 76.66379325196948}, "SHM": {"TSH": 216.39511157870044, "CIO": 84.03862830000001}, "SHW": {"SYP": 100.95448919735301, "CEN": 107.24461093961668}}