{"SUN": {"DIS": 198.58232957580756, "TSY": 690.6292020263696, "TUC": 823.8834908567185}, "SUW": {"KAT": 66.0, "TKW": 132.0}}