{"SWH": {"SKW": 122.05355841670969, "TAK": 35.28130219813398}}