{"TWO": {"TAP": 104.4672955623, "FAN": 412.6342938265084}, "TWW": {"MEF": 351.8210210939409, "KSR": 712.0168259252407}, "TWH": {"KWH": 0.0, "TSW": 85.42243446025547}}