{"WCH": {"OCP": 121.89175620270002, "LET": 159.62166000000002}}