{"WCH": {"OCP": 119.79358579260295, "LET": 166.3805462718251}}