{"AIR": {"TSY": 1467.4431160064014, "AWE": 112.48666159756571}}