{"DIS": {"SUN": 198.57938038523093}, "DIH": {"WTS": 121.00000000000003, "KAT": 180.40000000000003}}