{"HKU": {"SYP": 112.68641869999996, "KET": 97.57661091775972}}