{"LAK": {"TSY": 180.92629365878497, "KWF": 149.6, "NAC": 297.3231701221058}, "LAT": {"YAT": 83.60000000000001}}