{"MOK": {"YMT": 114.40000000000002, "PRE": 92.0654317}, "MOS": {"HEO": 158.40000000000003, "WKS": 174.8384643186549}}