{"MOK": {"YMT": 114.40000000000002, "PRE": 91.78381300000001}, "MOS": {"HEO": 158.40000000000003, "WKS": 174.8384643186549}}