{"QUB": {"YAT": 249.64984240499115, "NOP": 121.27152037002513, "TAK": 90.20000000000002}}