{"SUN": {"DIS": 198.5822086729974, "TSY": 690.6282878464866, "TUC": 823.8804030491019}, "SUW": {"KAT": 122.09999999999998, "TKW": 154.0}}