{"TAP": {"UNI": 430.1227065712292, "TWO": 146.3}, "TAW": {"KOT": 320.6218421631514, "SHT": 17.6, "CKT": 143.0, "HIK": 172.70000000000002}, "TAK": {"SWH": 107.8, "QUB": 117.7}}