{"TIK": {"YAT": 141.42185030209822}, "TIS": {"SIH": 389.4434654085098, "LOP": 173.9447836932477}, "TIH": {"FOH": 99.00000000000001}}