{"TWO": {"TAP": 156.20000000000002, "FAN": 412.6363134761742}, "TWH": {"KWH": 138.6}, "TWW": {"KSR": 712.0309122549204, "MEF": 351.8210210939409}}