{"UNI": {"FOT": 202.61184953427627, "TAP": 396.3274478613099}}