{"AIR": {"TSY": 1467.4430670594797, "AWE": 114.71517301468745}}