{"AUS": {"NAC": 223.93445838015228, "ETS": 31.020000000000003}}