{"FOH": {"NOP": 95.79438000000002, "TIH": 139.70000000000002}, "FOT": {"SHT": 155.95560719523863, "UNI": 186.4436625244078}}