{"HAH": {"TKO": 72.42746611925787, "POA": 124.9057306424035}}