{"HAH": {"TKO": 10.012427171999997, "POA": 116.76903799140197}}