{"HOK": {"KOW": 177.73323275435294}, "HOM": {"TKW": 139.89800000000002, "YMT": 6.6}}