{"HUH": {"MKK": 188.35502317561225, "EXC": 199.66341722819013, "HOM": 125.4, "ETS": 0.0}}