{"JOR": {"TST": 72.61511254799998, "YMT": 23.625634333070998}}