{"K76-U020": {"K76-U030": 85.14000000000001}, "K73-D120": {"K73-D130": 121.44000000000001}, "K73-U040": {"K73-U060": 215.60000000000002, "K73-U050": 106.7}, "K73-U110": {"K73-U120": 247.654}, "K75P-U080": {"K75P-U090": 49.720000000000006}, "K73-U020": {"K73-U030": 216.37000000000003}, "K73-D090": {"K73-D100": 83.82000000000001}, "K75A-D100": {"K75A-D110": 94.60000000000001}, "K76-U030": {"K76-U040": 163.08542665805479}, "K75P-U120": {"K75P-U130": 62.92176000000002}, "K76-D030": {"K76-D040": 26.312}, "K75P-U020": {"K75P-U030": 92.4}, "K75A-D020": {"K75A-D030": 39.6}, "K75A-U020": {"K75A-U030": 160.81560000000002}, "K75A-D010": {"K75A-D020": 209.00000000000003}, "K75A-U030": {"K75A-D010": 224.4}, "K73-U090": {"K73-U100": 148.60999999999999}, "K74-U050": {"K74-U060": 238.70000000000002}, "K73-D030": {"K73-D040": 134.20000000000002}, "K73-D040": {"K73-D050": 101.2}, "K75P-D030": {"K75P-D040": 128.7}, "K74-U001": {"K74-U004": 145.20000000000002}, "K75A-D070": {"K75A-D080": 48.400000000000006}, "K76-U040": {"K76-U050": 225.137}, "K74-U060": {"K74-U070": 124.81700000000001}, "K76-D020": {"K76-D030": 52.184000000000005}, "K75P-U140": {"K75P-D010": 174.9}, "K73-D130": {"K73-D140": 158.07}, "K75P-U010": {"K75P-U020": 124.30000000000001}, "K76-D010": {"K76-D020": 170.46999712774624}, "K73-U100": {"K73-U110": 248.38000000000002}, "K73-U010": {"K73-U020": 63.800000000000004}, "K73-U060": {"K73-U070": 148.75300000000001}, "K75P-U060": {"K75P-U070": 29.700000000000003}, "K75A-D110": {"K75A-U011": 193.60000000000002}, "K73-U070": {"K73-U080": 179.74}, "K74-D040": {"K74-D050": 93.50000000000001}, "K73-D110": {"K73-D120": 104.50000000000001}, "K75P-U100": {"K75P-U110": 72.60000000000001}, "K75A-D080": {"K75A-D090": 161.70000000000002}, "K73-U080": {"K73-U090": 258.5}, "K75P-U110": {"K75P-U120": 96.80000000000001}, "K73-U050": {"K73-U060": 1.1}, "K74-U080": {"K74-U090": 239.8}, "K75P-D080": {"K75P-U011": 152.9}, "K75P-D060": {"K75P-D070": 176.44}, "K75P-D010": {"K75P-D020": 147.40000000000003}, "K76-U010": {"K76-U020": 6.6000000000000005}, "K73-D150": {"K73-D160": 44.0}, "K75P-U090": {"K75P-U100": 48.400000000000006}, "K73-U030": {"K73-U040": 91.30000000000001}, "K74-U100": {"K74-D010": 116.60000000000001}, "K75A-D040": {"K75A-D050": 55.00000000000001}, "K75P-U130": {"K75P-U140": 38.5}, "K74-D060": {"K74-D070": 148.5}}