{"K76-U020": {"K76-U030": 121.23327523999998}, "K73-D120": {"K73-D130": 119.8934}, "K73-U040": {"K73-U060": 205.53335, "K73-U050": 120.148686075}, "K73-U110": {"K73-U120": 212.0990039828154}, "K75P-U080": {"K75P-U090": 49.8652}, "K73-U020": {"K73-U030": 218.82300000000004}, "K73-D090": {"K73-D100": 85.00800000000001}, "K75A-D100": {"K75A-D110": 98.56660000000001}, "K76-U030": {"K76-U040": 163.08542665805479}, "K75P-U120": {"K75P-U130": 64.7386256}, "K76-D030": {"K76-D040": 55.841831994168004}, "K75P-U020": {"K75P-U030": 93.5}, "K75A-D020": {"K75A-D030": 38.456}, "K75A-U020": {"K75A-U030": 162.99403999999998}, "K75A-D010": {"K75A-D020": 210.76000000000005}, "K75A-U030": {"K75A-D010": 226.82000000000002}, "K73-U090": {"K73-U100": 147.15898999999996}, "K74-U050": {"K74-U060": 238.70000000000002}, "K73-D030": {"K73-D040": 134.20000000000002}, "K73-D040": {"K73-D050": 101.2}, "K75P-D030": {"K75P-D040": 125.84301399999997}, "K74-U001": {"K74-U004": 145.20000000000002}, "K75A-D070": {"K75A-D080": 49.291}, "K76-U040": {"K76-U050": 191.525213517}, "K74-U060": {"K74-U070": 129.82530000000003}, "K76-D020": {"K76-D030": 54.11560000000001}, "K75P-U140": {"K75P-D010": 174.63600000000002}, "K73-D130": {"K73-D140": 157.44299999999998}, "K75P-U010": {"K75P-U020": 124.30000000000001}, "K76-D010": {"K76-D020": 170.46999712774624}, "K73-U100": {"K73-U110": 266.779788}, "K73-U010": {"K73-U020": 70.999566}, "K73-U060": {"K73-U070": 143.4796027357}, "K75P-U060": {"K75P-U070": 31.26253900000001}, "K75A-D110": {"K75A-U011": 191.73000000000002}, "K73-U070": {"K73-U080": 184.97914338640004}, "K74-D040": {"K74-D050": 93.50000000000001}, "K73-D110": {"K73-D120": 104.50000000000001}, "K75P-U100": {"K75P-U110": 74.85016}, "K75A-D080": {"K75A-D090": 168.38800000000003}, "K73-U080": {"K73-U090": 274.5447408, "K73-U110": 151.48186865393546}, "K75P-U110": {"K75P-U120": 98.6062}, "K73-U050": {"K73-U060": 67.97362392040002}, "K74-U080": {"K74-U090": 239.8}, "K75P-D080": {"K75P-U011": 152.9}, "K75P-D060": {"K75P-D070": 191.7104486}, "K75P-D010": {"K75P-D020": 141.60520000000002}, "K76-U010": {"K76-U020": 6.192506100000001}, "K73-D150": {"K73-D160": 44.44}, "K75P-U090": {"K75P-U100": 47.23290000000001}, "K73-U030": {"K73-U040": 98.12432850000002}, "K74-U100": {"K74-D010": 116.60000000000001}, "K75A-D040": {"K75A-D050": 61.41619000000001}, "K75P-U130": {"K75P-U140": 38.5}, "K74-D060": {"K74-D070": 150.7}, "K75P-D020": {"K75P-D030": 37.56599}, "K75A-D030": {"K75A-D040": 48.84000000000001}, "K74-D110": {"K74-U002": 170.83}, "K74-D090": {"K74-U011": 84.93100000000001}, "K75P-D070": {"K75P-D080": 109.67}, "K73-D100": {"K73-D110": 227.70000000000002}, "K73-D050": {"K73-D070": 127.13799999999999}, "K75P-D050": {"K75P-D060": 97.317}, "K74-D070": {"K74-D080": 269.5}, "K73-D010": {"K73-D020": 93.50000000000001}, "K75P-U040": {"K75P-U050": 80.30000000000001}, "K75P-U030": {"K75P-U040": 138.60000000000002}, "K74-U070": {"K74-U080": 150.70000000000002}, "K75P-D040": {"K75P-D050": 182.60000000000002}, "K74-D100": {"K74-D110": 88.0}, "K74-U010": {"K74-U020": 172.37000000000003}, "K74-D020": {"K74-D030": 145.03112256127426}, "K75A-D090": {"K75A-D100": 50.38000000000001}, "K74-D050": {"K74-D060": 108.9}, "K73-D020": {"K73-D030": 147.4}, "K74-D030": {"K74-D040": 134.20000000000002}, "K73-D140": {"K73-D150": 270.6}, "K75A-U010": {"K75A-U020": 69.30000000000001}}