{"KOB": {"CHH": 4.957524000000001, "NTK": 0.0}, "KOW": {"HOK": 177.74102214130818, "OLY": 121.78478099420406, "TSY": 661.6546210633462}, "KOT": {"TAW": 320.61145595731, "LOF": 26.169000000000004, "MKK": 138.0057875597276, "SKM": 0.0}}