{"LAK": {"NAC": 297.3209870239808, "TSY": 180.93143095731529, "KWF": 0.0, "MEF": 125.99872117716559}, "LAT": {"KWT": 20.79, "YAT": 132.0}}