{"LAK": {"NAC": 297.3189674318497, "TSY": 180.95036493340567, "KWF": 17.820000000000004, "MEF": 126.00247096719697}, "LAT": {"KWT": 25.847910000000002, "YAT": 132.0}}