{"QUB": {"YAT": 249.64913885413839, "NOP": 47.27229417532475, "TAK": 0.0}}