{"SHS": {"FAN": 110.89596069138557, "LMC": 475.8530717896656, "LOW": 261.75477369212416}, "SHW": {"CEN": 81.09340617537096, "SYP": 50.466408903369015}, "SHT": {"FOT": 129.9021609291803, "TAW": 96.04012769254489}, "SHM": {"TSH": 195.45736451513403, "CIO": 114.11093016999999}}