{"SHS": {"FAN": 125.74878128894757, "LMC": 525.2476430569475, "LOW": 261.75375705508776}, "SHW": {"CEN": 154.98780000000002, "SYP": 10.128173}, "SHT": {"FOT": 155.96456137546923, "TAW": 19.800000000000004}, "SHM": {"TSH": 216.41288731000813, "CIO": 132.0}}