{"SKM": {"KOT": 27.01690200000001, "PRE": 30.252419999999994}, "SKW": {"SWH": 10.157399999999999, "HFC": 83.64906}}