{"TIK": {"TKO": 14.225987022841185, "YAT": 141.42105034022984}, "TIH": {"FOH": 0.0, "CAB": 14.267000000000001}}