{"TSY": {"KOW": 661.6501991618736, "AIR": 1467.4435546897107, "LAK": 180.9769832398143, "SUN": 690.6201818390122}, "TSH": {"HEO": 13.2, "SHM": 216.38983882450867}, "TST": {"ADM": 176.37874724778578, "JOR": 12.417539200701684}, "TSW": {"TWH": 39.248343639417}}