{"TSY": {"KOW": 661.6643116491516, "AIR": 1467.4419967686915, "LAK": 180.92058554930682, "SUN": 690.6339937724717}, "TSH": {"HEO": 0.0, "SHM": 216.38983882450867}, "TST": {"ADM": 176.36866840760382, "JOR": 0.0}, "TSW": {"TWH": 60.17}}