{"5": {"305": 102.40235144248757, "6": 144.78244}}