{"CHW": {"HFC": 119.46000000000001}, "CHH": {"KOB": 178.20000000000002}}