{"ETS": {"AUS": 184.18108940000002, "HUH": 170.31105568070004}}