{"EXC": {"HUH": 174.83260398037544, "ADM": 51.70997973440448}}