{"K12-D010": {"K12-D020": 164.55119889119342}, "K17-D010": {"K17-D020": 263.6133613181855}, "K17-D020": {"K17-D030": 18.209935789471185}, "K18-D010": {"K18-D020": 221.63339538956916}, "K17-U020": {"K17-U030": 152.65376361612127}, "K17-U030": {"K17-U040": 28.495388952190194}, "K18-U020": {"K18-U030": 62.13288661783398}, "K12-U010": {"K12-U020": 248.33752402051135}, "K18-U010": {"K18-U020": 217.35816651733512}, "K17-U010": {"K17-U020": 236.6093481730001}, "K12-U020": {"K12-U030": 217.80917766351345}, "K12-D020": {"K12-D030": 320.8619228536991}, "K18-D020": {"K18-D030": 64.07645658582719}, "K12-D030": {"K12-D040": 13.336731662325855}}