{"K76-U020": {"K76-U030": 174.98361728100002}, "K73-U080": {"K73-U090": 283.67900000000003, "K73-U110": 151.48377650606716}, "K75P-D040": {"K75P-D050": 161.53719999999998}, "K73-U040": {"K73-U050": 106.50388035914, "K73-U060": 210.432079}, "K76-U010": {"K76-U020": 9.832240000000002}, "K73-U070": {"K73-U080": 160.58739032617908}, "K76-D020": {"K76-D030": 134.65487336598}, "K73-D100": {"K73-D110": 194.964}, "K73-D150": {"K73-D160": 19.833000000000006}, "K76-D030": {"K76-D040": 53.960577220000005}, "K75P-U100": {"K75P-U110": 66.30789227480003}, "K73-U060": {"K73-U070": 123.702931498619}, "K75P-D080": {"K75P-U011": 167.24941200000004}, "K75P-D060": {"K75P-D070": 167.13657400000005}, "K74-D040": {"K74-D050": 80.025}, "K75P-U080": {"K75P-U090": 46.604616421}, "K73-U090": {"K73-U100": 116.80647000000003}, "K73-U050": {"K73-U060": 113.02378698103902}, "K74-U004": {"K74-U007": 87.67}, "K73-D050": {"K73-D070": 107.21700000000001}, "K75P-U110": {"K75P-U120": 88.68200000000002}, "K75A-D060": {"K75A-D070": 58.7444}, "K74-U030": {"K74-U040": 262.24}, "K73-U100": {"K73-U110": 208.0474}, "K75P-U060": {"K75P-U070": 29.977310000000006}, "K75A-D100": {"K75A-D110": 105.11600000000001}, "K76-U030": {"K76-U040": 163.09073215508118}, "K73-D010": {"K73-D020": 81.28999999999999}, "K74-U060": {"K74-U070": 108.9}, "K75A-U030": {"K75A-D010": 229.218}, "K75A-D070": {"K75A-D080": 47.586}, "K75P-D050": {"K75P-D060": 93.39000000000001}, "K76-D010": {"K76-D020": 170.44801074533035}, "K75A-D030": {"K75A-D040": 51.39200000000001}, "K74-U040": {"K74-U050": 207.9}, "K76-U040": {"K76-U050": 179.78950000000003}, "K75P-U140": {"K75P-D010": 118.36000000000001}, "K73-U010": {"K73-U020": 71.247}, "K73-U030": {"K73-U040": 91.22828000000001}, "K73-D120": {"K73-D130": 107.80000000000001}, "K73-D070": {"K73-D080": 156.9524}, "K73-D140": {"K73-D150": 183.04000000000002}, "K73-D020": {"K73-D030": 94.31242590000002}, "K73-D040": {"K73-D050": 77.99}, "K73-U110": {"K73-U120": 227.82570800000002}, "K75P-U130": {"K75P-U140": 39.3591}, "K74-D110": {"K74-U002": 151.73400000000004}, "K75P-U120": {"K75P-U130": 63.55264299999999}, "K73-D080": {"K73-D090": 274.45}, "K75P-D070": {"K75P-D080": 96.97065510000002}, "K74-U050": {"K74-U060": 188.10000000000002}, "K75A-D020": {"K75A-D030": 18.425}, "K75A-D050": {"K75A-D060": 75.218}, "K75P-D010": {"K75P-D020": 133.43}, "K75P-U030": {"K75P-U040": 112.97}, "K73-D130": {"K73-D140": 48.832300000000004}, "K75P-U010": {"K75P-U020": 91.30000000000001}, "K74-D100": {"K74-D110": 73.37}, "K74-D050": {"K74-D060": 111.10000000000001}, "K75P-U070": {"K75P-U080": 122.442199}, "K73-D030": {"K73-D040": 115.50000000000001}, "K75A-D080": {"K75A-D090": 121.418}, "K73-D090": {"K73-D100": 88.11}, "K73-U020": {"K73-U030": 189.22420000000005}, "K75P-U090": {"K75P-U100": 34.0703}, "K73-D110": {"K73-D120": 77.65802000000001}, "K75P-U050": {"K75P-U060": 137.5}, "K74-U070": {"K74-U080": 114.532}, "K75A-D110": {"K75A-U011": 156.58500000000004}, "K74-D060": {"K74-D070": 160.93}, "K75A-U020": {"K75A-U030": 119.9}, "K74-D070": {"K74-D080": 268.40000000000003}, "K75A-U010": {"K75A-U020": 36.63}, "K74-U007": {"K74-U010": 205.04000000000002}, "K75A-D040": {"K75A-D050": 51.040000000000006}, "K74-U080": {"K74-U090": 319.0}, "K75P-D020": {"K75P-D030": 49.61000000000001}, "K75P-U040": {"K75P-U050": 106.81000000000002}, "K75A-D010": {"K75A-D020": 226.60000000000002}, "K74-U100": {"K74-D010": 122.10000000000001}, "K74-D020": {"K74-D030": 145.02339764528094}}