{"KOW": {"OLY": 121.78096601539512, "TSY": 661.6517345798275, "HOK": 177.74027448575617}, "KOT": {"SKM": 132.0, "MKK": 138.00004887518625, "TAW": 320.60826355961274, "LOF": 132.0}, "KOB": {"CHH": 198.00000000000003, "NTK": 123.981}}