{"OCP": {"ADM": 287.64081487054085, "WCH": 131.93320850555332}}