{"SUN": {"TSY": 690.6292020263696, "DIS": 198.5816582111543, "TUC": 823.8769488442643}, "SUW": {"TKW": 132.0, "KAT": 137.28000000000003}}