{"SUN": {"TSY": 690.6244327215805, "DIS": 198.58230809689326, "TUC": 823.8816551506455}, "SUW": {"TKW": 139.37, "KAT": 137.52200000000002}}