{"SYP": {"HKU": 109.30384362021675, "SHW": 163.76769864888328}}