{"TAW": {"KOT": 320.61145595731, "CKT": 125.4, "SHT": 132.25621530000004, "HIK": 182.67260000000005}, "TAP": {"TWO": 78.32556600000001, "UNI": 430.12302651515574}, "TAK": {"SWH": 132.0, "QUB": 132.0}}