{"TIK": {"YAT": 141.4218931272515, "TKO": 156.0809845464508}, "TIH": {"FOH": 127.42917000000003, "CAB": 132.0}, "TIS": {"SIH": 389.43086707813575, "LOP": 173.9447836932477}}