{"TKO": {"HAH": 117.37060222800001, "LHP": 128.5906562248114, "TIK": 109.85221969833802}, "TKW": {"SUW": 85.668, "HOM": 132.0}}