{"WCH": {"LET": 150.1997827449161, "OCP": 105.16632816485398}}