{"1": {"2": 59.95110000000001, "6": 447.48000000000013}}