{"AIR": {"TSY": 1144.5263512198412, "AWE": 121.10145019656753}}