{"EXC": {"HUH": 199.6932283971752, "ADM": 62.551558749373854}}