{"EXC": {"HUH": 199.6452107984836, "ADM": 70.62129594885191}}