{"FOT": {"SHT": 155.94750721650715, "UNI": 186.45654790965716}, "FOH": {"TIH": 128.64561600000002, "NOP": 111.55045826719632}}