{"HUH": {"MKK": 188.35680537838283, "EXC": 199.65693340295604, "ETS": 198.77000000000004, "HOM": 132.0}}