{"K17-U020": {"K17-U030": 145.42073519778162}, "K12-U010": {"K12-U020": 228.7166754975693}, "K18-D010": {"K18-D020": 245.22611352777935}, "K12-D010": {"K12-D020": 171.58157947092096}, "K17-D010": {"K17-D020": 258.1254359200001}, "K17-U030": {"K17-U040": 26.670008267141874}, "K17-D020": {"K17-D030": 17.317894971928016}, "K12-D030": {"K12-D040": 13.493679640135742}, "K18-U020": {"K18-U030": 60.840682674411845}, "K12-U020": {"K12-U030": 224.3306952064594}, "K12-D020": {"K12-D030": 331.71773775575076}, "K18-D020": {"K18-D030": 39.30088609249762}, "K18-U010": {"K18-U020": 203.27757614119184}, "K17-U010": {"K17-U020": 247.50119019999997}}