{"K66-U150": {"K66-U160": 55.46200000000001}, "K66-D050": {"K66-D060": 45.89200000000001}, "K66-U040": {"K66-U050": 166.43}, "K68-D140": {"K68-D150": 54.67}, "K65-D050": {"K65-D060": 61.60000000000001}, "K65-D060": {"K65-D070": 93.50000000000001}, "K66-U120": {"K66-U130": 59.895}, "K66-U110": {"K66-U120": 40.337}, "K65-D100": {"K65-D110": 199.99430000000004}, "K66-D170": {"K66-D180": 163.834}, "K65-D110": {"K65-D120": 133.28699999999998}, "K66-D100": {"K66-D110": 55.16929000000001}, "K66-D150": {"K66-D160": 96.1906}, "K65-U160": {"K65-U170": 52.07180000000001}, "K66-U080": {"K66-U090": 188.82049999999998}, "K66-D080": {"K66-D090": 74.393704}, "K68-U010": {"K68-U020": 94.60000000000001}, "K68-D040": {"K68-D050": 114.4}, "K65-U060": {"K65-U070": 35.5201}, "K68-D170": {"K68-D180": 44.01100000000001}, "K66-U140": {"K66-U150": 53.801}, "K66-U010": {"K66-U020": 156.409}, "K65-U150": {"K65-U160": 56.1}, "K65-D140": {"K65-D150": 111.26500000000001}, "K66-D040": {"K66-D050": 46.88200000000001}, "K66-U160": {"K66-U170": 50.79800000000001}, "K65-D120": {"K65-D130": 78.32000000000001}, "K65-U100": {"K65-U110": 148.25799999999998}, "K68-U150": {"K68-U160": 107.80000000000001}, "K66-U060": {"K66-U070": 179.93800000000005}, "K65-U030": {"K65-U040": 104.83000000000001}, "K65-U200": {"K65-U210": 71.06}, "K65-D010": {"K65-D020": 45.50095000000002}, "K65-U120": {"K65-U130": 175.714}, "K68-U070": {"K68-U080": 19.360000000000003}, "K66-U170": {"K66-U180": 39.10500000000001}, "K66-D090": {"K66-D100": 49.75959999999999}, "K65-D170": {"K65-D180": 103.00387900000001}, "K66-D030": {"K66-D040": 88.22}, "K68-U120": {"K68-U130": 170.445}, "K65-D130": {"K65-D140": 104.50000000000001}, "K65-U070": {"K65-U080": 74.21557}, "K65-D180": {"K65-D190": 122.48500000000004}, "K65-U210": {"K65-U220": 75.79}, "K65-U180": {"K65-U190": 82.23963}, "K65-U040": {"K65-U050": 97.9}, "K66-U050": {"K66-U060": 52.44778}, "K66-D070": {"K66-D080": 57.09000000000001}, "K68-D090": {"K68-D100": 157.3}, "K66-D010": {"K66-D020": 16.39}, "K68-D130": {"K68-D140": 48.26800000000001}, "K66-D230": {"K66-D240": 102.08000000000001}, "K66-D160": {"K66-D170": 158.4}, "K66-U180": {"K66-U190": 57.596000000000004}, "K68-D030": {"K68-D040": 104.50000000000001}, "K68-D060": {"K68-D070": 116.71000000000001}, "K65-D040": {"K65-D050": 84.00700000000002}, "K68-U020": {"K68-U030": 34.1}, "K65-D080": {"K65-D090": 53.148700000000005}, "K66-D210": {"K66-D220": 151.44910000000004}, "K68-D180": {"K68-D190": 42.790000000000006}, "K66-D140": {"K66-D150": 107.80000000000001}, "K66-U190": {"K66-U200": 71.28}, "K68-D150": {"K68-D160": 48.400000000000006}, "K65-U220": {"K65-U230": 81.71900000000001}, "K66-U100": {"K66-U110": 87.01000000000002}, "K66-U090": {"K66-U100": 75.68440000000001}, "K68-D190": {"K68-D200": 42.900000000000006}, "K65-U050": {"K65-U060": 114.62000000000003}, "K66-D200": {"K66-D210": 143.77}, "K65-U110": {"K65-U120": 101.42660000000001}, "K65-U190": {"K65-U200": 69.905}, "K66-D180": {"K66-D190": 75.9}, "K68-U080": {"K68-U090": 66.704}, "K66-U070": {"K66-U080": 265.1}, "K65-U020": {"K65-U030": 153.395}, "K68-U040": {"K68-U050": 50.71000000000001}, "K66-D060": {"K66-D070": 45.1}, "K65-D070": {"K65-D080": 129.8}, "K66-U130": {"K66-U140": 48.400000000000006}, "K66-D120": {"K66-D130": 67.10000000000001}, "K65-D160": {"K65-D170": 160.05}, "K65-D150": {"K65-D160": 106.7}, "K66-D190": {"K66-D200": 102.96000000000001}, "K65-D030": {"K65-D040": 70.18}, "K65-U170": {"K65-U180": 59.79599999999999}, "K68-D070": {"K68-D080": 247.50000000000003}, "K65-U140": {"K65-U150": 88.0}, "K65-U130": {"K65-U140": 40.7}, "K68-D110": {"K68-D120": 106.7}, "K68-U170": {"K68-D010": 163.4369}, "K66-U210": {"K66-U220": 53.900000000000006}, "K68-U100": {"K68-U110": 194.70000000000002}, "K68-U050": {"K68-U060": 58.300000000000004}, "K68-U060": {"K68-U070": 77.0}, "K68-D080": {"K68-D090": 100.10000000000001}, "K65-D090": {"K65-D100": 108.9}, "K68-U140": {"K68-U150": 46.2}, "K68-U090": {"K68-U100": 162.8}, "K68-U110": {"K68-U120": 184.8}, "K68-D010": {"K68-D020": 46.2}, "K68-U130": {"K68-U140": 157.3}}