{"KOW": {"HOK": 177.72150059192217, "OLY": 121.82868609035286, "TSY": 661.6695615099304}, "KOT": {"MKK": 137.9909267884821, "LOF": 132.0, "TAW": 320.63346078934666, "SKM": 13.2}, "KOB": {"CHH": 198.00000000000003, "NTK": 123.75}}