{"LAK": {"TSY": 180.95555225843535, "NAC": 297.32039976252946, "MEF": 125.99872117716559, "KWF": 13.2}, "LAT": {"YAT": 127.63409999999996, "KWT": 132.0}}