{"OCP": {"ADM": 287.6573652005542, "WCH": 130.8363609493545}}