{"OCP": {"ADM": 287.6797689357697, "WCH": 130.56340857945003}}