{"SWH": {"TAK": 115.72373999999999, "SKW": 78.63900000000001}}