{"SYP": {"HKU": 104.971957914, "SHW": 181.30588400063704}}