{"TIK": {"YAT": 141.42091387207415, "TKO": 40.150255200000004}, "TIH": {"CAB": 132.0, "FOH": 118.8}, "TIS": {"LOP": 173.90587641916562, "SIH": 389.3771584065412}}