{"TIK": {"YAT": 141.42138318606155, "TKO": 73.94123333673198}, "TIH": {"CAB": 132.0, "FOH": 118.8}, "TIS": {"LOP": 173.90587641916562, "SIH": 389.3771584065412}}