{"TSY": {"AIR": 1467.4426355060111, "KOW": 661.6556606057515, "LAK": 180.96154525694732, "SUN": 690.6292020263696}, "TSH": {"HEO": 126.852}, "TST": {"JOR": 138.93, "ADM": 176.37972739938394}, "TSW": {"TWH": 0.0}}