{"YAT": {"QUB": 249.65149270946054, "TIK": 141.42207372225045, "LAT": 184.437}}