{"YUL": {"KSR": 252.13370108205436, "LOP": 112.32547031576232}}