{"AIR": {"TSY": 1202.7086800096765, "AWE": 80.31477376971918}}