{"HFC": {"SKW": 129.72921883669056, "CHW": 1292.4473572839306}}