{"HOK": {"KOW": 136.84137699048102}, "HOM": {"TKW": 154.0, "YMT": 159.988, "WHA": 85.54397060555411, "HUH": 127.0}}