{"KF6": {"KF4": 250.95794308989167}, "KF4": {"KF2": 1022.6256635561443, "KF6": 250.95793072082807}, "KF1": {"KF5": 767.8871404503792, "KF3": 686.7716850006868}, "KF3": {"KF1": 686.7716167756637}, "KF5": {"KF1": 767.8871362269518}, "KF2": {"KF4": 1022.6257061988533}}