{"KWF": {"KWH": 119.68069299999999, "LAK": 111.1}, "KWH": {"KWF": 111.1, "TWH": 162.8}, "KWT": {"LAT": 128.21710000000002, "NTK": 107.8}}