{"MEF": {"TWW": 351.8210210939409, "LCK": 105.6, "NAC": 173.1817704944895, "LAK": 126.00680315882747}}