{"MOS": {"HEO": 156.61800000000002}, "MOK": {"YMT": 114.40000000000002, "PRE": 88.53298498}}