{"NTK": {"KWT": 130.90000000000003, "KOB": 127.67510000000004}}