{"QUB": {"YAT": 249.6547215919326, "TAK": 90.20000000000002, "NOP": 120.1102103197605}}