{"SUN": {"DIS": 198.58223246134807, "TSY": 690.6292020263696, "TUC": 823.879670825977}, "SUW": {"KAT": 122.10000000000001, "TKW": 154.0}}