{"TIK": {"YAT": 141.42180271859456, "TKO": 66.0}, "TIH": {"FOH": 99.00000000000001}, "TIS": {"LOP": 173.90155338871207}}