{"1": {"2": 65.08809999999998, "6": 72.74059412400001}}