{"5": {"305": 97.31945300000002, "6": 133.72359000000003}}