{"CHH": {"DIH": 113.45400000000002, "KOB": 60.75300000000001}, "CHW": {"HFC": 54.230000000000004}}