{"HOK": {"KOW": 163.31015951049505}, "HOM": {"YMT": 67.90336556363471, "TKW": 140.23527103700002, "WHA": 65.25915447684919, "HUH": 77.73599999999999}}