{"K18-U020": {"K18-U030": 59.567845512999995}, "K12-U010": {"K12-U020": 227.37302830000013}, "K17-D020": {"K17-D030": 30.476702322000005}, "K17-D010": {"K17-D020": 120.66520240980635}, "K12-D020": {"K12-D030": 177.07944658692202}, "K18-U010": {"K18-U020": 247.7145000000001}, "K18-D020": {"K18-D030": 39.843456851}, "K12-U020": {"K12-U030": 69.41427900000001}, "K17-U030": {"K17-U040": 25.661067300000006}, "K12-D010": {"K12-D020": 155.87685189999996}, "K17-U010": {"K17-U020": 33.836}, "K17-U020": {"K17-U030": 182.68583423420006}, "K18-D010": {"K18-D020": 262.53589999999997}, "K12-D030": {"K12-D040": 13.442660000000004}}