{"K18-U020": {"K18-U030": 62.428963094111296}, "K12-U010": {"K12-U020": 238.3290455075521}, "K17-D020": {"K17-D030": 53.384618231389844}, "K17-D010": {"K17-D020": 140.4637042758784}, "K12-D020": {"K12-D030": 205.09126225998375}, "K18-U010": {"K18-U020": 248.50396464951146}, "K18-D020": {"K18-D030": 59.34400198319056}, "K12-U020": {"K12-U030": 134.4979156962375}, "K17-U030": {"K17-U040": 28.187921228634615}, "K12-D010": {"K12-D020": 159.67497506221517}, "K17-U010": {"K17-U020": 83.659444}, "K17-U020": {"K17-U030": 143.6937591220103}, "K18-D010": {"K18-D020": 256.635372524839}, "K12-D030": {"K12-D040": 13.112752573637684}}