{"KOW": {"HOK": 177.74209954235567, "OLY": 111.60322655651767, "TSY": 621.1366631891862}, "KOT": {"TAW": 237.69976932526055, "MKK": 133.12799499549297, "LOF": 37.092000000000006, "SKM": 72.57270893713078}, "KOB": {"NTK": 56.275181013594, "CHH": 19.139787291132095}}