{"KOW": {"HOK": 177.73224748063043, "OLY": 121.81134644478485, "TSY": 661.656943991437}, "KOT": {"TAW": 320.61962553603695, "MKK": 137.99808715560704, "LOF": 0.0, "SKM": 99.44747999999998}, "KOB": {"NTK": 11.946, "CHH": 19.22481}}