{"KOW": {"HOK": 177.72150059192217, "OLY": 121.82868609035286, "TSY": 661.6695615099304}, "KOT": {"TAW": 320.63346078934666, "MKK": 137.9909267884821, "LOF": 0.0, "SKM": 108.10799999999999}, "KOB": {"NTK": 5.9399999999999995, "CHH": 16.401}}