{"LOW": {"SHS": 261.7533201024686}, "LOP": {"TIS": 173.90976714657384, "YUL": 132.0}, "LOF": {"KOT": 87.549, "WTS": 0.0}}