{"SIH": {"TIS": 343.02404129943926, "TUM": 154.45979989193663}}