{"SYP": {"HKU": 50.46165246, "SHW": 16.8718311509}}