{"TAW": {"HIK": 111.8183543789495, "KOT": 260.50442911129056, "SHT": 91.54653988040658, "CKT": 88.10328600000001}, "TAP": {"UNI": 329.68566110597516, "TWO": 112.63701334061511}, "TAK": {"SWH": 26.7482098815492, "QUB": 32.12705548932}}