{"TAW": {"HIK": 20.130000000000003, "KOT": 320.61583510367115, "SHT": 117.45888, "CKT": 66.0}, "TAP": {"UNI": 430.1219262279924, "TWO": 147.08674281048}, "TAK": {"SWH": 10.691999999999998, "QUB": 22.822799999999997}}