{"TIK": {"TKO": 9.862766871386437, "YAT": 141.42117316156995}, "TIH": {"FOH": 0.0, "CAB": 0.0}, "TIS": {"SIH": 389.4434654085097, "LOP": 173.90587641916562}}