{"TIK": {"TKO": 35.07510599999999, "YAT": 141.4205937615855}, "TIH": {"FOH": 0.0}}