{"TKO": {"LHP": 128.59823683960403, "TIK": 4.804011560863641, "HAH": 48.648599999999995}, "TKW": {"HOM": 132.0, "SUW": 72.6}}