{"TWO": {"FAN": 412.63537642106814, "TAP": 93.0427882829412}, "TWW": {"KSR": 712.0324774026626, "MEF": 351.8880006414452}, "TWH": {"KWH": 0.0, "TSW": 81.41736570892351}}