{"TWO": {"FAN": 412.6358202892763, "TAP": 83.90467689252002}, "TWW": {"KSR": 712.0324774026626, "MEF": 351.8880006414452}, "TWH": {"KWH": 0.0}}