{"YAT": {"TIK": 141.42174984803495, "LAT": 49.0941, "QUB": 249.65915078599573}}