{"EXC": {"HUH": 199.65458310586428, "ADM": 63.54426271575064}}