{"FOT": {"SHT": 155.96646841591908, "UNI": 186.44220118547096}, "FOH": {"NOP": 148.5, "TIH": 94.60000000000001}}