{"HAH": {"TKO": 101.15726844062283, "POA": 127.42646854582908}}