{"NOP": {"QUB": 86.270745, "FOH": 104.50000000000003}}