{"NOP": {"QUB": 91.65760967719628, "FOH": 100.04868950000002}}