{"SHW": {"CEN": 111.1, "SYP": 119.9}, "SHT": {"TAW": 177.1, "FOT": 155.97969390889307}, "SHS": {"LMC": 525.2461667274772, "FAN": 125.73258127283043, "LOW": 261.75493247375704}, "SHM": {"CIO": 134.20000000000002, "TSH": 216.41829374487838}}