{"SUN": {"DIS": 198.58149972214085, "TSY": 690.6313463989347, "TUC": 823.8745927943104}, "SUW": {"TKW": 154.0}}