{"SWH": {"TAK": 91.6235367, "SKW": 122.036466357}}