{"TIK": {"TKO": 108.07873873566, "YAT": 141.4221292315546}, "TIS": {"SIH": 389.4434654085097, "LOP": 173.9447836932477}, "TIH": {"FOH": 99.00000000000001}}