{"TIK": {"TKO": 91.489134, "YAT": 141.42196635826363}, "TIS": {"SIH": 389.4508328531729}, "TIH": {"FOH": 99.00000000000001}}