{"TKO": {"TIK": 185.7600756784884, "HAH": 125.4, "LHP": 128.59074411877387}, "TKW": {"SUW": 132.0, "HOM": 138.60000000000002}}