{"TKO": {"TIK": 284.7750090458577, "HAH": 121.41211798062645, "LHP": 315.40241193196664}, "TKW": {"SUW": 132.0, "HOM": 137.33999999999997}}