{"TSW": {"TWH": 114.40000000000002}, "TSY": {"AIR": 1467.4409150614324, "LAK": 180.92629365878497, "SUN": 690.6355419441308, "KOW": 661.6616284085004}, "TST": {"ADM": 176.3660743231122, "JOR": 133.1}, "TSH": {"HEO": 126.50000000000003, "SHM": 216.38983882450867}}