{"TSW": {"TWH": 111.58160000000002}, "TSY": {"AIR": 803.6046381656394, "LAK": 487.24172800120675, "SUN": 400.79977871310945, "KOW": 432.64670549388904}, "TST": {"ADM": 178.7137720206472, "JOR": 125.68778791690002}, "TSH": {"HEO": 126.50000000000003, "SHM": 217.15085494205778}}