{"WAC": {"CAB": 129.5367243, "ADM": 117.86427947299998}}