{"AUS": {"ETS": 145.748431, "NAC": 216.2929930879527}}