{"FOH": {"NOP": 132.0, "TIH": 66.0}, "FOT": {"UNI": 186.4149037834402, "SHT": 155.97969390889307}}