{"HFC": {"SKW": 186.15300000000002, "CHW": 135.28182068555665}}