{"HOK": {"KOW": 177.72858480328063}, "HOM": {"YMT": 53.658, "HUH": 132.0, "TKW": 126.50000000000001}}