{"K66-D040": {"K66-D050": 53.5720778175869}, "K65-D010": {"K65-D020": 35.19679281679011}, "K66-D060": {"K66-D070": 50.28558502283799}, "K68-D110": {"K68-D120": 85.94300000000001}, "K65-D100": {"K65-D110": 221.60860942995697}, "K65-U130": {"K65-U140": 26.546890710930995}, "K68-U030": {"K68-U040": 26.1854817031405}, "K65-D090": {"K65-D100": 119.146394576}, "K65-U010": {"K65-U020": 220.00081029669164}, "K66-U080": {"K66-U090": 171.7293595025912}, "K68-U140": {"K68-U150": 37.60603000000001}, "K66-U210": {"K66-U220": 47.86211829970175}, "K66-D190": {"K66-D200": 76.41581116696999}, "K66-D150": {"K66-D160": 70.641743139976}, "K65A-D020": {"K65A-D030": 73.13037228279453}, "K65A-D060": {"K65A-D070": 92.15851985205346}, "K66-U060": {"K66-U070": 134.4281740596456}, "K66-U130": {"K66-U140": 48.62697323848938}, "K68-U050": {"K68-U060": 50.73045285169761}, "K65-D020": {"K65-D030": 71.9853394729007}, "K68-D070": {"K68-D080": 182.95767931999995}, "K68-D080": {"K68-D090": 69.74114714377001}, "K65A-U020": {"K65A-U030": 250.20284680981914}, "K65-U160": {"K65-U170": 46.8882239436111}, "K65A-D040": {"K65A-D050": 56.2462963104951}, "K65A-U100": {"K65A-U110": 76.80778962495823}, "K66-U010": {"K66-U020": 141.94990167929907}, "K65A-U050": {"K65A-U060": 47.85657868365}, "K68-D050": {"K68-D060": 37.660142938}, "K66-U200": {"K66-U210": 43.3015005098808}, "K68-D090": {"K68-D100": 155.56433061832178}, "K65-U180": {"K65-U190": 65.05165286308355}, "K65-D050": {"K65-D060": 50.55830276134252}, "K65-U070": {"K65-U080": 56.485855960741915}, "K68-U100": {"K68-U110": 164.3969346899}, "K65-D130": {"K65-D140": 80.48147807889401}, "K66-D070": {"K66-D080": 57.205951516306996}, "K66-U120": {"K66-U130": 37.142722530683}, "K66-D110": {"K66-D120": 44.937932862699995}, "K65-U190": {"K65-U200": 54.91438932177}, "K65-U120": {"K65-U130": 175.32905017308195}, "K66-D220": {"K66-D230": 81.07341468736783}, "K65-U050": {"K65-U060": 97.41271220799877}, "K66-D030": {"K66-D040": 87.1549876908006}, "K68-D030": {"K68-D040": 61.237}, "K68-U160": {"K68-U170": 64.66917420868347}, "K65-U030": {"K65-U040": 75.89498922387676}, "K65-D060": {"K65-D070": 77.62928368481299}, "K66-U100": {"K66-U110": 53.65395093561216}, "K65-D180": {"K65-D190": 105.62007349403606}, "K68-U090": {"K68-U100": 139.8798532527}, "K66-D050": {"K66-D060": 49.78352507858394}, "K65A-U010": {"K65A-U020": 55.386801703802576}, "K65A-U040": {"K65A-U050": 110.95905834475101}, "K65A-D070": {"K65A-D080": 105.40541029271245}, "K66-D100": {"K66-D110": 44.56619675807011}, "K65A-U120": {"K65A-U130": 99.206018}, "K65-U170": {"K65-U180": 25.74694719400577}, "K66-D180": {"K66-D190": 71.20548250043711}, "K66-D200": {"K66-D210": 118.63194368905309}, "K68-U170": {"K68-D010": 158.8234315384585}, "K65-U040": {"K65-U050": 79.62780581334405}, "K66-U160": {"K66-U170": 51.2376644954903}, "K65A-D010": {"K65A-D020": 96.36745282534078}, "K66-D170": {"K66-D180": 147.26587700000002}, "K65A-D050": {"K65A-D060": 56.823676890001934}, "K65A-D080": {"K65A-D090": 62.003770898002685}, "K65-D110": {"K65-D120": 109.08591102785178}, "K65-U220": {"K65-U230": 73.54530703532002}, "K65A-D100": {"K65A-D110": 276.7441742658302}, "K66-D210": {"K66-D220": 148.76463955480898}, "K65A-D090": {"K65A-D100": 119.56214575369545}, "K68-D180": {"K68-D190": 46.10637617400001}, "K68-U070": {"K68-U080": 20.740389999999998}, "K65-U060": {"K65-U070": 25.8329578852478}, "K66-D130": {"K66-D140": 40.05092049663984}, "K66-U170": {"K66-U180": 109.73745902113326}, "K65-U210": {"K65-U220": 70.29846041865815}, "K68-U130": {"K68-U140": 126.750975891859}, "K65-U080": {"K65-U090": 122.23218795822552}, "K68-D060": {"K68-D070": 116.04199276999998}, "K65-U150": {"K65-U160": 42.82574942277304}, "K65-U110": {"K65-U120": 109.09196294049184}, "K66-U190": {"K66-U200": 49.557022571693345}, "K65A-U090": {"K65A-U100": 62.38008303079298}, "K66-U030": {"K66-U040": 124.65257068466401}, "K65-U100": {"K65-U110": 134.82865968333195}, "K65-D140": {"K65-D150": 113.3751269054338}, "K66-D230": {"K66-D240": 84.79894099042842}, "K66-U140": {"K66-U150": 38.84980262836886}, "K66-U150": {"K66-U160": 29.565453964454406}, "K68-D120": {"K68-D130": 208.10594542400526}, "K65-D120": {"K65-D130": 61.105180201392706}, "K65-D040": {"K65-D050": 63.966674561630136}, "K66-D010": {"K66-D020": 12.518275861150498}, "K65-U200": {"K65-U210": 62.462180348622454}, "K65-D150": {"K65-D160": 108.74302258632515}, "K65-D070": {"K65-D080": 123.090169828614}, "K65A-U080": {"K65A-U090": 66.58218600000001}, "K65A-U070": {"K65A-U080": 54.42064408000001}, "K68-U060": {"K68-U070": 74.82570589999999}, "K66-D080": {"K66-D090": 65.52564854108572}, "K65-D080": {"K65-D090": 64.77122744922698}, "K66-D120": {"K66-D130": 56.7740767607}, "K65A-U060": {"K65A-U070": 49.051029500000006}, "K66-U180": {"K66-U190": 45.63843742168051}, "K65A-U110": {"K65A-U120": 77.73606165599999}, "K68-D020": {"K68-D030": 82.442074}, "K65-U090": {"K65-U100": 33.75063235799941}, "K65A-U030": {"K65A-U040": 41.26969158999701}, "K65-U140": {"K65-U150": 98.4989777357858}, "K66-D160": {"K66-D170": 115.67936786780001}, "K66-D140": {"K66-D150": 75.66718870534126}, "K66-U040": {"K66-U050": 109.92874882990402}, "K66-U070": {"K66-U080": 133.98317594856343}, "K68-D150": {"K68-D160": 89.13687086999002}, "K68-D170": {"K68-D180": 59.67613403392001}, "K65-D030": {"K65-D040": 72.8191845307791}, "K66-D090": {"K66-D100": 49.466016508}, "K68-D160": {"K68-D170": 74.2838666137}, "K68-D190": {"K68-D200": 62.1971581}, "K65-D170": {"K65-D180": 88.09981791109016}, "K66-U020": {"K66-U030": 185.36547429992473}, "K65-D160": {"K65-D170": 130.04179300216393}, "K68-D140": {"K68-D150": 36.9128981}, "K65-U020": {"K65-U030": 113.30636373261}, "K68-U040": {"K68-U050": 48.229808588500006}, "K68-D040": {"K68-D050": 92.47272719850002}, "K65A-D030": {"K65A-D040": 65.27846700141427}, "K68-D130": {"K68-D140": 40.280538099999994}, "K68-D100": {"K68-D110": 89.2562}, "K66-U090": {"K66-U100": 40.53970682771652}, "K66-U050": {"K66-U060": 31.05237914}, "K66-U110": {"K66-U120": 24.736868477249505}, "K68-D010": {"K68-D020": 43.51859200700001}, "K68-U020": {"K68-U030": 30.526429780000008}, "K68-D200": {"K68-U011": 83.44066060000003}, "K66-D020": {"K66-D030": 67.07995042600731}, "K68-U120": {"K68-U130": 122.82681779999999}, "K68-U110": {"K68-U120": 199.02685517}, "K68-U080": {"K68-U090": 27.66821772}, "K68-U150": {"K68-U160": 77.95474959690003}, "K68-U010": {"K68-U020": 106.57143200000004}}