{"KF1": {"KF3": 686.7713631545215, "KF5": 767.8871377854122}, "KF4": {"KF6": 250.9572303271421, "KF2": 1022.6247311155141}, "KF6": {"KF4": 250.95756779791265}, "KF3": {"KF1": 686.7712591688133}, "KF2": {"KF4": 1022.6252875854341}, "KF5": {"KF1": 767.8871280581591}}