{"OLY": {"KOW": 121.81134644478485, "NAC": 101.382732}}