{"SKW": {"HFC": 141.95943767981657, "SWH": 125.01362940000004}, "SKM": {"PRE": 116.94038699999999, "KOT": 146.55801324028897}}