{"TAP": {"UNI": 430.1258473853234, "TWO": 138.75905999999998}, "TAW": {"KOT": 320.63008229961264, "CKT": 143.88000000000002, "SHT": 84.5097, "HIK": 198.00000000000003}, "TAK": {"SWH": 83.886, "QUB": 132.0}}