{"TKO": {"TIK": 60.54290361644546, "LHP": 128.59085262983865, "HAH": 119.78009999999999}, "TKW": {"HOM": 132.0}}