{"TSY": {"KOW": 661.6594549835729, "AIR": 1467.4399331168115, "LAK": 180.92629365878497, "SUN": 690.6355419441308}, "TSW": {"TWH": 66.0}, "TST": {"JOR": 132.0, "ADM": 176.36866840760385}, "TSH": {"SHM": 216.41829374487838, "HEO": 198.00000000000003}}