{"TUM": {"SIH": 154.44515407856167}, "TUC": {"SUN": 749.6883854773807}}