{"5": {"305": 82.40997255796465, "6": 111.31693799873074}}