{"AIR": {"TSY": 795.4241701906842, "AWE": 123.84995112373781}}