{"HOK": {"KOW": 177.73115273204988}, "HOM": {"HUH": 132.0, "YMT": 160.38000000000002}}