{"HUH": {"MKK": 188.36115217094033, "EXC": 199.6932283971752, "HOM": 125.4, "ETS": 132.0}}