{"K73-U110": {"K73-U120": 248.248}, "K75A-D110": {"K75A-U011": 215.60000000000002}, "K75A-D100": {"K75A-D110": 106.37}, "K74-U100": {"K74-D010": 108.44900000000003}, "K73-U050": {"K73-U060": 114.48799999999999}, "K76-U040": {"K76-U050": 158.79600000000002}, "K75P-D050": {"K75P-D060": 89.10000000000001}, "K75A-D050": {"K75A-D060": 67.98}, "K75P-D070": {"K75P-D080": 98.00560000000002}, "K73-U070": {"K73-U080": 160.35469340000003}, "K75P-U090": {"K75P-U100": 37.88290000000001}, "K75P-D020": {"K75P-D030": 36.63}, "K73-U010": {"K73-U020": 79.2}, "K73-U080": {"K73-U110": 151.48186865393546, "K73-U090": 272.8}, "K75P-U130": {"K75P-U140": 49.06}, "K73-D100": {"K73-D110": 213.40000000000003}, "K75P-U100": {"K75P-U110": 67.6962}, "K73-U090": {"K73-U100": 152.73499999999999}, "K75P-U080": {"K75P-U090": 48.873000000000005}, "K76-U030": {"K76-U040": 163.08542665805479}, "K73-U100": {"K73-U110": 245.74000000000007}, "K73-U040": {"K73-U050": 119.3962, "K73-U060": 227.26}, "K73-U060": {"K73-U070": 142.549}, "K73-D130": {"K73-D140": 146.19}, "K73-U030": {"K73-U040": 97.02000000000001}, "K75P-U030": {"K75P-U040": 127.60000000000001}, "K75P-U140": {"K75P-D010": 141.9}, "K73-D050": {"K73-D070": 121.00000000000001}, "K73-D030": {"K73-D040": 145.101}, "K74-D060": {"K74-D070": 166.10000000000002}, "K76-D030": {"K76-D040": 82.06}, "K74-D110": {"K74-U002": 193.60000000000002}, "K76-D010": {"K76-D020": 170.46999712774624}, "K75P-D040": {"K75P-D050": 180.4}, "K76-D020": {"K76-D030": 48.400000000000006}, "K74-D040": {"K74-D050": 71.5}, "K74-D090": {"K74-U011": 72.49000000000001}, "K75P-U120": {"K75P-U130": 68.2}, "K75A-U020": {"K75A-U030": 152.691}, "K74-U080": {"K74-U090": 265.1}, "K73-D040": {"K73-D050": 92.4}, "K75P-U110": {"K75P-U120": 93.50000000000001}, "K75P-D030": {"K75P-D040": 125.4}, "K73-D110": {"K73-D120": 97.9}, "K75P-U060": {"K75P-U070": 28.391000000000002}, "K74-U060": {"K74-U070": 154.0}, "K73-D070": {"K73-D080": 183.70000000000002}, "K74-D010": {"K74-D020": 161.70000000000002}, "K75P-U070": {"K75P-U080": 103.4}, "K75P-D060": {"K75P-D070": 181.50000000000003}, "K74-D070": {"K74-D080": 250.8}, "K75P-D010": {"K75P-D020": 143.0}, "K74-U040": {"K74-U050": 170.5}, "K76-U020": {"K76-U030": 176.0}}