{"K73-U110": {"K73-U120": 256.6068742744138}, "K75A-D110": {"K75A-U011": 210.98000000000002}, "K75A-D100": {"K75A-D110": 105.08300000000001}, "K74-U100": {"K74-D010": 111.48269000000002}, "K73-U050": {"K73-U060": 110.22840112101014}, "K76-U040": {"K76-U050": 169.30905904}, "K75P-D050": {"K75P-D060": 89.05600000000001}, "K75A-D050": {"K75A-D060": 72.1243292}, "K75P-D070": {"K75P-D080": 98.920536}, "K73-U070": {"K73-U080": 163.69150945330347}, "K75P-U090": {"K75P-U100": 41.969060413709016}, "K75P-D020": {"K75P-D030": 35.2473}, "K73-U010": {"K73-U020": 75.41239794}, "K73-U080": {"K73-U110": 151.48377650606716, "K73-U090": 262.90726000000006}, "K75P-U130": {"K75P-U140": 48.8614874}, "K73-D100": {"K73-D110": 212.59700000000004}, "K75P-U100": {"K75P-U110": 69.24178582420001}, "K73-U090": {"K73-U100": 148.98941915}, "K75P-U080": {"K75P-U090": 48.266130000000004}, "K76-U030": {"K76-U040": 163.09073215508118}, "K73-U100": {"K73-U110": 227.07420360233405}, "K73-U040": {"K73-U050": 110.85155477860201, "K73-U060": 227.26}, "K73-U060": {"K73-U070": 136.75359350296492}, "K73-D130": {"K73-D140": 151.43381000000002}, "K73-U030": {"K73-U040": 99.00447502}, "K75P-U030": {"K75P-U040": 127.60000000000001}, "K75P-U140": {"K75P-D010": 147.73429000000004}, "K73-D050": {"K73-D070": 121.25300000000001}, "K73-D030": {"K73-D040": 143.8283561}, "K74-D060": {"K74-D070": 166.10000000000002}, "K76-D030": {"K76-D040": 63.97845689400001}, "K74-D110": {"K74-U002": 196.22548}, "K76-D010": {"K76-D020": 170.4554472763758}, "K75P-D040": {"K75P-D050": 178.75000000000003}, "K76-D020": {"K76-D030": 92.95240129999999}, "K74-D040": {"K74-D050": 74.49838000000001}, "K74-D090": {"K74-U011": 69.8924391}, "K75P-U120": {"K75P-U130": 67.5947151}, "K75A-U020": {"K75A-U030": 152.6019}, "K74-U080": {"K74-U090": 265.1}, "K73-D040": {"K73-D050": 91.66300000000001}, "K75P-U110": {"K75P-U120": 91.99436950000003}, "K75P-D030": {"K75P-D040": 125.62}, "K73-D110": {"K73-D120": 98.263}, "K75P-U060": {"K75P-U070": 29.002709999999997}, "K74-U060": {"K74-U070": 152.11899999999997}, "K73-D070": {"K73-D080": 181.39000000000001}, "K74-D010": {"K74-D020": 161.70000000000002}, "K75P-U070": {"K75P-U080": 98.9527}, "K75P-D060": {"K75P-D070": 187.92890050000003}, "K74-D070": {"K74-D080": 247.6661}, "K75P-D010": {"K75P-D020": 144.243}, "K74-U040": {"K74-U050": 170.5}, "K76-U020": {"K76-U030": 162.699636}, "K76-U010": {"K76-U020": 11.612601000000002}, "K75A-D070": {"K75A-D080": 45.7017}, "K75A-D080": {"K75A-D090": 119.68000000000002}, "K74-U004": {"K74-U007": 93.50000000000001}, "K73-D150": {"K73-D160": 58.25996}, "K74-D080": {"K74-D090": 191.4}, "K75A-U010": {"K75A-U020": 51.095000000000006}, "K74-D100": {"K74-D110": 88.0}, "K75A-D020": {"K75A-D030": 28.2326}, "K73-D080": {"K73-D090": 287.1}, "K75P-U050": {"K75P-U060": 174.02}, "K73-D140": {"K73-D150": 205.22964000000007}, "K74-U007": {"K74-U010": 237.60000000000002}, "K74-U050": {"K74-U060": 229.90000000000003}, "K73-D010": {"K73-D020": 85.899}, "K73-D020": {"K73-D030": 163.9}, "K75A-D040": {"K75A-D050": 61.60000000000001}, "K74-U070": {"K74-U080": 147.4}, "K75A-D010": {"K75A-D020": 203.17000000000002}, "K75A-D060": {"K75A-D070": 46.75}, "K74-U030": {"K74-U040": 280.5}, "K75P-D080": {"K75P-U011": 144.936}, "K74-U010": {"K74-U020": 184.58}, "K75A-D090": {"K75A-D100": 43.230000000000004}, "K73-D120": {"K73-D130": 99.00000000000001}, "K75A-D030": {"K75A-D040": 40.7}, "K74-D050": {"K74-D060": 126.17}, "K75A-U030": {"K75A-D010": 241.78000000000006}, "K74-D020": {"K74-D030": 145.02339764528094}, "K75P-U010": {"K75P-U020": 103.29}, "K74-U001": {"K74-U004": 149.60000000000002}}