{"KF6": {"KF4": 250.9536071619053}, "KF3": {"KF1": 686.765371016244}, "KF2": {"KF4": 1022.6221927886749}, "KF1": {"KF5": 767.8869106042283, "KF3": 686.767753558763}, "KF4": {"KF6": 250.9544521393214, "KF2": 1022.6212786319265}, "KF5": {"KF1": 767.886934724961}}