{"KF6": {"KF4": 250.95195393195968}, "KF3": {"KF1": 686.7617396452348}, "KF2": {"KF4": 1022.6179419175478}, "KF1": {"KF5": 767.886784173502, "KF3": 686.7637459275604}, "KF4": {"KF6": 250.95052295528586, "KF2": 1022.6136710445269}, "KF5": {"KF1": 767.8867433248294}}