{"KF6": {"KF4": 250.95793072082807}, "KF3": {"KF1": 686.7719727077244}, "KF2": {"KF4": 1022.6258633623944}, "KF1": {"KF5": 767.8871254188929, "KF3": 686.7721429489259}, "KF4": {"KF6": 250.95793072082807, "KF2": 1022.6258633623944}, "KF5": {"KF1": 767.8871457737603}}