{"KOW": {"TSY": 661.6525445347705, "OLY": 121.79530547468596, "HOK": 177.7382830655818}, "KOB": {"CHH": 60.440292000000014, "NTK": 0.0}, "KOT": {"MKK": 138.00231528079064, "TAW": 320.60378334680075, "LOF": 121.30799999999999, "SKM": 13.2}}