{"KSR": {"YUL": 251.80308324287518, "TWW": 647.5151433327167}}