{"MEF": {"NAC": 173.17431832215263, "LAK": 125.9965283174981, "LCK": 0.0, "TWW": 351.8880006414452}}