{"NAC": {"AUS": 223.92850142135927, "LAK": 297.3250597337123, "OLY": 72.6, "MEF": 173.1817704944895}}