{"NOP": {"FOH": 122.74319088840022, "QUB": 125.79808993213896}}