{"OLY": {"NAC": 130.80159260737156, "KOW": 120.6868342721192}}