{"SHS": {"LOW": 261.75460050080704, "FAN": 131.18258796237097, "LMC": 525.2502297028539}, "SHT": {"TAW": 130.39068060707712, "FOT": 158.35294008769506}, "SHW": {"SYP": 147.2913100958828, "CEN": 100.92880959397655}, "SHM": {"CIO": 125.94149700000003, "TSH": 213.75085494205777}}