{"SIH": {"TUM": 154.44171864085644, "TIS": 374.4785961874795}}