{"SSP": {"CSW": 92.02467999999999, "PRE": 11.879999999999999}}