{"SUN": {"DIS": 198.58219476168125, "TUC": 823.879670825977, "TSY": 690.6313463989347}, "SUW": {"TKW": 132.0}}