{"SYP": {"HKU": 114.89516096387999, "SHW": 140.83978293}}