{"TAP": {"UNI": 430.1219262279924, "TWO": 115.84041537387002}, "TAW": {"CKT": 128.90526, "HIK": 138.23700000000002, "SHT": 103.51374864599998, "KOT": 320.605310260723}, "TAK": {"SWH": 151.02450000000002, "QUB": 120.78000000000002}}