{"TIK": {"YAT": 136.6774561894649, "TKO": 99.8293518506415}, "TIS": {"LOP": 171.2000703917321, "SIH": 351.13944256588707}, "TIH": {"CAB": 108.5142104652, "FOH": 112.72153199999998}}