{"TWO": {"FAN": 412.6358202892763, "TAP": 79.214563494}, "TWW": {"MEF": 351.8337472079667, "KSR": 712.0324774026626}, "TWH": {"KWH": 0.0, "TSW": 78.31494873099692}}