{"UNI": {"FOT": 186.4461614139898, "TAP": 430.12302651515574}}