{"WAC": {"ADM": 119.01487700000003, "CAB": 106.08890618607998}}