{"YAT": {"TIK": 141.4216258306729, "QUB": 249.65915078599573, "LAT": 0.0}}