{"DIS": {"SUN": 198.58229021965877}, "DIH": {"WTS": 132.0, "CHH": 132.0, "HIK": 333.0259456863266, "KAT": 132.0}}