{"K73-U070": {"K73-U080": 149.55300800000003}, "K75A-D060": {"K75A-D070": 40.348}, "K73-U090": {"K73-U100": 175.67482900000007}, "K75P-U080": {"K75P-U090": 38.709}, "K75P-U130": {"K75P-U140": 24.874300000000005}, "K73-D150": {"K73-D160": 51.15}, "K76-D020": {"K76-D030": 123.53650100000004}, "K75P-D030": {"K75P-D040": 116.76500000000001}, "K75P-D010": {"K75P-D020": 123.97000000000003}, "K73-U080": {"K73-U110": 151.48186865393546, "K73-U090": 283.44800000000004}, "K74-D110": {"K74-U002": 213.29000000000002}, "K74-U100": {"K74-D010": 125.29}, "K74-D080": {"K74-D090": 178.20000000000002}, "K74-U004": {"K74-U007": 83.60000000000001}, "K73-U030": {"K73-U040": 89.2925}, "K75P-D040": {"K75P-D050": 165.80300000000003}, "K76-D010": {"K76-D020": 170.46999712774624}, "K73-U100": {"K73-U110": 236.0567}, "K73-U110": {"K73-U120": 230.0500004}, "K75P-U110": {"K75P-U120": 82.5}, "K73-U040": {"K73-U060": 215.91900000000004, "K73-U050": 60.56600000000001}, "K74-U030": {"K74-U040": 304.7}, "K74-U011": {"K74-D100": 178.81380000000001}, "K73-D110": {"K73-D120": 82.06000000000002}, "K75P-U070": {"K75P-U080": 108.45010000000002}, "K74-D060": {"K74-D070": 161.70000000000002}, "K73-U010": {"K73-U020": 79.86}, "K73-U060": {"K73-U070": 134.8740108056}, "K75A-D050": {"K75A-D060": 70.29}, "K75P-U060": {"K75P-U070": 28.6}, "K73-D100": {"K73-D110": 204.60000000000002}, "K76-U030": {"K76-U040": 163.08542665805479}, "K73-D130": {"K73-D140": 95.92}, "K75A-U030": {"K75A-D010": 231.00000000000003}, "K75A-D070": {"K75A-D080": 42.68000000000001}, "K75A-U020": {"K75A-U030": 129.54479999999998}, "K73-D140": {"K73-D150": 134.20000000000002}, "K73-D090": {"K73-D100": 79.662}, "K75P-U010": {"K75P-U020": 95.953}, "K73-U050": {"K73-U060": 107.09819999999999}, "K73-D120": {"K73-D130": 117.7}, "K75P-U020": {"K75P-U030": 124.30000000000001}, "K73-D020": {"K73-D030": 115.50000000000001}, "K75P-D070": {"K75P-D080": 98.56}, "K74-U090": {"K74-U100": 216.70000000000002}, "K76-U010": {"K76-U020": 8.8}, "K75P-U090": {"K75P-U100": 45.10000000000001}, "K73-D080": {"K73-D090": 274.12}, "K76-U040": {"K76-U050": 189.91169999999997}, "K75P-U120": {"K75P-U130": 64.9}, "K75P-U040": {"K75P-U050": 110.00000000000001}, "K73-D030": {"K73-D040": 127.60000000000001}, "K75P-U030": {"K75P-U040": 129.8}, "K74-D050": {"K74-D060": 84.7}, "K75A-U010": {"K75A-U020": 35.2}, "K74-U080": {"K74-U090": 222.20000000000002}, "K75P-D050": {"K75P-D060": 91.50899999999999}, "K76-D030": {"K76-D040": 64.02000000000001}, "K75A-D030": {"K75A-D040": 35.2}, "K73-U020": {"K73-U030": 34.1}, "K74-U040": {"K74-U050": 207.9}, "K74-U060": {"K74-U070": 118.03000000000002}, "K75P-D060": {"K75P-D070": 162.47000000000003}, "K75A-D090": {"K75A-D100": 56.1}, "K76-U020": {"K76-U030": 179.96000000000004}, "K75P-D080": {"K75P-U011": 150.59}, "K74-U001": {"K74-U004": 170.5}, "K75A-D110": {"K75A-U011": 172.70000000000002}, "K73-D050": {"K73-D070": 101.2}, "K74-D020": {"K74-D030": 145.03112256127426}, "K74-D010": {"K74-D020": 155.10000000000002}, "K73-D070": {"K73-D080": 168.3}, "K74-D100": {"K74-D110": 93.50000000000001}}