{"KOW": {"OLY": 121.78478099420406, "HOK": 177.740071626634, "TSY": 661.6546210633462}, "KOB": {"CHH": 198.00000000000003, "NTK": 132.0}, "KOT": {"TAW": 320.61962553603695, "MKK": 137.99808715560704, "LOF": 139.21710000000002, "SKM": 132.0}}