{"KOW": {"OLY": 121.77537287496334, "HOK": 177.7413928918328, "TSY": 661.6530969902259}, "KOB": {"CHH": 198.00000000000003, "NTK": 132.0}, "KOT": {"TAW": 320.61583510367115, "MKK": 138.0016378680454, "LOF": 132.99539000000001, "SKM": 132.0}}