{"LAK": {"MEF": 125.99409180675646, "KWF": 198.00000000000003}}