{"LOW": {"SHS": 261.75478957028747}, "LOF": {"KOT": 126.60999999999999, "WTS": 122.995532}, "LOP": {"TIS": 174.5414045875813, "YUL": 102.9396140102886}}