{"NAC": {"LAK": 297.32236455084194, "MEF": 173.1743183221526, "AUS": 223.93069956113527, "OLY": 71.94}}