{"NAC": {"LAK": 297.3240652012878, "MEF": 173.17784829852272, "AUS": 223.93069956113527, "OLY": 72.6}}