{"OLY": {"KOW": 121.81134644478485, "NAC": 75.96750413999999}}