{"SUN": {"DIS": 198.58217930466327, "TUC": 823.8779532655604, "TSY": 690.6313463989347}, "SUW": {"TKW": 132.0}}