{"TUC": {"SUN": 823.8804030491019}, "TUM": {"SIH": 154.41779610939486}}