{"TWW": {"KSR": 712.0342164557095, "MEF": 351.83917255131456}, "TWO": {"FAN": 412.63497693968077, "TAP": 176.25300000000001}, "TWH": {"KWH": 198.00000000000003}}