{"HOK": {"KOW": 177.7341195007032}, "HOM": {"YMT": 5.9399999999999995, "HUH": 132.0}}