{"K18-D020": {"K18-D030": 44.99311129825269}, "K18-U020": {"K18-U030": 61.49801233209189}, "K18-U010": {"K18-U020": 227.94209163793272}, "K17-U010": {"K17-U020": 276.1068640000001}, "K17-U030": {"K17-U040": 28.809445690351662}, "K17-D020": {"K17-D030": 14.139407918509297}, "K17-U020": {"K17-U030": 165.38143105102597}, "K12-D020": {"K12-D030": 133.760058938}, "K12-D030": {"K12-D040": 12.037992982955885}, "K12-U020": {"K12-U030": 267.86019281999995}, "K18-D010": {"K18-D020": 233.4549026094914}, "K17-D010": {"K17-D020": 299.7407750482239}, "K12-U010": {"K12-U020": 251.251836931788}, "K12-D010": {"K12-D020": 166.6320966563}}