{"K75P-D010": {"K75P-D020": 145.20000000000002}, "K75P-U040": {"K75P-U050": 132.0}, "K75P-U130": {"K75P-U140": 58.41000000000001}, "K76-U030": {"K76-U040": 163.08542665805479}, "K75P-U090": {"K75P-U100": 36.300000000000004}, "K76-U040": {"K76-U050": 153.31030000000004}, "K73-U080": {"K73-U110": 151.48186865393546, "K73-U090": 316.69000000000005}, "K73-U060": {"K73-U070": 130.85600000000002}, "K76-U010": {"K76-U020": 6.0654}, "K73-D150": {"K73-D160": 42.163}, "K74-U040": {"K74-U050": 179.3}, "K75P-U080": {"K75P-U090": 46.2}, "K75A-D010": {"K75A-D020": 220.00000000000003}, "K76-D010": {"K76-D020": 170.46999712774624}, "K75A-D070": {"K75A-D080": 49.50000000000001}, "K75A-D030": {"K75A-D040": 42.900000000000006}, "K73-D030": {"K73-D040": 126.85200000000002}, "K74-U050": {"K74-U060": 269.61}, "K73-U040": {"K73-U050": 112.11200000000001, "K73-U060": 230.01000000000005}, "K75P-U140": {"K75P-D010": 147.983}, "K73-U090": {"K73-U100": 134.20000000000002}, "K73-U070": {"K73-U080": 146.619}, "K73-U030": {"K73-U040": 93.83000000000001}, "K74-D090": {"K74-U011": 90.2}, "K73-U100": {"K73-U110": 272.8}, "K75P-D070": {"K75P-D080": 100.54}, "K74-D040": {"K74-D050": 82.5}, "K75A-D020": {"K75A-D030": 18.612}, "K75P-U060": {"K75P-U070": 27.291000000000004}, "K75P-U020": {"K75P-U030": 118.80000000000001}, "K75P-D060": {"K75P-D070": 167.20000000000002}, "K75P-D040": {"K75P-D050": 172.062}, "K75A-D040": {"K75A-D050": 46.2}, "K75P-U100": {"K75P-U110": 62.59000000000001}, "K76-D030": {"K76-D040": 65.03872782}, "K74-D030": {"K74-D040": 133.10000000000002}, "K73-U050": {"K73-U060": 115.01599999999999}, "K74-D060": {"K74-D070": 134.20000000000002}, "K73-D110": {"K73-D120": 103.42200000000003}, "K74-D080": {"K74-D090": 163.9}, "K74-U011": {"K74-D100": 151.8}, "K74-U080": {"K74-U090": 266.20000000000005}, "K76-D020": {"K76-D030": 134.849}, "K73-D090": {"K73-D100": 83.60000000000001}, "K73-D020": {"K73-D030": 148.5}, "K73-D100": {"K73-D110": 204.60000000000002}, "K75A-D050": {"K75A-D060": 73.81000000000002}, "K74-D070": {"K74-D080": 261.8}, "K73-D040": {"K73-D050": 85.80000000000001}, "K73-D070": {"K73-D080": 166.10000000000002}, "K75A-D080": {"K75A-D090": 81.29}}