{"K75P-D010": {"K75P-D020": 138.34678000000002}, "K75P-U040": {"K75P-U050": 130.13}, "K75P-U130": {"K75P-U140": 44.243793554037666}, "K76-U030": {"K76-U040": 163.09828123684878}, "K75P-U090": {"K75P-U100": 41.9557397633}, "K76-U040": {"K76-U050": 177.81079430003672}, "K73-U080": {"K73-U110": 151.49496013310537, "K73-U090": 280.1001830881727}, "K73-U060": {"K73-U070": 122.56549937125064}, "K76-U010": {"K76-U020": 8.55390081911872}, "K73-D150": {"K73-D160": 45.9725343}, "K74-U040": {"K74-U050": 177.63900000000004}, "K75P-U080": {"K75P-U090": 45.06730805353493}, "K75A-D010": {"K75A-D020": 224.5958}, "K76-D010": {"K76-D020": 170.42218228884786}, "K75A-D070": {"K75A-D080": 46.850767117}, "K75A-D030": {"K75A-D040": 43.83863283800001}, "K73-D030": {"K73-D040": 125.84822448}, "K74-U050": {"K74-U060": 256.00609099999997}, "K73-U040": {"K73-U050": 113.2632185606864, "K73-U060": 224.49037281000005}, "K75P-U140": {"K75P-D010": 145.56539715349828}, "K73-U090": {"K73-U100": 132.346291}, "K73-U070": {"K73-U080": 157.60833399674752}, "K73-U030": {"K73-U040": 88.15086374429526}, "K74-D090": {"K74-U011": 88.80850000000001}, "K73-U100": {"K73-U110": 244.4999205217765}, "K75P-D070": {"K75P-D080": 101.29796833640002}, "K74-D040": {"K74-D050": 81.84}, "K75A-D020": {"K75A-D030": 16.68910518352}, "K75P-U060": {"K75P-U070": 25.908535812919105}, "K75P-U020": {"K75P-U030": 115.43400000000001}, "K75P-D060": {"K75P-D070": 182.2258889}, "K75P-D040": {"K75P-D050": 170.90748424199998}, "K75A-D040": {"K75A-D050": 49.207107070000006}, "K75P-U100": {"K75P-U110": 60.37360009999999}, "K76-D030": {"K76-D040": 60.969035393438084}, "K74-D030": {"K74-D040": 137.17000000000002}, "K73-U050": {"K73-U060": 114.1145693596895}, "K74-D060": {"K74-D070": 135.19}, "K73-D110": {"K73-D120": 99.51169914180002}, "K74-D080": {"K74-D090": 160.05}, "K74-U011": {"K74-D100": 146.88905}, "K74-U080": {"K74-U090": 264.07700000000006}, "K76-D020": {"K76-D030": 129.6025435599224}, "K73-D090": {"K73-D100": 85.15467400000001}, "K73-D020": {"K73-D030": 148.56915095}, "K73-D100": {"K73-D110": 203.368}, "K75A-D050": {"K75A-D060": 73.78603100000002}, "K74-D070": {"K74-D080": 264.19800000000004}, "K73-D040": {"K73-D050": 84.2362543}, "K73-D070": {"K73-D080": 162.92331000000001}, "K75A-D080": {"K75A-D090": 97.5316854149}, "K74-U060": {"K74-U070": 106.81000000000002}, "K73-U110": {"K73-U120": 216.8815988172418}, "K74-U090": {"K74-U100": 215.699}, "K75A-U030": {"K75A-D010": 226.53028442}, "K75P-D030": {"K75P-D040": 134.96104811200004}, "K75P-U120": {"K75P-U130": 67.1057299}, "K74-D100": {"K74-D110": 74.25880000000001}, "K73-U010": {"K73-U020": 64.03280399999998}, "K75A-U010": {"K75A-U020": 49.200254949999994}, "K74-U001": {"K74-U004": 138.9531}, "K75A-D110": {"K75A-U011": 171.36068707120003}, "K75P-D050": {"K75P-D060": 90.51938499999999}, "K74-U030": {"K74-U040": 273.72400000000005}, "K75P-D020": {"K75P-D030": 40.48866250000002}, "K75P-D080": {"K75P-U011": 160.9913965}, "K74-U070": {"K74-U080": 200.20000000000002}, "K75A-U020": {"K75A-U030": 144.21179080000002}, "K76-U020": {"K76-U030": 167.2487109201389}, "K75P-U010": {"K75P-U020": 98.59894000000001}, "K74-D110": {"K74-U002": 181.91701000000003}, "K73-U020": {"K73-U030": 288.86279399999995}, "K75P-U030": {"K75P-U040": 173.11748300000005}, "K74-U010": {"K74-U020": 165.17600000000002}, "K73-D050": {"K73-D070": 105.1117687466}, "K75A-D060": {"K75A-D070": 39.254160000000006}, "K75P-U050": {"K75P-U060": 157.63000000000002}, "K75A-D090": {"K75A-D100": 39.136900000000004}, "K75A-D100": {"K75A-D110": 96.68139800000002}, "K75P-U110": {"K75P-U120": 89.91621069090003}, "K74-D020": {"K74-D030": 145.02750298236134}, "K73-D140": {"K73-D150": 217.40070000000006}, "K74-D010": {"K74-D020": 149.22820000000002}, "K75P-U070": {"K75P-U080": 117.44755945999995}, "K73-D130": {"K73-D140": 147.90545924000006}, "K74-D050": {"K74-D060": 90.93700000000001}, "K74-U004": {"K74-U007": 97.46539}, "K74-U020": {"K74-U030": 138.39606000000003}, "K73-D080": {"K73-D090": 260.9530000000001}, "K73-D010": {"K73-D020": 104.94000000000001}, "K74-U007": {"K74-U010": 233.75}, "K73-D120": {"K73-D130": 121.99000000000001}}