{"KOT": {"SKM": 0.0}, "KOW": {"HOK": 177.72150059192217, "OLY": 121.82868609035286}}