{"MOK": {"YMT": 19.470000000000002, "PRE": 119.99459999999999}, "MOS": {"HEO": 124.08000000000001}}