{"NAC": {"LAK": 297.32163953670454, "AUS": 223.9326778869337, "OLY": 117.56815752, "MEF": 173.1711413434195}}