{"OCP": {"WCH": 128.80816535399998, "ADM": 287.64545893710743}}