{"SKM": {"KOT": 18.909, "PRE": 29.891399999999997}, "SKW": {"HFC": 20.849400000000003, "SWH": 132.0}}