{"TKO": {"LHP": 128.5913561648254, "TIK": 126.5730515062736, "HAH": 103.28330687400003}, "TKW": {"HOM": 72.6, "SUW": 66.0}}