{"WCH": {"OCP": 107.36992349213456, "LET": 176.2092541726}}