{"WCH": {"OCP": 111.33854269685011, "LET": 164.07472844189078}}