{"WTS": {"LOF": 56.620633531257205, "DIH": 89.360297443902}}