{"YMT": {"HOM": 192.46689000000003, "MOK": 19.352520000000002, "JOR": 132.0}}