{"5": {"305": 87.93081000000002, "6": 163.62390000000002}}