{"5": {"305": 85.85196959896086, "6": 134.9753138655547}}