{"DIS": {"SUN": 198.58233387484285}, "DIH": {"WTS": 122.33937600379902, "KAT": 180.40000000000003, "HIK": 333.09145192889775, "CHH": 128.5845}}