{"EXC": {"HUH": 199.6450353584437, "ADM": 44.397117011244156}}