{"HAH": {"TKO": 12.360854999999999, "POA": 118.8239540095808}}