{"K75P-U020": {"K75P-U030": 113.81308116626133}, "K75P-U100": {"K75P-U110": 57.370604572182366}, "K76-D010": {"K76-D020": 304.85568840343046}, "K75P-U140": {"K75P-D010": 143.72489050580995}, "K75P-D050": {"K75P-D060": 73.6485974911327}, "K74-U004": {"K74-U007": 98.7075368357343}, "K75P-D030": {"K75P-D040": 129.8475526223579}, "K76-U040": {"K76-U050": 218.81681756624465}, "K73-U080": {"K73-U090": 275.2175788725084, "K73-U110": 397.87732360667025}, "K76-D020": {"K76-D030": 105.0287531734948}, "K73-D010": {"K73-D020": 65.78106120076241}, "K75P-U110": {"K75P-U120": 85.24996462138756}, "K73-U030": {"K73-U040": 85.09948547199807}, "K75P-D060": {"K75P-D070": 148.26534884068806}, "K75P-U070": {"K75P-U080": 63.7990934517551}, "K76-D030": {"K76-D040": 38.09957457600012}, "K73-U110": {"K73-U120": 233.47600513757925}, "K76-U030": {"K76-U040": 262.35678920149724}, "K73-U060": {"K73-U070": 135.48246923480664}, "K75P-D080": {"K75P-U011": 125.55360690374553}, "K76-U010": {"K76-U020": 96.25240235776616}, "K75A-U010": {"K75A-U020": 35.837406152830326}, "K73-U100": {"K73-U110": 222.8774047282046}, "K73-D120": {"K73-D130": 105.22069635}, "K75A-D040": {"K75A-D050": 59.43541306975}, "K73-U020": {"K73-U030": 162.27938567050353}, "K74-D010": {"K74-D020": 145.15904000000006}, "K73-U010": {"K73-U020": 71.36131514719663}, "K75A-D080": {"K75A-D090": 84.43225500000003}, "K73-D040": {"K73-D050": 79.50068832428735}, "K74-D020": {"K74-D030": 145.02536121527996}, "K73-U040": {"K73-U060": 209.0758765425062, "K73-U050": 88.75655349098793}, "K75P-U120": {"K75P-U130": 54.0298166319817}, "K75P-U010": {"K75P-U020": 78.74381028812664}, "K76-U020": {"K76-U030": 155.34454307263263}, "K75P-D070": {"K75P-D080": 80.90022293340698}, "K75P-U050": {"K75P-U060": 123.15551839000045}, "K73-U070": {"K73-U080": 146.93821435398758}, "K73-D070": {"K73-D080": 155.4952842200647}, "K75A-D070": {"K75A-D080": 50.67747638918199}, "K75P-D010": {"K75P-D020": 90.21892679250479}, "K73-D080": {"K73-D090": 254.51116627200003}, "K73-U090": {"K73-U100": 108.3956534291377}, "K75P-U030": {"K75P-U040": 106.27063377153686}, "K75P-U080": {"K75P-U090": 39.91986503135769}, "K74-U010": {"K74-U020": 181.88096807870002}, "K75A-U020": {"K75A-U030": 120.6483561659207}, "K75A-D020": {"K75A-D030": 19.408724600000003}, "K75A-D100": {"K75A-D110": 102.774379702}, "K75P-U040": {"K75P-U050": 87.5615405012085}, "K75P-D040": {"K75P-D050": 147.42775124673796}, "K74-U001": {"K74-U004": 103.144233701667}, "K75P-U130": {"K75P-U140": 40.25709303911074}, "K75P-U090": {"K75P-U100": 35.18807253661006}, "K74-U080": {"K74-U090": 159.1414}, "K73-D130": {"K73-D140": 133.85524327508298}, "K73-U050": {"K73-U060": 103.66788910920964}, "K74-U050": {"K74-U060": 226.20640394000003}, "K75P-U060": {"K75P-U070": 29.64514888114465}, "K73-D020": {"K73-D030": 60.49231012178016}, "K74-U100": {"K74-D010": 114.29000000000003}, "K75A-U030": {"K75A-D010": 211.229577548816}, "K73-D050": {"K73-D070": 92.65646639920003}, "K73-D090": {"K73-D100": 92.18071390000003}, "K73-D100": {"K73-D110": 204.46330069000004}, "K75P-D020": {"K75P-D030": 35.27439675280672}, "K75A-D060": {"K75A-D070": 46.4126355}, "K75A-D030": {"K75A-D040": 52.623434815990436}, "K74-U040": {"K74-U050": 160.10265607310004}, "K73-D030": {"K73-D040": 109.94549101043071}, "K74-D040": {"K74-D050": 97.78999999999999}, "K73-D150": {"K73-D160": 39.2143}, "K74-U007": {"K74-U010": 235.24765743087173}, "K73-D110": {"K73-D120": 50.29180918589001}, "K75A-D090": {"K75A-D100": 52.39714820100001}, "K74-U020": {"K74-U030": 141.0620241}, "K74-U070": {"K74-U080": 142.97600000000003}, "K75A-D010": {"K75A-D020": 182.97008153330006}, "K73-D140": {"K73-D150": 204.62189000000004}, "K75A-D110": {"K75A-U011": 181.68995500000003}, "K74-U060": {"K74-U070": 116.721}, "K75A-D050": {"K75A-D060": 88.19691198000001}, "K74-D050": {"K74-D060": 77.0}, "K74-U030": {"K74-U040": 275.23440400000004}, "K74-D030": {"K74-D040": 106.7}, "K74-D060": {"K74-D070": 127.0}}