{"KF6": {"KF4": 250.95804793814358}, "KF3": {"KF1": 686.772263320491}, "KF4": {"KF6": 250.95804969241334, "KF2": 1022.6260877855239}, "KF1": {"KF5": 767.8871517223107, "KF3": 686.7722800505795}, "KF5": {"KF1": 767.8871509959381}, "KF2": {"KF4": 1022.6260822017899}}