{"KOW": {"OLY": 121.82868609035286, "TSY": 661.6695615099304, "HOK": 177.7235605545155}, "KOT": {"TAW": 320.627041658852, "LOF": 139.15, "SKM": 134.98099999999997, "MKK": 137.9909267884821}, "KOB": {"NTK": 135.3}}