{"KSR": {"YUL": 247.72649592324365, "TWW": 712.0194361505689}}