{"LCK": {"CSW": 107.84462580106212, "MEF": 126.79718463863237}}