{"OCP": {"WCH": 112.7626347355505, "ADM": 287.64081487054085}}