{"SHT": {"FOT": 155.98726948978165, "TAW": 173.57999999999998}, "SHS": {"FAN": 125.72964287584118, "LMC": 525.2461667274772, "LOW": 261.7527207161598}, "SHM": {"CIO": 134.20000000000002}, "SHW": {"SYP": 119.90000000000002}}