{"TIK": {"TKO": 78.53999999999999, "YAT": 141.42128370077606}, "TIS": {"SIH": 389.45901890279873, "LOP": 173.9447836932477}, "TIH": {"FOH": 99.00000000000001}}