{"TKO": {"TIK": 187.366714339127, "HAH": 133.94316532410002, "LHP": 128.59046073961306}, "TKW": {"SUW": 132.0, "HOM": 138.6}}