{"TWO": {"FAN": 412.63889855427516, "TAP": 188.741102}, "TWW": {"MEF": 351.8210210939409, "KSR": 712.0324774026626}}