{"WCH": {"OCP": 119.90000000000002, "LET": 188.5175741982644}}