{"YAT": {"TIK": 171.0016352805349, "LAT": 150.26416099319994, "QUB": 244.69092047628388}}