{"YAT": {"TIK": 141.42117316156995, "LAT": 155.1, "QUB": 249.66096677372153}}