{"EXC": {"HUH": 210.58093320720928, "ADM": 81.20102880070819}}