{"K12-U020": {"K12-U030": 228.5517363732669}, "K12-D020": {"K12-D030": 308.14682255791996}, "K12-U010": {"K12-U020": 378.52623544239134}, "K12-D010": {"K12-D020": 183.030910250025}, "K12-D030": {"K12-D040": 12.862911801383992}}