{"K12-U020": {"K12-U030": 228.5517363732669}, "K12-D020": {"K12-D030": 302.907580619911}, "K12-U010": {"K12-U020": 376.21803938043485}, "K12-D010": {"K12-D020": 183.030910250025}, "K12-D030": {"K12-D040": 13.131429082831264}}