{"K53-U030": {"K53-U040": 232.3725580000001}, "K51-U120": {"K51-U130": 138.8222}, "K53-U140": {"K53-D010": 90.23190000000001}, "K51-U130": {"K51-U140": 76.96700000000001}, "K51A-U090": {"K51A-U100": 160.60000000000002}, "K53-D070": {"K53-D080": 119.9}, "K51-D250": {"K51-D260": 43.010000000000005}, "K52-nU010": {"K52-nU020": 28.6}, "K51-D140": {"K51-D150": 64.02000000000001}, "K52-nU110": {"K52-nU120": 161.70000000000002}, "K51A-U240": {"K51A-U250": 82.28}, "K51-D050": {"K51-D060": 60.50000000000001}, "K51A-D150": {"K51A-D160": 117.436}, "K51-D230": {"K51-D240": 87.19700000000002}, "K53-D150": {"K53-D160": 156.07141000000001}, "K52-nU080": {"K52-nU090": 83.05}, "K51A-D050": {"K51A-D060": 60.830000000000005}, "K51-U210": {"K51-U220": 59.400000000000006}, "K51A-D200": {"K51A-D210": 250.8}, "K52-nD030": {"K52-nD040": 35.16700000000001}, "K52-nD290": {"K52-nD300": 106.7}, "K53-U070": {"K53-U080": 70.928}, "K51-D150": {"K51-D160": 94.60000000000001}, "K54-U060": {"K54-U070": 198.0319}, "K51A-U150": {"K51A-U160": 137.94}, "K52-nU190": {"K52-nU200": 126.50000000000001}, "K52-nD270": {"K52-nD280": 103.18770000000002}, "K51A-U030": {"K51A-U040": 66.0}, "K52-nD280": {"K52-nD290": 104.50000000000001}, "K51-U070": {"K51-U080": 193.71}, "K53-D130": {"K53-D140": 112.09}, "K52-nU220": {"K52-nU230": 83.27000000000001}, "K52-nU050": {"K52-nU060": 232.10000000000002}, "K52-nU260": {"K52-nU270": 66.0}, "K51-D180": {"K51-D190": 173.8}, "K51A-D260": {"K51A-D270": 78.10000000000001}, "K54-D050": {"K54-D060": 116.6}, "K51-D010": {"K51-D020": 59.400000000000006}, "K54-U030": {"K54-U040": 43.78}, "K53-D060": {"K53-D070": 131.34}, "K51-U030": {"K51-U040": 61.446000000000005}, "K51A-U230": {"K51A-U240": 34.21}, "K51A-D120": {"K51A-D140": 102.85}, "K51A-U080": {"K51A-U090": 198.00000000000003}, "K53-D050": {"K53-D060": 96.14000000000001}, "K54-D040": {"K54-D050": 182.60000000000002}, "K53-D015": {"K53-D020": 53.900000000000006}, "K51A-D030": {"K51A-D040": 45.650000000000006}, "K51A-D210": {"K51A-D220": 78.54}, "K51-U020": {"K51-U030": 93.50000000000001}, "K51A-U170": {"K51A-U180": 85.80000000000001}, "K52A-U170": {"K52A-U180": 275.3750320785301}, "K52-nU150": {"K52-nU160": 88.0}, "K53-U060": {"K53-U070": 65.45924000000001}, "K51A-U060": {"K51A-U070": 323.40000000000003}, "K53-D160": {"K53-D170": 179.3}, "K52-nU070": {"K52-nU080": 104.72}, "K51A-U050": {"K51A-U060": 297.0}, "K53-D030": {"K53-D040": 80.30000000000001}, "K51A-U020": {"K51A-U030": 112.2}, "K53-D040": {"K53-D050": 81.4}, "K51-U160": {"K51-U170": 112.75}, "K54-D010": {"K54-D020": 200.20000000000002}, "K51-D120": {"K51-D130": 57.2}, "K51A-U100": {"K51A-U110": 221.10000000000002}, "K51-D200": {"K51-D210": 139.161}, "K53-D010": {"K53-D015": 110.11000000000001}, "K53-D080": {"K53-D090": 44.0}, "K52-nU040": {"K52-nU050": 59.400000000000006}, "K53-U080": {"K53-U090": 91.3}, "K51-D020": {"K51-D030": 68.64000000000001}, "K52-nD220": {"K52-nD230": 143.0}, "K51-U170": {"K51-U180": 83.05000000000001}, "K51-D270": {"K51-D280": 90.2}, "K54-U010": {"K54-U020": 68.97}, "K54-D060": {"K54-D070": 167.20000000000002}, "K53-U110": {"K53-U120": 112.82700000000003}, "K51A-D060": {"K51A-D070": 58.19000000000001}, "K53-U130": {"K53-U140": 51.370000000000005}, "K51A-U140": {"K51A-U150": 41.25000000000001}, "K53-U100": {"K53-U110": 87.01}, "K52-nD230": {"K52-nD240": 190.3}, "K53-U040": {"K53-U050": 147.30210000000002}, "K51A-U110": {"K51A-U120": 138.60000000000002}, "K53-U090": {"K53-U100": 129.8}, "K52-nD110": {"K52-nD120": 143.32999999999998}, "K53-U050": {"K53-U060": 147.29000000000002}, "K51-U150": {"K51-U160": 99.00000000000001}, "K54-D020": {"K54-D030": 132.83763902433583}, "K52-nD170": {"K52-nD180": 95.7}, "K51A-U160": {"K51A-U170": 68.2}, "K52-nD050": {"K52-nD060": 46.2}, "K52-nD120": {"K52-nD130": 41.690000000000005}, "K53-U120": {"K53-U130": 88.99000000000001}, "K51A-D090": {"K51A-D100": 100.10000000000001}, "K52-nU290": {"K52-nU300": 47.190000000000005}, "K52-nU250": {"K52-nU260": 84.7}, "K52-nD150": {"K52-nD160": 79.2}, "K53-D120": {"K53-D130": 31.900000000000002}, "K52A-U140": {"K52A-U150": 160.36747851973982}, "K51-D070": {"K51-D080": 58.300000000000004}, "K52-nD040": {"K52-nD050": 22.0}, "K52-nD180": {"K52-nD190": 176.0}, "K53-D090": {"K53-D100": 59.62000000000002}, "K51A-D100": {"K51A-D110": 52.800000000000004}, "K51-U140": {"K51-U150": 64.9}, "K52-nD240": {"K52-nD250": 121.11000000000001}, "K52-nU020": {"K52-nU030": 93.06000000000002}, "K53-U020": {"K53-U030": 209.00000000000003}, "K51-D190": {"K51-D200": 156.20000000000002}, "K54-U070": {"K54-D010": 171.60000000000002}, "K51-U240": {"K51-U250": 114.4}, "K51A-U040": {"K51A-U050": 116.60000000000001}, "K51A-D010": {"K51A-D020": 57.2}, "K54-U050": {"K54-U060": 337.70000000000005}, "K51A-D080": {"K51A-D090": 136.4}, "K52-nD190": {"K52-nD200": 192.50000000000003}, "K51A-U180": {"K51A-U190": 107.80000000000001}, "K51A-D140": {"K51A-D150": 52.580000000000005}, "K51-D040": {"K51-D050": 53.900000000000006}, "K52A-D060": {"K52A-D070": 129.3476831685983}, "K54-U020": {"K54-U030": 153.01000000000002}, "K51A-D180": {"K51A-D190": 136.4}, "K51A-U010": {"K51A-U020": 39.6}, "K51-D130": {"K51-D140": 56.1}, "K54-U040": {"K54-U050": 161.70000000000002}}