{"KF1": {"KF5": 767.8871508046207, "KF3": 686.7722068640057}, "KF6": {"KF4": 250.9580455317379}, "KF4": {"KF2": 1022.6259247766418, "KF6": 250.9580445451017}, "KF5": {"KF1": 767.8871513781025}, "KF3": {"KF1": 686.7722701045179}, "KF2": {"KF4": 1022.6260737141686}}