{"KSR": {"TWW": 712.0191751280361, "YUL": 252.11366051496026}}