{"LAK": {"TSY": 180.92058554930682, "MEF": 125.99409180675646, "KWF": 198.00000000000003, "NAC": 297.3250597337123}, "LAT": {"YAT": 0.0, "KWT": 136.95}}