{"LET": {"WCH": 142.4649657652278, "SOH": 103.40732019679123}}