{"LOF": {"KOT": 120.12, "WTS": 121.30799999999999}, "LOW": {"SHS": 261.75375705508776}, "LOP": {"TIS": 173.9447836932477, "YUL": 132.0}}