{"MEF": {"TWW": 351.8210210939409, "LAK": 125.99872117716559, "LCK": 132.0}}