{"SUN": {"TSY": 690.6313463989347, "DIS": 198.58233298970973, "TUC": 823.8838410767692}, "SUW": {"TKW": 132.66, "KAT": 132.0}}