{"TAW": {"KOT": 320.6074047928521, "CKT": 132.56133000000003, "SHT": 70.67009399999999, "HIK": 198.00000000000003}, "TAK": {"QUB": 132.0, "SWH": 63.94773}, "TAP": {"UNI": 430.12302651515574, "TWO": 73.854}}