{"TKO": {"LHP": 307.5509995277072, "HAH": 145.54629639633612, "TIK": 150.7090402534131}, "TKW": {"SUW": 126.610564074, "HOM": 144.27486183534688}}