{"TSY": {"AIR": 1211.429280625256, "LAK": 180.9776224887785, "KOW": 535.6526892888785, "SUN": 627.5580639053003}, "TST": {"ADM": 159.54159119778257, "JOR": 77.75767330028984}, "TSH": {"SHM": 216.39295233313138, "HEO": 132.18350661057974}, "TSW": {"TWH": 44.86651892938649}}