{"TSY": {"AIR": 1467.4418234620243, "LAK": 180.95555225843535, "KOW": 661.652309014287, "SUN": 690.6274650845919}, "TST": {"ADM": 176.37166539437624, "JOR": 0.0}, "TSH": {"SHM": 216.41829374487838, "HEO": 126.72000000000003}, "TSW": {"TWH": 26.450292}}