{"TWO": {"FAN": 412.634002604577, "TAP": 40.6428}, "TWW": {"MEF": 351.8440553603276, "KSR": 712.0168259252407}, "TWH": {"KWH": 166.97340000000003, "TSW": 73.53329289795849}}