{"YMT": {"MOK": 107.13613979746756, "HOM": 165.0768372217226, "JOR": 127.70475790380002}}