{"EXC": {"HUH": 179.5061421031141, "ADM": 78.21285941348489}}