{"HAH": {"TKO": 108.39622200000001, "POA": 125.14919003186802}}