{"K51A-U240": {"K51A-U250": 67.7575538681569}, "K51-D190": {"K51-D200": 156.95921219}, "K52A-U100": {"K52A-U110": 72.33688797582664}, "K53-D150": {"K53-D160": 155.79323478427304}, "K51A-D240": {"K51A-D250": 63.14340909800001}, "K51-U150": {"K51-U160": 94.29909593215453}, "K53-U020": {"K53-U030": 180.13767156026358}, "K52-nU090": {"K52-nU100": 124.34069270034006}, "K58-D090": {"K58-D100": 129.28652}, "K53-U080": {"K53-U090": 84.83543209335016}, "K52-nU270": {"K52-nU280": 160.36099743377798}, "K53-D100": {"K53-D110": 78.87596249182273}, "K58-U070": {"K58-U080": 139.78559782000005}, "K51-U110": {"K51-U120": 146.55662618381513}, "K52-nD050": {"K52-nD060": 38.72500693182001}, "K52-nU150": {"K52-nU160": 94.43233185093524}, "K51A-U080": {"K51A-U090": 190.36768201359703}, "K52A-U015": {"K52A-U020": 144.0185496827}, "K51-U020": {"K51-U030": 107.07451776676041}, "K51-U200": {"K51-U210": 90.840281904727}, "K58-U023": {"K58-U026": 67.873114947}, "K52A-U080": {"K52A-U090": 69.84043395599167}, "K53-U130": {"K53-U140": 52.59741716690307}, "K53-D050": {"K53-D060": 86.16133807843183}, "K51A-U170": {"K51A-U180": 76.47191619440538}, "K51A-D170": {"K51A-D180": 150.33401332063323}, "K51A-D040": {"K51A-D050": 109.74067743203072}, "K53-U030": {"K53-U040": 253.46913348886613}, "K53-U050": {"K53-U060": 156.80298487243246}, "K51-D260": {"K51-D270": 57.46432064494222}, "K52-nU250": {"K52-nU260": 64.26416466097855}, "K53-D170": {"K53-D180": 326.32622000000003}, "K53-U110": {"K53-U120": 98.17346412091013}, "K52-nD210": {"K52-nD220": 243.03490100999997}, "K52-nU020": {"K52-nU030": 100.32803598940788}, "K53-D110": {"K53-D120": 201.53741485049903}, "K54-U010": {"K54-U020": 78.85104031143916}, "K58-D070": {"K58-D080": 116.1556}, "K52-nU300": {"K52-nU310": 46.357651432}, "K52-nU190": {"K52-nU200": 141.01084392948235}, "K58-U050": {"K58-U060": 52.8143}, "K51A-U020": {"K51A-U030": 110.81109707591001}, "K51-U070": {"K51-U080": 255.97073297400001}, "K58-D030": {"K58-D040": 69.34723399999999}, "K58-D130": {"K58-D140": 119.34976383000003}, "K54-D020": {"K54-D030": 184.28358841426126}, "K52-nD100": {"K52-nD110": 71.36068504696969}, "K51A-D050": {"K51A-D060": 77.89319979960001}, "K52A-U020": {"K52A-U030": 96.7457505951738}, "K53-D090": {"K53-D100": 48.522196450074986}, "K52-nU170": {"K52-nU180": 133.15893572}, "K51A-D060": {"K51A-D070": 82.701170805}, "K54-D030": {"K54-D040": 80.182000738442}, "K51A-D010": {"K51A-D020": 48.71553850206}, "K52A-D100": {"K52A-D110": 60.441299003658514}, "K52-nD040": {"K52-nD050": 27.936413141431}, "K53-U120": {"K53-U130": 74.03150772206799}, "K52A-D160": {"K52A-D170": 137.6337568015503}, "K52-nU230": {"K52-nU240": 78.62929797163}, "K52A-U050": {"K52A-U060": 50.64518469397454}, "K52A-U150": {"K52A-U160": 36.942145388839535}, "K53-D030": {"K53-D040": 83.34208211363818}, "K52-nU030": {"K52-nU040": 141.781217480579}, "K52-nU210": {"K52-nU220": 75.60850003397572}, "K51A-U140": {"K51A-U150": 62.244063484239994}, "K52A-U030": {"K52A-U040": 36.25216449738658}, "K53-U010": {"K53-U020": 248.56701401446725, "K53-D180": 359.8384009848511}, "K58-U200": {"K58-U210": 82.72352000000002}, "K53-D040": {"K53-D050": 69.83431160873445}, "K51A-U230": {"K51A-U240": 39.410088352360006}, "K58-U020": {"K58-U023": 94.170032}, "K54-U020": {"K54-U030": 145.03534508861955}, "K53-U070": {"K53-U080": 55.905987418320045}, "K52-nD060": {"K52-nD070": 129.11291485173845}, "K51-U100": {"K51-U110": 224.28364006532533}, "K51-U120": {"K51-U130": 160.06969079875003}, "K52-nD110": {"K52-nD120": 155.2199407}, "K53-D010": {"K53-D015": 102.06016807409631}, "K53-U140": {"K53-D010": 85.05293585862361}, "K51A-U050": {"K51A-U060": 276.49684844896393}, "K51-D140": {"K51-D150": 89.40198880360006}, "K54-D060": {"K54-D070": 155.1189045224324}, "K54-D050": {"K54-D060": 102.66033264987891}, "K51A-U110": {"K51A-U120": 145.63165600317387}, "K52-nD170": {"K52-nD180": 109.74044028594327}, "K52-nU120": {"K52-nU140": 135.68441026605086}, "K53-D015": {"K53-D020": 49.273435004342645}, "K54-U070": {"K54-D010": 199.2526594910454}, "K51A-D080": {"K51A-D090": 160.27391584100002}, "K53-D060": {"K53-D070": 170.7010223440925}, "K53-D140": {"K53-D150": 172.42846498112027}, "K52A-D020": {"K52A-D030": 23.27093846914566}, "K58-D020": {"K58-D030": 103.80700000000002}, "K58-D150": {"K58-D160": 63.038800000000016}, "K58-U120": {"K58-U130": 129.72619000000003}, "K52A-D150": {"K52A-D160": 91.28046128336773}, "K53-U090": {"K53-U100": 129.99103974734732}, "K52A-D040": {"K52A-D050": 13.450047079823142}, "K52A-D060": {"K52A-D070": 130.81291485173844}, "K51-D050": {"K51-D060": 50.74846796099901}, "K58-U180": {"K58-U190": 76.802}, "K51-D070": {"K51-D080": 64.477937972168}, "K52-nU200": {"K52-nU210": 79.60878024132}, "K52A-D130": {"K52A-D140": 82.24064925739381}, "K58-U026": {"K58-U030": 118.30275600000002}, "K51A-D180": {"K51A-D190": 128.6754455723}, "K51-D060": {"K51-D070": 53.15017383093821}, "K51-D180": {"K51-D190": 192.2649051917}, "K51-U190": {"K51-U200": 82.39790384976811}, "K51A-D210": {"K51A-D220": 80.12624481111621}, "K58-U170": {"K58-U180": 172.59}, "K52-nU160": {"K52-nU170": 38.25109972615316}, "K54-U060": {"K54-U070": 225.6512558460669}, "K51-U040": {"K51-U050": 115.97325362448214}, "K52A-D090": {"K52A-D100": 62.45553330200062}, "K52-nD020": {"K52-nD030": 17.775126360024}, "K58-U060": {"K58-U070": 139.19510000000002}, "K58-D193": {"K58-D196": 62.370000000000005}, "K52-nU140": {"K52-nU150": 244.56929722000004}, "K58-U010": {"K58-U020": 1241.5270999999998}, "K52A-D030": {"K52A-D040": 22.61074664504928}, "K51A-U190": {"K51A-U200": 75.099451263673}, "K53-D070": {"K53-D080": 56.10386017156797}, "K52-nU060": {"K52-nU070": 188.54853215272}, "K58-D100": {"K58-D110": 143.9895612716}, "K52-nD240": {"K52-nD250": 160.72261457685403}, "K58-D040": {"K58-D050": 109.9428}, "K51-D030": {"K51-D040": 44.429813843487494}, "K53-U100": {"K53-U110": 84.80981266428459}, "K58-U150": {"K58-U160": 226.64048000000003}, "K53-U060": {"K53-U070": 65.91681900715307}, "K58-D140": {"K58-D150": 30.250000000000007}, "K51A-D120": {"K51A-D140": 146.0762918504989}, "K52-nD010": {"K52-nD020": 17.5630024867489}, "K51A-D200": {"K51A-D210": 272.49501615845173}, "K51-D080": {"K51-D090": 116.09328393519999}, "K51-U130": {"K51-U140": 77.27178993740955}, "K52-nD190": {"K52-nD200": 174.63610498019798}, "K52A-U110": {"K52A-U120": 54.39843330031}, "K51A-U160": {"K51A-U170": 85.77192519213183}, "K51A-U180": {"K51A-U190": 98.09813179254002}, "K54-D040": {"K54-D050": 159.64729084246014}, "K52A-D180": {"K52A-D190": 109.92308142660326}, "K52A-U070": {"K52A-U080": 77.35626373138919}, "K51-U160": {"K51-U170": 120.47158180648289}, "K52A-U170": {"K52A-U180": 275.34044773891435}, "K51A-U150": {"K51A-U160": 112.23843803000003}, "K52-nD180": {"K52-nD190": 138.69965876423}, "K51-D210": {"K51-D220": 224.84523408199894}, "K52-nU040": {"K52-nU050": 86.32917339200002}, "K58-U030": {"K58-U040": 311.30000000000007}, "K52A-U160": {"K52A-U170": 32.500286430003726}, "K51A-U070": {"K51A-U080": 248.55524672713346}, "K52A-U140": {"K52A-U150": 162.12430439151515}, "K51A-U120": {"K51A-U130": 166.17576578966114}, "K58-U160": {"K58-U170": 121.22}, "K52-nD120": {"K52-nD130": 39.02395730913901}, "K52A-U090": {"K52A-U100": 87.43526406852905}, "K51-D020": {"K51-D030": 62.8638821603309}, "K51A-D230": {"K51A-D240": 131.24533015467733}, "K52A-U040": {"K52A-U050": 119.52787287426904}, "K53-U040": {"K53-U050": 149.5282609562887}, "K53-D130": {"K53-D140": 110.67877805844219}, "K52A-D010": {"K52A-D020": 277.22506227079356}, "K53-D180": {"K53-D190": 82.03520802468954}, "K51A-D110": {"K51A-D120": 53.84744297019999}, "K58-D196": {"K58-D200": 66.26873}, "K53-D080": {"K53-D090": 47.79939972362405}, "K51-U170": {"K51-U180": 84.511942614}, "K53-D160": {"K53-D170": 205.51839683331838}, "K51A-U090": {"K51A-U100": 167.7418077786013}, "K52-nU180": {"K52-nU190": 72.38373354586}, "K52-nU280": {"K52-nU290": 41.713722168558995}, "K51-U050": {"K51-U060": 274.224374501}, "K58-D120": {"K58-D130": 136.85771000000003},