{"K66-U130": {"K66-U140": 60.362770785227625}, "K66-U090": {"K66-U100": 52.585141095832874}, "K65-D120": {"K65-D130": 67.21695995443}, "K66-D070": {"K66-D080": 53.05948982339339}, "K65-U140": {"K65-U150": 96.44555974166528}, "K66-D210": {"K66-D220": 139.02258601751328}, "K65A-D050": {"K65A-D060": 53.6781455489785}, "K68-D180": {"K68-D190": 33.02380678137867}, "K66-U080": {"K66-U090": 173.87074357683912}, "K68-D170": {"K68-D180": 50.5300664}, "K65-D090": {"K65-D100": 113.77314384827801}, "K66-D090": {"K66-D100": 38.19915312102919}, "K68-U040": {"K68-U050": 49.948538583185}, "K65-U040": {"K65-U050": 93.65611927604165}, "K65-D110": {"K65-D120": 113.93075872479801}, "K65A-U060": {"K65A-U070": 52.80475903982133}, "K66-D230": {"K66-D240": 91.10935577644419}, "K68-U080": {"K68-U090": 42.86457800000001}, "K65-U190": {"K65-U200": 50.5019239738432}, "K68-D110": {"K68-D120": 90.23882951920001}, "K65-U050": {"K65-U060": 107.87006525445035}, "K66-U110": {"K66-U120": 37.84379627204199}, "K65A-U030": {"K65A-U040": 27.330712300814632}, "K65-D030": {"K65-D040": 62.03925545976648}, "K66-D130": {"K66-D140": 37.741011927852156}, "K65A-D030": {"K65A-D040": 54.976148920142634}, "K68-U090": {"K68-U100": 150.6941425174798}, "K65-D070": {"K65-D080": 119.67734837242465}, "K65-D100": {"K65-D110": 210.28662050000003}, "K65-U090": {"K65-U100": 56.56335484381865}, "K65-D150": {"K65-D160": 92.17648743635235}, "K65A-D100": {"K65A-D110": 219.38921816348312}, "K65-D160": {"K65-D170": 167.80041300000005}, "K65A-D070": {"K65A-D080": 109.04283188422987}, "K68-U010": {"K68-U020": 97.2857587868}, "K65-D130": {"K65-D140": 103.07685835001875}, "K65A-U040": {"K65A-U050": 97.90819921982889}, "K66-U180": {"K66-U190": 62.90794331818025}, "K65A-D080": {"K65A-D090": 149.23298186554103}, "K68-U020": {"K68-U030": 46.63258839000001}, "K66-D060": {"K66-D070": 40.40954114179915}, "K65-U180": {"K65-U190": 76.51677465}, "K65A-D090": {"K65A-D100": 101.79644265025328}, "K68-U110": {"K68-U120": 211.00160524300003}, "K65A-U100": {"K65A-U110": 48.10501639222699}, "K65A-D060": {"K65A-D070": 81.55494066350245}, "K66-D110": {"K66-D120": 41.24788942531353}, "K68-U140": {"K68-U150": 53.16995649438002}, "K68-D150": {"K68-D160": 71.40938532848001}, "K65-D060": {"K65-D070": 82.89554634089437}, "K66-D160": {"K66-D170": 179.36822729350936}, "K65A-U070": {"K65A-U080": 39.2977226311565}, "K66-U040": {"K66-U050": 142.78971806}, "K66-D050": {"K66-D060": 41.080207944599536}, "K65-U030": {"K65-U040": 104.42212958113205}, "K65A-U110": {"K65A-U120": 75.07184868999641}, "K65A-D040": {"K65A-D050": 57.97569012411235}, "K65A-U090": {"K65A-U100": 38.893921640643484}, "K65A-U050": {"K65A-U060": 52.029967838549126}, "K66-D040": {"K66-D050": 42.54978992725865}, "K65A-U010": {"K65A-U020": 61.041769059732246}, "K68-D100": {"K68-D110": 85.9168573}, "K68-D030": {"K68-D040": 115.618767}, "K65-D180": {"K65-D190": 130.39532284370654}, "K68-D060": {"K68-D070": 98.98837736395001}, "K68-U060": {"K68-U070": 91.307345422209}, "K68-U030": {"K68-U040": 32.309817146}, "K65A-U080": {"K65A-U090": 62.53460128884649}, "K68-D040": {"K68-D050": 123.10758899999999}, "K66-D080": {"K66-D090": 55.56049281983216}, "K65A-U020": {"K65A-U030": 166.4703221237542}, "K66-U170": {"K66-U180": 34.22128334045759}, "K65A-D020": {"K65A-D030": 63.27890929632467}, "K65-D140": {"K65-D150": 111.3925999015491}, "K66-D190": {"K66-D200": 87.78925654424339}, "K66-U060": {"K66-U070": 272.65333896100003}, "K68-D010": {"K68-D020": 47.55611851}, "K68-D070": {"K68-D080": 236.66009045020004}, "K65-D010": {"K65-D020": 40.49340808025816}, "K66-D030": {"K66-D040": 81.78513401780505}, "K65-U200": {"K65-U210": 62.79735777012992}, "K66-U140": {"K66-U150": 46.76883991121744}, "K66-U030": {"K66-U040": 181.06319942677231}, "K66-D200": {"K66-D210": 133.4854483685743}, "K65A-D010": {"K65A-D020": 139.33610000939754}, "K68-U130": {"K68-U140": 177.8841315175}, "K65A-U120": {"K65A-U130": 77.7261132059554}, "K65-U020": {"K65-U030": 159.69117864475814}, "K66-U190": {"K66-U200": 70.66487920316465}, "K66-D180": {"K66-D190": 82.17385339076456}, "K68-D050": {"K68-D060": 62.64046803658}, "K65-U100": {"K65-U110": 177.41862722430002}, "K68-D190": {"K68-D200": 50.925619987000005}, "K66-D220": {"K66-D230": 91.82278517248812}, "K66-D100": {"K66-D110": 48.608365750000004}, "K65-U150": {"K65-U160": 56.57907896153404}, "K66-U150": {"K66-U160": 58.84647709123324}, "K65-U130": {"K65-U140": 30.1661208288039}, "K66-U100": {"K66-U110": 65.48349400734767}, "K65-U210": {"K65-U220": 81.06288209390001}, "K68-D080": {"K68-D090": 126.64822878000003}, "K66-U020": {"K66-U030": 195.4242943044074}, "K65-U220": {"K65-U230": 79.915978674475}, "K68-D140": {"K68-D150": 33.826044087188606}, "K65-U170": {"K65-U180": 61.492592479485836}, "K68-U100": {"K68-U110": 187.85720673709395}, "K65-U080": {"K65-U090": 170.5492715926222}, "K65-D020": {"K65-D030": 79.49760460116559}, "K66-D170": {"K66-D180": 240.84983823999997}, "K66-U010": {"K66-U020": 137.4331237544261}, "K66-U070": {"K66-U080": 241.95401909199282}, "K66-D120": {"K66-D130": 63.09931029190172}, "K65-D080": {"K65-D090": 60.58345341305103}, "K65-D050": {"K65-D060": 69.95892339265451}, "K68-D090": {"K68-D100": 125.37998}, "K65-U110": {"K65-U120": 113.35614246467235}, "K66-U210": {"K66-U220": 53.9809553917}, "K66-U050": {"K66-U060": 44.57749042789345}, "K68-U150": {"K68-U160": 86.17419068819001}, "K68-D120": {"K68-D130": 193.67550400000005}, "K66-D010": {"K66-D020": 19.07731618809826}, "K66-U120": {"K66-U130": 55.88180599287889}, "K66-D150": {"K66-D160": 107.03004079689654}, "K65-D040": {"K65-D050": 71.77988810465247}, "K68-U170": {"K68-D010": 160.7815283}, "K65-U070": {"K65-U080": 74.18796578172349}, "K65-U060": {"K65-U070": 38.98861670114632}, "K66-U160": {"K66-U170": 50.290270589077764}, "K66-U200": {"K66-U210": 63.30528677059474}, "K65-U160": {"K65-U170": 55.106243722700604}, "K65-U120": {"K65-U130": 156.66242100900948}, "K68-U050": {"K68-U060": 51.6407813819}, "K68-D200": {"K68-U011": 71.0920284041}, "K68-D020": {"K68-D030": 89.75056163136}, "K66-D020": {"K66-D030": 73.82759397063002}, "K68-D160": {"K68-D170": 76.21515000000002}, "K68-U160": {"K68-U170": 72.31004200000001}, "K68-U070": {"K68-U080": 39.910128038}, "K65-U010": {"K65-U020": 365.17747}, "K68-D130": {"K68-D140": 66.70289999999999}, "K66-D140": {"K66-D150": 98.305438797356}, "K65-D170": {"K65-D180": 102.95533983806357}, "K68-U120": {"K68-U130": 173.437}}