{"KWH": {"TWH": 178.20000000000002, "KWF": 131.406}, "KWF": {"KWH": 113.85, "LAK": 198.00000000000003}, "KWT": {"LAT": 7.7944679999999975}}