{"LOW": {"SHS": 261.7533201024686}, "LOP": {"TIS": 173.90976714657384, "YUL": 66.0}, "LOF": {"KOT": 132.0, "WTS": 132.0}}