{"MEF": {"LAK": 126.00069475086632, "NAC": 173.1743183221526, "TWW": 351.8880006414452}}