{"MKK": {"HUH": 188.3217321270382, "KOT": 137.99808715560704}}