{"OLY": {"NAC": 82.87026, "KOW": 121.82228769715432}}