{"SSP": {"PRE": 106.06865080000003, "CSW": 125.49587352273997}}