{"TAK": {"SWH": 125.89500000000001, "QUB": 132.0}, "TAW": {"HIK": 191.961, "KOT": 320.6218421631514, "SHT": 138.6, "CKT": 66.0}, "TAP": {"UNI": 430.1258473853234, "TWO": 72.6}}