{"TIK": {"TKO": 47.43287476962463, "YAT": 141.42185030209822}, "TIH": {"FOH": 136.4}, "TIS": {"SIH": 389.3771584065412}}