{"YMT": {"JOR": 35.69500000000001, "MOK": 115.26933000000001, "HOM": 118.51151399999999}}