{"YUL": {"KSR": 252.1402521791268, "LOP": 78.53999999999999}}