{"AIR": {"TSY": 1467.4424194636529, "AWE": 126.48345281908216}}