{"AIR": {"TSY": 1467.4418234620243, "AWE": 125.50843813053697}}