{"K76-U030": {"K76-U040": 163.09547488311813}, "K76-D010": {"K76-D020": 170.42859007213775}, "K73-U080": {"K73-U110": 151.49555883732006}, "K74-D020": {"K74-D030": 145.02339764528094}}