{"KOW": {"HOK": 177.7382830655818, "TSY": 661.656943991437, "OLY": 121.79530547468596}, "KOT": {"LOF": 104.50000000000003, "MKK": 138.00292495226137, "SKM": 143.0, "TAW": 320.627041658852}}