{"LAK": {"MEF": 125.99409180675647, "NAC": 297.3250597337123, "KWF": 141.9}}