{"LOP": {"YUL": 132.0, "TIS": 173.90976714657384}, "LOW": {"SHS": 261.7536264530134}, "LOF": {"KOT": 132.0, "WTS": 113.3}}