{"MOK": {"PRE": 94.60000000000001}, "MOS": {"HEO": 158.40000000000003}}