{"NAC": {"MEF": 173.1498164431327, "OLY": 150.77969721596153, "AUS": 219.9517686595629, "LAK": 285.58361246635457}}