{"OCP": {"ADM": 287.63195720773166, "WCH": 108.0291730856}}