{"SYP": {"HKU": 101.26480245304114, "SHW": 131.64301250000003}}