{"TKO": {"LHP": 128.59050277902284, "TIK": 126.96542941462128}, "TKW": {"SUW": 132.0, "HOM": 138.6}}