{"TWO": {"TAP": 156.20000000000002, "FAN": 412.63889855427516}, "TWW": {"KSR": 712.0342164557095, "MEF": 351.8337472079667}, "TWH": {"KWH": 127.59999999999998}}