{"UNI": {"TAP": 430.1198496948076, "FOT": 186.45677010260243}}