{"WCH": {"LET": 166.27069300000002, "OCP": 116.94610000000003}}