{"WCH": {"LET": 160.5916564154289, "OCP": 110.3251855350372}}