{"EXC": {"HUH": 199.6704259833209, "ADM": 79.75553379973432}}