{"HAH": {"TKO": 77.61739149120714, "POA": 125.32346426369254}}