{"HEO": {"TSH": 132.690868673, "MOS": 152.92763874660002}}