{"HUH": {"MKK": 197.98042505940057, "ETS": 162.005697, "EXC": 185.68068971863522, "HOM": 131.42211402}}