{"HUH": {"MKK": 188.3160528963404, "ETS": 132.0, "EXC": 199.7187365304598, "HOM": 132.0}}