{"K66-D210": {"K66-D220": 124.18431549573727}, "K66-U200": {"K66-U210": 58.37915365911201}, "K68-U140": {"K68-U150": 33.66916}, "K65-D150": {"K65-D160": 89.41858362348077}, "K66-D100": {"K66-D110": 40.846274875310726}, "K66-D190": {"K66-D200": 73.09557389413412}, "K68-U100": {"K68-U110": 169.202352}, "K66-U010": {"K66-U020": 122.93251520211018}, "K65-U070": {"K65-U080": 65.26404638129408}, "K65-D020": {"K65-D030": 67.01490666556431}, "K65-D080": {"K65-D090": 53.074370542759695}, "K68-U130": {"K68-U140": 158.33635772899999}, "K65-U120": {"K65-U130": 222.3841128}, "K65-D070": {"K65-D080": 88.67248234311252}, "K65-U220": {"K65-U230": 82.57430196543002}, "K66-D120": {"K66-D130": 54.34446636347302}, "K68-U070": {"K68-U080": 30.950724200000003}, "K66-U120": {"K66-U130": 46.0699744626}, "K66-U100": {"K66-U110": 76.09907271988152}, "K65-D120": {"K65-D130": 58.381232661701326}, "K68-U160": {"K68-U170": 78.22328472090001}, "K68-U010": {"K68-U020": 84.19415081}, "K66-U080": {"K66-U090": 172.28440922352004}, "K66-U060": {"K66-U070": 186.613231037277}, "K68-D020": {"K68-D030": 80.72287069}, "K65-U110": {"K65-U120": 110.38883385651002}, "K66-D110": {"K66-D120": 29.833585783368903}, "K65-D130": {"K65-D140": 78.27995194808071}, "K65-U210": {"K65-U220": 84.5337271270851}, "K65-U040": {"K65-U050": 98.5941664283026}, "K66-U180": {"K66-U190": 69.84881708287705}, "K66-U190": {"K66-U200": 74.836850782}, "K65-D090": {"K65-D100": 93.78877920478331}, "K66-U050": {"K66-U060": 37.915189434754026}, "K68-U170": {"K68-D010": 146.4014200561}, "K65-U050": {"K65-U060": 83.227148045613}, "K66-D150": {"K66-D160": 92.06199929630002}, "K65-U160": {"K65-U170": 62.07894313473596}, "K68-D110": {"K68-D120": 91.76599652000002}, "K65-U170": {"K65-U180": 56.05167999009035}, "K66-U090": {"K66-U100": 55.865955659812016}, "K66-D030": {"K66-D040": 73.2645836626175}, "K68-D040": {"K68-D050": 86.08403210000002}, "K65-D170": {"K65-D180": 83.95731684955737}, "K65-D010": {"K65-D020": 39.8810209706988}, "K68-U080": {"K68-U090": 38.613657290000006}, "K68-U020": {"K68-U030": 32.81346530000001}, "K65-D040": {"K65-D050": 54.940751670614716}, "K68-U110": {"K68-U120": 180.28560358000001}, "K66-U170": {"K66-U180": 35.23688521172993}, "K66-U030": {"K66-U040": 163.66252454600004}, "K68-U150": {"K68-U160": 85.20895900000001}, "K66-U130": {"K66-U140": 53.78367010419987}, "K65-D100": {"K65-D110": 197.60044624525202}, "K66-D130": {"K66-D140": 28.142235563717595}, "K66-D180": {"K66-D190": 56.48309166672162}, "K68-D090": {"K68-D100": 132.567891621}, "K68-D100": {"K68-D110": 89.60329428200002}, "K68-D080": {"K68-D090": 80.67280000000001}, "K65-U080": {"K65-U090": 122.9048327548893}, "K66-D090": {"K66-D100": 34.26256688460542}, "K66-D020": {"K66-D030": 65.22764110500002}, "K66-U140": {"K66-U150": 48.85017058859387}, "K65-D180": {"K65-D190": 110.57723763969553}, "K66-D040": {"K66-D050": 28.725359781800005}, "K68-D150": {"K68-D160": 51.45113}, "K65-U020": {"K65-U030": 128.32478414709954}, "K65-U180": {"K65-U190": 76.31974888539403}, "K65-D030": {"K65-D040": 50.764137250445444}, "K68-U090": {"K68-U100": 119.10381120000002}, "K65-U150": {"K65-U160": 62.549008247}, "K65-D110": {"K65-D120": 113.16180413685606}, "K68-D130": {"K68-D140": 60.67922812938}, "K66-D230": {"K66-D240": 94.10867570149422}, "K65-D140": {"K65-D150": 105.60760385640859}, "K66-D080": {"K66-D090": 50.07699772676732}, "K66-U040": {"K66-U050": 130.70433323952562}, "K66-U160": {"K66-U170": 50.3100970873922}, "K65-U200": {"K65-U210": 61.17657343884796}, "K68-U040": {"K68-U050": 41.921261266900004}, "K66-D050": {"K66-D060": 32.875531931136194}, "K66-D140": {"K66-D150": 77.90682796420431}, "K65-U190": {"K65-U200": 44.37421395540101}, "K65-U140": {"K65-U150": 104.83806267752543}, "K65-U100": {"K65-U110": 144.47359189908013}, "K66-U070": {"K66-U080": 199.2741765963704}, "K68-D050": {"K68-D060": 43.589760803000004}, "K66-U110": {"K66-U120": 44.821414324696356}, "K65-U030": {"K65-U040": 112.47819433301}, "K68-D190": {"K68-D200": 30.444048784604007}, "K66-D170": {"K66-D180": 165.06373905069}, "K66-D220": {"K66-D230": 87.410829381}, "K68-U030": {"K68-U040": 32.356649399999995}, "K68-D010": {"K68-D020": 46.218178159999994}, "K65-U010": {"K65-U020": 312.80728572280003}, "K68-D070": {"K68-D080": 195.98445768000005}, "K68-U060": {"K68-U070": 67.63061655999999}, "K66-U020": {"K66-U030": 175.616232}, "K65-D160": {"K65-D170": 139.51955282646313}, "K68-D060": {"K68-D070": 83.131235490639}, "K65-U090": {"K65-U100": 52.538979195968636}, "K68-D140": {"K68-D150": 27.12433623}, "K65-U130": {"K65-U140": 30.263252145708616}, "K66-D200": {"K66-D210": 112.47075481245562}, "K68-D120": {"K68-D130": 168.619077}, "K65-D050": {"K65-D060": 57.9333250954448}, "K66-D070": {"K66-D080": 35.84827}, "K66-D160": {"K66-D170": 128.50701221343857}, "K65-D060": {"K65-D070": 63.99797165650872}, "K68-D170": {"K68-D180": 50.20985483459001}, "K66-D010": {"K66-D020": 12.896080241000002}, "K65-U060": {"K65-U070": 36.023229603275794}, "K68-D200": {"K68-U011": 66.49152380000001}, "K66-D060": {"K66-D070": 34.873680132269}, "K66-U150": {"K66-U160": 60.562029913}, "K66-U210": {"K66-U220": 53.74974651000001}, "K68-D180": {"K68-D190": 36.872}, "K68-D160": {"K68-D170": 85.58000000000001}, "K68-D030": {"K68-D040": 64.75555702}, "K68-U120": {"K68-U130": 152.570704}, "K68-U050": {"K68-U060": 43.079475820000006}}