{"K73-U070": {"K73-U080": 146.63000000000002}, "K73-U040": {"K73-U050": 92.4}, "K73-U030": {"K73-U040": 104.50000000000001}, "K75P-D010": {"K75P-D020": 110.00000000000001}, "K75A-D020": {"K75A-D030": 17.6}, "K73-U110": {"K73-U120": 234.3}, "K75P-U060": {"K75P-U070": 33.0}, "K73-U080": {"K73-U110": 151.48186865393546}, "K73-U060": {"K73-U070": 138.71}, "K73-U010": {"K73-U020": 74.8}, "K76-D020": {"K76-D030": 151.8}, "K76-U020": {"K76-U030": 161.70000000000002}, "K73-U020": {"K73-U030": 184.8}, "K75A-D080": {"K75A-D090": 84.7}, "K73-D090": {"K73-D100": 91.52000000000001}, "K76-D030": {"K76-D040": 83.27000000000001}, "K75A-U020": {"K75A-U030": 161.26000000000002}, "K75A-D050": {"K75A-D060": 69.30000000000001}, "K75P-U100": {"K75P-U110": 61.60000000000001}, "K75A-D040": {"K75A-D050": 53.900000000000006}, "K75A-U030": {"K75A-D010": 231.00000000000003}, "K73-D070": {"K73-D080": 136.4}, "K75P-U080": {"K75P-U090": 47.74}, "K75P-D080": {"K75P-U011": 152.9}, "K75P-U140": {"K75P-D010": 160.60000000000002}, "K75P-U040": {"K75P-U050": 107.80000000000001}, "K75P-U110": {"K75P-U120": 74.80000000000001}, "K73-D140": {"K73-D150": 195.8}, "K75A-D100": {"K75A-D110": 106.7}}