{"KF3": {"KF1": 686.7718514015183}, "KF2": {"KF4": 1022.6258860244783}, "KF4": {"KF6": 250.95801559603166, "KF2": 1022.6260651866094}, "KF5": {"KF1": 767.8871516436265}, "KF6": {"KF4": 250.95795422204887}, "KF1": {"KF3": 686.7722068640057, "KF5": 767.8871513299413}}