{"LAK": {"NAC": 297.3193955454477, "MEF": 126.00069475086632, "TSY": 180.9530951044739, "KWF": 132.0}, "LAT": {"YAT": 132.0, "KWT": 132.0}}