{"LAK": {"NAC": 283.2588654051753, "MEF": 126.41394521733204, "TSY": 177.71268774710418, "KWF": 144.4649106}, "LAT": {"YAT": 132.66033, "KWT": 129.4428}}