{"MOK": {"PRE": 126.56490000000001, "YMT": 78.53999999999999}, "MOS": {"HEO": 132.0}}