{"NAC": {"OLY": 125.4, "LAK": 297.32236455084194, "AUS": 223.9326778869337, "MEF": 173.1817704944895}}