{"OCP": {"WCH": 132.87086339999996, "ADM": 287.6469593947878}}