{"OLY": {"KOW": 121.78701197596368, "NAC": 101.7849954}}