{"SIH": {"TUM": 154.44661865989917, "TIS": 337.5191734525458}}