{"STW": {"CKT": 126.02057130480003, "CIO": 100.510733}}