{"TKO": {"LHP": 128.59055467952874, "TIK": 102.34529977340767, "HAH": 78.89962221240002}, "TKW": {"HOM": 132.0, "SUW": 132.66}}