{"TKO": {"LHP": 128.5906562248114, "TIK": 114.13482206226226, "HAH": 72.99958023600001}, "TKW": {"HOM": 132.0, "SUW": 132.66}}