{"TWW": {"KSR": 712.0309122549204, "MEF": 351.8880006414452}, "TWH": {"KWH": 191.0733, "TSW": 76.66212436334098}, "TWO": {"FAN": 412.6337405048387, "TAP": 77.222488992}}