{"TWW": {"KSR": 712.0309122549204, "MEF": 351.8880006414452}, "TWH": {"KWH": 178.386373, "TSW": 76.66212436334098}, "TWO": {"FAN": 412.63350461507434, "TAP": 89.3002400928}}