{"WCH": {"LET": 197.39668079999996, "OCP": 132.66000000000003}}