{"WCH": {"LET": 197.51131144799996, "OCP": 131.884566}}