{"YUL": {"LOP": 126.98353467000001, "KSR": 236.64688797989615}}