{"DIS": {"SUN": 198.5822086729974}, "DIH": {"KAT": 146.9622, "HIK": 333.0186672149299, "CHH": 131.3763, "WTS": 132.0}}