{"K17-D020": {"K17-D030": 22.319551191084503}, "K17-U020": {"K17-U030": 158.30265679182355}, "K18-U020": {"K18-U030": 63.646587860071214}, "K18-D010": {"K18-D020": 245.06526977754817}, "K18-D020": {"K18-D030": 33.09478075825387}, "K17-D010": {"K17-D020": 204.88568003262176}, "K12-U020": {"K12-U030": 222.9420524765832}, "K12-D010": {"K12-D020": 161.93196457621735}, "K17-U010": {"K17-U020": 225.34600000000006}, "K12-D020": {"K12-D030": 346.4068246914}, "K17-U030": {"K17-U040": 26.352281457797595}, "K18-U010": {"K18-U020": 282.83673020346293}, "K12-D030": {"K12-D040": 12.659383707520004}, "K12-U010": {"K12-U020": 300.822392299}}