{"K54-D020": {"K54-D030": 132.84467383186876}, "K53-D160": {"K53-D170": 203.19310000000002}, "K52-nD250": {"K52-nD260": 181.0479}, "K53-D080": {"K53-D090": 56.53758000000001}, "K53-D020": {"K53-D030": 104.45953794099998}, "K52-nD030": {"K52-nD040": 28.611}, "K58-U070": {"K58-U080": 122.88837000000001}, "K52-nU180": {"K52-nU190": 71.05857}, "K51-U030": {"K51-U040": 68.49700000000001}, "K51-U160": {"K51-U170": 104.12600000000002}, "K53-U110": {"K53-U120": 90.19111615635003}, "K53-D100": {"K53-D110": 82.30420000000001}, "K53-U070": {"K53-U080": 59.33327984099999}, "K52-nD120": {"K52-nD130": 29.04000000000001}, "K52A-U110": {"K52A-U120": 64.442158}, "K51-D160": {"K51-D170": 90.54375}, "K52-nD010": {"K52-nD020": 11.836000000000002}, "K58-U026": {"K58-U030": 134.01849999999996}, "K52A-D130": {"K52A-D140": 114.7591742}, "K54-U070": {"K54-D010": 161.99040000000002}, "K51A-U200": {"K51A-U210": 64.9}, "K52A-D180": {"K52A-D190": 143.83930000000004}, "K52A-U130": {"K52A-U140": 70.02028}, "K52A-U140": {"K52A-U150": 160.36405648429758}, "K53-D015": {"K53-D020": 56.424423000000004}, "K52-nD090": {"K52-nD100": 102.19000000000001}, "K58-U040": {"K58-U050": 56.20307000000001}, "K53-D130": {"K53-D140": 116.35800000000003}, "K51-D180": {"K51-D190": 126.94000000000003}, "K51A-U180": {"K51A-U190": 82.57975000000002}, "K51-D050": {"K51-D060": 54.56}, "K51-D280": {"K51-D290": 75.4512}, "K51-U010": {"K51-U020": 25.740000000000002}, "K58-D060": {"K58-D070": 158.07000000000002}, "K51A-D220": {"K51A-D230": 141.02000000000004}, "K51A-D040": {"K51A-D050": 103.57459067999999}, "K51-U190": {"K51-U200": 72.6462}, "K53-U010": {"K53-U020": 270.818339}, "K51A-D030": {"K51A-D040": 40.36967}, "K52-nU290": {"K52-nU300": 35.89300000000001}, "K58-U090": {"K58-U100": 165.51488139999998}, "K51-D240": {"K51-D250": 135.3}, "K58-D150": {"K58-D160": 75.67701900000002}, "K51-U150": {"K51-U160": 99.8965}, "K52-nU080": {"K52-nU090": 85.19236}, "K53-U020": {"K53-U030": 165.68728605330003}, "K51A-U150": {"K51A-U160": 113.45400000000002}, "K51-D200": {"K51-D210": 151.58}, "K54-U020": {"K54-U030": 141.00074999999998}, "K51A-D260": {"K51A-D270": 71.962}, "K52-nU020": {"K52-nU030": 109.03024}, "K51-D210": {"K51-D220": 209.97899999999998}, "K51A-U170": {"K51A-U180": 77.3764519}, "K52-nD040": {"K52-nD050": 29.545582000000007}, "K53-D140": {"K53-D150": 174.65920999999997}, "K51A-D100": {"K51A-D110": 45.2837}, "K52A-U120": {"K52A-U130": 96.78900000000002}, "K58-D140": {"K58-D150": 40.81}, "K51-D140": {"K51-D150": 63.580000000000005}, "K53-D030": {"K53-D040": 90.86}, "K52-nD210": {"K52-nD220": 226.60000000000002}, "K53-U100": {"K53-U110": 79.29053}, "K51A-D080": {"K51A-D090": 166.01178000000004}, "K58-U110": {"K58-U120": 148.40353000000002}, "K52-nD070": {"K52-nD080": 141.8714}, "K51-U130": {"K51-U140": 68.26963}, "K51-U220": {"K51-U230": 60.92900000000001}, "K52-nU090": {"K52-nU100": 112.94800000000001}, "K52A-D140": {"K52A-D150": 132.0}, "K58-D070": {"K58-D080": 126.55529944200002}, "K52A-D050": {"K52A-D060": 34.045}, "K58-U100": {"K58-U110": 95.12264300000001}, "K53-U080": {"K53-U090": 83.25628547500003}, "K51-D100": {"K51-D110": 162.1708}, "K51-U060": {"K51-U070": 301.40000000000003}, "K53-D040": {"K53-D050": 74.97644}, "K53-U050": {"K53-U060": 147.20389750000004}, "K51A-U220": {"K51A-U230": 119.9}, "K51-U040": {"K51-U050": 130.68}, "K54-U040": {"K54-U050": 148.65301000000005}, "K52A-D070": {"K52A-D080": 134.92600000000002}, "K58-D090": {"K58-D100": 125.45918000000002}, "K51-U080": {"K51-U090": 184.03000000000003}, "K51-U210": {"K51-U220": 55.221345982}, "K53-U130": {"K53-U140": 69.6014198}, "K51-U020": {"K51-U030": 106.12844}, "K52-nD220": {"K52-nD230": 141.108}, "K51A-D250": {"K51A-D260": 110.00000000000001}, "K52A-U020": {"K52A-U030": 102.19000000000001}, "K53-U030": {"K53-U040": 235.75022824067}, "K52-nD200": {"K52-nD210": 144.111}, "K52A-D010": {"K52A-D020": 277.21823933285896}, "K58-D100": {"K58-D110": 180.95000000000002}, "K58-U080": {"K58-U090": 78.05160000000004}, "K53-U060": {"K53-U070": 77.80201}, "K52A-U015": {"K52A-U020": 193.017}, "K53-U120": {"K53-U130": 78.32466191000002}, "K53-D010": {"K53-D015": 117.441038}, "K58-U020": {"K58-U023": 97.9004873}, "K58-D040": {"K58-D050": 113.30000000000001}, "K52-nD060": {"K52-nD070": 129.3476831685983}, "K52A-U170": {"K52A-U180": 275.3750320785301}, "K52A-D100": {"K52A-D110": 59.38350000000001}, "K54-D010": {"K54-D020": 211.29808700000007}, "K53-U040": {"K53-U050": 147.11213284768002}, "K51-D220": {"K51-D230": 257.19100000000003}, "K51A-U090": {"K51A-U100": 179.344}, "K51-U200": {"K51-U210": 81.7729}, "K52-nU220": {"K52-nU230": 99.22}, "K52-nU070": {"K52-nU080": 105.07101}, "K52-nU120": {"K52-nU140": 128.72200000000004}, "K51-D170": {"K51-D180": 116.798}, "K51-U180": {"K51-U190": 122.85900000000001}, "K51A-U070": {"K51A-U080": 206.89900000000003}, "K53-U140": {"K53-D010": 83.87776074791071}, "K52A-D110": {"K52A-D120": 143.0}, "K52-nU260": {"K52-nU270": 78.10000000000001}, "K54-U030": {"K54-U040": 122.14220700000007}, "K52A-U080": {"K52A-U090": 76.75833}, "K51A-U050": {"K51A-U060": 263.33945000000006}, "K51-D270": {"K51-D280": 113.74000000000001}, "K52-nU030": {"K52-nU040": 150.59}, "K51-D150": {"K51-D160": 187.935}, "K53-D050": {"K53-D060": 88.32967000000001}, "K52-nD180": {"K52-nD190": 157.79214000000005}, "K58-D160": {"K58-D170": 213.2944}, "K53-D110": {"K53-D120": 186.31470000000004}, "K51A-U010": {"K51A-U020": 43.34}, "K51A-U190": {"K51A-U200": 74.47}, "K53-U090": {"K53-U100": 134.28786601999997}, "K58-D190": {"K58-D193": 191.1833}, "K54-D040": {"K54-D050": 172.90899999999996}, "K58-D110": {"K58-D120": 160.60000000000002}, "K58-U150": {"K58-U160": 179.88300000000004}, "K58-D200": {"K58-D210": 77.97900000000001}, "K51A-U120": {"K51A-U130": 138.01700000000002}, "K51A-U110": {"K51A-U120": 138.16000000000003}, "K52A-U040": {"K52A-U050": 149.53631000000001}, "K51A-U080": {"K51A-U090": 190.69193}, "K51A-U160": {"K51A-U170": 80.96000000000001}, "K52-nU230": {"K52-nU240": 77.242}, "K51A-D110": {"K51A-D120": 55.797467}, "K52A-U030": {"K52A-U040": 44.30470000000001}, "K52A-D040": {"K52A-D050": 12.100000000000001}, "K58-U200": {"K58-U210": 66.58883000000002}, "K51-D040": {"K51-D050": 51.81}, "K52-nU040": {"K52-nU050": 70.433}, "K52-nD150": {"K52-nD160": 97.59860000000002}, "K58-D080": {"K58-D090": 135.87442000000001}, "K52-nU200": {"K52-nU210": 91.23070000000001}, "K51-U110": {"K51-U120": 141.99185000000006}, "K53-D120": {"K53-D130": 91.44300000000001}, "K51A-D070": {"K51A-D080": 92.34500000000001}, "K52-nU140": {"K52-nU150": 192.885}, "K52-nU210": {"K52-nU220": 78.10000000000001}, "K58-U120": {"K58-U130": 133.43}, "K52A-D030": {"K52A-D040": 6.809}, "K51-U140": {"K51-U150": 62.062}, "K51A-U210": {"K51A-U220": 76.17280000000001}, "K51A-D090": {"K51A-D100": 84.94310000000002}, "K51A-U100": {"K51A-U110": 249.30180000000001}, "K52-nU060": {"K52-nU070": 167.20000000000002}, "K52A-U090": {"K52A-U100": 111.15500000000002}, "K52-nU250": {"K52-nU260": 78.78200000000001}, "K53-D190": {"K53-U011": 451.00000000000006}, "K52-nU270": {"K52-nU280": 160.3664834527313}, "K58-U010": {"K58-U020": 71.94000000000001}, "K54-U010": {"K54-U020": 71.28}, "K52-nD080": {"K52-nD090": 61.160000000000004}, "K58-D120": {"K58-D130": 139.865}, "K52-nU150": {"K52-nU160": 104.38537999999998}, "K58-U170": {"K58-U180": 246.07000000000002}, "K58-U050": {"K58-U060": 40.7}, "K51A-U040": {"K51A-U050": 131.45}, "K58-D010": {"K58-D020": 18.7}, "K51A-U020": {"K51A-U030": 102.06344500000002}, "K51-D060": {"K51-D070": 73.183}, "K51A-U230": {"K51A-U240": 42.68000000000001}, "K52-nU240": {"K52-nU250": 61.49000000000001}, "K52A-U070": {"K52A-U080": 81.51000000000002}, "K51A-U140": {"K51A-U150": 53.900000000000006}, "K52A-D060": {"K52A-D070": 129.34768316859828}, "K51A-D170": {"K51A-D180": 185.9}, "K51-D110": {"K51-D120": 89.38985}, "K52A-D150": {"K52A-D160": 79.2}, "K51A-D230": {"K51A-D240": 196.85600000000005}, "K52-nU010": {"K52-nU020": 27.610000000000003}, "K54-D050": {"K54-D060": 109.657845},