{"K65A-U070": {"K65A-U080": 36.601290000000006}, "K65A-D070": {"K65A-D080": 93.93821910000003}, "K65A-D080": {"K65A-D090": 53.225854000000005}, "K65A-U100": {"K65A-U110": 57.089449999999985}, "K65-D020": {"K65-D030": 91.58600000000001}, "K66-D060": {"K66-D070": 41.39190000000001}, "K68-D060": {"K68-D070": 73.7}, "K65-D160": {"K65-D170": 150.678}, "K66-D080": {"K66-D090": 67.58477}, "K66-U090": {"K66-U100": 77.561}, "K65A-D040": {"K65A-D050": 71.64139323000002}, "K65-U050": {"K65-U060": 121.58189999999999}, "K65A-U080": {"K65A-U090": 63.823540000000015}, "K66-D130": {"K66-D140": 42.68000000000001}, "K66-D070": {"K66-D080": 56.9877}, "K66-D020": {"K66-D030": 75.34780000000002}, "K68-D110": {"K68-D120": 101.4475}, "K65-U170": {"K65-U180": 66.00484000000002}, "K68-U090": {"K68-U100": 150.16760000000005}, "K65A-U120": {"K65A-U130": 63.726300000000016}, "K65-D080": {"K65-D090": 60.90590154}, "K65A-U010": {"K65A-U020": 60.599000000000004}, "K65-U100": {"K65-U110": 168.25600000000003}, "K65A-U090": {"K65A-U100": 53.6591}, "K68-D100": {"K68-D110": 87.01}, "K65A-D100": {"K65A-D110": 241.76523800000004}, "K66-D040": {"K66-D050": 43.29600000000001}, "K65-D050": {"K65-D060": 75.24}, "K65-U070": {"K65-U080": 66.594}, "K65-U210": {"K65-U220": 84.15}, "K66-U010": {"K66-U020": 136.65300000000002}, "K66-D140": {"K66-D150": 110.69278000000001}, "K65-U220": {"K65-U230": 77.33000000000001}, "K68-D190": {"K68-D200": 44.176}, "K65-D060": {"K65-D070": 94.38000000000001}, "K65A-U040": {"K65A-U050": 67.55447600000001}, "K66-U100": {"K66-U110": 69.30000000000001}, "K65-U120": {"K65-U130": 179.52145860000002}, "K65A-U060": {"K65A-U070": 47.1339}, "K65A-U020": {"K65A-U030": 152.52931100000004}, "K65-D110": {"K65-D120": 139.92000000000002}, "K68-U150": {"K68-U160": 84.03999999999999}, "K65A-D010": {"K65A-D020": 48.988391793000005}, "K65A-D030": {"K65A-D040": 54.669999999999995}, "K65-U140": {"K65-U150": 110.11000000000001}, "K65-D170": {"K65-D180": 111.10000000000001}, "K68-D050": {"K68-D060": 72.27000000000001}, "K65-U200": {"K65-U210": 71.20645400000001}, "K65A-D090": {"K65A-D100": 103.67889620000001}, "K65-U110": {"K65-U120": 119.9}, "K65-D150": {"K65-D160": 77.55715000000002}, "K65-D030": {"K65-D040": 65.769}, "K66-D010": {"K66-D020": 15.290000000000003}, "K65A-D020": {"K65A-D030": 79.4928249379}, "K65-D070": {"K65-D080": 141.92860000000005}, "K65-U060": {"K65-U070": 40.480000000000004}, "K66-D190": {"K66-D200": 107.47}, "K65A-U050": {"K65A-U060": 36.5255}, "K65-D180": {"K65-D190": 127.49000000000004}, "K65A-D050": {"K65A-D060": 73.16508496}, "K68-D010": {"K68-D020": 44.88}, "K65A-D060": {"K65A-D070": 73.3806667}, "K65A-U030": {"K65A-U040": 27.413099999999996}, "K66-U120": {"K66-U130": 58.300000000000004}, "K65-D040": {"K65-D050": 86.35088}, "K66-U170": {"K66-U180": 37.84}, "K66-U030": {"K66-U040": 137.5}, "K66-D050": {"K66-D060": 40.7}, "K66-U110": {"K66-U120": 44.516999999999996}, "K68-U030": {"K68-U040": 24.310000000000002}, "K66-U140": {"K66-U150": 56.1}, "K66-D110": {"K66-D120": 42.833999999999996}, "K65-D130": {"K65-D140": 96.80000000000001}, "K68-U110": {"K68-U120": 206.8}, "K66-U130": {"K66-U140": 58.608000000000004}, "K68-D170": {"K68-D180": 40.7}, "K65A-U110": {"K65A-U120": 80.3}, "K68-U010": {"K68-U020": 108.57440000000001}, "K65-U130": {"K65-U140": 29.689000000000004}, "K65-D120": {"K65-D130": 74.69880000000002}, "K66-U160": {"K66-U170": 45.582515000000015}, "K68-D090": {"K68-D100": 96.91000000000001}, "K65-D010": {"K65-D020": 47.79280000000001}, "K66-D120": {"K66-D130": 70.45500000000001}, "K68-D070": {"K68-D080": 227.70000000000002}, "K66-U060": {"K66-U070": 227.821}, "K65-D100": {"K65-D110": 227.007}, "K68-D120": {"K68-D130": 183.70000000000002}, "K65-U190": {"K65-U200": 65.89}, "K66-D230": {"K66-D240": 95.92000000000002}, "K65-D090": {"K65-D100": 125.84000000000003}, "K66-U150": {"K66-U160": 54.89000000000001}, "K68-U060": {"K68-U070": 71.5}, "K68-D180": {"K68-D190": 39.49}, "K65-D140": {"K65-D150": 110.473}, "K66-D220": {"K66-D230": 110.253}, "K66-U050": {"K66-U060": 50.0148}, "K66-D150": {"K66-D160": 81.4}, "K68-U040": {"K68-U050": 56.43000000000001}, "K66-D100": {"K66-D110": 34.61832}, "K66-D180": {"K66-D190": 124.30000000000001}, "K68-U120": {"K68-U130": 172.70000000000002}, "K66-U040": {"K66-U050": 178.75000000000003}, "K68-U130": {"K68-U140": 187.44000000000003}, "K68-D140": {"K68-D150": 38.61}, "K65-U020": {"K65-U030": 181.50000000000003}, "K68-U050": {"K68-U060": 47.300000000000004}, "K66-D030": {"K66-D040": 47.300000000000004}, "K66-U210": {"K66-U220": 45.1}, "K65-U160": {"K65-U170": 68.31}, "K66-U200": {"K66-U210": 45.43}, "K66-D090": {"K66-D100": 48.400000000000006}, "K68-U160": {"K68-U170": 78.10000000000001}, "K66-D200": {"K66-D210": 124.41000000000004}, "K66-U020": {"K66-U030": 208.65900000000005}, "K68-D130": {"K68-D140": 70.29}, "K66-U080": {"K66-U090": 207.9}, "K68-U070": {"K68-U080": 48.6673}, "K65-U010": {"K65-U020": 321.20000000000005}, "K66-D210": {"K66-D220": 148.5}, "K65-U090": {"K65-U100": 58.300000000000004}, "K68-D160": {"K68-D170": 118.80000000000001}, "K66-D160": {"K66-D170": 157.3}, "K66-U070": {"K66-U080": 277.20000000000005}, "K66-U190": {"K66-U200": 75.9}, "K66-U180": {"K66-U190": 77.0}, "K68-D200": {"K68-U011": 81.4}, "K68-D040": {"K68-D050": 127.60000000000001}}