{"K74-D020": {"K74-D030": 145.03112256127426}, "K73-U020": {"K73-U030": 181.37482000000003}, "K76-D030": {"K76-D040": 65.97616223416392}, "K73-D120": {"K73-D130": 117.16100000000002}, "K73-D150": {"K73-D160": 55.25938}, "K73-U060": {"K73-U070": 139.68113950782018}, "K75P-D010": {"K75P-D020": 149.91250813000005}, "K73-U090": {"K73-U100": 168.76035000000002}, "K75A-U020": {"K75A-U030": 137.63968900000003}, "K75A-D010": {"K75A-D020": 208.65900000000002}, "K74-D080": {"K74-D090": 181.50000000000003}, "K75P-U080": {"K75P-U090": 49.049}, "K76-D020": {"K76-D030": 131.03475411842206}, "K75P-U110": {"K75P-U120": 81.392846073}, "K73-D040": {"K73-D050": 96.797877}, "K73-U110": {"K73-U120": 205.1664689623023}, "K76-U020": {"K76-U030": 141.34730308710002}, "K73-D090": {"K73-D100": 57.74670000000001}, "K75P-D050": {"K75P-D060": 89.59280000000001}, "K73-U070": {"K73-U080": 178.36271220900002}, "K75P-D020": {"K75P-D030": 36.05258063000001}, "K76-U030": {"K76-U040": 163.09347520195044}, "K75P-D070": {"K75P-D080": 92.77411}, "K75A-D030": {"K75A-D040": 47.735820000000004}, "K73-U030": {"K73-U040": 98.03921426035001}, "K73-U080": {"K73-U090": 279.4169488000001, "K73-U110": 151.48703893321235}, "K74-U010": {"K74-U020": 183.81}, "K75A-U030": {"K75A-D010": 251.98591000000005}, "K75P-U120": {"K75P-U130": 68.314147}, "K75P-U100": {"K75P-U110": 55.5101668}, "K76-D010": {"K76-D020": 170.44801074533035}, "K73-D030": {"K73-D040": 136.51}, "K75P-U070": {"K75P-U080": 110.799095}, "K75A-U010": {"K75A-U020": 45.411949}, "K75A-D070": {"K75A-D080": 60.96420000000002}, "K73-D130": {"K73-D140": 147.983}, "K73-U050": {"K73-U060": 110.2942478}, "K75P-U050": {"K75P-U060": 159.786}, "K73-U040": {"K73-U050": 75.7201676, "K73-U060": 166.10000000000002}, "K75A-D080": {"K75A-D090": 106.7}, "K75P-D060": {"K75P-D070": 182.025151}, "K73-D140": {"K73-D150": 176.38500000000002}, "K75A-D090": {"K75A-D100": 53.2048}, "K75A-D060": {"K75A-D070": 64.40500000000002}, "K75P-D040": {"K75P-D050": 173.90923000000006}, "K76-U040": {"K76-U050": 182.08374360000002}, "K74-D030": {"K74-D040": 118.80000000000001}, "K73-U010": {"K73-U020": 75.64511900000002}, "K75P-U130": {"K75P-U140": 47.300000000000004}, "K73-D010": {"K73-D020": 88.935}, "K73-U100": {"K73-U110": 257.301957}, "K75P-U090": {"K75P-U100": 49.17}, "K75A-D100": {"K75A-D110": 94.12249}, "K75A-D020": {"K75A-D030": 19.139999999999997}, "K74-D010": {"K74-D020": 156.20000000000002}, "K74-D050": {"K74-D060": 117.3887}, "K74-U060": {"K74-U070": 125.444}, "K76-U010": {"K76-U020": 8.964019988}, "K75P-U010": {"K75P-U020": 103.4}, "K74-D110": {"K74-U002": 194.70000000000002}, "K74-U080": {"K74-U090": 240.163}, "K75P-D030": {"K75P-D040": 95.93210000000002}, "K75A-D110": {"K75A-U011": 202.55730000000003}, "K74-D060": {"K74-D070": 160.16000000000003}, "K74-D090": {"K74-U011": 82.06}, "K74-U020": {"K74-U030": 114.62}, "K75A-D050": {"K75A-D060": 67.78200000000001}, "K74-U090": {"K74-U100": 219.88780000000003}, "K74-U004": {"K74-U007": 71.5}, "K75P-U020": {"K75P-U030": 108.768}, "K73-D100": {"K73-D110": 199.18800000000005}, "K73-D080": {"K73-D090": 276.32000000000005}, "K74-U007": {"K74-U010": 246.95000000000005}, "K74-U011": {"K74-D100": 152.163}, "K74-D100": {"K74-D110": 93.06}, "K73-D110": {"K73-D120": 114.4}, "K75P-U040": {"K75P-U050": 95.7}, "K74-U001": {"K74-U004": 150.70000000000002}, "K75P-U060": {"K75P-U070": 28.919}, "K74-U040": {"K74-U050": 228.8}, "K75P-U030": {"K75P-U040": 163.9}, "K74-U050": {"K74-U060": 256.3}, "K75P-U140": {"K75P-D010": 157.41000000000003}, "K74-D040": {"K74-D050": 99.23100000000001}, "K73-D020": {"K73-D030": 135.3}, "K74-U100": {"K74-D010": 115.94000000000003}, "K74-U070": {"K74-U080": 176.0}, "K73-D070": {"K73-D080": 196.90000000000003}}