{"LET": {"WCH": 140.90730900829587, "SOH": 104.71123668466768}}