{"MKK": {"HUH": 188.37200576287688, "KOT": 138.00838371651025}}