{"QUB": {"YAT": 249.64913885413839, "NOP": 130.42801334522852, "TAK": 132.0}}