{"SHT": {"TAW": 58.130855200000006, "FOT": 155.970941720678}, "SHS": {"LMC": 525.2467114984994, "FAN": 125.74764289374912, "LOW": 261.7533201024686}, "SHW": {"SYP": 143.286, "CEN": 132.0}, "SHM": {"TSH": 216.40850809776325, "CIO": 66.0}}