{"SUN": {"DIS": 198.58216213019884, "TSY": 690.6326004179786, "TUC": 823.8769488442643}, "SUW": {"TKW": 126.28000000000002, "KAT": 132.0}}