{"SYP": {"SHW": 192.65400000000002, "HKU": 45.394800000000004}}