{"TIK": {"TKO": 28.117587621290163, "YAT": 141.4216911029687}, "TIS": {"SIH": 389.450832853173, "LOP": 173.90976714657384}, "TIH": {"CAB": 0.0, "FOH": 132.0}}