{"TIK": {"TKO": 24.015670140000005, "YAT": 141.4205937615855}, "TIS": {"SIH": 389.45901890279873, "LOP": 173.90155338871207}}