{"TKO": {"LHP": 268.16733813969586, "TIK": 117.37252027304608, "HAH": 132.6049748390002}, "TKW": {"HOM": 173.50180930000005, "SUW": 125.94935799999999}}