{"TWH": {"KWH": 178.20000000000002, "TSW": 71.90391371023821}, "TWW": {"KSR": 712.0342164557095, "MEF": 351.8880006414452}, "TWO": {"TAP": 120.83280000000002, "FAN": 412.63461740643214}}