{"UNI": {"FOT": 186.45644877897897, "TAP": 430.1199627038266}}