{"WAC": {"ADM": 129.25796000000003, "CAB": 150.1560306}}