{"YAT": {"LAT": 178.20000000000002, "TIK": 141.42155330589975, "QUB": 249.66298453786126}}