{"1": {"6": 164.3027275945371, "2": 59.651252971482435}}