{"5": {"6": 128.5402990349481, "305": 89.22381757958169, "56": 66.0}}