{"DIS": {"SUN": 198.58227997955385}, "DIH": {"HIK": 333.01866721492985, "CHH": 133.1}}