{"FOT": {"UNI": 186.42626160790937, "SHT": 155.9764643191458}, "FOH": {"TIH": 132.0, "NOP": 138.93}}