{"HAH": {"TKO": 92.12727834590297, "POA": 133.3862075440814}}