{"HKU": {"SYP": 132.06633, "KET": 90.63335948012937}}