{"HOK": {"KOW": 177.74027448575617}, "HOM": {"YMT": 19.800000000000004, "HUH": 132.0, "TKW": 138.6}}