{"HUH": {"MKK": 188.3393099139709, "EXC": 199.67329960166072, "HOM": 74.80000000000001, "ETS": 198.00000000000003}}