{"K12-D030": {"K12-D040": 13.083820823831331}, "K12-U010": {"K12-U020": 383.58289563565484}, "K12-D010": {"K12-D020": 170.2863272634846}, "K12-D020": {"K12-D030": 325.54316649800586}, "K12-U020": {"K12-U030": 224.5312641650574}}