{"K54-D010": {"K54-D020": 167.21320000000006}, "K51A-U240": {"K51A-U250": 68.58775}, "K51-D140": {"K51-D150": 70.39560000000002}, "K51-U100": {"K51-U110": 176.77000000000004}, "K52A-D010": {"K52A-D020": 277.21738808608217}, "K52-nD130": {"K52-nD140": 90.97330000000001}, "K53-D110": {"K53-D120": 198.94600000000005}, "K51-D250": {"K51-D260": 182.281}, "K53-U060": {"K53-U070": 79.77394556011102}, "K52-nU030": {"K52-nU040": 143.10999999999999}, "K53-D160": {"K53-D170": 186.54626100000004}, "K51A-D050": {"K51A-D060": 85.547}, "K52A-D130": {"K52A-D140": 88.484}, "K52-nD270": {"K52-nD280": 100.15390000000002}, "K53-U100": {"K53-U110": 79.33180545543}, "K53-U040": {"K53-U050": 135.98561814681779}, "K53-U030": {"K53-U040": 205.3675092634001}, "K54-U020": {"K54-U030": 144.817057}, "K51A-D080": {"K51A-D090": 147.73858}, "K54-U040": {"K54-U050": 194.76402000000002}, "K52-nD040": {"K52-nD050": 23.51305}, "K51A-U030": {"K51A-U040": 67.4358443}, "K52A-D020": {"K52A-D030": 21.865877}, "K52-nD260": {"K52-nD270": 54.34000000000001}, "K51-D260": {"K51-D270": 57.123000000000005}, "K53-U120": {"K53-U130": 73.65246054518681}, "K51A-U050": {"K51A-U060": 266.6623498000001}, "K52-nU040": {"K52-nU050": 64.10799999999999}, "K52-nU190": {"K52-nU200": 149.116}, "K52A-U120": {"K52A-U130": 60.677099999999996}, "K51-D230": {"K51-D240": 82.36360000000002}, "K54-U070": {"K54-D010": 165.836}, "K54-D050": {"K54-D060": 93.78600000000002}, "K53-U140": {"K53-D010": 78.85474961946997}, "K51-D070": {"K51-D080": 61.60000000000001}, "K54-D040": {"K54-D050": 195.6867}, "K52A-D150": {"K52A-D160": 59.400000000000006}, "K51A-D060": {"K51A-D070": 89.21000000000001}, "K51-U020": {"K51-U030": 125.62000000000003}, "K53-D170": {"K53-D180": 308.11}, "K52A-U170": {"K52A-U180": 275.366511913542}, "K51-D080": {"K51-D090": 121.39600000000003}, "K53-D015": {"K53-D020": 49.422889999999995}, "K51A-U190": {"K51A-U200": 41.9947}, "K51A-D120": {"K51A-D140": 109.56000000000002}, "K53-D040": {"K53-D050": 100.3684}, "K51-D110": {"K51-D120": 76.5127}, "K53-U070": {"K53-U080": 57.559116410399994}, "K51-U190": {"K51-U200": 80.28460000000001}, "K51A-U010": {"K51A-U020": 34.991}, "K51-D030": {"K51-D040": 40.81}, "K52A-D170": {"K52A-D180": 82.3669}, "K51-U070": {"K51-U080": 232.94194000000002}, "K51A-D260": {"K51A-D270": 72.644}, "K51-D200": {"K51-D210": 142.098}, "K52A-U090": {"K52A-U100": 86.625}, "K52-nU060": {"K52-nU070": 200.3958}, "K51A-U070": {"K51A-U080": 247.38439000000002}, "K52A-D050": {"K52A-D060": 29.742789999999996}, "K52-nU200": {"K52-nU210": 78.122}, "K53-D120": {"K53-D130": 56.22177000000001}, "K52-nD240": {"K52-nD250": 145.86}, "K53-D050": {"K53-D060": 99.25355000000003}, "K51-U220": {"K51-U230": 65.77571}, "K52-nD060": {"K52-nD070": 129.34768316859828}, "K51A-U140": {"K51A-U150": 60.137}, "K52-nD090": {"K52-nD100": 48.4209}, "K52-nD010": {"K52-nD020": 18.610899999999997}, "K52A-U015": {"K52A-U020": 316.9364}, "K51-D050": {"K51-D060": 59.46271100000001}, "K51-D270": {"K51-D280": 92.18}, "K51-D120": {"K51-D130": 64.57000000000001}, "K51A-U130": {"K51A-U140": 84.7}, "K52A-U020": {"K52A-U030": 84.689}, "K51A-D010": {"K51A-D020": 48.71790000000001}, "K53-U130": {"K53-U140": 49.585340783}, "K51-U080": {"K51-U090": 191.4}, "K53-U110": {"K53-U120": 91.7180680647}, "K52A-D120": {"K52A-D130": 45.39331731}, "K51A-D110": {"K51A-D120": 58.639900000000026}, "K51-U230": {"K51-U240": 51.69010000000001}, "K51A-D210": {"K51A-D220": 79.72998}, "K51A-U220": {"K51A-U230": 77.04222900000002}, "K54-U030": {"K54-U040": 140.635}, "K52-nD230": {"K52-nD240": 157.3}, "K54-D020": {"K54-D030": 132.84318259177235}, "K51-D190": {"K51-D200": 168.08}, "K53-D140": {"K53-D150": 196.95940000000002}, "K52-nD210": {"K52-nD220": 201.9545}, "K51A-U160": {"K51A-U170": 66.22}, "K54-U010": {"K54-U020": 76.94500000000001}, "K52A-D040": {"K52A-D050": 18.92}, "K52-nU240": {"K52-nU250": 48.730000000000004}, "K53-D010": {"K53-D015": 116.71}, "K53-D080": {"K53-D090": 56.51483584999998}, "K52-nU270": {"K52-nU280": 160.36558789242366}, "K52-nD250": {"K52-nD260": 190.96000000000004}, "K53-U050": {"K53-U060": 142.40598570000006}, "K51A-D220": {"K51A-D230": 140.16783}, "K51-U120": {"K51-U130": 146.89246000000003}, "K54-D030": {"K54-D040": 110.60060000000001}, "K53-D150": {"K53-D160": 164.2366}, "K53-D060": {"K53-D070": 138.14350000000002}, "K53-U090": {"K53-U100": 109.97582395799998}, "K52A-U010": {"K52A-U015": 302.225}, "K52-nU120": {"K52-nU140": 122.97999999999999}, "K52-nU070": {"K52-nU080": 75.93960000000001}, "K52-nD200": {"K52-nD210": 132.34527900000003}, "K53-D020": {"K53-D030": 115.9059}, "K54-U060": {"K54-U070": 227.414}, "K51-U160": {"K51-U170": 110.29590000000003}, "K52-nU280": {"K52-nU290": 39.259}, "K52-nU010": {"K52-nU020": 36.32750000000001}, "K52A-D030": {"K52A-D040": 23.402511000000004}, "K51A-U100": {"K51A-U110": 202.05900000000003}, "K51A-U060": {"K51A-U070": 336.699}, "K51-D020": {"K51-D030": 61.821100000000015}, "K52A-D090": {"K52A-D100": 45.45200000000001}, "K53-D070": {"K53-D080": 72.407731}, "K51A-U120": {"K51A-U130": 145.78795000000005}, "K53-U080": {"K53-U090": 76.58472800000001}, "K51-U050": {"K51-U060": 265.1}, "K52A-D070": {"K52A-D080": 101.09}, "K52-nU290": {"K52-nU300": 37.400000000000006}, "K51-D180": {"K51-D190": 205.161}, "K53-U010": {"K53-U020": 208.61891412999998}, "K53-D030": {"K53-D040": 75.40500000000002}, "K52-nD170": {"K52-nD180": 101.2}, "K52-nU220": {"K52-nU230": 101.266}, "K53-D180": {"K53-D190": 68.31000000000002}, "K51A-D230": {"K51A-D240": 147.54300000000003}, "K52A-D180": {"K52A-D190": 159.61}, "K54-U050": {"K54-U060": 339.284}, "K51-D150": {"K51-D160": 195.954}, "K51A-D090": {"K51A-D100": 63.37210000000001}, "K52-nU140": {"K52-nU150": 186.45000000000002}, "K52A-U140": {"K52A-U150": 160.36558789242366}, "K52A-U160": {"K52A-U170": 28.501000000000005}, "K52A-U060": {"K52A-U070": 139.08279000000002}, "K51A-U020": {"K51A-U030": 125.41742741}, "K51A-U230": {"K51A-U240": 15.73}, "K51A-D240": {"K51A-D250": 60.50000000000001}, "K51A-D040": {"K51A-D050": 88.44880000000002}, "K51A-D180": {"K51A-D190": 120.7195}, "K52-nU110": {"K52-nU120": 174.713}, "K52-nD190": {"K52-nD200": 201.883}, "K52-nU100": {"K52-nU110": 210.10000000000002}, "K51-D220": {"K51-D230": 271.07300000000004}, "K51A-D020": {"K51A-D030": 78.96900000000001}, "K52A-U130": {"K52A-U140": 36.849560000000004}, "K51-U060": {"K51-U070": 324.632}, "K51-U140": {"K51-U150": 48.61131}, "K51-U030": {"K51-U040": 80.30000000000001}, "K51-D160": {"K51-D170": 61.82000000000001}, "K52-nD120": {"K52-nD130": 48.740967000000005}, "K52-nD100": {"K52-nD110": 49.830000000000005}, "K52A-D140": {"K52A-D150": 92.51}, "K52-nU170": {"K52-nU180": 135.56322835}, "K52A-D100": {"K52A-D110": 54.738530000000004}, "K51A-U040": {"K51A-U050": 148.06}, "K51-D280": {"K51-D290": 78.10000000000001}, "K52-nD280": {"K52-nD290": 104.50000000000001}, "K51A-D150": {"K51A-D160": 100.10000000000001}, "K52A-U110": {"K52A-U120": 58.26700000000001}, "K52-nU050": {"K52-nU060": 246.18}, "K52A-U150": {"K52A-U160": 32.582}, "K52A-D160": {"K52A-D170": 145.00532200000004}, "K51A-D250": {"K51A-D260": 105.80900000000001}, "K52-nD080": {"K52-nD090": 72.27000000000001}, "K52-nU180": {"K52-nU190": 74.36}, "K51-U240": {"K51-U250": 90.53}, "K52A-U040": {"K52A-U050": 117.98237000000002}, "K53-D130": {"K53-D140": 110.04400000000001}, "K52A-D060": {"K52A-D070": 129.34768316859828}, "K52A-U100": {"K52A-U110": 51.15}, "K52A-U050": {"K52A-U060": 51.09446100000001}, "K52A-U070": {"K52A-U080": 67.122}, "K51A-U200": {"K51A-U210": 51.040000000000006}, "K52-nD110": {"K52-nD120": 135.46500000000003}, "K51-D170": {"K51-D180": 129.8}, "K52A-U080": {"K52A-U090": 73.59}, "K52-nU150": {"K52-nU160": 93.50000000000001}, "K52-nD220": {"K52-nD230": 182.49}, "K51-D060": {"K51-D070": 72.60000000000001}, "K52-nD140": {"K52-nD150": 143.627}, "K53-D090": {"K53-D100": 51.22700000000001}, "K52-nU300": {"K52-nU310": 35.480500000000006}, "K52-nU020": {"K52-nU030": 110.83600000000001}, "K51A-U150": {"K51A-U160": 131.12},