{"K76-D030": {"K76-D040": 51.913218000141796}, "K73-U040": {"K73-U050": 99.69257314500001, "K73-U060": 231.61600000000004}, "K73-D030": {"K73-D040": 116.49000000000001}, "K75A-D020": {"K75A-D030": 14.985742640000003}, "K73-U100": {"K73-U110": 252.6550620000001}, "K76-U040": {"K76-U050": 200.1049039}, "K73-U070": {"K73-U080": 156.3522090909412}, "K75P-U100": {"K75P-U110": 57.44992}, "K73-D040": {"K73-D050": 75.15200000000002}, "K76-U020": {"K76-U030": 170.37512074000003}, "K75A-D030": {"K75A-D040": 36.2148127}, "K75A-D100": {"K75A-D110": 90.58279999999999}, "K76-D020": {"K76-D030": 127.83062326701702}, "K73-U080": {"K73-U090": 299.55882, "K73-U110": 151.48186865393546}, "K73-U110": {"K73-U120": 243.93926047352502}, "K75P-D020": {"K75P-D030": 28.21445}, "K74-U011": {"K74-D100": 125.4}, "K73-U090": {"K73-U100": 100.0348758898588}, "K74-U100": {"K74-D010": 96.64930000000001}, "K73-D120": {"K73-D130": 124.3803}, "K75P-D050": {"K75P-D060": 79.23600727900003}, "K73-U060": {"K73-U070": 137.22047437747145}, "K75A-U030": {"K75A-D010": 233.47499999999997}, "K75A-U020": {"K75A-U030": 132.67760000000004}, "K76-D010": {"K76-D020": 170.4554472763758}, "K74-U030": {"K74-U040": 281.6}, "K75P-U080": {"K75P-U090": 53.50535233999999}, "K75A-D080": {"K75A-D090": 85.020045759}, "K75P-D010": {"K75P-D020": 130.95069361}, "K74-U020": {"K74-U030": 125.64508000000001}, "K73-D100": {"K73-D110": 168.38074000000003}, "K76-U030": {"K76-U040": 163.09347520195044}, "K75P-D040": {"K75P-D050": 156.06470000000002}, "K75A-D060": {"K75A-D070": 32.0900008}, "K74-D010": {"K74-D020": 161.5152}, "K73-D080": {"K73-D090": 251.90000000000003}, "K73-U050": {"K73-U060": 110.91371794371}, "K74-U070": {"K74-U080": 87.12}, "K73-U030": {"K73-U040": 100.30057839999998}, "K73-D130": {"K73-D140": 151.42533999999998}, "K74-D040": {"K74-D050": 61.60000000000001}, "K73-U010": {"K73-U020": 69.245}, "K75A-D010": {"K75A-D020": 192.70900000000003}, "K75P-D060": {"K75P-D070": 178.13400000000004}, "K74-U001": {"K74-U004": 152.24}, "K73-D010": {"K73-D020": 89.32000000000001}, "K73-D050": {"K73-D070": 106.59}, "K74-U090": {"K74-U100": 173.36}, "K73-D020": {"K73-D030": 71.06000000000002}, "K74-U040": {"K74-U050": 99.55}, "K73-D090": {"K73-D100": 86.94399999999999}, "K73-D140": {"K73-D150": 200.44200000000004}, "K75P-U130": {"K75P-U140": 41.07862000000001}, "K75P-D070": {"K75P-D080": 97.32566800000001}, "K75P-U140": {"K75P-D010": 144.6907}, "K75A-U010": {"K75A-U020": 48.059000000000005}, "K75A-D040": {"K75A-D050": 40.7}, "K76-U010": {"K76-U020": 24.4531639}, "K74-U007": {"K74-U010": 236.50000000000003}, "K73-U020": {"K73-U030": 179.0503}, "K75P-U090": {"K75P-U100": 39.27}, "K75P-U030": {"K75P-U040": 116.60000000000001}, "K75A-D110": {"K75A-U011": 152.834}, "K73-D110": {"K73-D120": 91.3}, "K75P-U120": {"K75P-U130": 69.29966999999999}, "K75P-U020": {"K75P-U030": 104.39000000000001}, "K75P-U010": {"K75P-U020": 97.9}, "K74-U060": {"K74-U070": 168.08}, "K74-U050": {"K74-U060": 209.44000000000005}, "K73-D070": {"K73-D080": 157.30110000000005}, "K74-U080": {"K74-U090": 264.44}, "K74-D050": {"K74-D060": 99.00000000000001}, "K75A-D050": {"K75A-D060": 79.71920000000001}, "K75P-U060": {"K75P-U070": 32.58959}, "K74-D070": {"K74-D080": 233.20000000000002}, "K73-D150": {"K73-D160": 51.81}, "K75P-U110": {"K75P-U120": 88.0}, "K75P-D030": {"K75P-D040": 129.54821}, "K74-U004": {"K74-U007": 84.7}, "K74-D080": {"K74-D090": 152.9}, "K74-U010": {"K74-U020": 201.3}, "K75A-D070": {"K75A-D080": 34.963499999999996}, "K74-D060": {"K74-D070": 140.8}, "K75P-U040": {"K75P-U050": 100.10000000000001}, "K75P-U070": {"K75P-U080": 112.2}, "K75P-D080": {"K75P-U011": 150.04000000000002}, "K75P-U050": {"K75P-U060": 144.98000000000002}, "K74-D110": {"K74-U002": 174.9}, "K75A-D090": {"K75A-D100": 42.900000000000006}}