{"NAC": {"OLY": 99.0777200579315, "AUS": 223.93069956113527, "LAK": 297.3167730092625, "MEF": 173.14254853482151}}