{"QUB": {"YAT": 249.64526002660236, "TAK": 138.23700000000002, "NOP": 121.16573992541468}}