{"SUN": {"DIS": 198.58233387484285, "TSY": 690.6200735341441, "TUC": 823.8869823991447}, "SUW": {"TKW": 133.06404172147745, "KAT": 119.02618046000002}}