{"TAW": {"KOT": 320.63346078934666, "HIK": 132.0, "SHT": 79.86}, "TAP": {"UNI": 430.12725955667185, "TWO": 186.15300000000002}, "TAK": {"SWH": 132.0}}