{"TKO": {"LHP": 128.59823683960403, "TIK": 191.40000000000003}, "TKW": {"SUW": 132.0}}