{"TUC": {"SUN": 823.8841562748148}, "TUM": {"SIH": 154.43747735973886}}