{"TWO": {"FAN": 389.36824594954066, "TAP": 119.40090775376898}, "TWW": {"KSR": 712.0182131059994, "MEF": 351.87985749213357}, "TWH": {"KWH": 120.68281137232789, "TSW": 72.11498584743796}}