{"TWO": {"FAN": 412.63814685956714, "TAP": 116.1152388}, "TWW": {"KSR": 712.0342164557095, "MEF": 351.82771904869134}, "TWH": {"KWH": 198.00000000000003}}