{"YMT": {"MOK": 92.28634486681347, "HOM": 152.65261775202424, "JOR": 105.71225828082117}}