{"CKT": {"STW": 119.544799022386, "TAW": 114.06979776816232}}