{"EXC": {"HUH": 199.65830784569977, "ADM": 56.22090229243419}}