{"HFC": {"SKW": 164.19303254313542, "CHW": 148.76628625489133}}