{"HUH": {"EXC": 199.68004018788992, "MKK": 188.34839797738405, "HOM": 132.0, "ETS": 140.8}}