{"K12-D020": {"K12-D030": 261.07952116274737}, "K12-U010": {"K12-U020": 234.2265548801789}, "K12-D030": {"K12-D040": 14.595160069171573}, "K12-D010": {"K12-D020": 130.11085580581886}, "K12-U020": {"K12-U030": 161.81556329538063}, "K18-D010": {"K18-D020": 260.2669432}, "K18-D020": {"K18-D030": 88.71838293999998}, "K17-D010": {"K17-D020": 47.1229}, "K18-U020": {"K18-U030": 58.818268814972704}, "K18-U010": {"K18-U020": 303.10731000000004}, "K14-D020": {"K14-D030": 18.045834686000006}, "K17-D020": {"K17-D030": 113.146}, "K17-U030": {"K17-U040": 74.27903999999998}, "K14-D010": {"K14-D020": 274.0106974}, "K17-U010": {"K17-U020": 256.64254}, "K17-U020": {"K17-U030": 135.84999999999997}}