{"K12-D020": {"K12-D030": 318.9632761455138}, "K12-U010": {"K12-U020": 286.59157258051715}, "K12-D030": {"K12-D040": 13.971281492682518}, "K12-D010": {"K12-D020": 149.3601341443205}, "K12-U020": {"K12-U030": 195.01795901748477}}