{"KF1": {"KF3": 686.7722899500607, "KF5": 767.8871517123947}, "KF6": {"KF4": 250.9580455317379}, "KF4": {"KF6": 250.9580472188858, "KF2": 1022.626087541334}, "KF3": {"KF1": 686.7722701045179}, "KF5": {"KF1": 767.8871508046207}, "KF2": {"KF4": 1022.6260829799343}}