{"MEF": {"LCK": 132.0, "LAK": 125.99872117716559, "TWW": 351.8440553603276, "NAC": 173.14254853482151}}