{"MOK": {"PRE": 113.00857556999999, "YMT": 127.18860000000002}, "MOS": {"HEO": 132.99}}