{"NAC": {"AUS": 223.93606082404898, "LAK": 297.3198712272233, "MEF": 173.17114134341952, "OLY": 123.35723399999999}}