{"NAC": {"AUS": 223.93445838015228, "LAK": 297.3198712272233, "MEF": 173.17784829852275, "OLY": 137.94}}