{"OCP": {"WCH": 133.1823977350152, "ADM": 287.64862656998827}}