{"PRE": {"MOK": 127.797221881834, "SKM": 117.14399280304949, "SSP": 132.5767051091009}}