{"SKM": {"PRE": 125.4, "KOT": 139.21710000000002}, "SKW": {"HFC": 140.6775106, "SWH": 132.0}}