{"SUN": {"DIS": 198.5815831374111, "TSY": 690.6355419441308, "TUC": 823.8745927943104}, "SUW": {"TKW": 180.64860000000004, "KAT": 132.88}}