{"TAW": {"SHT": 132.0, "HIK": 138.6, "KOT": 320.63346078934666}, "TAK": {"QUB": 132.0, "SWH": 132.0}, "TAP": {"TWO": 133.10000000000002, "UNI": 430.12725955667185}}