{"TUC": {"SUN": 823.8732149873199}, "TUM": {"SIH": 154.41779610939486}}