{"WCH": {"LET": 176.11881499059987, "OCP": 128.9036731524653}}