{"WCH": {"LET": 174.90371131016593, "OCP": 127.75263806922541}}