{"YAT": {"TIK": 123.6326859100271, "QUB": 258.56584075673055, "LAT": 164.7966291828689}}