{"YMT": {"HOM": 181.58311089819813, "MOK": 100.2039104883635, "JOR": 133.4521382240099}}