{"JOR": {"TST": 121.3890995387685, "YMT": 131.4117484528879}}