{"K53-U110": {"K53-U120": 89.98}, "K52A-U170": {"K52A-U180": 275.3750320785301}, "K51-U130": {"K51-U140": 82.5}, "K53-D015": {"K53-D020": 39.82}, "K53-U080": {"K53-U090": 61.49000000000001}, "K52-nU030": {"K52-nU040": 106.7}, "K52-nD010": {"K52-nD020": 25.3}, "K54-U060": {"K54-U070": 183.70000000000002}, "K53-U130": {"K53-U140": 58.300000000000004}, "K53-U010": {"K53-U020": 261.8}, "K51-D120": {"K51-D130": 46.2}, "K52-nD170": {"K52-nD180": 111.10000000000001}, "K52-nU200": {"K52-nU210": 85.80000000000001}, "K52-nD150": {"K52-nD160": 86.9}, "K52-nU010": {"K52-nU020": 28.6}, "K53-U020": {"K53-U030": 152.9}, "K52-nU270": {"K52-nU280": 160.36747851973982}, "K51-D260": {"K51-D270": 46.2}, "K52-nU100": {"K52-nU110": 137.5}, "K52-nD210": {"K52-nD220": 172.70000000000002}, "K53-U050": {"K53-U060": 129.8}, "K52-nU280": {"K52-nU290": 42.900000000000006}, "K53-U030": {"K53-U040": 171.60000000000002}, "K51-U240": {"K51-U250": 113.30000000000001}, "K51-U190": {"K51-U200": 88.0}, "K51-U150": {"K51-U160": 69.30000000000001}, "K53-D050": {"K53-D060": 64.9}, "K52-nU080": {"K52-nU090": 57.2}, "K53-U090": {"K53-U100": 83.60000000000001}, "K52-nU260": {"K52-nU270": 55.00000000000001}, "K51-U230": {"K51-U240": 50.6}}