{"K65-U100": {"K65-U110": 132.80421000000004}, "K65-D020": {"K65-D030": 54.914199999999994}, "K66-D140": {"K66-D150": 84.52466}, "K68-D010": {"K68-D020": 49.50000000000001}, "K68-D110": {"K68-D120": 74.58000000000001}, "K65-U070": {"K65-U080": 58.24500000000002}, "K68-D030": {"K68-D040": 69.30000000000001}, "K66-U210": {"K66-U220": 50.391000000000005}, "K68-U170": {"K68-D010": 134.53}, "K66-D170": {"K66-D180": 172.59}, "K68-D070": {"K68-D080": 207.9}, "K65-U040": {"K65-U050": 77.19800000000001}, "K65-U150": {"K65-U160": 56.419}, "K65-U050": {"K65-U060": 102.79500000000003}, "K66-D070": {"K66-D080": 31.633799999999997}, "K65-D150": {"K65-D160": 70.95}, "K65-D090": {"K65-D100": 65.77560000000001}, "K65-U220": {"K65-U230": 78.10000000000001}, "K65-U130": {"K65-U140": 29.380010000000006}, "K66-D200": {"K66-D210": 114.51000000000002}, "K65-U170": {"K65-U180": 48.741330000000005}, "K65-U010": {"K65-U020": 247.698}, "K65-U210": {"K65-U220": 74.1994}, "K65-U160": {"K65-U170": 57.31}, "K65-U180": {"K65-U190": 67.71661049999999}, "K65-D060": {"K65-D070": 57.53000000000001}, "K65-U110": {"K65-U120": 103.24347}, "K66-D120": {"K66-D130": 35.75}, "K66-D130": {"K66-D140": 30.800000000000004}, "K68-D120": {"K68-D130": 134.64000000000001}, "K68-D150": {"K68-D160": 29.700000000000003}, "K68-U120": {"K68-U130": 114.4}, "K66-U170": {"K66-U180": 37.19100000000001}, "K65-U090": {"K65-U100": 53.173604330000025}, "K65-U190": {"K65-U200": 33.65670000000001}, "K66-D220": {"K66-D230": 85.80000000000001}, "K66-U070": {"K66-U080": 151.55800000000005}, "K68-D080": {"K68-D090": 79.2}, "K66-D110": {"K66-D120": 22.0}, "K66-D150": {"K66-D160": 89.54}, "K66-U090": {"K66-U100": 51.7}, "K65-U080": {"K65-U090": 125.95418}, "K66-U160": {"K66-U170": 49.39000000000001}, "K65-U030": {"K65-U040": 74.8682}, "K65-D160": {"K65-D170": 133.6456}, "K66-U180": {"K66-U190": 55.0}, "K68-D130": {"K68-D140": 64.9}, "K68-U090": {"K68-U100": 99.00000000000001}, "K66-D040": {"K66-D050": 15.400000000000002}, "K65-D030": {"K65-D040": 42.900000000000006}, "K65-U200": {"K65-U210": 48.565000000000005}, "K68-D100": {"K68-D110": 95.92}, "K66-U190": {"K66-U200": 68.31000000000002}, "K65-U120": {"K65-U130": 213.246}, "K66-U080": {"K66-U090": 156.20000000000002}, "K68-U110": {"K68-U120": 151.8}, "K65-D180": {"K65-D190": 84.37}, "K66-U150": {"K66-U160": 56.1}, "K66-D020": {"K66-D030": 54.010000000000005}, "K66-U010": {"K66-U020": 124.30000000000001}, "K65-D130": {"K65-D140": 81.74100000000001}, "K66-D050": {"K66-D060": 27.390000000000004}, "K65-U140": {"K65-U150": 94.00600000000001}, "K68-D160": {"K68-D170": 77.0}, "K66-U100": {"K66-U110": 68.20000000000002}, "K66-U060": {"K66-U070": 150.656}, "K65-D110": {"K65-D120": 125.4}, "K65-D080": {"K65-D090": 50.82000000000001}, "K68-D190": {"K68-D200": 60.50000000000001}, "K68-U130": {"K68-U140": 106.7}, "K65-D170": {"K65-D180": 86.63600000000001}, "K65-U020": {"K65-U030": 61.60000000000001}, "K68-U160": {"K68-U170": 74.91}, "K66-D230": {"K66-D240": 86.02000000000001}, "K68-D180": {"K68-D190": 24.200000000000003}, "K65-D140": {"K65-D150": 107.80000000000001}, "K66-D090": {"K66-D100": 30.690000000000005}, "K65-D040": {"K65-D050": 51.7}, "K68-D140": {"K68-D150": 25.3}, "K66-D190": {"K66-D200": 70.62}, "K68-D040": {"K68-D050": 72.60000000000001}, "K66-U130": {"K66-U140": 56.1}, "K68-D060": {"K68-D070": 73.59}, "K66-U030": {"K66-U040": 168.3}, "K66-U110": {"K66-U120": 44.011}, "K68-D200": {"K68-U011": 60.50000000000001}, "K66-D080": {"K66-D090": 41.800000000000004}, "K66-D030": {"K66-D040": 67.10000000000001}, "K66-U200": {"K66-U210": 45.1}}