{"K73-U040": {"K73-U050": 81.20300895117293, "K73-U060": 164.21191479000007}, "K75P-U130": {"K75P-U140": 26.80276025719193}, "K75A-D110": {"K75A-U011": 83.457}, "K75P-U140": {"K75P-D010": 116.88939603575632}, "K73-D030": {"K73-D040": 102.5741195996}, "K73-U080": {"K73-U090": 266.2504397475515, "K73-U110": 151.49355576519434}, "K73-U010": {"K73-U020": 62.179700000000004}, "K73-U110": {"K73-U120": 213.01522967008037}, "K75P-U080": {"K75P-U090": 40.78912766602081}, "K73-U090": {"K73-U100": 98.54116663108059}, "K75P-U050": {"K75P-U060": 168.49140000000003}, "K73-U050": {"K73-U060": 82.18826050512644}, "K75P-U010": {"K75P-U020": 90.255}, "K73-U030": {"K73-U040": 74.71928736292087}, "K73-U060": {"K73-U070": 132.87966622049788}, "K73-D140": {"K73-D150": 186.47161499999999}, "K76-U030": {"K76-U040": 163.09601280473115}, "K75P-U120": {"K75P-U130": 58.51085872357923}, "K75P-D080": {"K75P-U011": 111.07646}, "K73-D070": {"K73-D080": 134.32995400000001}, "K75P-U100": {"K75P-U110": 48.65708371810001}, "K75P-D010": {"K75P-D020": 108.19415412409998}, "K73-U070": {"K73-U080": 138.17033967407002}, "K73-U100": {"K73-U110": 198.50516429026803}, "K75A-D090": {"K75A-D100": 33.6039}, "K76-D010": {"K76-D020": 170.4235602930641}, "K75P-U060": {"K75P-U070": 26.116726845}, "K73-D050": {"K73-D070": 93.31269200000001}, "K75P-D060": {"K75P-D070": 172.43746088800003}, "K73-D010": {"K73-D020": 66.77217580000001}, "K75P-D040": {"K75P-D050": 152.109438893412}, "K73-D120": {"K73-D130": 111.81197499999999}, "K73-D150": {"K73-D160": 48.590674000000014}, "K76-D020": {"K76-D030": 130.66339}, "K75A-D020": {"K75A-D030": 19.021859999999997}, "K75P-D070": {"K75P-D080": 76.64580000000001}, "K75A-D050": {"K75A-D060": 69.77300000000001}, "K75P-D050": {"K75P-D060": 76.00446436000001}, "K75A-D070": {"K75A-D080": 23.98}, "K75P-U090": {"K75P-U100": 43.35096700000001}, "K75A-D100": {"K75A-D110": 111.00100000000002}, "K73-D020": {"K73-D030": 73.73850000000002}, "K73-D100": {"K73-D110": 176.84733000000006}, "K76-D030": {"K76-D040": 73.77117528000001}, "K73-D080": {"K73-D090": 261.36}, "K73-D110": {"K73-D120": 73.450619}, "K73-U020": {"K73-U030": 149.51200000000003}, "K75P-U040": {"K75P-U050": 88.15279}, "K75P-D020": {"K75P-D030": 26.668100470000002}, "K73-D040": {"K73-D050": 84.5636}, "K73-D130": {"K73-D140": 132.42729500000002}, "K75A-D060": {"K75A-D070": 22.088}, "K75P-U020": {"K75P-U030": 116.42400000000002}, "K75A-D030": {"K75A-D040": 59.290000000000006}, "K75P-U070": {"K75P-U080": 97.32240100000003}, "K74-D020": {"K74-D030": 145.02339764528094}, "K75A-D010": {"K75A-D020": 165.869}, "K75P-U110": {"K75P-U120": 80.421}, "K75P-D030": {"K75P-D040": 107.22202809999999}, "K75A-U030": {"K75A-D010": 248.70999999999998}, "K75A-D080": {"K75A-D090": 53.790000000000006}, "K75A-U010": {"K75A-U020": 46.2}, "K73-D090": {"K73-D100": 70.4}, "K75P-U030": {"K75P-U040": 112.75}, "K75A-U020": {"K75A-U030": 151.8}, "K75A-D040": {"K75A-D050": 41.800000000000004}}