{"K73-U040": {"K73-U050": 79.45927031009003, "K73-U060": 163.13075900000004}, "K75P-U130": {"K75P-U140": 26.7252891746577}, "K75A-D110": {"K75A-U011": 83.457}, "K75P-U140": {"K75P-D010": 112.59801979723002}, "K73-D030": {"K73-D040": 102.5741195996}, "K73-U080": {"K73-U090": 266.2504397475515, "K73-U110": 151.4927344974101}, "K73-U010": {"K73-U020": 61.632999999999996}, "K73-U110": {"K73-U120": 212.35460453096343}, "K75P-U080": {"K75P-U090": 40.18791962891201}, "K73-U090": {"K73-U100": 98.03863735402}, "K75P-U050": {"K75P-U060": 168.49140000000003}, "K73-U050": {"K73-U060": 84.21503498645602}, "K75P-U010": {"K75P-U020": 90.255}, "K73-U030": {"K73-U040": 76.8657481526}, "K73-U060": {"K73-U070": 136.07366200061463}, "K73-D140": {"K73-D150": 180.23499999999999}, "K76-U030": {"K76-U040": 163.09421309168022}, "K75P-U120": {"K75P-U130": 58.51085872357923}, "K75P-D080": {"K75P-U011": 111.07646}, "K73-D070": {"K73-D080": 134.71106}, "K75P-U100": {"K75P-U110": 47.82109101000001}, "K75P-D010": {"K75P-D020": 109.03352361}, "K73-U070": {"K73-U080": 138.17033967407002}, "K73-U100": {"K73-U110": 198.64316089200003}, "K75A-D090": {"K75A-D100": 33.67100000000001}, "K76-D010": {"K76-D020": 170.4273618288534}, "K75P-U060": {"K75P-U070": 26.08525205}, "K73-D050": {"K73-D070": 93.31269200000001}, "K75P-D060": {"K75P-D070": 177.05273432}, "K73-D010": {"K73-D020": 66.77217580000001}, "K75P-D040": {"K75P-D050": 154.3820233252}, "K73-D120": {"K73-D130": 112.99749999999999}, "K73-D150": {"K73-D160": 48.590674000000014}, "K76-D020": {"K76-D030": 132.83710000000002}, "K75A-D020": {"K75A-D030": 17.8354}, "K75P-D070": {"K75P-D080": 76.64580000000001}, "K75A-D050": {"K75A-D060": 69.77300000000001}, "K75P-D050": {"K75P-D060": 76.00446436000001}, "K75A-D070": {"K75A-D080": 23.98}, "K75P-U090": {"K75P-U100": 42.82300000000001}, "K75A-D100": {"K75A-D110": 111.00100000000002}, "K73-D020": {"K73-D030": 73.73850000000002}, "K73-D100": {"K73-D110": 176.84733000000006}, "K76-D030": {"K76-D040": 73.77117528000001}, "K73-D080": {"K73-D090": 262.90000000000003}, "K73-D110": {"K73-D120": 73.450619}, "K73-U020": {"K73-U030": 149.51200000000003}, "K75P-U040": {"K75P-U050": 86.70309999999999}, "K75P-D020": {"K75P-D030": 26.086778300000002}, "K73-D040": {"K73-D050": 85.404}, "K73-D130": {"K73-D140": 132.35255}, "K75A-D060": {"K75A-D070": 22.22}, "K75P-U020": {"K75P-U030": 116.42400000000002}, "K75A-D030": {"K75A-D040": 59.290000000000006}, "K75P-U070": {"K75P-U080": 86.62489000000002}, "K74-D020": {"K74-D030": 145.02339764528094}, "K75A-D010": {"K75A-D020": 165.869}, "K75P-U110": {"K75P-U120": 80.19}, "K75P-D030": {"K75P-D040": 107.22202809999999}, "K75A-U030": {"K75A-D010": 248.70999999999998}, "K75A-D080": {"K75A-D090": 53.790000000000006}, "K75A-U010": {"K75A-U020": 46.2}, "K73-D090": {"K73-D100": 70.4}, "K75P-U030": {"K75P-U040": 112.2}, "K75A-U020": {"K75A-U030": 151.8}}