{"LAK": {"NAC": 297.3179232627842, "KWF": 195.01515000000003, "MEF": 126.00406956189457, "TSY": 180.95776369700064}, "LAT": {"YAT": 132.0, "KWT": 132.793881}}