{"LCK": {"CSW": 126.99344102051639, "MEF": 131.76315975170002}}