{"MEF": {"TWW": 351.83917255131456, "NAC": 173.1711413434195, "LAK": 126.00406956189457, "LCK": 132.0}}