{"OCP": {"WCH": 132.37625896024497, "ADM": 287.6320004807032}}