{"SHS": {"LMC": 525.2467114984995, "FAN": 125.73522583012075, "LOW": 261.75493247375704}, "SHT": {"TAW": 221.05409039999995, "FOT": 155.970941720678}, "SHW": {"CEN": 125.56368, "SYP": 147.028629}, "SHM": {"CIO": 134.97, "TSH": 216.38983882450867}}