{"SHS": {"LMC": 525.2467114984995, "FAN": 125.72964287584118, "LOW": 261.75493247375704}, "SHT": {"TAW": 223.61565599999994, "FOT": 155.97969390889307}, "SHW": {"CEN": 125.56368, "SYP": 141.5909}, "SHM": {"CIO": 134.97, "TSH": 216.38983882450867}}