{"SUN": {"TUC": 823.8732149873198, "DIS": 198.58189057189685, "TSY": 690.6326004179786}, "SUW": {"TKW": 132.0}}