{"SUN": {"TUC": 823.8810620499144, "DIS": 198.582332375862, "TSY": 690.6244327215805}, "SUW": {"TKW": 132.0, "KAT": 125.4}}