{"TAP": {"UNI": 430.1258473853234, "TWO": 111.28062}, "TAK": {"SWH": 121.24860000000001, "QUB": 134.8908}, "TAW": {"SHT": 169.18487162299803, "KOT": 320.61962553603695, "CKT": 74.80000000000001}}