{"TKO": {"HAH": 111.12682734054003, "LHP": 128.59036723964869, "TIK": 107.12407832163942}, "TKW": {"HOM": 132.0, "SUW": 72.6}}