{"TKO": {"HAH": 128.80771926000006, "LHP": 128.59191944894255, "TIK": 139.98366294547714}, "TKW": {"HOM": 132.0, "SUW": 72.6}}