{"UNI": {"TAP": 351.8556495718131, "FOT": 212.5555389566006}}