{"AIR": {"TSY": 1467.4429522457126, "AWE": 127.68749304280618}}