{"CHW": {"HFC": 82.27626000000001}, "CHH": {"DIH": 108.28619999999998}}