{"CKT": {"STW": 124.41257399999998, "TAW": 108.35122056}}