{"FOT": {"SHT": 155.96858734975226, "UNI": 186.42931690460236}, "FOH": {"TIH": 18.00656, "NOP": 21.860519999999998}}