{"JOR": {"TST": 52.246946793000006, "YMT": 46.27434287940031}}