{"KSR": {"YUL": 228.50229446346424, "TWW": 712.0168259252407}}