{"LAT": {"KWT": 52.61189999999999, "YAT": 0.0}, "LAK": {"NAC": 297.31764237745244, "TSY": 180.9646083205041, "KWF": 0.099, "MEF": 126.01845691417293}}