{"LOF": {"WTS": 99.44747999999998, "KOT": 13.2}, "LOW": {"SHS": 261.7540755935471}, "LOP": {"TIS": 173.91642029044186}}