{"MKK": {"HUH": 155.47991542274985, "KOT": 134.5866611061033}}