{"MOK": {"YMT": 59.86962338860799, "PRE": 83.4499908}, "MOS": {"HEO": 132.0, "WKS": 157.02564928767913}}