{"NTK": {"KWT": 10.691999999999998, "KOB": 113.392532}}