{"SSP": {"CSW": 19.811356328452483, "PRE": 53.7803425387836}}