{"TAW": {"CKT": 119.02000000000001, "KOT": 320.61763057163387, "HIK": 198.00000000000003, "SHT": 36.880294}, "TAP": {"UNI": 430.1237770009094, "TWO": 120.05400000000002}, "TAK": {"SWH": 59.69700000000002, "QUB": 0.0}}