{"TAW": {"CKT": 113.718, "KOT": 320.6074047928521, "HIK": 178.20000000000002, "SHT": 41.753038139999994}, "TAP": {"UNI": 430.1219262279924, "TWO": 102.53174646}, "TAK": {"SWH": 55.729113000000005, "QUB": 13.2}}