{"TIK": {"TKO": 21.95689460424356, "YAT": 141.42199757780037}, "TIS": {"LOP": 173.91642029044186, "SIH": 389.4434654085097}, "TIH": {"FOH": 110.6226, "CAB": 0.0}}