{"TIK": {"TKO": 16.1590344304975, "YAT": 141.4221292315546}, "TIS": {"LOP": 173.91642029044186, "SIH": 389.4308670781357}, "TIH": {"FOH": 110.6226, "CAB": 0.0}}