{"TKO": {"LHP": 128.59106493579893, "TIK": 44.33896088646488, "HAH": 41.394548580000006}, "TKW": {"SUW": 18.546, "HOM": 132.0}}