{"TSH": {"SHM": 216.41829374487838, "HEO": 90.71700000000001}, "TSY": {"AIR": 1467.438586142023, "SUN": 690.6339937724717, "LAK": 180.92629365878497, "KOW": 661.6643116491516}, "TST": {"ADM": 176.36607432311223, "JOR": 6.6}, "TSW": {"TWH": 0.0}}