{"TSH": {"SHM": 216.41829374487838, "HEO": 86.13000000000001}, "TSY": {"AIR": 1467.438586142023, "SUN": 690.6355419441308, "LAK": 180.92058554930682, "KOW": 661.6695615099304}, "TST": {"ADM": 176.36607432311223, "JOR": 0.0}, "TSW": {"TWH": 0.0}}