{"AUS": {"ETS": 147.56984370000004, "NAC": 218.65040589846322}}