{"EXC": {"HUH": 199.67649251092718, "ADM": 59.903601351928096}}