{"FOT": {"UNI": 186.41909486258012, "SHT": 155.96858734975226}, "FOH": {"NOP": 126.06000000000002, "TIH": 132.0}}