{"HUH": {"EXC": 185.84598458766354, "MKK": 166.57647893679274, "HOM": 118.88039160480002, "ETS": 191.40000000000003}}