{"K51-U040": {"K51-U050": 134.32980000000003}, "K54-U060": {"K54-U070": 192.564300984}, "K51-U180": {"K51-U190": 110.00000000000001}, "K51-U100": {"K51-U110": 207.57000000000002}, "K54-D060": {"K54-D070": 155.10152301600002}, "K51-U240": {"K51-U250": 107.06817000000001}, "K53-U040": {"K53-U050": 140.7715826407}, "K52-nD240": {"K52-nD250": 139.08570499999996}, "K51-U150": {"K51-U160": 85.82595230000001}, "K52A-U170": {"K52A-U180": 275.3596105799016}, "K54-D030": {"K54-D040": 68.52229277190003}, "K53-D110": {"K53-D120": 147.53364012836462}, "K53-D120": {"K53-D130": 35.20638000000001}, "K53-U030": {"K53-U040": 194.93473847422302}, "K51-D020": {"K51-D030": 50.21303099999999}, "K53-U050": {"K53-U060": 153.72395235494398}, "K52-nU240": {"K52-nU250": 56.43000000000001}, "K51-U170": {"K51-U180": 82.1030287}, "K54-U050": {"K54-U060": 303.7551671}, "K52-nD040": {"K52-nD050": 12.892000000000001}, "K52-nU070": {"K52-nU080": 87.89}, "K52-nD150": {"K52-nD160": 82.58250000000001}, "K51-D240": {"K51-D250": 118.84389000000003}, "K53-U020": {"K53-U030": 127.28789684094}, "K51-U080": {"K51-U090": 160.75402232999997}, "K51-D270": {"K51-D280": 48.07000000000001}, "K52A-U140": {"K52A-U150": 160.36478188814678}, "K51-D110": {"K51-D120": 52.49860000000001}, "K53-D015": {"K53-D020": 47.149212}, "K52-nD080": {"K52-nD090": 30.690000000000005}, "K54-D050": {"K54-D060": 88.55}, "K52-nD230": {"K52-nD240": 168.69083}, "K53-U090": {"K53-U100": 98.286619134}, "K53-U060": {"K53-U070": 70.492868606204}, "K51-D050": {"K51-D060": 49.08200000000001}, "K53-U070": {"K53-U080": 55.30923167792}, "K52A-D010": {"K52A-D020": 277.22137667946697}, "K52-nD090": {"K52-nD100": 38.26856}, "K53-D040": {"K53-D050": 58.897587908169996}, "K53-D010": {"K53-D015": 93.0105}, "K52-nD130": {"K52-nD140": 76.83214}, "K51-U140": {"K51-U150": 54.0420147938}, "K53-D090": {"K53-D100": 42.69914}, "K51-D030": {"K51-D040": 32.407320000000006}, "K53-U080": {"K53-U090": 58.097267108100006}, "K53-U100": {"K53-U110": 82.75441368058844}, "K51-D140": {"K51-D150": 69.51431299999999}, "K53-U110": {"K53-U120": 95.17030799022255}, "K52-nD030": {"K52-nD040": 16.621}, "K52-nU120": {"K52-nU140": 111.63790000000002}, "K52-nU160": {"K52-nU170": 40.22601}, "K51-U050": {"K51-U060": 254.10000000000002}, "K52-nD280": {"K52-nD290": 75.9}, "K51-U190": {"K51-U200": 60.91580000000001}, "K53-U130": {"K53-U140": 59.611874707818174}, "K53-D070": {"K53-D080": 35.089999999999996}, "K51-D260": {"K51-D270": 55.39490000000002}, "K52-nU080": {"K52-nU090": 105.50540000000001}, "K51-U070": {"K51-U080": 155.64901}, "K52-nU060": {"K52-nU070": 152.9}, "K51-U210": {"K51-U220": 49.08545510000001}, "K52-nD200": {"K52-nD210": 128.70000000000002}, "K54-U020": {"K54-U030": 98.36766841000001}, "K52-nU290": {"K52-nU300": 42.9088}, "K53-D140": {"K53-D150": 145.222}, "K51-D080": {"K51-D090": 88.15484699999999}, "K51-D250": {"K51-D260": 174.88218}, "K53-D080": {"K53-D090": 35.937}, "K54-D020": {"K54-D030": 132.84831096646386}, "K52-nU230": {"K52-nU240": 71.382872}, "K51-D230": {"K51-D240": 56.798500000000004}, "K54-U010": {"K54-U020": 120.61176925710004}, "K52-nD110": {"K52-nD120": 131.8911}, "K53-U140": {"K53-D010": 85.15411696}, "K51-U090": {"K51-U100": 151.06740000000002}, "K52-nU220": {"K52-nU230": 82.83879999999999}, "K52-nD120": {"K52-nD130": 40.502}, "K51-U160": {"K51-U170": 92.45613850000002}, "K51-D200": {"K51-D210": 144.166}, "K52-nU030": {"K52-nU040": 160.96034581000004}, "K51-D010": {"K51-D020": 85.91}, "K52-nD160": {"K52-nD170": 122.87000000000003}, "K51-U110": {"K51-U120": 141.58100000000002}, "K52-nU260": {"K52-nU270": 60.28000000000001}, "K52-nU270": {"K52-nU280": 160.3674785197398}, "K53-U010": {"K53-U020": 253.0278057999999}, "K51-D100": {"K51-D110": 107.80000000000001}, "K52-nU040": {"K52-nU050": 55.53845}, "K51-D220": {"K51-D230": 258.7422860000001}, "K53-D100": {"K53-D110": 73.37649}, "K52-nD250": {"K52-nD260": 177.43}, "K52A-D060": {"K52A-D070": 129.34768316859828}, "K54-D010": {"K54-D020": 153.53922991000005}, "K53-D060": {"K53-D070": 111.98000000000002}, "K52-nD020": {"K52-nD030": 13.2}, "K54-D040": {"K54-D050": 141.32169700000006}, "K51-D130": {"K51-D140": 43.388884000000004}, "K52-nU200": {"K52-nU210": 108.9}, "K54-U040": {"K54-U050": 115.2385608}, "K51-U010": {"K51-U020": 33.11}, "K53-U120": {"K53-U130": 50.35721911}, "K54-U030": {"K54-U040": 96.05090000000001}, "K53-D050": {"K53-D060": 67.925}, "K52-nD060": {"K52-nD070": 129.34768316859828}, "K51-D210": {"K51-D220": 123.31000000000003}, "K51-U230": {"K51-U240": 36.96}, "K52-nU010": {"K52-nU020": 40.1676}, "K51-D090": {"K51-D100": 79.97}, "K53-D130": {"K53-D140": 78.65}, "K51-U060": {"K51-U070": 270.14133300000003}, "K51-D190": {"K51-D200": 136.29000000000002}, "K51-U120": {"K51-U130": 140.8}, "K52-nU250": {"K52-nU260": 62.138999999999996}, "K52-nU280": {"K52-nU290": 34.45200000000001}, "K52-nU050": {"K52-nU060": 229.9}, "K52-nD270": {"K52-nD280": 98.09261000000001}, "K52-nU150": {"K52-nU160": 41.36891000000001}, "K52-nD070": {"K52-nD080": 102.5959}, "K52-nU140": {"K52-nU150": 140.668}, "K52-nU300": {"K52-nU310": 42.35000000000001}, "K52-nU180": {"K52-nU190": 75.11394}, "K51-D170": {"K51-D180": 108.62060000000001}, "K51-D150": {"K51-D160": 180.92030000000003}, "K52-nU020": {"K52-nU030": 96.655724}, "K53-D020": {"K53-D030": 102.42496000000001}, "K51-U020": {"K51-U030": 85.20600000000002}, "K52-nD290": {"K52-nD300": 106.34371000000002}, "K52-nD050": {"K52-nD060": 33.440000000000005}, "K54-U070": {"K54-D010": 139.15329999999997}, "K51-D070": {"K51-D080": 50.138000000000005}, "K52-nD010": {"K52-nD020": 18.073}, "K52-nD210": {"K52-nD220": 207.9}, "K52-nU100": {"K52-nU110": 147.62}, "K52-nD220": {"K52-nD230": 141.691}, "K52-nD100": {"K52-nD110": 62.480000000000004}, "K52-nU210": {"K52-nU220": 75.65360000000001}, "K51-U130": {"K51-U140": 64.9}, "K51-D060": {"K51-D070": 44.55}, "K53-D150": {"K53-D160": 143.01100000000002}, "K52-nU170": {"K52-nU180": 128.70000000000002}, "K52-nD190": {"K52-nD200": 129.50410000000005}, "K51-U220": {"K51-U230": 58.300000000000004}, "K51-D120": {"K51-D130": 44.363110000000006}, "K52-nU190": {"K52-nU200": 135.5024}, "K52-nD180": {"K52-nD190": 138.2689}, "K52-nD260": {"K52-nD270": 66.36300000000001}, "K51-U030": {"K51-U040": 73.7}, "K51-D040": {"K51-D050": 38.5}, "K51-D180": {"K51-D190": 145.31}, "K53-D030": {"K53-D040": 72.60000000000001}, "K52-nD140": {"K52-nD150": 106.7}, "K51-U200": {"K51-U210": 82.5}, "K51-D280": {"K51-D290": 80.861}, "K52-nD170": {"K52-nD180": 88.0}, "K54A-D010": {"K54A-D020": 45.870000000000005}, "K54A-D020": {"K54A-D030": 108.9}, "K54A-D040": {"K54A-D050": 52.800000000000004}, "K51-D160": {"K51-D170": 29.700000000000003}}