{"KOT": {"MKK": 140.5866901020508, "TAW": 294.53994715022185, "LOF": 109.41825763920534, "SKM": 131.70367165569897}, "KOW": {"HOK": 177.7421001693615, "TSY": 596.1629927241081, "OLY": 121.76506855703681}, "KOB": {"NTK": 157.8600848, "CHH": 145.52784890000004}}