{"MOK": {"YMT": 124.67629523996872, "PRE": 122.574316983633}, "MOS": {"HEO": 129.970302, "WKS": 159.60300044690388}}