{"NAC": {"LAK": 249.72939088037282, "AUS": 214.8713750396176, "OLY": 100.60991545911351, "MEF": 173.15622438653628}}