{"OCP": {"ADM": 287.63196327937806, "WCH": 128.7719236246697}}