{"TIK": {"TKO": 68.31408372202262, "YAT": 141.4205937615855}, "TIH": {"CAB": 132.0, "FOH": 132.0}}