{"TKO": {"HAH": 92.71659216599997, "LHP": 128.59091608660168, "TIK": 114.08827841437407}, "TKW": {"SUW": 138.70999999999998, "HOM": 198.00000000000003}}