{"CHH": {"KOB": 161.08457403892032, "DIH": 125.51386899583542}, "CHW": {"HFC": 75.99723400000002}}