{"HAH": {"TKO": 122.37719999999999, "POA": 129.0254141765675}}