{"KOB": {"CHH": 185.46000000000004, "NTK": 132.0}, "KOW": {"TSY": 661.6616284085004, "HOK": 177.7341195007032, "OLY": 121.81134644478485}, "KOT": {"MKK": 137.99424897781506, "SKM": 132.0, "TAW": 320.61962553603695, "LOF": 132.198}}