{"LAK": {"TSY": 180.9473314099965, "KWF": 185.30519700000005, "NAC": 297.3185821296115, "MEF": 126.00069475086632}, "LAT": {"KWT": 132.0, "YAT": 132.89100000000002}}