{"MEF": {"NAC": 173.17784829852272, "LAK": 126.00069475086632, "LCK": 132.0, "TWW": 351.8880006414452}}