{"NAC": {"LAK": 297.32236455084194, "OLY": 122.85834000000003, "MEF": 173.1817704944895, "AUS": 223.92850142135924}}