{"OCP": {"WCH": 139.93253247713395, "ADM": 287.6399288652852}}