{"SUN": {"DIS": 198.5816582111543, "TUC": 823.8779532655604, "TSY": 690.6313463989347}, "SUW": {"TKW": 132.0, "KAT": 132.0}}