{"TST": {"ADM": 176.36977430678184, "JOR": 121.24860000000001}, "TSY": {"SUN": 690.6267245988868, "AIR": 1467.4424194636529, "LAK": 180.94396082843076, "KOW": 661.6537790339979}, "TSH": {"HEO": 126.06000000000002, "SHM": 216.4154482528414}, "TSW": {"TWH": 60.987300000000005}}