{"TUM": {"SIH": 146.32754591488202}, "TUC": {"SUN": 605.1477582663713}}