{"TWW": {"KSR": 712.0324774026626, "MEF": 351.8880006414452}, "TWO": {"FAN": 412.63814685956714, "TAP": 198.66000000000003}}