{"UNI": {"FOT": 212.66901767081944, "TAP": 291.7545301132854}}