{"WCH": {"OCP": 135.6763035560955, "LET": 198.66000000000003}}