{"YAT": {"QUB": 249.65604544698468, "TIK": 141.4216258306729}}