{"AIR": {"TSY": 1235.4292807704103, "AWE": 107.20137491497039}}