{"CHH": {"DIH": 63.18042509729376, "KOB": 115.87678291747014}, "CHW": {"HFC": 83.73982521300002}}