{"DIS": {"SUN": 198.58118963245323}, "DIH": {"WTS": 35.772000000000006, "HIK": 333.01058002448895}}