{"K53-D030": {"K53-D040": 81.8268772253148}, "K51-U040": {"K51-U050": 126.8728987822376}, "K53-U110": {"K53-U120": 98.53691227126708}, "K53-D080": {"K53-D090": 58.540742727112544}, "K52A-D150": {"K52A-D160": 92.77566701415307}, "K53-U020": {"K53-U030": 170.06894959237223}, "K53-U010": {"K53-U020": 233.33023571191558, "K53-D180": 333.69299059274965}, "K53-D140": {"K53-D150": 172.84822852645462}, "K52A-D080": {"K52A-D090": 65.56336653791631}, "K52-nD160": {"K52-nD170": 181.73129558833693}, "K51A-D010": {"K51A-D020": 52.80899137408721}, "K52-nU260": {"K52-nU270": 44.950450526446566}, "K53-D110": {"K53-D120": 191.51682835166307}, "K51-U030": {"K51-U040": 78.18039601370938}, "K52A-U160": {"K52A-U170": 24.220142607721826}, "K53-U060": {"K53-U070": 76.0277122069806}, "K52-nU010": {"K52-nU020": 34.74128283397091}, "K53-U080": {"K53-U090": 76.099273634845}, "K51A-D220": {"K51A-D230": 139.80192879183073}, "K54-U050": {"K54-U060": 341.8555062454895}, "K52-nD210": {"K52-nD220": 212.0482588691797}, "K53-D070": {"K53-D080": 49.79843306662233}, "K52-nU070": {"K52-nU080": 102.02068820899999}, "K51-U070": {"K51-U080": 212.96722937444088}, "K51-U230": {"K51-U240": 52.7785363473583}, "K52-nD220": {"K52-nD230": 138.5813558292651}, "K53-U030": {"K53-U040": 229.1598659414583}, "K51A-D240": {"K51A-D250": 53.10525109009497}, "K52-nU300": {"K52-nU310": 42.04268802519893}, "K52-nD150": {"K52-nD160": 101.54961797091372}, "K53-D130": {"K53-D140": 120.8729930330214}, "K51A-U210": {"K51A-U220": 71.51729044604163}, "K52A-U120": {"K52A-U130": 67.54168165487202}, "K52-nU120": {"K52-nU140": 110.98653309526716}, "K53-U120": {"K53-U130": 81.70820995384543}, "K53-D100": {"K53-D110": 94.44297223267796}, "K53-D060": {"K53-D070": 185.4414794800303}, "K54-D060": {"K54-D070": 153.63821595087734}, "K52A-U140": {"K52A-U150": 160.35794967008536}, "K52-nU150": {"K52-nU160": 90.05457667965581}, "K51A-D180": {"K51A-D190": 141.18397384919712}, "K51-U020": {"K51-U030": 125.66952711261845}, "K51-U200": {"K51-U210": 88.41666280734874}, "K51A-D040": {"K51A-D050": 107.6652289314557}, "K52A-U015": {"K52A-U020": 206.3065316199138}, "K51-D220": {"K51-D230": 270.0647627314008}, "K51-D270": {"K51-D280": 88.27388896114361}, "K51A-U100": {"K51A-U110": 208.2766168870381}, "K52-nD010": {"K52-nD020": 17.046397720450933}, "K54-D020": {"K54-D030": 132.8572278405421}, "K51A-D030": {"K51A-D040": 45.3962452443085}, "K53-D020": {"K53-D030": 114.43849085006909}, "K52-nD100": {"K52-nD110": 53.130025324132916}, "K53-D180": {"K53-D190": 69.19760407936921}, "K53-U040": {"K53-U050": 137.12629279503602}, "K51-D150": {"K51-D160": 208.4672840351062}, "K52A-D130": {"K52A-D140": 91.99905674360991}, "K52A-D020": {"K52A-D030": 26.57405846089814}, "K52-nU200": {"K52-nU210": 78.91626694864091}, "K51-D010": {"K51-D020": 63.10582156104762}, "K51-U160": {"K51-U170": 112.79788622623039}, "K52A-D040": {"K52A-D050": 13.81992885492672}, "K51-D070": {"K51-D080": 66.03260407257412}, "K51A-D200": {"K51A-D210": 272.2167931902874}, "K54-D010": {"K54-D020": 132.34401021794014}, "K52A-D100": {"K52A-D110": 54.21399927781867}, "K51-U110": {"K51-U120": 140.69753398566382}, "K52-nU240": {"K52-nU250": 53.73492164629084}, "K52-nU140": {"K52-nU150": 160.659958309514}, "K53-U130": {"K53-U140": 62.04488260054759}, "K51A-U010": {"K51A-U020": 49.09725511752309}, "K54-D030": {"K54-D040": 59.103766619210276}, "K53-U140": {"K53-D010": 83.31611684280165}, "K52-nD130": {"K52-nD140": 89.76270647445249}, "K51A-D250": {"K51A-D260": 96.12384793283266}, "K51-U150": {"K51-U160": 90.19721497482703}, "K51-D250": {"K51-D260": 153.79826125300656}, "K52A-D050": {"K52A-D060": 32.62823793981954}, "K52-nD030": {"K52-nD040": 33.852900905983056}, "K54-U010": {"K54-U020": 74.27859803442757}, "K51A-U080": {"K51A-U090": 189.99928627442978}, "K51-U170": {"K51-U180": 77.49221833274538}, "K51A-U110": {"K51A-U120": 130.80815834937755}, "K51A-D210": {"K51A-D220": 73.27435767668926}, "K54-U060": {"K54-U070": 209.8064304687373}, "K52A-U150": {"K52A-U160": 28.7664311641074}, "K51-U190": {"K51-U200": 78.25853325850933}, "K51-U010": {"K51-U020": 33.917076078103776}, "K52-nD200": {"K52-nD210": 141.02126201299401}, "K51A-D260": {"K51A-D270": 66.32842331740767}, "K51-D280": {"K51-D290": 68.94722631753}, "K52A-D180": {"K52A-D190": 132.4643468520115}, "K52A-U090": {"K52A-U100": 83.48736605064518}, "K52A-U040": {"K52A-U050": 123.73794184990516}, "K51A-D150": {"K51A-D160": 120.0885154240942}, "K51A-D170": {"K51A-D180": 155.49837256971352}, "K53-D015": {"K53-D020": 53.45694824235657}, "K53-D040": {"K53-D050": 81.14968276392824}, "K53-U050": {"K53-U060": 150.05647892525874}, "K51-U130": {"K51-U140": 76.01411063029443}, "K53-U070": {"K53-U080": 56.19342868261735}, "K52-nU210": {"K52-nU220": 74.59339590743097}, "K51A-U020": {"K51A-U030": 122.93508075240811}, "K51-U180": {"K51-U190": 113.28693721036727}, "K51-D080": {"K51-D090": 117.70501819997983}, "K52A-D030": {"K52A-D040": 18.942526741465162}, "K52A-D090": {"K52A-D100": 45.081768473055554}, "K51-U120": {"K51-U130": 156.13659699135275}, "K52A-D110": {"K52A-D120": 128.79919536233646}, "K52A-D140": {"K52A-D150": 97.67923246919565}, "K52A-D070": {"K52A-D080": 84.42155946565728}, "K52A-U010": {"K52A-U015": 267.8516738314165}, "K52A-U110": {"K52A-U120": 50.401556707815715}, "K52-nD290": {"K52-nD300": 94.72931423105064}, "K51-U140": {"K51-U150": 56.59032383410732}, "K51A-U180": {"K51A-U190": 90.97351035789316}, "K53-U100": {"K53-U110": 78.28588518310895}, "K52-nU030": {"K52-nU040": 134.00976045376538}, "K52-nU050": {"K52-nU060": 245.02953993593792}, "K52A-U050": {"K52A-U060": 54.7062973819951}, "K52A-U070": {"K52A-U080": 75.59165581890167}, "K52-nD170": {"K52-nD180": 101.96993152944269}, "K52A-D160": {"K52A-D170": 147.36782651845147}, "K51A-D050": {"K51A-D060": 77.90801976377817}, "K52-nD060": {"K52-nD070": 129.34768316859828}, "K54-D040": {"K54-D050": 173.41019424680098}, "K51-D240": {"K51-D250": 149.4404062668693}, "K51A-D110": {"K51A-D120": 63.25050607812992}, "K52-nD180": {"K52-nD190": 171.01335223997148}, "K52A-D010": {"K52A-D020": 277.2257087815749}, "K51-U090": {"K51-U100": 156.0860100941638}, "K51A-U220": {"K51A-U230": 80.30160809625406}, "K52-nD260": {"K52-nD270": 58.62600795814399}, "K51A-D020": {"K51A-D030": 109.95472942206365}, "K54-U020": {"K54-U030": 169.54300414918842}, "K51A-U200": {"K51A-U210": 58.41409740986891}, "K52A-U130": {"K52A-U140": 45.68639124739913}, "K51-U240": {"K51-U250": 110.72959195387989}, "K53-D150": {"K53-D160": 167.07560161856748}, "K52-nU110": {"K52-nU120": 168.87680045483987}, "K52A-U100": {"K52A-U110": 70.57582188133406}, "K51A-D060": {"K51A-D070": 88.19063601642924}, "K52-nD120": {"K52-nD130": 41.5454184116946}, "K52-nD230": {"K52-nD240": 164.4148701132012}, "K51-U100": {"K51-U110": 212.49166817302202}, "K51A-U160": {"K51A-U170": 74.20364604950974}, "K51-D030": {"K51-D040": 44.83528801350985}, "K53-D050": {"K53-D060": 100.29796488727145}, "K51A-U190": {"K51A-U200": 76.29762355975353}, "K52-nU270": {"K52-nU280": 160.35937172891084}, "K52-nU180": {"K52-nU190": 60.91867597073197}, "K54-U070": {"K54-D010": 176.81724588232996}, "K52A-D120": {"K52A-D130": 43.71069234497869}, "K52-nD070": {"K52-nD080": 113.69501578149895}, "K52-nD050": {"K52-nD060": 40.229326143676275}, "K53-D160": {"K53-D170": 192.97485875134333}, "K51A-D100": {"K51A-D110": 49.577135802401145}, "K52-nD270": {"K52-nD280": 105.76691958148031}, "K52-nU080": {"K52-nU090": 71.66841341132348}, "K52-nU250": {"K52-nU260": 66.21110219966599}, "K52A-U080": {"K52A-U090": 66.83543136133127}, "K52A-D060": {"K52A-D070": 129.34768316859828}, "K52A-U060": {"K52A-U070": 139.5450079462167}, "K52-nU290": {"K52-nU300": 36.57118935981594}, "K51A-U240": {"K51A-U250": 69.7009439746154}, "K51-D040": {"K51-D050": 57.509307692338666}, "K53-D190": {"K53-U011": 396.47142076669354}, "K52-nU220": {"K52-nU230": 85.43027429700825}, "K52-nU090": {"K52-nU100": 128.7482788968977}, "K52-nD080": {"K52-nD090": 65.0856028928172}, "K51-D180": {"K51-D190": 196.977860526139},