{"K74-D050": {"K74-D060": 92.95821839949687}, "K75P-D020": {"K75P-D030": 99.73006296421246}, "K76-U010": {"K76-U020": 34.51713735658801}, "K76-U020": {"K76-U030": 144.4391657312929}, "K76-D020": {"K76-D030": 126.04767222940625}, "K75A-D110": {"K75A-U011": 164.944344087033}, "K73-U060": {"K73-U070": 136.2963429031555}, "K73-U110": {"K73-U120": 225.02747451914857}, "K73-U100": {"K73-U110": 233.33208346559704}, "K74-U020": {"K74-U030": 130.98492790181632}, "K75P-U140": {"K75P-D010": 150.35615661632096}, "K74-U011": {"K74-D100": 158.39918025739183}, "K75P-U080": {"K75P-U090": 43.08336767992432}, "K74-D060": {"K74-D070": 124.009147141}, "K73-D090": {"K73-D100": 82.79696252870406}, "K75P-U030": {"K75P-U040": 128.63339357012737}, "K73-D020": {"K73-D030": 113.37286007418614}, "K76-U040": {"K76-U050": 176.76628791344675}, "K76-U030": {"K76-U040": 175.79076866284748}, "K73-U030": {"K73-U040": 81.57732993377167}, "K75A-U030": {"K75A-D010": 222.23612679213414}, "K75P-U090": {"K75P-U100": 38.47718776999013}, "K73-D030": {"K73-D040": 105.36236827022269}, "K75A-U010": {"K75A-U020": 47.924066009703566}, "K73-D110": {"K73-D120": 84.3676560557331}, "K75P-U100": {"K75P-U110": 53.18115183388263}, "K75A-D050": {"K75A-D060": 74.35593497853169}, "K76-D010": {"K76-D020": 214.73148827072708}, "K73-U070": {"K73-U080": 142.44988914630463}, "K75P-U060": {"K75P-U070": 26.521187707222452}, "K75A-D010": {"K75A-D020": 209.98046541126118}, "K75P-U050": {"K75P-U060": 134.62481255636743}, "K75P-U070": {"K75P-U080": 116.85497862792992}, "K74-U060": {"K74-U070": 142.61461769091966}, "K73-U090": {"K73-U100": 105.90073349655177}, "K75A-D100": {"K75A-D110": 99.81750660363426}, "K75P-D070": {"K75P-D080": 103.26859982618205}, "K74-U100": {"K74-D010": 111.16682644003961}, "K74-D010": {"K74-D020": 152.44906073202}, "K75A-D070": {"K75A-D080": 43.452454756289235}, "K75A-D080": {"K75A-D090": 89.592684697831}, "K73-U050": {"K73-U060": 105.71879020890444}, "K74-D040": {"K74-D050": 65.94739722505001}, "K75P-D050": {"K75P-D060": 93.96292073901432}, "K74-D100": {"K74-D110": 73.53932953521743}, "K75A-D040": {"K75A-D050": 49.355633089041596}, "K75P-U120": {"K75P-U130": 69.85358212306815}, "K75P-D080": {"K75P-U011": 149.86167688094253}, "K75A-D090": {"K75A-D100": 43.2881196417889}, "K75P-D060": {"K75P-D070": 187.1333681260819}, "K75P-U130": {"K75P-U140": 42.09483951367628}, "K75P-U110": {"K75P-U120": 84.05370774831678}, "K76-D030": {"K76-D040": 53.285672110259966}, "K73-D010": {"K73-D020": 76.91511559090009}, "K73-U010": {"K73-U020": 69.24684830317537}, "K75A-D060": {"K75A-D070": 35.121905913278525}, "K75P-D010": {"K75P-D020": 126.35610654946234}, "K73-U080": {"K73-U110": 151.50094680582995, "K73-U090": 250.54164417140123}, "K73-D050": {"K73-D070": 100.79840124861923}, "K74-U090": {"K74-U100": 194.718735786099}, "K74-D020": {"K74-D030": 145.02424289778008}, "K74-D090": {"K74-U011": 68.61190171277347}, "K73-D120": {"K73-D130": 97.4748050858042}, "K73-U040": {"K73-U050": 116.01159470660346, "K73-U060": 211.58088970530093}, "K74-U080": {"K74-U090": 231.42537955900002}, "K75P-U010": {"K75P-U020": 96.55505332883064}, "K75A-D030": {"K75A-D040": 42.441459705568285}, "K74-U001": {"K74-U004": 142.74464654462304}, "K75A-D020": {"K75A-D030": 23.48203759149108}, "K73-U020": {"K73-U030": 199.5747147826883}, "K75A-U020": {"K75A-U030": 129.17474664564423}, "K73-D150": {"K73-D160": 42.82417122238637}, "K73-D080": {"K73-D090": 261.3792467069203}, "K74-U010": {"K74-U020": 147.19042778209004}, "K73-D070": {"K73-D080": 152.83321642308422}, "K74-U070": {"K74-U080": 162.41693832993818}, "K75P-D040": {"K75P-D050": 172.1814091764878}, "K73-D100": {"K73-D110": 191.85460769855115}, "K75P-U040": {"K75P-U050": 100.1546579602096}, "K73-D040": {"K73-D050": 76.664182458414}, "K74-D070": {"K74-D080": 255.74808648322565}, "K74-D110": {"K74-U002": 162.16543554959003}, "K75P-U020": {"K75P-U030": 112.89791176884395}, "K75P-D030": {"K75P-D040": 124.70628177489213}, "K74-U007": {"K74-U010": 269.77750210645456}, "K74-U004": {"K74-U007": 97.20416478810301}, "K73-D140": {"K73-D150": 192.22197877822757}, "K74-D030": {"K74-D040": 92.62852502753779}, "K74-U050": {"K74-U060": 219.50310700112306}, "K73-D130": {"K73-D140": 143.15363179961363}, "K74-U030": {"K74-U040": 274.3316225503314}, "K74-D080": {"K74-D090": 141.8469203015125}, "K74-U040": {"K74-U050": 152.53928083146172}}