{"KF4": {"KF6": 250.95801947757485, "KF2": 1022.6258102044201}, "KF5": {"KF1": 767.8871415864967}, "KF3": {"KF1": 686.7722243747648}, "KF2": {"KF4": 1022.6257791178854}, "KF1": {"KF3": 686.7722068640057, "KF5": 767.8871486028231}, "KF6": {"KF4": 250.95798137338028}}