{"LOW": {"SHS": 261.7527207161598}, "LOP": {"TIS": 173.90155338871207, "YUL": 126.05999999999999}, "LOF": {"KOT": 0.0, "WTS": 132.0}}