{"LOW": {"SHS": 261.7529418919195}, "LOP": {"TIS": 173.90587641916562, "YUL": 126.05999999999999}, "LOF": {"KOT": 0.0, "WTS": 132.0}}