{"MEF": {"TWW": 351.82771904869134, "NAC": 173.1817704944895, "LAK": 125.99872117716559}}