{"NOP": {"FOH": 129.92748113194756, "QUB": 110.70196165321067}}