{"OCP": {"WCH": 129.29125906823657, "ADM": 287.6319551408036}}