{"OCP": {"WCH": 131.74898777046604, "ADM": 287.6573652005542}}