{"QUB": {"TAK": 143.22660000000002, "YAT": 249.65915078599573, "NOP": 132.0}}