{"SHS": {"LMC": 525.2483976192904, "FAN": 125.75072794473692, "LOW": 261.75493247375704}, "SHT": {"TAW": 115.90259999999998, "FOT": 155.96456137546923}, "SHW": {"SYP": 192.06000000000003}, "SHM": {"TSH": 216.38983882450867}}