{"TAW": {"KOT": 320.61421918250466, "CKT": 132.0, "SHT": 112.9152915, "HIK": 132.0}, "TAP": {"TWO": 114.23345999999997, "UNI": 430.12120432958454}, "TAK": {"QUB": 108.053, "SWH": 59.4}}