{"TIK": {"TKO": 76.31304917987197, "YAT": 141.42091387207415}, "TIS": {"LOP": 173.90155338871207, "SIH": 389.45901890279873}, "TIH": {"FOH": 132.0, "CAB": 132.0}}