{"TIK": {"TKO": 78.53999999999999, "YAT": 141.4205937615855}, "TIS": {"LOP": 173.90155338871207}, "TIH": {"FOH": 132.0}}