{"TSY": {"KOW": 661.6551134781697, "LAK": 180.94396082843076, "AIR": 1467.4411792081587, "SUN": 690.6254583683307}, "TST": {"ADM": 176.37166539437624, "JOR": 132.0}, "TSW": {"TWH": 13.134}, "TSH": {"SHM": 216.38983882450867, "HEO": 132.0}}