{"WCH": {"LET": 167.35373250429, "OCP": 114.87475650751121}}