{"AUS": {"ETS": 26.60336000000001, "NAC": 213.75543453720746}}