{"DIS": {"SUN": 198.5822599444052}, "DIH": {"WTS": 35.772000000000006, "KAT": 13.2, "HIK": 333.01058002448895, "CHH": 22.822799999999997}}