{"JOR": {"TST": 34.97710246034651, "YMT": 29.087461716793836}}