{"K54-D030": {"K54-D040": 65.89}, "K51A-U020": {"K51A-U030": 93.50000000000001}, "K51A-U130": {"K51A-U140": 97.9}, "K58-D080": {"K58-D090": 55.00000000000001}, "K51A-U030": {"K51A-U040": 61.60000000000001}, "K51A-D020": {"K51A-D030": 113.179}, "K54-U060": {"K54-U070": 64.46000000000001}, "K53-D140": {"K53-D150": 180.235}, "K53-D150": {"K53-D160": 173.47000000000003}, "K58-D030": {"K58-D040": 67.10000000000001}, "K53-U050": {"K53-U060": 123.09}, "K58-D090": {"K58-D100": 138.93}, "K54-U010": {"K54-U020": 0.0}, "K51A-U180": {"K51A-U190": 72.60000000000001}, "K51-D030": {"K51-D040": 39.6}, "K52-nD060": {"K52-nD070": 129.34768316859828}, "K53-U060": {"K53-U070": 78.32000000000001}, "K52-nU030": {"K52-nU040": 146.3}, "K58-U170": {"K58-U180": 210.76}, "K52A-U120": {"K52A-U130": 70.51000000000002}, "K58-U080": {"K58-U090": 78.76000000000002}, "K53-U040": {"K53-U050": 157.7774}, "K54-U070": {"K54-D010": 152.9}, "K52-nU060": {"K52-nU070": 186.67000000000002}, "K52-nU280": {"K52-nU290": 47.300000000000004}, "K51A-D210": {"K51A-D220": 77.0}, "K53-U070": {"K53-U080": 49.06}, "K51A-U040": {"K51A-U050": 140.8}, "K52-nU240": {"K52-nU250": 89.21000000000001}, "K52A-D060": {"K52A-D070": 129.34768316859828}, "K52A-D170": {"K52A-D180": 113.63}, "K52-nU040": {"K52-nU050": 68.2}, "K51A-U070": {"K51A-U080": 167.20000000000002}, "K51A-U240": {"K51A-U250": 70.84}, "K52-nU170": {"K52-nU180": 168.3}, "K54-D050": {"K54-D060": 78.54}, "K53-D110": {"K53-D120": 171.71}, "K51-U180": {"K51-U190": 110.00000000000001}, "K58-D160": {"K58-D170": 195.8}, "K51A-D250": {"K51A-D260": 89.10000000000001}, "K51-D180": {"K51-D190": 195.47000000000003}, "K52-nD130": {"K52-nD140": 78.1}, "K52A-D150": {"K52A-D160": 108.79}, "K52-nU290": {"K52-nU300": 25.3}, "K58-D150": {"K58-D160": 89.10000000000001}, "K51A-U220": {"K51A-U230": 84.81000000000002}, "K53-D100": {"K53-D110": 82.5}, "K51A-U190": {"K51A-U200": 69.30000000000001}, "K53-U130": {"K53-U140": 72.60000000000001}, "K52A-D030": {"K52A-D040": 25.3}, "K53-D040": {"K53-D050": 90.2}, "K54-D020": {"K54-D030": 132.83763902433583}, "K51-D110": {"K51-D120": 77.0}, "K51-U130": {"K51-U140": 78.10000000000001}, "K51-U190": {"K51-U200": 88.0}, "K52A-D100": {"K52A-D110": 70.4}, "K51-U110": {"K51-U120": 136.4}, "K51-D230": {"K51-D240": 80.41}, "K53-U020": {"K53-U030": 147.4}, "K53-U080": {"K53-U090": 82.39}, "K53-U010": {"K53-U020": 232.1}, "K51-D190": {"K51-D200": 115.50000000000001}, "K51-U100": {"K51-U110": 210.10000000000002}, "K51-U050": {"K51-U060": 298.1}, "K51A-D120": {"K51A-D140": 128.70000000000002}, "K58-D190": {"K58-D193": 143.0}, "K58-D130": {"K58-D140": 108.9}, "K58-U120": {"K58-U130": 119.46000000000001}, "K51-D040": {"K51-D050": 58.300000000000004}, "K54-D040": {"K54-D050": 163.9}, "K51A-D200": {"K51A-D210": 286.0}, "K52A-U015": {"K52A-U020": 136.4}, "K51-D060": {"K51-D070": 66.0}, "K51-U040": {"K51-U050": 126.50000000000001}, "K54-U050": {"K54-U060": 396.00000000000006}, "K53-D190": {"K53-U011": 441.1}, "K51A-D110": {"K51A-D120": 56.1}, "K58-U020": {"K58-U023": 64.9}, "K52-nD290": {"K52-nD300": 100.10000000000001}, "K51-U120": {"K51-U130": 130.9}, "K52-nD280": {"K52-nD290": 110.00000000000001}, "K51-D250": {"K51-D260": 141.9}, "K58-U190": {"K58-U200": 157.3}, "K52-nD120": {"K52-nD130": 40.7}, "K52-nD070": {"K52-nD080": 103.4}, "K51-D170": {"K51-D180": 121.00000000000001}, "K54-U030": {"K54-U040": 138.60000000000002}, "K51-D150": {"K51-D160": 185.9}, "K53-D030": {"K53-D040": 84.7}, "K51-D070": {"K51-D080": 64.9}, "K51A-U210": {"K51A-U220": 70.4}, "K51-D050": {"K51-D060": 61.60000000000001}, "K51-D130": {"K51-D140": 55.00000000000001}, "K52A-U130": {"K52A-U140": 42.900000000000006}, "K52A-U060": {"K52A-U070": 155.10000000000002}, "K51A-U120": {"K51A-U130": 130.9}, "K51-U080": {"K51-U090": 127.60000000000001}, "K51-U150": {"K51-U160": 67.10000000000001}, "K51A-U170": {"K51A-U180": 78.10000000000001}, "K53-U120": {"K53-U130": 77.0}, "K52-nD160": {"K52-nD170": 198.00000000000003}}