{"KSR": {"TWW": 658.8172576152325, "YUL": 252.1165927402053}}