{"LOF": {"KOT": 99.96029999999999, "WTS": 11.879999999999999}, "LOW": {"SHS": 261.7531409501032}, "LOP": {"TIS": 173.90976714657384, "YUL": 132.33}}