{"MOK": {"PRE": 25.097984999999998, "YMT": 29.862347177210797}, "MOS": {"HEO": 75.9, "WKS": 131.369111803968}}