{"QUB": {"YAT": 249.67048541689928, "NOP": 1.1440000000000001}}