{"YMT": {"MOK": 45.94965234326279, "HOM": 35.83140000000001, "JOR": 15.71207}}