{"1": {"6": 68.96534848499999, "2": 485.77573682000013}}