{"AUS": {"ETS": 144.17700000000002, "NAC": 223.9504828191194}}