{"FOT": {"SHT": 155.95278405692358, "UNI": 186.4436625244078}, "FOH": {"NOP": 127.74993000000002, "TIH": 132.0}}