{"HUH": {"MKK": 188.3160528963404, "EXC": 199.71873653045978, "ETS": 198.00000000000003}}