{"K12-D010": {"K12-D020": 164.42554469}, "K12-U020": {"K12-U030": 244.42947967968703}, "K12-D020": {"K12-D030": 337.66263760679993}, "K12-D030": {"K12-D040": 10.069459364319798}, "K12-U010": {"K12-U020": 396.56649999999996}}