{"KF5": {"KF1": 767.8871344953293}, "KF4": {"KF2": 1022.6259924303929, "KF6": 250.95801559603166}, "KF2": {"KF4": 1022.6258102044201}, "KF6": {"KF4": 250.95798867718864}, "KF3": {"KF1": 686.7722318398779}, "KF1": {"KF3": 686.7722385584797, "KF5": 767.8871504303008}}