{"KF5": {"KF1": 767.8866475069555}, "KF4": {"KF2": 1022.6207440373371, "KF6": 250.95569096071114}, "KF2": {"KF4": 1022.616030642881}, "KF6": {"KF4": 250.9525639799101}, "KF3": {"KF1": 686.7544166220264}, "KF1": {"KF3": 686.7617396452348, "KF5": 767.8868838034143}}