{"KOW": {"TSY": 661.6501893631805, "OLY": 121.76475715284217, "HOK": 177.7421002178394}, "KOT": {"TAW": 320.5996798146461, "MKK": 138.00839138011582, "LOF": 120.78686091999998, "SKM": 84.17554587961199}, "KOB": {"CHH": 83.37625996342835, "NTK": 109.50835720000002}}