{"MKK": {"HUH": 188.3728378767127, "KOT": 142.20755984008875}}