{"MKK": {"HUH": 188.36115217094033, "KOT": 137.99808715560704}}