{"OCP": {"ADM": 287.63195536468163, "WCH": 120.32063436312175}}