{"OLY": {"KOW": 121.7647234643538, "NAC": 127.91678437239572}}