{"OLY": {"KOW": 121.80668201614313, "NAC": 118.73572986000002}}