{"OLY": {"KOW": 121.80668201614313, "NAC": 106.86215687400002}}