{"PRE": {"SKM": 129.69016862234702, "MOK": 112.3857950005674, "SSP": 112.9455733322008}}