{"SHS": {"FAN": 125.74764289374912, "LOW": 261.7536264530134, "LMC": 525.2492693770793}, "SHT": {"FOT": 155.96284503906435, "TAW": 75.94653660000002}, "SHW": {"SYP": 186.71400000000003, "CEN": 126.06000000000002}, "SHM": {"TSH": 216.41058246145818, "CIO": 125.4}}