{"TKO": {"HAH": 31.020000000000003, "LHP": 128.593363573181, "TIK": 233.20036788316162}, "TKW": {"SUW": 139.70000000000002}}