{"UNI": {"FOT": 185.8111291758086, "TAP": 430.1198286996979}}