{"WCH": {"OCP": 116.29349907758657, "LET": 188.25835842}}