{"YAT": {"LAT": 32.571000000000005, "QUB": 249.65149270946054, "TIK": 141.42211264021276}}