{"K14-D020": {"K14-D030": 92.87793520377069}, "K12-D030": {"K12-D040": 15.599608552197276}, "K17-D010": {"K17-D020": 130.702201576687}, "K17-U030": {"K17-U040": 49.76222672629056}, "K18-D020": {"K18-D030": 92.59759760739742}, "K12-D020": {"K12-D030": 165.20456933210556}, "K12-U020": {"K12-U030": 208.56525932696894}, "K17-D020": {"K17-D030": 79.52104672172658}, "K12-D010": {"K12-D020": 154.51188669765196}, "K17-U020": {"K17-U030": 110.43363933431424}, "K18-U020": {"K18-U030": 55.15483015241423}, "K18-D010": {"K18-D020": 213.93703667934057}, "K18-U010": {"K18-U020": 195.78432689774672}, "K14-D010": {"K14-D020": 250.78469196281327}, "K12-U010": {"K12-U020": 206.2768677935199}, "K17-U010": {"K17-U020": 198.27872739445652}}