{"K14-D020": {"K14-D030": 14.7997657057915}, "K12-D030": {"K12-D040": 17.5237645}, "K17-D010": {"K17-D020": 272.4465370000001}, "K17-U030": {"K17-U040": 51.361331593}, "K18-D020": {"K18-D030": 97.72766839772052}, "K12-D020": {"K12-D030": 196.36659118868548}, "K12-U020": {"K12-U030": 202.71610480122214}, "K17-D020": {"K17-D030": 81.05988324501838}, "K12-D010": {"K12-D020": 157.77155019999995}, "K17-U020": {"K17-U030": 116.3819527618}, "K18-U020": {"K18-U030": 57.427163010582525}, "K18-D010": {"K18-D020": 217.29781560299998}, "K18-U010": {"K18-U020": 157.3937993265}, "K14-D010": {"K14-D020": 287.1793697314088}, "K12-U010": {"K12-U020": 260.797785045941}, "K17-U010": {"K17-U020": 113.28240000000001}}