{"K14-D020": {"K14-D030": 15.191177249510716}, "K12-D030": {"K12-D040": 17.5237645}, "K17-D010": {"K17-D020": 272.4465370000001}, "K17-U030": {"K17-U040": 44.38313000000001}, "K18-D020": {"K18-D030": 94.947602959}, "K12-D020": {"K12-D030": 201.17872783345535}, "K12-U020": {"K12-U030": 194.91256719203062}, "K17-D020": {"K17-D030": 81.48420198219256}, "K12-D010": {"K12-D020": 157.45727799999995}, "K17-U020": {"K17-U030": 129.068836402}, "K18-U020": {"K18-U030": 48.554770000000005}, "K18-D010": {"K18-D020": 240.1170563}, "K18-U010": {"K18-U020": 119.96148065}, "K14-D010": {"K14-D020": 246.6931401000001}, "K12-U010": {"K12-U020": 197.434501}, "K17-U010": {"K17-U020": 88.44000000000001}}