{"K51A-D160": {"K51A-D170": 201.3}, "K54-U030": {"K54-U040": 149.71}, "K51-D160": {"K51-D170": 49.740526}, "K51A-D060": {"K51A-D070": 79.41351}, "K51A-U210": {"K51A-U220": 85.78020000000001}, "K53-U130": {"K53-U140": 74.15436468}, "K52A-D060": {"K52A-D070": 129.34768316859828}, "K53-D015": {"K53-D020": 60.36536000000001}, "K53-D140": {"K53-D150": 205.711}, "K52-nU250": {"K52-nU260": 120.45}, "K53-D050": {"K53-D060": 97.614}, "K53-U080": {"K53-U090": 80.443803}, "K52-nD200": {"K52-nD210": 125.147}, "K52-nU160": {"K52-nU170": 67.87}, "K53-U060": {"K53-U070": 74.69}, "K53-U070": {"K53-U080": 51.214900000000014}, "K58-D110": {"K58-D120": 171.60000000000002}, "K52-nD070": {"K52-nD080": 111.42999999999999}, "K51-U170": {"K51-U180": 75.4072}, "K52-nD140": {"K52-nD150": 108.51500000000001}, "K58-U020": {"K58-U023": 154.32999999999998}, "K51A-U200": {"K51A-U210": 74.14000000000001}, "K51-U220": {"K51-U230": 66.143}, "K52-nD190": {"K52-nD200": 159.984}, "K53-U100": {"K53-U110": 32.554170000000006}, "K54-D020": {"K54-D030": 132.83968462117588}, "K52-nU120": {"K52-nU140": 103.24600000000001}, "K52-nU140": {"K52-nU150": 198.11000000000004}, "K58-D200": {"K58-D210": 59.158}, "K51A-D200": {"K51A-D210": 299.70490000000007}, "K58-U050": {"K58-U060": 39.82000000000001}, "K53-U110": {"K53-U120": 102.38201269999999}, "K51A-D040": {"K51A-D050": 108.9}, "K54-U020": {"K54-U030": 157.17889}, "K51A-D050": {"K51A-D060": 81.4}, "K58-U080": {"K58-U090": 61.6418}, "K51-D060": {"K51-D070": 57.2}, "K51A-D080": {"K51A-D090": 122.10000000000001}, "K58-D190": {"K58-D193": 150.9079}, "K52-nU010": {"K52-nU020": 139.07190000000003}, "K52-nD130": {"K52-nD140": 89.43}, "K51A-U070": {"K51A-U080": 165.77}, "K51A-U110": {"K51A-U120": 144.991}, "K58-U090": {"K58-U100": 193.71}, "K51A-U100": {"K51A-U110": 199.22793000000004}, "K51A-D230": {"K51A-D240": 155.10000000000002}, "K52-nU070": {"K52-nU080": 97.68}, "K51A-D190": {"K51A-D200": 158.83010000000004}, "K51A-U130": {"K51A-U140": 83.60000000000001}, "K52A-U030": {"K52A-U040": 62.59000000000001}, "K51-U230": {"K51-U240": 26.400000000000002}, "K58-D120": {"K58-D130": 162.58}, "K52-nD010": {"K52-nD020": 20.708710000000004}, "K58-D170": {"K58-D180": 145.09}, "K52-nD100": {"K52-nD110": 71.94000000000001}, "K53-U140": {"K53-D010": 94.36316999999998}, "K51-U110": {"K51-U120": 99.00000000000001}, "K51-D210": {"K51-D220": 163.9}, "K51-U120": {"K51-U130": 136.62}, "K53-U010": {"K53-U020": 218.70887720000005}, "K51A-U150": {"K51A-U160": 125.59272000000001}, "K54-U050": {"K54-U060": 439.01000000000005}, "K58-U200": {"K58-U210": 64.1322}, "K52-nU300": {"K52-nU310": 52.03000000000001}, "K58-U180": {"K58-U190": 66.11000000000001}, "K52A-U015": {"K52A-U020": 133.11100000000002}, "K53-U090": {"K53-U100": 110.529144}, "K52-nU080": {"K52-nU090": 100.81500000000001}, "K53-U020": {"K53-U030": 136.8059}, "K53-U050": {"K53-U060": 123.035}, "K52-nD260": {"K52-nD270": 53.911000000000016}, "K51A-D020": {"K51A-D030": 91.93910000000002}, "K58-U130": {"K58-U140": 94.60000000000001}, "K51A-D240": {"K51A-D250": 89.32000000000001}, "K53-D020": {"K53-D030": 112.97}, "K52-nD170": {"K52-nD180": 106.81000000000002}, "K58-U160": {"K58-U170": 128.70000000000002}, "K51A-U080": {"K51A-U090": 171.60000000000002}, "K58-D020": {"K58-D030": 109.56000000000002}, "K54-D030": {"K54-D040": 64.515}, "K58-U023": {"K58-U026": 53.515}, "K53-D070": {"K53-D080": 85.91}, "K53-D120": {"K53-D130": 27.500000000000004}, "K51A-U050": {"K51A-U060": 289.68401}, "K53-U040": {"K53-U050": 126.32840000000002}, "K51-D080": {"K51-D090": 115.50000000000001}, "K52-nD240": {"K52-nD250": 148.5}, "K51-D270": {"K51-D280": 110.22}, "K51-D280": {"K51-D290": 60.50000000000001}, "K51-U080": {"K51-U090": 177.87}, "K52-nU090": {"K52-nU100": 117.7}, "K58-D080": {"K58-D090": 105.74300000000001}, "K52A-U140": {"K52A-U150": 160.3674785197398}, "K51-U010": {"K51-U020": 35.09}, "K51A-U140": {"K51A-U150": 40.975}, "K52A-U090": {"K52A-U100": 125.40000000000002}, "K58-U030": {"K58-U040": 288.86}, "K54-U010": {"K54-U020": 116.9641}, "K51-D240": {"K51-D250": 123.6224}, "K52-nD080": {"K52-nD090": 72.9619}, "K51-U140": {"K51-U150": 52.25}, "K51-D070": {"K51-D080": 68.95152000000003}, "K58-D150": {"K58-D160": 47.63}, "K53-D100": {"K53-D110": 83.54499999999999}, "K52-nU260": {"K52-nU270": 119.9}, "K58-U100": {"K58-U110": 96.58000000000001}, "K52A-U160": {"K52A-U170": 25.19}, "K51A-D220": {"K51A-D230": 168.19}, "K51A-U180": {"K51A-U190": 96.69000000000001}, "K58-D040": {"K58-D050": 123.20000000000002}, "K52-nU100": {"K52-nU110": 201.57830000000004}, "K52-nU060": {"K52-nU070": 110.979}, "K51-U150": {"K51-U160": 79.2}, "K51A-U040": {"K51A-U050": 140.41500000000002}, "K51-D130": {"K51-D140": 50.325}, "K51-D200": {"K51-D210": 116.60000000000001}, "K51-U200": {"K51-U210": 90.2}, "K58-D193": {"K58-D196": 95.11699999999999}, "K58-D010": {"K58-D020": 33.99}, "K58-D140": {"K58-D150": 44.0}, "K51-U210": {"K51-U220": 57.09000000000001}, "K53-D030": {"K53-D040": 94.435}, "K53-U120": {"K53-U130": 71.731}, "K53-D130": {"K53-D140": 121.0}, "K51A-U230": {"K51A-U240": 58.300000000000004}, "K52-nD230": {"K52-nD240": 168.3}, "K52A-U020": {"K52A-U030": 93.50000000000001}, "K51-U100": {"K51-U110": 185.82300000000004}, "K52-nU210": {"K52-nU220": 90.97}, "K51-D190": {"K51-D200": 171.44380000000004}, "K52-nD110": {"K52-nD120": 143.0}, "K53-D110": {"K53-D120": 184.8}, "K51-U180": {"K51-U190": 107.94300000000001}, "K53-D150": {"K53-D160": 178.20000000000002}, "K53-D060": {"K53-D070": 133.84800000000004}, "K51-D120": {"K51-D130": 61.93000000000001}, "K51A-U240": {"K51A-U250": 59.400000000000006}, "K52A-U050": {"K52A-U060": 57.794000000000004}, "K52-nU040": {"K52-nU050": 67.10000000000001}, "K52-nD040": {"K52-nD050": 38.5}, "K51A-D030": {"K51A-D040": 44.33}, "K52A-U060": {"K52A-U070": 162.8}, "K51A-D250": {"K51A-D260": 89.47466000000001}, "K58-U026": {"K58-U030": 121.77000000000002}, "K51A-D180": {"K51A-D190": 126.76950000000002}, "K52-nD160": {"K52-nD170": 153.967}, "K52A-U170": {"K52A-U180": 275.3750320785301}, "K51-D170": {"K51-D180": 116.4152}, "K51-U240": {"K51-U250": 115.20300000000002}, "K52A-D010": {"K52A-D020": 277.2164422563302}, "K51-D140": {"K51-D150": 82.5}, "K54-D040": {"K54-D050": 154.17600000000002}, "K54-D010": {"K54-D020": 99.20680000000002}, "K51-D150": {"K51-D160": 214.50000000000003}, "K51-D010": {"K51-D020": 86.9}, "K52-nU240": {"K52-nU250": 81.4}, "K51-U050": {"K51-U060": 284.02000000000004}, "K58-D050": {"K58-D060": 185.57000000000002}, "K52A-U040": {"K52A-U050": 177.10000000000002}, "K51A-D150": {"K51A-D160": 136.4}, "K51A-D170": {"K51A-D180": 179.3}, "K58-D090": {"K58-D100": 154.22}, "K53-D080": {"K53-D090": 54.274}, "K54-D060": {"K54-D070": 176.77000000000004}, "K52A-U100": {"K52A-U110": 112.75000000000003}, "K51A-U090": {"K51A-U100": 179.85000000000002}, "K58-U190": {"K58-U200": 132.0}, "K58-D160": {"K58-D170": 249.48000000000002}, "K52-nU110": {"K52-nU120": 170.5}, "K51A-D140": {"K51A-D150": 100.10000000000001}, "K52-nD060": {"K52-nD070": 129.34768316859828}, "K51A-U060": {"K51A-U070": 343.20000000000005}, "K54-U070": {"K54-D010": 165.20900000000003}, "K51A-U190": {"K51A-U200": 54.010000000000005}, "K51-D230": {"K51-D240": 89.10000000000001}, "K51A-U120": {"K51A-U130": 114.4}, "K58-U140": {"K58-U150": 111.10000000000001}, "K52-nU050": {"K52-nU060": 265.43}, "K51-D100": {"K51-D110": 154.0}, "K54-D050": {"K54-D060": 78.32000000000001}, "K53-D090": {"K53-D100": 53.900000000000006}, "K52A-U010": {"K52A-U015": 377.41}, "K51-D030": {"K51-D040": 50.6}, "K52A-U070": {"K52A-U080": 103.4}, "K51A-D110": {"K51A-D120": 55.77}, "K54-U040": {"K54-U050": 149.60000000000002}, "K52A-U110": {"K52A-U120": 83.77600000000001}, "K51-U040": {"K51-U050": 130.13000000000002}, "K51-U190": {"K51-U200": 118.80000000000003}, "K51-U090": {"K51-U100": 116.93000000000002}, "K51-D110": {"K51-D120": 88.0}, "K52-nD180": {"K52-nD190": 157.3}, "K51A-U030": {"K51A-U040": 60.610000000000014}, "K52-nD250": {"K52-nD260": 192.50000000000003}, "K51-U060": {"K51-U070": 324.5},