{"K76-D020": {"K76-D030": 140.38437270865128}, "K75A-U030": {"K75A-D010": 230.69457400000002}, "K73-U110": {"K73-U120": 186.64761576547534}, "K76-U030": {"K76-U040": 163.09897848255906}, "K73-U060": {"K73-U070": 123.45770577347791}, "K75A-D110": {"K75A-U011": 249.24211873}, "K75A-D020": {"K75A-D030": 34.433062400000004}, "K73-U090": {"K73-U100": 155.53296787745563}, "K73-D020": {"K73-D030": 68.99974558528152}, "K74-D030": {"K74-D040": 114.49899999999998}, "K73-D140": {"K73-D150": 233.28493488300006}, "K75P-U100": {"K75P-U110": 70.8002993705239}, "K75P-D010": {"K75P-D020": 162.16567867830003}, "K76-U040": {"K76-U050": 100.25151681614416}, "K75P-U120": {"K75P-U130": 70.71297634724544}, "K75P-U090": {"K75P-U100": 50.640134337353004}, "K73-D070": {"K73-D080": 146.92101762800002}, "K74-U050": {"K74-U060": 237.59890000000001}, "K76-D010": {"K76-D020": 170.4205902588189}, "K74-D070": {"K74-D080": 235.51466839999998}, "K74-U001": {"K74-U004": 141.94988940000002}, "K73-U040": {"K73-U050": 104.84171106917809, "K73-U060": 235.14150000000004}, "K75P-U050": {"K75P-U060": 141.54667009999997}, "K75P-D050": {"K75P-D060": 105.08750596300001}, "K76-D030": {"K76-D040": 55.63411218967461}, "K75A-D050": {"K75A-D060": 115.09604419500002}, "K73-U030": {"K73-U040": 92.44752356504452}, "K75A-D040": {"K75A-D050": 66.8379615541}, "K73-U080": {"K73-U090": 224.48777279719994, "K73-U110": 151.49496013310537}, "K75P-U020": {"K75P-U030": 112.827}, "K76-U010": {"K76-U020": 6.2075054165390275}, "K75P-D080": {"K75P-U011": 158.01271313300006}, "K74-D050": {"K74-D060": 112.3001}, "K74-U020": {"K74-U030": 159.566}, "K75P-U040": {"K75P-U050": 115.9043743}, "K74-U100": {"K74-D010": 118.18124120000002}, "K73-D010": {"K73-D020": 64.66317449900001}, "K73-D110": {"K73-D120": 55.411481730000006}, "K73-D080": {"K73-D090": 273.60498}, "K75A-D060": {"K75A-D070": 51.520483324574}, "K74-D060": {"K74-D070": 155.52248884700006}, "K75P-U060": {"K75P-U070": 33.28571994112199}, "K75P-U110": {"K75P-U120": 75.24915096680301}, "K73-D040": {"K73-D050": 80.52110000000002}, "K75P-D020": {"K75P-D030": 37.449953310000005}, "K73-D150": {"K73-D160": 44.626098000000006}, "K75A-D030": {"K75A-D040": 57.183797000000006}, "K73-D120": {"K73-D130": 104.3952041}, "K74-U030": {"K74-U040": 283.32700000000006}, "K75P-D030": {"K75P-D040": 171.27718608337702}, "K74-U011": {"K74-D100": 188.30130000000003}, "K75P-U140": {"K75P-D010": 152.5686657}, "K75A-U020": {"K75A-U030": 142.76471198000004}, "K73-U050": {"K73-U060": 107.99328637681522}, "K74-D100": {"K74-D110": 95.453901939}, "K75A-D100": {"K75A-D110": 103.66244130000003}, "K75A-D070": {"K75A-D080": 63.74717156379002}, "K76-U020": {"K76-U030": 70.7195678222}, "K73-U070": {"K73-U080": 186.33251868492175}, "K75P-U130": {"K75P-U140": 45.358357}, "K73-U100": {"K73-U110": 241.65494288100004}, "K73-D090": {"K73-D100": 81.11213000000001}, "K75A-D010": {"K75A-D020": 222.1428}, "K74-D010": {"K74-D020": 175.23000000000002}, "K73-D100": {"K73-D110": 222.7632}, "K74-U004": {"K74-U007": 108.9}, "K74-U090": {"K74-U100": 202.1382}, "K75P-U070": {"K75P-U080": 105.62801484209699}, "K73-U020": {"K73-U030": 214.78662777000005}, "K75P-U010": {"K75P-U020": 90.3639}, "K74-U010": {"K74-U020": 230.62600000000003}, "K74-D040": {"K74-D050": 86.22395100000001}, "K73-D030": {"K73-D040": 97.96369000000001}, "K73-D050": {"K73-D070": 123.52098000000001}, "K75A-D090": {"K75A-D100": 51.514920380000014}, "K75P-U080": {"K75P-U090": 60.325100000000006}, "K75A-D080": {"K75A-D090": 108.18217696000002}, "K75A-U010": {"K75A-U020": 50.87643000000001}, "K75P-D070": {"K75P-D080": 118.51673856}, "K73-U010": {"K73-U020": 65.74176943730001}, "K75P-D060": {"K75P-D070": 206.9631355}, "K74-U060": {"K74-U070": 146.66410000000002}, "K74-D110": {"K74-U002": 190.06106570000006}, "K74-U040": {"K74-U050": 205.7}, "K73-D130": {"K73-D140": 136.21409999999997}, "K74-D090": {"K74-U011": 67.5155888}, "K74-U070": {"K74-U080": 147.13600000000005}, "K75P-D040": {"K75P-D050": 185.338329}, "K75P-U030": {"K75P-U040": 161.33986}, "K74-D020": {"K74-D030": 145.02339764528094}, "K74-U007": {"K74-U010": 319.0}, "K74-U080": {"K74-U090": 198.00000000000003}, "K74-D080": {"K74-D090": 170.5}}