{"KF3": {"KF1": 686.7716167756637}, "KF2": {"KF4": 1022.6254400410158}, "KF6": {"KF4": 250.95782166571075}, "KF4": {"KF2": 1022.624580130212, "KF6": 250.957767071028}, "KF1": {"KF5": 767.8871115849705, "KF3": 686.7718016654765}, "KF5": {"KF1": 767.8871391880264}}