{"KOW": {"HOK": 177.74210021664163, "OLY": 121.42948418651451, "TSY": 621.7366534880392}, "KOT": {"SKM": 46.3267011785619, "TAW": 294.5397184278245, "MKK": 138.00836410478422, "LOF": 79.88512798796263}, "KOB": {"CHH": 75.2655113740578, "NTK": 29.153923807018998}}