{"KWF": {"LAK": 144.34200000000004, "KWH": 132.0}, "KWT": {"LAT": 96.42468, "NTK": 13.2}, "KWH": {"TWH": 138.6, "KWF": 14.613059999999999}}