{"LAK": {"NAC": 297.3185821296115, "MEF": 126.00247096719697, "KWF": 132.06599999999997, "TSY": 180.95776369700064}, "LAT": {"YAT": 13.2, "KWT": 0.0}}