{"LOP": {"TIS": 174.53931676053818, "YUL": 75.88024227}, "LOW": {"SHS": 236.1214454763843}, "LOF": {"WTS": 87.691801342992, "KOT": 35.27178111294766}}