{"MKK": {"KOT": 138.0044119409784, "HUH": 188.3456816189469}}