{"MOK": {"YMT": 80.41145338790795, "PRE": 109.36734272627965}, "MOS": {"HEO": 133.96860957, "WKS": 169.6742336627458}}