{"OCP": {"ADM": 287.6504789868776, "WCH": 126.38076000000001}}