{"OCP": {"ADM": 287.6573652005542, "WCH": 126.38076000000001}}