{"OLY": {"NAC": 96.62851704660002, "KOW": 121.79870584316578}}