{"QUB": {"YAT": 214.9146509922498, "TAK": 126.64001439887701, "NOP": 109.94554716718626}}