{"SSP": {"PRE": 17.727929999999997, "CSW": 128.8493712}}