{"SUN": {"DIS": 198.58228536908274, "TUC": 823.8788572447271, "TSY": 690.6302177817952}, "SUW": {"KAT": 79.233, "TKW": 132.0}}