{"TKO": {"TIK": 35.974731939541435, "LHP": 128.59823683960403, "HAH": 22.037399999999998}, "TKW": {"HOM": 138.60000000000002}}