{"TSY": {"AIR": 1467.4430670594797, "KOW": 661.6530969902259, "SUN": 690.6282878464866, "LAK": 180.9690990779847}, "TST": {"ADM": 176.37166539437624, "JOR": 138.93}, "TSH": {"SHM": 216.41288731000813, "HEO": 132.0}, "TSW": {"TWH": 0.0}}