{"WAC": {"CAB": 192.65400000000002, "ADM": 39.385665}}