{"AUS": {"NAC": 212.26438593126886, "ETS": 169.63691056240603}}