{"AUS": {"NAC": 223.92850142135927, "ETS": 192.06000000000003}}