{"FOH": {"NOP": 138.6, "TIH": 139.007}, "FOT": {"UNI": 186.44220118547096, "SHT": 155.9735576883733}}