{"HIK": {"TAW": 143.39739581019998, "DIH": 306.46516317155175}}