{"HOM": {"YMT": 198.00000000000003, "TKW": 133.31670000000003, "HUH": 73.7, "WHA": 78.36651621898167}, "HOK": {"KOW": 177.73959578424873}}