{"K73-U020": {"K73-U030": 168.95999999999998}, "K73-U070": {"K73-U080": 143.98769000000001}, "K75P-D070": {"K75P-D080": 86.24000000000001}, "K73-D100": {"K73-D110": 181.50000000000003}, "K73-U090": {"K73-U100": 109.89000000000001}, "K75P-U110": {"K75P-U120": 76.78}, "K75P-D030": {"K75P-D040": 105.60000000000001}, "K75P-U070": {"K75P-U080": 112.97}, "K73-D050": {"K73-D070": 100.32000000000002}, "K75P-D080": {"K75P-U011": 117.7}, "K76-U010": {"K76-U020": 22.0}, "K73-U040": {"K73-U060": 179.3, "K73-U050": 97.79}, "K76-U020": {"K76-U030": 156.20000000000002}, "K75A-D040": {"K75A-D050": 35.2}, "K75P-U120": {"K75P-U130": 64.28400000000002}, "K76-U040": {"K76-U050": 16.830000000000002}, "K76-U030": {"K76-U040": 163.08542665805479}, "K75A-D010": {"K75A-D020": 147.29000000000002}, "K75P-U090": {"K75P-U100": 35.64}, "K75P-U130": {"K75P-U140": 31.900000000000002}, "K75P-D060": {"K75P-D070": 147.73}, "K73-U060": {"K73-U070": 113.7411}, "K73-U050": {"K73-U060": 80.619}, "K73-D040": {"K73-D050": 61.60000000000001}, "K76-D010": {"K76-D020": 170.46999712774624}, "K75P-U010": {"K75P-U020": 83.60000000000001}, "K73-U080": {"K73-U110": 151.48186865393546, "K73-U090": 273.90000000000003}, "K73-D120": {"K73-D130": 118.80000000000001}, "K73-U010": {"K73-U020": 129.8}, "K76-D030": {"K76-D040": 81.4}, "K75A-D100": {"K75A-D110": 96.80000000000001}, "K75P-U080": {"K75P-U090": 48.400000000000006}, "K75P-U030": {"K75P-U040": 104.50000000000001}, "K75P-D050": {"K75P-D060": 80.30000000000001}, "K73-D080": {"K73-D090": 277.20000000000005}, "K73-D020": {"K73-D030": 81.17999999999999}, "K73-D070": {"K73-D080": 146.3}, "K75A-D110": {"K75A-U011": 146.3}, "K76-D020": {"K76-D030": 146.3}, "K73-D010": {"K73-D020": 72.60000000000001}, "K75A-D030": {"K75A-D040": 47.300000000000004}}