{"K73-U020": {"K73-U030": 168.95999999999998}, "K73-U070": {"K73-U080": 140.808921}, "K75P-D070": {"K75P-D080": 86.24000000000001}, "K73-D100": {"K73-D110": 181.50000000000003}, "K73-U090": {"K73-U100": 109.89000000000001}, "K75P-U110": {"K75P-U120": 76.78}, "K75P-D030": {"K75P-D040": 105.49000000000001}, "K75P-U070": {"K75P-U080": 112.97}, "K73-D050": {"K73-D070": 100.51800000000003}, "K75P-D080": {"K75P-U011": 117.7}, "K76-U010": {"K76-U020": 20.567800000000002}, "K73-U040": {"K73-U060": 180.62, "K73-U050": 97.3819}, "K76-U020": {"K76-U030": 156.94800000000004}, "K75A-D040": {"K75A-D050": 34.87}, "K75P-U120": {"K75P-U130": 64.01560000000002}, "K76-U040": {"K76-U050": 44.938300000000005}, "K76-U030": {"K76-U040": 163.08542665805479}, "K75A-D010": {"K75A-D020": 147.29000000000002}, "K75P-U090": {"K75P-U100": 35.64}, "K75P-U130": {"K75P-U140": 31.900000000000002}, "K75P-D060": {"K75P-D070": 148.467}, "K73-U060": {"K73-U070": 116.33698999999999}, "K73-U050": {"K73-U060": 78.6071}, "K73-D040": {"K73-D050": 61.60000000000001}, "K76-D010": {"K76-D020": 170.46999712774624}, "K75P-U010": {"K75P-U020": 83.60000000000001}, "K73-U080": {"K73-U110": 151.48186865393546, "K73-U090": 273.90000000000003}, "K73-D120": {"K73-D130": 118.58}, "K73-U010": {"K73-U020": 123.2}, "K76-D030": {"K76-D040": 83.215}, "K75A-D100": {"K75A-D110": 96.80000000000001}, "K75P-U080": {"K75P-U090": 48.400000000000006}, "K75P-U030": {"K75P-U040": 105.27000000000001}, "K75P-D050": {"K75P-D060": 79.89630000000001}, "K73-D080": {"K73-D090": 277.20000000000005}, "K73-D020": {"K73-D030": 81.17999999999999}, "K73-D070": {"K73-D080": 146.3}, "K75A-D110": {"K75A-U011": 146.3}, "K76-D020": {"K76-D030": 145.53000000000003}, "K73-D010": {"K73-D020": 72.60000000000001}, "K75A-D030": {"K75A-D040": 47.300000000000004}, "K73-U030": {"K73-U040": 75.9}, "K75A-D020": {"K75A-D030": 18.59}, "K75A-U030": {"K75A-D010": 215.60000000000002}, "K73-D110": {"K73-D120": 81.23500000000001}, "K75A-D070": {"K75A-D080": 26.400000000000002}, "K75A-U010": {"K75A-U020": 41.25000000000001}, "K75A-D090": {"K75A-D100": 25.3}, "K73-U100": {"K73-U110": 244.20000000000002}, "K75P-D040": {"K75P-D050": 154.0}, "K75P-U060": {"K75P-U070": 11.0}, "K75P-U040": {"K75P-U050": 107.80000000000001}, "K75P-D020": {"K75P-D030": 30.8}, "K75P-U140": {"K75P-D010": 169.51000000000002}}