{"KSR": {"TWW": 676.3212070357529, "YUL": 252.12409651863646}}