{"LAK": {"NAC": 297.3250597337123, "TSY": 180.92058554930682, "MEF": 125.9965283174981, "KWF": 174.5007}, "LAT": {"KWT": 132.0, "YAT": 132.0}}