{"LOW": {"SHS": 261.7527207161598}, "LOP": {"TIS": 173.90976714657384, "YUL": 138.93}, "LOF": {"KOT": 132.0}}