{"MOK": {"PRE": 89.93517060000002, "YMT": 133.20999999999998}, "MOS": {"HEO": 132.0}}