{"NTK": {"KOB": 127.46480287200002, "KWT": 122.04626808}}