{"OLY": {"NAC": 117.86486646, "KOW": 121.79870584316578}}