{"SUN": {"DIS": 198.58233387484285, "TUC": 823.8869053917011, "TSY": 690.6201183939299}, "SUW": {"TKW": 128.61867, "KAT": 105.94142640000003}}