{"TAP": {"UNI": 286.04635164625586, "TWO": 112.49657447973179}, "TAW": {"SHT": 70.89688454780246, "KOT": 244.4198113939221, "HIK": 170.64354000000003, "CKT": 156.66629422800003}, "TAK": {"QUB": 133.34832999999998, "SWH": 124.3539405548579}}