{"TWO": {"TAP": 70.99144799999999, "FAN": 412.63814685956714}, "TWH": {"KWH": 137.346}, "TWW": {"KSR": 712.0342164557095}}