{"TWO": {"TAP": 82.58307287999999, "FAN": 412.63497693968077}, "TWH": {"KWH": 143.59026}, "TWW": {"KSR": 712.0324774026626}}