{"AIR": {"TSY": 1467.4432964046864, "AWE": 118.01593640690066}}