{"DIS": {"SUN": 198.58233387484285}, "DIH": {"CHH": 120.852, "HIK": 323.7569282754785, "WTS": 125.69590042564508, "KAT": 145.13865699999997}}