{"HUH": {"MKK": 186.10325339634545, "EXC": 198.28041671638914, "HOM": 133.82639999999998, "ETS": 179.99300000000002}}