{"JOR": {"TST": 126.91444535922543, "YMT": 121.13393115089998}}