{"K73-D140": {"K73-D150": 173.39707000000004}, "K73-U060": {"K73-U070": 119.99293074056368}, "K75A-D060": {"K75A-D070": 35.16054245000001}, "K75P-U090": {"K75P-U100": 46.176789906170015}, "K75P-U080": {"K75P-U090": 45.79490080000001}, "K73-U100": {"K73-U110": 236.45369890999996}, "K75P-D010": {"K75P-D020": 120.64864900000002}, "K73-U020": {"K73-U030": 157.651098}, "K76-D020": {"K76-D030": 133.22453634458788}, "K75A-D090": {"K75A-D100": 32.69920500000001}, "K76-U030": {"K76-U040": 163.09547488311813}, "K76-D010": {"K76-D020": 170.43315596966931}, "K75A-D100": {"K75A-D110": 92.14963999999999}, "K73-D130": {"K73-D140": 141.16058000000004}, "K73-U030": {"K73-U040": 72.47324561398456}, "K75P-D050": {"K75P-D060": 79.38700000000001}, "K75P-D070": {"K75P-D080": 83.53616689}, "K73-U010": {"K73-U020": 56.372910000000005}, "K76-D030": {"K76-D040": 83.45253847968533}, "K73-U080": {"K73-U090": 229.09923722224002, "K73-U110": 151.48968149919992}, "K75P-U100": {"K75P-U110": 55.871093921500005}, "K73-U070": {"K73-U080": 149.20433082428005}, "K73-D030": {"K73-D040": 115.28000000000002}, "K75P-D080": {"K75P-U011": 113.97161753999998}, "K75P-U140": {"K75P-D010": 135.04053816}, "K73-D040": {"K73-D050": 82.16373000000003}, "K76-U040": {"K76-U050": 153.50625296512004}, "K73-U110": {"K73-U120": 211.29352994594814}, "K75A-U020": {"K75A-U030": 173.12889}, "K75P-U060": {"K75P-U070": 26.556435851000003}, "K74-D020": {"K74-D030": 145.03112256127426}, "K75P-U130": {"K75P-U140": 21.3763}, "K75P-U050": {"K75P-U060": 175.17830000000004}, "K73-U040": {"K73-U050": 97.45449352847706, "K73-U060": 182.18631420000003}, "K75A-D080": {"K75A-D090": 47.65200000000001}, "K75P-D030": {"K75P-D040": 113.857271}, "K73-D070": {"K73-D080": 150.64530140000002}, "K75P-D040": {"K75P-D050": 167.17855000000003}, "K73-D090": {"K73-D100": 88.9086}, "K75P-U120": {"K75P-U130": 61.801190000000005}, "K73-U050": {"K73-U060": 90.29528208353344}, "K73-D120": {"K73-D130": 111.72008100000002}, "K75P-U020": {"K75P-U030": 107.50366000000001}, "K76-U010": {"K76-U020": 6.888250479}, "K76-U020": {"K76-U030": 157.5108071339}, "K73-D020": {"K73-D030": 83.82000000000001}, "K73-U090": {"K73-U100": 100.1671768550673}, "K75P-U010": {"K75P-U020": 81.906}, "K73-D110": {"K73-D120": 84.76707932000001}, "K75A-D050": {"K75A-D060": 70.38900000000001}, "K75P-U070": {"K75P-U080": 117.75434}, "K73-D010": {"K73-D020": 67.17699999999999}, "K75A-D110": {"K75A-U011": 128.59000000000003}, "K75A-D070": {"K75A-D080": 32.55087}, "K75P-U030": {"K75P-U040": 108.67999999999999}, "K75P-U110": {"K75P-U120": 83.864}, "K73-D050": {"K73-D070": 101.09}, "K75A-U030": {"K75A-D010": 223.95999999999998}, "K75A-U010": {"K75A-U020": 45.870605}, "K75A-D030": {"K75A-D040": 43.10504}, "K75A-D040": {"K75A-D050": 49.17}, "K75A-D010": {"K75A-D020": 163.834}, "K75A-D020": {"K75A-D030": 13.026200000000003}, "K75P-U040": {"K75P-U050": 112.31000000000002}, "K73-D150": {"K73-D160": 51.370000000000005}, "K73-D080": {"K73-D090": 26.619999999999997}, "K73-D100": {"K73-D110": 192.07100000000003}, "K75P-D060": {"K75P-D070": 196.262}, "K75P-D020": {"K75P-D030": 30.800000000000004}}