{"KOB": {"NTK": 108.10799999999999, "CHH": 132.0}, "KOW": {"HOK": 177.7386647808092, "TSY": 661.656943991437, "OLY": 121.78096601539512}, "KOT": {"TAW": 320.61763057163387, "SKM": 132.0, "MKK": 138.0008851872174, "LOF": 78.53999999999999}}