{"OCP": {"ADM": 287.65482416229713, "WCH": 133.810720784466}}