{"TAP": {"TWO": 94.31603049000002, "UNI": 430.1219262279924}, "TAW": {"HIK": 185.53810000000001, "KOT": 320.60826355961274, "SHT": 127.69416000000001, "CKT": 132.0}, "TAK": {"QUB": 132.0, "SWH": 132.0}}