{"YAT": {"TIK": 129.17259468447344, "QUB": 258.7302049663854, "LAT": 160.58598957899397}}