{"LOF": {"WTS": 112.844136273, "KOT": 132.0}, "LOW": {"SHS": 261.7533201024686}, "LOP": {"TIS": 173.91925663072246, "YUL": 132.0}}