{"NAC": {"AUS": 223.94281837963717, "MEF": 173.1490896523016, "LAK": 297.31514164898897, "OLY": 123.21006715102332}}