{"NTK": {"KOB": 130.86588971479844, "KWT": 134.77352537900003}}