{"QUB": {"YAT": 249.67048541689928, "NOP": 130.79000000000002}}