{"QUB": {"YAT": 249.6428225049592, "NOP": 126.4696347020769, "TAK": 114.51909421706428}}