{"SIH": {"TIS": 389.450832853173, "TUM": 154.42917913446368}}