{"SKW": {"HFC": 185.09745784501703, "SWH": 115.57053719663104}, "SKM": {"KOT": 119.96028764200567, "PRE": 109.85387764999999}}