{"SUN": {"DIS": 198.58217930466327, "TSY": 690.6282878464866, "TUC": 823.8788572447271}, "SUW": {"TKW": 154.0}}