{"TAK": {"QUB": 119.39290000000003, "SWH": 132.0}, "TAW": {"SHT": 37.5584, "KOT": 320.61962553603695, "CKT": 143.0, "HIK": 198.00000000000003}, "TAP": {"UNI": 430.12470352653116, "TWO": 146.3}}