{"TST": {"ADM": 176.36977430678184, "JOR": 77.28599999999999}, "TSY": {"SUN": 690.6282878464866, "AIR": 1467.4411792081587, "KOW": 661.6556606057515, "LAK": 180.94021573780213}, "TSW": {"TWH": 6.6000000000000005}, "TSH": {"SHM": 216.38983882450867}}