{"TWW": {"KSR": 712.0295036219525, "MEF": 351.8337472079667}, "TWO": {"FAN": 412.63537642106814, "TAP": 192.92702000000003}, "TWH": {"KWH": 131.164}}