{"WCH": {"LET": 168.71707205906304, "OCP": 119.90000000000002}}