{"YAT": {"TIK": 141.42091387207415, "QUB": 249.65604544698468, "LAT": 209.55}}