{"YMT": {"MOK": 105.98880704100893, "HOM": 169.56671730896807, "JOR": 132.270350278495}}