{"FOH": {"TIH": 94.60000000000001, "NOP": 133.10000000000002}, "FOT": {"SHT": 155.9735576883733, "UNI": 186.43877335339687}}