{"FOH": {"TIH": 94.60000000000001, "NOP": 133.10000000000002}, "FOT": {"SHT": 155.98328234194557, "UNI": 186.42931690460236}}