{"KOW": {"TSY": 661.65190627426, "HOK": 177.74198225580955, "OLY": 121.78478099420406}, "KOT": {"MKK": 138.0016378680454, "LOF": 118.8, "TAW": 320.61276485345485, "SKM": 154.0}}