{"KOW": {"TSY": 661.6695615099304, "HOK": 177.72150059192217, "OLY": 121.82868609035285}, "KOT": {"MKK": 137.99092678848214}}