{"KOW": {"TSY": 661.654177890005, "HOK": 177.74027448575617, "OLY": 121.79870584316578}, "KOT": {"MKK": 137.99808715560704, "LOF": 118.8, "TAW": 320.61763057163387, "SKM": 154.0}}