{"KSR": {"TWW": 678.9151433327166, "YUL": 252.1057727208507}}