{"LAK": {"NAC": 297.3189674318497, "TSY": 180.95555225843535, "MEF": 126.00069475086632, "KWF": 154.0}, "LAT": {"YAT": 135.3}}