{"LAK": {"NAC": 255.45526327087546, "TSY": 187.39361340894712, "MEF": 138.660665474514, "KWF": 144.80255495333262}, "LAT": {"YAT": 126.47163918161637, "KWT": 118.88034799999998}}