{"MEF": {"TWW": 351.8484498884394, "LCK": 118.98700000000001, "LAK": 126.01845691417293, "NAC": 173.14254853482151}}