{"MOK": {"PRE": 95.017712390392, "YMT": 122.09999999999998}, "MOS": {"HEO": 158.4}}