{"SUN": {"DIS": 198.5823300057111, "TUC": 823.8804030491019, "TSY": 690.6244327215805}, "SUW": {"TKW": 154.0, "KAT": 122.09999999999998}}