{"SYP": {"SHW": 133.20125000000002, "HKU": 101.88142180947094}}