{"WTS": {"DIH": 114.81469999999999, "LOF": 124.08000000000001}}