{"YAT": {"TIK": 141.42185030209822, "QUB": 249.65149270946054, "LAT": 143.0}}