{"5": {"6": 139.98510502834037, "305": 79.1132049526675}}