{"AIR": {"TSY": 958.2417452271848, "AWE": 127.34308422923883}}