{"DIS": {"SUN": 198.58233307822306}, "DIH": {"KAT": 198.00000000000003, "HIK": 333.03839187241516, "WTS": 132.0, "CHH": 141.80100000000002}}