{"K53-U010": {"K53-U020": 254.78713357449}, "K51-D090": {"K51-D100": 93.368}, "K54-U020": {"K54-U030": 95.2435}, "K53-U060": {"K53-U070": 73.82140700000001}, "K53-D080": {"K53-D090": 37.93889}, "K52-nD270": {"K52-nD280": 85.71200000000002}, "K53-U140": {"K53-D010": 83.57789682572623}, "K52-nD130": {"K52-nD140": 75.955}, "K53-D130": {"K53-D140": 88.99000000000001}, "K52-nU060": {"K52-nU070": 113.04149999999997}, "K51-D210": {"K51-D220": 143.95292999999998}, "K52-nD140": {"K52-nD150": 89.1}, "K52-nD070": {"K52-nD080": 96.67438}, "K54-U040": {"K54-U050": 115.184905}, "K54-D030": {"K54-D040": 53.6096}, "K51-D270": {"K51-D280": 96.01878000000002}, "K52-nD060": {"K52-nD070": 129.34768316859828}, "K51-D120": {"K51-D130": 37.18000000000001}, "K52-nU030": {"K52-nU040": 101.4002}, "K52-nD160": {"K52-nD170": 132.407}, "K52-nD280": {"K52-nD290": 76.07160000000002}, "K52-nU180": {"K52-nU190": 79.61359999999999}, "K51-D040": {"K51-D050": 42.09700000000001}, "K51-U080": {"K51-U090": 91.11300000000001}, "K52A-U140": {"K52A-U150": 160.36558789242366}, "K53-U090": {"K53-U100": 89.01190586466751}, "K54-D060": {"K54-D070": 144.00100000000003}, "K54-U030": {"K54-U040": 100.579457}, "K51-D100": {"K51-D110": 128.82430000000002}, "K54-D050": {"K54-D060": 71.24920000000002}, "K52-nU240": {"K52-nU250": 61.82307999999999}, "K53-U020": {"K53-U030": 146.14056655675404}, "K53-U100": {"K53-U110": 69.033882740757}, "K52-nD250": {"K52-nD260": 160.07200000000003}, "K51-U240": {"K51-U250": 116.60000000000001}, "K51-D240": {"K51-D250": 115.39000000000001}, "K51-D230": {"K51-D240": 74.327}, "K53-U080": {"K53-U090": 80.40495595}, "K51-U050": {"K51-U060": 256.85}, "K52-nU260": {"K52-nU270": 61.51871}, "K51-D070": {"K51-D080": 49.439499999999995}, "K52-nU170": {"K52-nU180": 125.41100000000002}, "K53-D060": {"K53-D070": 132.62772490000003}, "K53-U130": {"K53-U140": 65.83704159999999}, "K52-nD090": {"K52-nD100": 53.9}, "K52-nU020": {"K52-nU030": 67.43000000000002}, "K51-U190": {"K51-U200": 80.861}, "K52-nD030": {"K52-nD040": 19.25}, "K53-D030": {"K53-D040": 65.304822}, "K52-nU300": {"K52-nU310": 40.73300000000001}, "K51-U180": {"K51-U190": 110.00000000000001}, "K52-nU080": {"K52-nU090": 78.54}, "K51-U100": {"K51-U110": 204.71}, "K52A-D060": {"K52A-D070": 129.34768316859828}, "K53-D150": {"K53-D160": 126.73922799999998}, "K53-D110": {"K53-D120": 136.92337999999998}, "K52A-U170": {"K52A-U180": 275.366511913542}, "K53-U070": {"K53-U080": 46.543397867493994}, "K51-U220": {"K51-U230": 60.6683}, "K51-D080": {"K51-D090": 105.96476000000003}, "K52-nD220": {"K52-nD230": 136.66477000000003}, "K52-nD290": {"K52-nD300": 102.52000000000001}, "K53-D020": {"K53-D030": 100.30900000000001}, "K51-U210": {"K51-U220": 46.742300000000014}, "K53-U030": {"K53-U040": 182.16061109950004}, "K53-D070": {"K53-D080": 57.57400000000001}, "K52-nU200": {"K52-nU210": 82.5}, "K52-nU120": {"K52-nU140": 104.60625999999999}, "K51-U170": {"K51-U180": 74.30500000000002}, "K52-nD240": {"K52-nD250": 153.12}, "K53-U120": {"K53-U130": 70.62295278203001}, "K52-nU270": {"K52-nU280": 160.3664834527313}, "K51-D060": {"K51-D070": 49.720000000000006}, "K51-U230": {"K51-U240": 34.05006000000001}, "K51-U160": {"K51-U170": 86.471}, "K51-D020": {"K51-D030": 50.633}, "K53-U110": {"K53-U120": 93.3123835072}, "K52-nD080": {"K52-nD090": 31.9}, "K51-D170": {"K51-D180": 99.55000000000001}, "K52-nU190": {"K52-nU200": 130.02000000000004}, "K52-nU210": {"K52-nU220": 71.5}, "K52-nD210": {"K52-nD220": 178.09}, "K54-D040": {"K54-D050": 163.724}, "K52-nU070": {"K52-nU080": 78.21000000000001}, "K53-U050": {"K53-U060": 153.4324}, "K52-nU250": {"K52-nU260": 61.94870000000001}, "K51-U030": {"K51-U040": 75.13000000000001}, "K51-U060": {"K51-U070": 268.51583000000005}, "K52-nU150": {"K52-nU160": 64.73786000000001}, "K52-nD260": {"K52-nD270": 48.93900000000001}, "K51-D260": {"K51-D270": 54.89000000000001}, "K52-nU230": {"K52-nU240": 59.85100000000001}, "K51-U040": {"K51-U050": 111.39997000000001}, "K51-D110": {"K51-D120": 61.985}, "K52-nU220": {"K52-nU230": 78.76}, "K52-nU160": {"K52-nU170": 34.09241000000001}, "K51-D050": {"K51-D060": 52.206}, "K53-D140": {"K53-D150": 128.933321}, "K52-nD010": {"K52-nD020": 18.37}, "K53-D120": {"K53-D130": 60.75385250000001}, "K51-U010": {"K51-U020": 42.75194000000001}, "K51-U140": {"K51-U150": 61.60000000000001}, "K53-U040": {"K53-U050": 138.09492686}, "K52-nU050": {"K52-nU060": 211.75000000000006}, "K52A-D010": {"K52A-D020": 277.21900545495805}, "K52-nD200": {"K52-nD210": 137.5}, "K52-nU090": {"K52-nU100": 128.4767}, "K53-D100": {"K53-D110": 99.55000000000003}, "K54-D020": {"K54-D030": 132.84152565833193}, "K52-nU290": {"K52-nU300": 55.00000000000001}, "K52-nU280": {"K52-nU290": 46.31}, "K53-D090": {"K53-D100": 42.019999999999996}, "K51-D280": {"K51-D290": 81.97200000000001}, "K51-U020": {"K51-U030": 89.32000000000001}, "K51-U150": {"K51-U160": 88.47289}, "K51-U120": {"K51-U130": 144.66870000000003}, "K54-U010": {"K54-U020": 60.39000000000001}, "K54-U060": {"K54-U070": 182.39100000000002}, "K52-nD180": {"K52-nD190": 108.9}, "K52-nU010": {"K52-nU020": 30.8}, "K53-D010": {"K53-D015": 95.53939999999999}, "K51-U130": {"K51-U140": 68.09}, "K52-nD020": {"K52-nD030": 10.032000000000002}, "K51-U070": {"K51-U080": 169.51000000000002}, "K52-nD190": {"K52-nD200": 119.9}, "K51-D190": {"K51-D200": 141.35}, "K51-D160": {"K51-D170": 46.09}, "K52-nD150": {"K52-nD160": 79.2}, "K51-D150": {"K51-D160": 186.78000000000003}, "K52-nU100": {"K52-nU110": 160.655}, "K51-U090": {"K51-U100": 148.5}, "K51-D030": {"K51-D040": 41.591}, "K53-D040": {"K53-D050": 63.800000000000004}, "K52-nU140": {"K52-nU150": 138.60000000000002}, "K52-nD110": {"K52-nD120": 144.00100000000003}, "K54-U070": {"K54-D010": 126.50000000000001}, "K51-U200": {"K51-U210": 91.30000000000001}, "K52-nD230": {"K52-nD240": 149.71}, "K53-D015": {"K53-D020": 40.92}, "K52-nD170": {"K52-nD180": 105.82000000000001}, "K52-nD050": {"K52-nD060": 31.900000000000002}, "K52-nD040": {"K52-nD050": 13.200000000000001}, "K54-D010": {"K54-D020": 107.03000000000002}, "K52-nU110": {"K52-nU120": 134.20000000000002}, "K51-U110": {"K51-U120": 157.96}, "K52-nD100": {"K52-nD110": 61.60000000000001}, "K51-D220": {"K51-D230": 264.0}, "K51-D200": {"K51-D210": 113.3}}