{"MEF": {"LAK": 125.99409180675646, "LCK": 132.55, "NAC": 173.18177049448954, "TWW": 351.82771904869134}}