{"MKK": {"KOT": 144.79677492487525, "HUH": 169.3036121161715}}