{"OCP": {"WCH": 129.0104134, "ADM": 287.6797689357697}}