{"SIH": {"TUM": 154.44352676596446, "TIS": 337.5123526595466}}