{"SUN": {"DIS": 198.58227399118837, "TSY": 690.6355419441308, "TUC": 823.879670825977}, "SUW": {"TKW": 139.15}}