{"TKO": {"LHP": 128.59028151898085, "TIK": 89.32896530799576, "HAH": 140.71850148181005}, "TKW": {"SUW": 116.64076600000001, "HOM": 120.317742402}}