{"TUC": {"SUN": 823.8869624901475}, "TUM": {"SIH": 154.45349534951495}}