{"YMT": {"JOR": 127.04724893999999, "MOK": 101.85728721228072, "HOM": 198.66000000000003}}