{"AIR": {"TSY": 1467.4428105003212, "AWE": 125.68107384797463}}