{"CHW": {"HFC": 178.20000000000002}, "CHH": {"DIH": 301.40000000000003, "KOB": 331.1}}