{"DIS": {"SUN": 198.58178658725515}, "DIH": {"WTS": 118.8, "KAT": 180.40000000000003, "HIK": 333.09145192889775}}