{"FOT": {"SHT": 176.8112324936974, "UNI": 117.52692757742065}, "FOH": {"NOP": 129.03525124881025, "TIH": 90.5703926}}