{"HUH": {"EXC": 199.66341722819013, "MKK": 188.3456816189469, "ETS": 497.2, "HOM": 136.40000000000003}}