{"KOW": {"HOK": 177.740071626634, "TSY": 661.6551134781697, "OLY": 121.78701197596368}, "KOT": {"TAW": 320.6218421631514, "MKK": 137.99693995117474, "SKM": 154.0, "LOF": 118.8}}