{"KOW": {"HOK": 177.7413143000525, "TSY": 661.6513158171065, "OLY": 121.7778758825599}, "KOT": {"TAW": 320.60826355961274, "MKK": 138.0016378680454, "SKM": 154.0, "LOF": 118.8}}