{"LAK": {"MEF": 126.00680315882747, "KWF": 154.0, "NAC": 297.3198712272233, "TSY": 180.9530951044739}, "LAT": {"YAT": 135.3}}