{"LOW": {"SHS": 261.7527207161598}, "LOP": {"YUL": 132.0}, "LOF": {"WTS": 99.00000000000001}}