{"MEF": {"LAK": 126.00796853436202, "TWW": 351.8440553603276, "LCK": 119.13, "NAC": 173.16570870978592}}