{"MEF": {"LAK": 139.0801545538746, "TWW": 336.89495291615725, "LCK": 111.09453953351199, "NAC": 173.64819862852437}}