{"MOK": {"YMT": 113.84270200618573, "PRE": 94.00922754522958}, "MOS": {"HEO": 155.66400000000004, "WKS": 167.78982098601907}}