{"OCP": {"WCH": 120.5627572361146, "ADM": 287.6573652005542}}