{"QUB": {"NOP": 119.90000000000002, "YAT": 249.65062412816087, "TAK": 99.00000000000001}}