{"SHS": {"FAN": 125.75072794473692, "LMC": 525.2487193011314, "LOW": 261.75375705508776}, "SHM": {"TSH": 216.41288731000813, "CIO": 134.20000000000002}, "SHT": {"TAW": 177.1, "FOT": 155.95560719523863}, "SHW": {"SYP": 119.90000000000002, "CEN": 129.8}}