{"SHS": {"FAN": 125.72964287584118}, "SHM": {"TSH": 216.41829374487838}, "SHT": {"TAW": 177.10000000000002}}