{"TIK": {"YAT": 141.42128370077606}, "TIH": {"FOH": 93.50000000000001}, "TIS": {"LOP": 173.9447836932477}}