{"TIK": {"YAT": 141.42174984803495}, "TIH": {"FOH": 93.50000000000001}, "TIS": {"LOP": 173.9447836932477, "SIH": 389.3771584065412}}