{"TSY": {"AIR": 1467.442152744692, "KOW": 661.6616284085004, "SUN": 690.6326004179786, "LAK": 180.92058554930682}, "TST": {"ADM": 176.37076961604205, "JOR": 129.8}, "TSH": {"SHM": 216.41829374487838, "HEO": 126.50000000000001}, "TSW": {"TWH": 104.50000000000003}}