{"TSY": {"AIR": 1467.438586142023, "KOW": 661.6695615099304, "SUN": 690.6355419441308}, "TST": {"ADM": 176.3660743231122, "JOR": 129.8}, "TSH": {"SHM": 216.41829374487838}}