{"YAT": {"QUB": 249.6524577997935, "LAT": 143.0, "TIK": 141.4218931272515}}