{"1": {"6": 72.88757197700002, "2": 58.18757999999999}}