{"K17-U020": {"K17-U030": 156.29269793499998}, "K17-U030": {"K17-U040": 27.850679999999993}, "K18-D020": {"K18-D030": 70.51618520927215}, "K12-D010": {"K12-D020": 146.22427210600003}, "K18-U020": {"K18-U030": 61.78872696063168}, "K17-D020": {"K17-D030": 27.981961565894853}, "K18-D010": {"K18-D020": 240.90735764624645}, "K12-D020": {"K12-D030": 328.3613595130001}, "K18-U010": {"K18-U020": 203.99122591881235}, "K12-D030": {"K12-D040": 14.210346589999995}, "K12-U010": {"K12-U020": 241.70189999999997}, "K17-D010": {"K17-D020": 303.35546512711005}, "K12-U020": {"K12-U030": 239.00168007297998}, "K17-U010": {"K17-U020": 243.29168600000008}}