{"K51A-U160": {"K51A-U170": 73.15561000000002}, "K54-U050": {"K54-U060": 362.23209}, "K51A-D070": {"K51A-D080": 89.6721562}, "K52-nU270": {"K52-nU280": 160.36747851973982}, "K51A-D010": {"K51A-D020": 52.65259999999999}, "K51A-D170": {"K51A-D180": 163.84499999999997}, "K54-U020": {"K54-U030": 198.01918400000002}, "K51A-D080": {"K51A-D090": 132.66}, "K52A-D080": {"K52A-D090": 76.6169954}, "K53-U120": {"K53-U130": 72.49718474380772}, "K51A-D100": {"K51A-D110": 66.78408}, "K52-nD080": {"K52-nD090": 68.44090000000003}, "K53-U050": {"K53-U060": 154.56894365258063}, "K52A-D070": {"K52A-D080": 87.33782860000001}, "K53-U090": {"K53-U100": 120.75083647949853}, "K51-U050": {"K51-U060": 252.94592224000002}, "K51-D200": {"K51-D210": 129.6702}, "K51-D060": {"K51-D070": 48.612300000000005}, "K52A-D120": {"K52A-D130": 39.551205084050004}, "K51-U140": {"K51-U150": 60.339368100000016}, "K51-U210": {"K51-U220": 47.13632}, "K51A-U100": {"K51A-U110": 185.60113000000004}, "K51-U100": {"K51-U110": 190.43002}, "K51-D240": {"K51-D250": 131.99330100000003}, "K51-D230": {"K51-D240": 83.05000000000001}, "K52A-U010": {"K52A-U015": 265.66100000000006}, "K52-nU230": {"K52-nU240": 82.22299910000001}, "K51-D180": {"K51-D190": 264.0}, "K52-nU170": {"K52-nU180": 141.3269}, "K51-D210": {"K51-D220": 203.72000000000003}, "K52A-U150": {"K52A-U160": 27.085778962}, "K51-D010": {"K51-D020": 62.22139000000001}, "K51A-D140": {"K51A-D150": 87.584585}, "K51-D150": {"K51-D160": 189.8589}, "K53-U020": {"K53-U030": 147.72950726365542}, "K53-U140": {"K53-D010": 83.15678538121793}, "K52-nD180": {"K52-nD190": 134.88860000000003}, "K51A-U150": {"K51A-U160": 113.62967000000003}, "K52-nU110": {"K52-nU120": 167.60656}, "K52-nU030": {"K52-nU040": 154.0}, "K51A-D160": {"K51A-D170": 219.56000000000003}, "K53-D040": {"K53-D050": 76.62712199999999}, "K52-nU040": {"K52-nU050": 70.67587999999999}, "K53-D110": {"K53-D120": 208.96539906377956}, "K53-D020": {"K53-D030": 96.377072}, "K52A-D100": {"K52A-D110": 64.50657045800001}, "K51-D100": {"K51-D110": 142.87899999999996}, "K52-nU060": {"K52-nU070": 182.48898800000006}, "K51-D110": {"K51-D120": 100.77649999999998}, "K52A-U160": {"K52A-U170": 22.490599999999997}, "K52-nU210": {"K52-nU220": 82.6573}, "K53-D010": {"K53-D015": 112.3738}, "K53-U010": {"K53-U020": 270.5285}, "K53-U070": {"K53-U080": 58.21042378668002}, "K52-nU020": {"K52-nU030": 110.34540000000001}, "K51-D270": {"K51-D280": 90.72338}, "K53-U080": {"K53-U090": 66.80951955566994}, "K52-nU160": {"K52-nU170": 30.296200000000006}, "K54-D020": {"K54-D030": 132.84467383186876}, "K53-U130": {"K53-U140": 66.55795625057684}, "K54-D040": {"K54-D050": 160.84179100000003}, "K53-D130": {"K53-D140": 122.98396000000002}, "K52-nD140": {"K52-nD150": 111.77498199999998}, "K51-U170": {"K51-U180": 75.47566587000003}, "K52-nD040": {"K52-nD050": 34.43869}, "K51-D120": {"K51-D130": 61.182}, "K51-U110": {"K51-U120": 140.8}, "K52-nU220": {"K52-nU230": 103.65299999999999}, "K51-D080": {"K51-D090": 118.3776}, "K53-D030": {"K53-D040": 83.8057153637}, "K53-D015": {"K53-D020": 49.483290999999994}, "K54-U010": {"K54-U020": 59.08793000000001}, "K51-D250": {"K51-D260": 149.6099}, "K51A-U200": {"K51A-U210": 65.335996759}, "K53-U110": {"K53-U120": 94.77501000000002}, "K54-D030": {"K54-D040": 77.23652639890003}, "K52A-D040": {"K52A-D050": 17.6}, "K52-nD130": {"K52-nD140": 89.10000000000001}, "K52A-D050": {"K52A-D060": 17.842000000000002}, "K54-U040": {"K54-U050": 147.70690000000002}, "K51-U180": {"K51-U190": 102.245}, "K53-D120": {"K53-D130": 76.01}, "K51-U150": {"K51-U160": 81.796}, "K51-U220": {"K51-U230": 70.19914000000001}, "K52A-U040": {"K52A-U050": 132.29149999999998}, "K51-U010": {"K51-U020": 31.738270410000002}, "K51-U230": {"K51-U240": 40.817824360511}, "K53-D160": {"K53-D170": 207.13770000000005}, "K54-U070": {"K54-D010": 147.55888433}, "K52A-U080": {"K52A-U090": 71.75885993100003}, "K53-D150": {"K53-D160": 172.854704}, "K52A-U030": {"K52A-U040": 65.835946}, "K51-U120": {"K51-U130": 143.68200000000002}, "K51-U240": {"K51-U250": 106.11699999999999}, "K52A-D020": {"K52A-D030": 12.570359999999999}, "K51-U040": {"K51-U050": 114.22400000000002}, "K52A-U100": {"K52A-U110": 84.55843000000002}, "K52A-D110": {"K52A-D120": 167.77904000000004}, "K52-nU190": {"K52-nU200": 138.01799}, "K58-U200": {"K58-U210": 48.400000000000006}, "K52-nU240": {"K52-nU250": 56.944624792}, "K51A-U020": {"K51A-U030": 121.26096840000002}, "K52-nU290": {"K52-nU300": 28.688000000000006}, "K52A-U015": {"K52A-U020": 142.08683329874}, "K52A-U050": {"K52A-U060": 57.0743063}, "K52-nD230": {"K52-nD240": 163.5051}, "K52A-D090": {"K52A-D100": 59.83521747422999}, "K52A-D160": {"K52A-D170": 144.88925}, "K51-U130": {"K51-U140": 77.726}, "K51A-U230": {"K51A-U240": 37.169000000000004}, "K53-U030": {"K53-U040": 186.50887310000002}, "K51A-D090": {"K51A-D100": 90.20000000000002}, "K51A-D190": {"K51A-D200": 197.78000000000003}, "K51A-D260": {"K51A-D270": 71.841825}, "K54-U030": {"K54-U040": 114.244998065}, "K51A-U070": {"K51A-U080": 233.65342}, "K52A-D170": {"K52A-D180": 101.12366}, "K52-nD220": {"K52-nD230": 142.01770000000002}, "K51-U090": {"K51-U100": 148.05417000000003}, "K51-U030": {"K51-U040": 82.1106}, "K51-D140": {"K51-D150": 102.179}, "K52-nU280": {"K52-nU290": 35.728}, "K52-nD170": {"K52-nD180": 110.88000000000002}, "K52A-U090": {"K52A-U100": 96.40295643}, "K51A-D110": {"K51A-D120": 54.747}, "K51A-D040": {"K51A-D050": 95.305155}, "K52-nU300": {"K52-nU310": 39.93000000000001}, "K51-U190": {"K51-U200": 81.577551}, "K51A-D250": {"K51A-D260": 82.093}, "K52A-D150": {"K52A-D160": 101.86}, "K51-U200": {"K51-U210": 89.958}, "K52-nU100": {"K52-nU110": 182.76500000000004}, "K51-D030": {"K51-D040": 42.381900000000016}, "K51A-U220": {"K51A-U230": 80.92699999999999}, "K51-D070": {"K51-D080": 67.001}, "K52A-D140": {"K52A-D150": 113.5556092}, "K52-nU080": {"K52-nU090": 86.41600000000001}, "K51A-U210": {"K51A-U220": 76.7301788}, "K53-U100": {"K53-U110": 68.306817783468}, "K51A-U130": {"K51A-U140": 71.27040800000002}, "K52A-D030": {"K52A-D040": 26.484139}, "K52-nU090": {"K52-nU100": 146.3}, "K52-nD020": {"K52-nD030": 24.361469000000003}, "K52A-U110": {"K52A-U120": 51.418968700000015}, "K52A-D060": {"K52A-D070": 129.3476831685983}, "K54-D010": {"K54-D020": 135.3274494}, "K51-D050": {"K51-D060": 63.624}, "K51A-U140": {"K51A-U150": 47.72735}, "K51-D160": {"K51-D170": 70.884957}, "K51-D020": {"K51-D030": 64.02000000000001}, "K52-nD190": {"K52-nD200": 159.148}, "K52A-D180": {"K52A-D190": 128.70000000000002}, "K51A-D230": {"K51A-D240": 151.59969000000004}, "K51A-D220": {"K51A-D230": 130.9}, "K51-U080": {"K51-U090": 187.4939}, "K52-nU120": {"K52-nU140": 120.34000000000003}, "K51-D190": {"K51-D200": 158.90820000000002}, "K52-nU250": {"K52-nU260": 60.1062}, "K53-D060": {"K53-D070": 157.806}, "K52-nD250": {"K52-nD260": 187.88000000000002}, "K51A-U080": {"K51A-U090": 185.64762700000003}, "K52-nD260": {"K52-nD270": 61.23128000000001}, "K52-nU150": {"K52-nU160": 99.90090000000001}, "K52-nD030": {"K52-nD040": 43.436800000000005}, "K52-nD070": {"K52-nD080": 117.65379999999998}, "K53-U060": {"K53-U070": 115.17153890294803}, "K51A-D150": {"K51A-D160": 125.39284999999998}, "K53-D050": {"K53-D060": 100.47400000000002}, "K51A-D050": {"K51A-D060": 86.24000000000001}, "K52-nU140": {"K52-nU150": 149.25130000000004}, "K52A-D130": {"K52A-D140": 76.32900000000002}, "K52-nD200": {"K52-nD210": 134.46323}, "K54-U060": {"K54-U070": 206.03000000000003}, "K51A-U240": {"K51A-U250": 66.25300000000001}, "K51A-D020": {"K51A-D030": 104.56710000000001}, "K51-U020": {"K51-U030": 87.78}, "K51A-U010": {"K51A-U020": 72.93}, "K51A-U110": {"K51A-U120": 141.40643000000003}, "K52A-U130": {"K52A-U140": 52.25}, "K52-nU180": {"K52-nU190": 66.6435}, "K51-D170": {"K51-D180": 123.64000000000001}, "K51A-U060": {"K51A-U070": 315.31500000000005}, "K53-D100": {"K53-D110": 94.292}, "K52-nD270": {"K52-nD280": 30.6372}, "K51A-U120": {"K51A-U130": 152.52614300000002}, "K51A-U030": {"K51A-U040": 64.09700000000001},