{"LAK": {"TSY": 180.21135642424957, "NAC": 266.4798582897723, "MEF": 131.41661122275565, "KWF": 121.18683324419999}, "LAT": {"KWT": 129.889907268, "YAT": 126.41166500000001}}