{"OLY": {"KOW": 121.79870584316578, "NAC": 104.21892287400001}}