{"SHT": {"FOT": 155.96858734975226, "TAW": 132.0}, "SHS": {"LOW": 261.75348133959744, "FAN": 125.74341099939, "LMC": 525.2467114984994}, "SHM": {"CIO": 132.0, "TSH": 216.38983882450867}, "SHW": {"CEN": 139.70000000000002, "SYP": 132.0}}