{"SYP": {"HKU": 95.95856047950005, "SHW": 152.7736896}}