{"TSY": {"LAK": 180.94021573780213, "AIR": 1467.4426355060111, "KOW": 661.656943991437, "SUN": 690.6282878464866}, "TST": {"JOR": 133.1, "ADM": 176.37319717532768}, "TSW": {"TWH": 59.4}, "TSH": {"HEO": 132.7128, "SHM": 216.41829374487838}}