{"WCH": {"OCP": 116.51574000000001, "LET": 190.33955787726}}