{"1": {"6": 90.32849760000002, "2": 164.75522689999997}}