{"AIR": {"TSY": 572.9018681119403, "AWE": 116.99713365830819}}