{"CKT": {"STW": 95.70361580340001, "TAW": 113.74766599100003}}