{"DIH": {"KAT": 141.9, "CHH": 140.91000000000003, "HIK": 333.0259456863267, "WTS": 132.0}, "DIS": {"SUN": 198.58193490219145}}