{"HAH": {"TKO": 36.511184886, "POA": 228.63172888633076}}