{"HAH": {"TKO": 80.17865156642394, "POA": 122.30590299309013}}