{"K18-D020": {"K18-D030": 84.35900000000001}, "K12-D020": {"K12-D030": 369.6}, "K18-U010": {"K18-U020": 221.95580000000004}, "K12-D030": {"K12-D040": 19.536}, "K17-D010": {"K17-D020": 296.78000000000003}, "K18-U020": {"K18-U030": 56.21}, "K12-U020": {"K12-U030": 238.59000000000006}, "K17-U010": {"K17-U020": 123.20000000000002}, "K17-D020": {"K17-D030": 34.1}, "K17-U030": {"K17-U040": 38.5}, "K12-D010": {"K12-D020": 174.9}}