{"K18-D020": {"K18-D030": 71.24701100000001}, "K12-D020": {"K12-D030": 370.04}, "K18-U010": {"K18-U020": 221.15488034200007}, "K12-D030": {"K12-D040": 18.7924}, "K17-D010": {"K17-D020": 296.25200000000007}, "K18-U020": {"K18-U030": 56.81609999999999}, "K12-U020": {"K12-U030": 238.59000000000006}, "K17-U010": {"K17-U020": 123.20000000000002}, "K17-D020": {"K17-D030": 36.63000000000001}, "K17-U030": {"K17-U040": 37.839999999999996}, "K12-D010": {"K12-D020": 174.24}, "K18-D010": {"K18-D020": 271.70000000000005}, "K17-U020": {"K17-U030": 147.433}}