{"KOW": {"OLY": 121.80668201614313, "HOK": 177.72708309055008, "TSY": 661.6658807957313}, "KOT": {"MKK": 137.99424897781506, "TAW": 320.63008229961264, "LOF": 7.7, "SKM": 13.2}, "KOB": {"NTK": 0.0}}