{"MEF": {"NAC": 173.1817704944895, "LAK": 125.99409180675647}}