{"OCP": {"WCH": 133.15906170630382, "ADM": 287.6504789868776}}