{"QUB": {"TAK": 127.12774984800001, "YAT": 243.78406785071897, "NOP": 121.53150327005604}}