{"QUB": {"TAK": 120.12, "YAT": 249.65062412816087, "NOP": 132.0493696982615}}