{"SHT": {"FOT": 128.24387630164193, "TAW": 134.1341328923211}, "SHS": {"FAN": 153.7138798842009, "LOW": 261.7547560497205, "LMC": 386.7589225420756}, "SHM": {"TSH": 216.39787533447935, "CIO": 80.94282254000002}, "SHW": {"CEN": 111.33450151777144, "SYP": 156.6812374082008}}