{"SHT": {"FOT": 155.9764643191458, "TAW": 118.8}, "SHS": {"FAN": 125.73522583012075, "LOW": 261.7529418919195, "LMC": 525.2476430569475}, "SHM": {"TSH": 216.4154482528414, "CIO": 66.0}, "SHW": {"CEN": 132.0}}