{"SYP": {"HKU": 115.410246, "SHW": 144.93868615913348}}