{"TAP": {"UNI": 430.12725955667185, "TWO": 139.70000000000002}, "TAW": {"KOT": 320.63346078934666, "HIK": 139.70000000000002, "SHT": 79.53}, "TAK": {"QUB": 132.0}}