{"TKO": {"TIK": 29.172000000000004, "LHP": 128.59823683960403, "HAH": 120.12}}