{"TWO": {"TAP": 120.49361279999998, "FAN": 412.6363134761742}, "TWW": {"MEF": 351.82771904869134, "KSR": 712.0168259252408}, "TWH": {"KWH": 198.00000000000003, "TSW": 81.00883677608606}}