{"1": {"2": 57.20000000000001, "6": 70.52100000000002}}