{"CKT": {"STW": 86.258634, "TAW": 126.06000000000002}}