{"CSW": {"SSP": 130.79492039999997, "LCK": 108.6358425326085}}