{"HAH": {"TKO": 125.53990866930084, "POA": 118.27579922193713}}