{"HAH": {"TKO": 123.85947354000002, "POA": 117.33115095736711}}