{"HAH": {"TKO": 122.95497060000002, "POA": 114.6094158016106}}