{"K12-D020": {"K12-D030": 329.80018500000006}, "K17-D010": {"K17-D020": 147.88637434999998}, "K18-U010": {"K18-U020": 221.03290260086396}, "K17-D020": {"K17-D030": 39.947263042654015}, "K18-D020": {"K18-D030": 58.81604805959125}, "K12-U010": {"K12-U020": 229.93169594148813}, "K12-D030": {"K12-D040": 13.0381647}, "K12-U020": {"K12-U030": 228.98461539007994}, "K12-D010": {"K12-D020": 167.921622}, "K17-U020": {"K17-U030": 147.43608666710003}, "K18-D010": {"K18-D020": 239.148129}, "K18-U020": {"K18-U030": 63.5744784432507}, "K17-U030": {"K17-U040": 31.84205035}, "K17-U010": {"K17-U020": 233.20000000000002}}