{"K73-U060": {"K73-U070": 118.9270212823844}, "K74-U007": {"K74-U010": 250.80000000000004}, "K75P-D060": {"K75P-D070": 171.88019200000002}, "K76-D010": {"K76-D020": 170.4554472763758}, "K73-U110": {"K73-U120": 151.46359087511306}, "K75A-U010": {"K75A-U020": 51.56690000000002}, "K75P-U100": {"K75P-U110": 67.6027}, "K75P-U040": {"K75P-U050": 90.2}, "K76-U020": {"K76-U030": 169.40386429999998}, "K73-D070": {"K73-D080": 156.86968000000002}, "K73-U040": {"K73-U050": 99.84083854442798, "K73-U060": 181.50000000000003}, "K75P-D030": {"K75P-D040": 119.43800000000002}, "K75P-U060": {"K75P-U070": 27.170000000000005}, "K73-U030": {"K73-U040": 84.43172770999999}, "K76-U010": {"K76-U020": 8.518692604194941}, "K75P-U130": {"K75P-U140": 46.213024000000004}, "K75P-U010": {"K75P-U020": 104.80249999999998}, "K73-D090": {"K73-D100": 52.15317799999999}, "K75A-D110": {"K75A-U011": 150.23250000000002}, "K73-U070": {"K73-U080": 164.13868017517305}, "K75P-U120": {"K75P-U130": 80.97870000000002}, "K76-U040": {"K76-U050": 212.56696571000003}, "K73-U080": {"K73-U110": 151.48377650606716, "K73-U090": 277.2987492}, "K75P-D070": {"K75P-D080": 93.0787662596}, "K75P-D050": {"K75P-D060": 98.67000000000002}, "K75A-D010": {"K75A-D020": 201.3}, "K75A-D100": {"K75A-D110": 107.38538580000004}, "K75A-D070": {"K75A-D080": 52.565172}, "K73-D010": {"K73-D020": 85.85499999999999}, "K75A-U030": {"K75A-D010": 213.57861668000004}, "K73-D020": {"K73-D030": 109.49179999999998}, "K75A-D030": {"K75A-D040": 22.920766000000004}, "K75P-U080": {"K75P-U090": 49.65224000000001}, "K73-U050": {"K73-U060": 116.57180420049994}, "K75P-U110": {"K75P-U120": 83.3294}, "K76-D030": {"K76-D040": 51.33485167629095}, "K73-D140": {"K73-D150": 184.60200000000003}, "K75A-D020": {"K75A-D030": 17.102800000000002}, "K73-D030": {"K73-D040": 119.85277699999999}, "K75A-D050": {"K75A-D060": 76.9109}, "K75A-D060": {"K75A-D070": 45.978559000000004}, "K74-D030": {"K74-D040": 108.9}, "K73-D040": {"K73-D050": 70.07000000000001}, "K73-D130": {"K73-D140": 135.19378784999998}, "K75A-D040": {"K75A-D050": 54.14200000000001}, "K76-U030": {"K76-U040": 163.09421309168022}, "K76-D020": {"K76-D030": 130.10296410484997}, "K73-D110": {"K73-D120": 82.81449}, "K75P-U140": {"K75P-D010": 135.35610000000003}, "K73-D150": {"K73-D160": 56.73470000000001}, "K74-U060": {"K74-U070": 85.03}, "K75A-D080": {"K75A-D090": 158.961}, "K75P-D010": {"K75P-D020": 132.187}, "K75A-D090": {"K75A-D100": 50.53620000000001}, "K73-U090": {"K73-U100": 145.2}, "K75P-U050": {"K75P-U060": 144.87000000000003}, "K75P-U090": {"K75P-U100": 40.184242999999995}, "K73-D100": {"K73-D110": 190.3}, "K74-U011": {"K74-D100": 171.60000000000002}, "K74-U004": {"K74-U007": 101.9139}, "K74-U020": {"K74-U030": 133.10000000000002}, "K74-U001": {"K74-U004": 192.06}, "K74-D090": {"K74-U011": 70.16570000000002}, "K74-U080": {"K74-U090": 246.08100000000005}, "K73-U100": {"K73-U110": 273.90000000000003}, "K75P-D080": {"K75P-U011": 142.7096}, "K74-U010": {"K74-U020": 156.09}, "K73-D080": {"K73-D090": 278.3}, "K74-D100": {"K74-D110": 86.79}, "K74-D020": {"K74-D030": 145.02339764528094}, "K74-D010": {"K74-D020": 151.36}, "K75P-U020": {"K75P-U030": 118.80000000000001}, "K73-D050": {"K73-D070": 105.38000000000002}, "K75A-U020": {"K75A-U030": 142.45}, "K74-U030": {"K74-U040": 285.01000000000005}, "K75P-D040": {"K75P-D050": 152.108}, "K73-D120": {"K73-D130": 111.65}, "K75P-U030": {"K75P-U040": 136.4}, "K75P-U070": {"K75P-U080": 108.9}, "K74-D050": {"K74-D060": 111.21000000000001}, "K74-U050": {"K74-U060": 162.58}, "K74-D110": {"K74-U002": 176.0}, "K75P-D020": {"K75P-D030": 58.300000000000004}}