{"KOW": {"OLY": 116.02967585290762, "HOK": 177.74210020787103, "TSY": 575.862620458905}, "KOT": {"TAW": 295.0642311828377, "SKM": 70.06949545200003, "LOF": 94.2324046, "MKK": 143.9880892430757}, "KOB": {"CHH": 179.66002741013165, "NTK": 32.1948}}