{"LAK": {"NAC": 297.31764237745244, "TSY": 180.95975399170942, "KWF": 180.18, "MEF": 126.01845691417293}, "LAT": {"KWT": 132.0, "YAT": 132.0}}