{"OCP": {"ADM": 287.65482416229713, "WCH": 131.98828447576744}}