{"QUB": {"NOP": 99.1569376337076, "YAT": 257.9782582476512, "TAK": 112.90315950649332}}