{"TAW": {"SHT": 142.25460731955, "KOT": 320.61145595731}, "TAP": {"UNI": 430.12302651515574, "TWO": 110.93954232569999}, "TAK": {"SWH": 120.90650000000002, "QUB": 141.9}}