{"TAW": {"SHT": 129.178527555, "KOT": 320.61763057163387}, "TAP": {"UNI": 430.1237770009094, "TWO": 103.11048329999998}, "TAK": {"SWH": 133.485, "QUB": 141.9}}