{"WCH": {"OCP": 127.55982623999998, "LET": 153.74806259999997}}