{"WTS": {"DIH": 109.42886611167498, "LOF": 132.68197019999997}}