{"CHH": {"DIH": 136.4, "KOB": 130.90000000000003}, "CHW": {"HFC": 178.20000000000002}}