{"LOF": {"KOT": 132.0, "WTS": 113.3}, "LOW": {"SHS": 261.7538745969547}, "LOP": {"YUL": 132.0, "TIS": 173.9447836932477}}