{"MEF": {"LCK": 105.6, "TWW": 351.83917255131456, "NAC": 173.17784829852275, "LAK": 125.9965283174981}}