{"MOK": {"PRE": 86.45276605041998, "YMT": 114.40000000000002}, "MOS": {"HEO": 158.40000000000003, "WKS": 169.97238780241565}}