{"SIH": {"TIS": 389.4508328531729, "TUM": 154.42917913446368}}