{"SUN": {"DIS": 198.57938038523093}, "SUW": {"KAT": 122.10000000000001, "TKW": 154.0}}