{"TIS": {"SIH": 389.4508328531729, "LOP": 173.90976714657384}, "TIK": {"YAT": 141.42076224079005}, "TIH": {"FOH": 99.00000000000001}}