{"TSY": {"KOW": 661.6512031683893, "LAK": 180.96591415286252, "AIR": 1467.443012674011, "SUN": 690.6274650845919}, "TSH": {"HEO": 126.50000000000003, "SHM": 216.38983882450867}, "TST": {"JOR": 133.1, "ADM": 176.37166539437624}, "TSW": {"TWH": 114.40000000000002}}