{"TUM": {"SIH": 154.10195679390927}, "TUC": {"SUN": 735.7484481317542}}