{"YAT": {"QUB": 244.8778526113722, "LAT": 148.49331809999998, "TIK": 163.48845337341552}}