{"CHH": {"KOB": 58.23614516487553, "DIH": 0.0}, "CHW": {"HFC": 67.39563793914601}}