{"EXC": {"HUH": 173.6924404131847, "ADM": 75.48769697753883}}