{"HOK": {"KOW": 168.63399103562213}, "HOM": {"YMT": 50.790595778999986, "HUH": 122.76648984599997, "TKW": 48.0674614794, "WHA": 79.90101952030713}}