{"HUH": {"EXC": 199.68004018788992, "ETS": 22.638, "MKK": 188.35502317561225}}