{"LOF": {"KOT": 45.43758139256526, "WTS": 46.9698702460372}, "LOP": {"TIS": 173.9261744646668, "YUL": 120.63306393600001}, "LOW": {"SHS": 212.94535583229987}}