{"LOF": {"KOT": 59.4, "WTS": 25.080000000000002}, "LOP": {"TIS": 173.90976714657384}, "LOW": {"SHS": 261.7531409501032}}