{"LOF": {"KOT": 27.947631348846, "WTS": 46.9698702460372}, "LOP": {"TIS": 173.9261744646668, "YUL": 120.63306393600001}, "LOW": {"SHS": 261.75484809068723}}