{"YAT": {"QUB": 161.58058190530662, "TIK": 125.29684093725405, "LAT": 16.431734}}