{"YMT": {"JOR": 5.342964567296855, "HOM": 110.34410102535931, "MOK": 63.26048327047454}}