{"1": {"6": 417.5693536033702, "2": 63.120764642210005}}