{"5": {"6": 154.91352151605003, "305": 88.67265000000002}}