{"5": {"6": 159.64895718520046, "305": 95.50556909850003}}