{"DIH": {"CHH": 132.0, "HIK": 333.01058002448895, "KAT": 0.0}, "DIS": {"SUN": 198.57938038523093}}