{"FOT": {"UNI": 186.4367687732366, "SHT": 155.96284503906435}, "FOH": {"TIH": 82.99499999999999}}