{"LOP": {"TIS": 173.90976714657384, "YUL": 72.6}, "LOW": {"SHS": 261.7538745969547}, "LOF": {"KOT": 106.92, "WTS": 77.0}}