{"MEF": {"LCK": 122.95456800000004, "NAC": 173.17431832215263, "LAK": 125.9965283174981, "TWW": 351.8210210939409}}