{"STW": {"CIO": 124.063340954, "CKT": 130.92830399999997}}