{"TAW": {"KOT": 320.59980282531603, "CKT": 135.97969361993805, "SHT": 102.48883116383884, "HIK": 134.59239300000002}, "TAP": {"UNI": 430.11988545926954, "TWO": 134.90189264270052}, "TAK": {"QUB": 122.86483652167999, "SWH": 50.094516999999996}}