{"TUM": {"SIH": 154.0046545267629}, "TUC": {"SUN": 628.3735839752973}}