{"TWH": {"KWH": 77.593626}, "TWO": {"FAN": 412.6358202892763, "TAP": 132.01848}, "TWW": {"MEF": 351.83917255131456, "KSR": 712.0168259252407}}