{"YAT": {"QUB": 249.65915078599573, "TIK": 141.4216911029687, "LAT": 19.800000000000004}}