{"HUH": {"EXC": 220.8808985453101, "MKK": 193.53554366286178, "HOM": 136.41363748122006, "ETS": 196.68565213000002}}