{"KOW": {"HOK": 177.74045705896611, "TSY": 661.6534200635916, "OLY": 121.80248403036558}, "KOB": {"NTK": 132.891, "CHH": 191.40000000000003}, "KOT": {"TAW": 320.61145595731, "LOF": 97.502262, "SKM": 132.0, "MKK": 138.00231528079064}}