{"LAK": {"TSY": 180.96154525694732, "NAC": 297.3171620635353, "MEF": 126.00796853436202, "KWF": 143.66}, "LAT": {"KWT": 132.0, "YAT": 132.0}}