{"NAC": {"OLY": 107.68780177194235, "LAK": 297.31695729812856, "MEF": 173.1682820625597, "AUS": 223.9504828191194}}