{"NOP": {"FOH": 138.23700000000002, "QUB": 157.93344600000003}}