{"NOP": {"FOH": 131.94069570000002, "QUB": 125.04944338847508}}