{"OCP": {"ADM": 287.63195485723134, "WCH": 128.9716082070957}}