{"OLY": {"KOW": 121.82228769715432, "NAC": 127.18860000000002}}