{"QUB": {"YAT": 249.64984240499115, "NOP": 137.24628671166266, "TAK": 132.0}}