{"SHW": {"SYP": 176.19954, "CEN": 79.1637}, "SHT": {"FOT": 155.970941720678, "TAW": 195.63061688082}, "SHS": {"FAN": 125.73974802308719, "LOW": 261.75348133959744, "LMC": 525.2480401950227}, "SHM": {"TSH": 216.41288731000813}}