{"SUN": {"DIS": 198.58231508271766, "TSY": 690.6292020263696, "TUC": 823.8788572447271}, "SUW": {"KAT": 120.58860000000001}}