{"SWH": {"TAK": 104.87456992083439, "SKW": 113.41426984639536}}