{"WCH": {"LET": 163.103094, "OCP": 128.01366600000003}}