{"WTS": {"DIH": 125.73844404000002, "LOF": 120.58860000000001}}