{"WTS": {"DIH": 123.3147790325589, "LOF": 118.10814421881325}}