{"DIS": {"SUN": 198.5799415482572}, "DIH": {"WTS": 131.2872, "HIK": 333.01058002448895, "CHH": 132.0}}