{"HUH": {"EXC": 176.77198190750943, "MKK": 196.03959077872176, "ETS": 160.99604468430002, "HOM": 127.52556248189997}}