{"K53-U070": {"K53-U080": 52.60811727547232}, "K51A-U060": {"K51A-U070": 255.97000000000008}, "K54-U010": {"K54-U020": 115.41512934561501}, "K52-nD140": {"K52-nD150": 114.76651999999999}, "K52-nD130": {"K52-nD140": 94.12370000000001}, "K52-nD020": {"K52-nD030": 26.769599999999997}, "K58-U090": {"K58-U100": 157.81962790000003}, "K51-U050": {"K51-U060": 283.5468900000001}, "K58-U010": {"K58-U020": 32.48867479}, "K58-D010": {"K58-D020": 27.1793621}, "K51-U030": {"K51-U040": 61.04119999999999}, "K51-D090": {"K51-D100": 76.10294999999999}, "K52-nU230": {"K52-nU240": 117.37}, "K51A-U210": {"K51A-U220": 78.09054}, "K53-D120": {"K53-D130": 54.424875670000006}, "K51A-D190": {"K51A-D200": 128.88304}, "K51A-D040": {"K51A-D050": 106.7}, "K53-D040": {"K53-D050": 74.26176505000002}, "K54-U030": {"K54-U040": 128.14033870000003}, "K51A-U200": {"K51A-U210": 74.41002800000003}, "K52-nD080": {"K52-nD090": 71.809188}, "K58-D090": {"K58-D100": 130.51908166000004}, "K52-nU080": {"K52-nU090": 99.35530000000003}, "K51-D190": {"K51-D200": 169.10135}, "K58-U020": {"K58-U023": 109.4819}, "K53-U050": {"K53-U060": 117.55582244545704}, "K53-U100": {"K53-U110": 66.05813461070674}, "K51-U090": {"K51-U100": 151.536}, "K54-U020": {"K54-U030": 158.3011155}, "K53-U030": {"K53-U040": 188.95444313988008}, "K51-D050": {"K51-D060": 63.0399}, "K52-nU210": {"K52-nU220": 90.30274000000001}, "K58-U110": {"K58-U120": 181.51528120000006}, "K53-U140": {"K53-D010": 85.14299445719101}, "K53-U120": {"K53-U130": 64.33021607814997}, "K58-D120": {"K58-D130": 135.83738300000002}, "K52A-U100": {"K52A-U110": 99.00000000000001}, "K52-nD170": {"K52-nD180": 26.653}, "K51-D160": {"K51-D170": 48.88620000000001}, "K54-D010": {"K54-D020": 95.308835842}, "K51A-D220": {"K51A-D230": 141.05630000000002}, "K58-U180": {"K58-U190": 98.12}, "K52A-U050": {"K52A-U060": 58.19000000000001}, "K52-nU010": {"K52-nU020": 85.916831}, "K51-D020": {"K51-D030": 51.52510000000001}, "K52-nD010": {"K52-nD020": 17.532383000000003}, "K51-D140": {"K51-D150": 60.52200000000001}, "K52-nU290": {"K52-nU300": 22.9845}, "K52-nD260": {"K52-nD270": 38.906428000000005}, "K51-U220": {"K51-U230": 61.54148}, "K51A-D090": {"K51A-D100": 71.09850000000002}, "K53-U130": {"K53-U140": 77.50652067813601}, "K52A-U040": {"K52A-U050": 140.03132}, "K52-nU120": {"K52-nU140": 91.99300000000001}, "K58-D110": {"K58-D120": 171.49804081850002}, "K54-U070": {"K54-D010": 145.84107010000005}, "K51A-D230": {"K51A-D240": 136.18}, "K51A-D100": {"K51A-D110": 69.81480000000002}, "K51-D220": {"K51-D230": 258.28000000000003}, "K51A-D070": {"K51A-D080": 82.277987}, "K54-D050": {"K54-D060": 72.33608042100002}, "K52A-U140": {"K52A-U150": 160.36478188814678}, "K51A-U220": {"K51A-U230": 83.21610000000001}, "K58-D070": {"K58-D080": 94.06760000000003}, "K53-U090": {"K53-U100": 102.13389670000001}, "K52-nU170": {"K52-nU180": 139.324812}, "K51-U060": {"K51-U070": 235.74100000000004}, "K53-D100": {"K53-D110": 66.22815001000001}, "K52-nD230": {"K52-nD240": 161.97500000000002}, "K53-U110": {"K53-U120": 91.63108536653499}, "K51A-U080": {"K51A-U090": 126.71726143999999}, "K51-D150": {"K51-D160": 163.9}, "K53-D050": {"K53-D060": 72.20464449748}, "K51-U070": {"K51-U080": 196.3742}, "K52-nD090": {"K52-nD100": 61.08850000000001}, "K58-U200": {"K58-U210": 46.03445000000001}, "K51A-U020": {"K51A-U030": 139.00039999999998}, "K54-U050": {"K54-U060": 338.27200000000005}, "K53-D130": {"K53-D140": 102.64099999999999}, "K52-nD030": {"K52-nD040": 39.13360000000001}, "K51-D240": {"K51-D250": 112.42}, "K51A-U090": {"K51A-U100": 139.02757000000003}, "K58-D170": {"K58-D180": 142.0254}, "K52A-U010": {"K52A-U015": 219.1918828000001}, "K58-D160": {"K58-D170": 189.32338746086702}, "K58-D080": {"K58-D090": 110.620191}, "K52-nU140": {"K52-nU150": 190.96110000000004}, "K53-U020": {"K53-U030": 136.31022874734327}, "K51A-D120": {"K51A-D140": 124.64633500000005}, "K51-D110": {"K51-D120": 50.89919999999999}, "K54-D040": {"K54-D050": 127.90700999999999}, "K52A-U150": {"K52A-U160": 38.291}, "K53-U080": {"K53-U090": 63.144374146452286}, "K51A-D260": {"K51A-D270": 48.204618}, "K52-nU260": {"K52-nU270": 132.58300000000003}, "K51A-U230": {"K51A-U240": 44.40944750000001}, "K52A-U130": {"K52A-U140": 90.64000000000001}, "K52A-U070": {"K52A-U080": 92.8455}, "K53-D090": {"K53-D100": 49.14169700000001}, "K53-U040": {"K53-U050": 114.92794062199998}, "K52-nD270": {"K52-nD280": 78.53999999999999}, "K51-U020": {"K51-U030": 121.30680330999999}, "K51A-U180": {"K51A-U190": 96.80000000000001}, "K52-nU030": {"K52-nU040": 122.54000000000003}, "K53-U060": {"K53-U070": 70.21094285780302}, "K54-U040": {"K54-U050": 138.5803922778}, "K51-D180": {"K51-D190": 127.91900000000001}, "K52-nD050": {"K52-nD060": 32.20800000000001}, "K52-nU160": {"K52-nU170": 52.75930000000001}, "K58-U026": {"K58-U030": 121.6072}, "K52A-D060": {"K52A-D070": 129.34768316859828}, "K51-U160": {"K51-U170": 82.5891}, "K51-D130": {"K51-D140": 47.91862900000001}, "K51-D230": {"K51-D240": 75.96600000000001}, "K51-D200": {"K51-D210": 110.24926}, "K52-nD290": {"K52-nD300": 89.0527}, "K54-D020": {"K54-D030": 132.8472238524336}, "K58-D030": {"K58-D040": 22.042900000000003}, "K51A-U150": {"K51A-U160": 105.131994}, "K52-nU190": {"K52-nU200": 143.0}, "K52-nD150": {"K52-nD160": 103.15029999999999}, "K52-nD210": {"K52-nD220": 177.96172900000005}, "K53-D020": {"K53-D030": 98.06545199000001}, "K52A-U020": {"K52A-U030": 73.4195}, "K58-D140": {"K58-D150": 38.8670997}, "K51A-D210": {"K51A-D220": 71.42553000000001}, "K51-U120": {"K51-U130": 141.251}, "K52A-D010": {"K52A-D020": 277.2218290669053}, "K52A-U090": {"K52A-U100": 88.0}, "K52-nU270": {"K52-nU280": 160.36747851973982}, "K52-nD180": {"K52-nD190": 139.26219999999998}, "K58-D193": {"K58-D196": 74.76644999999999}, "K51A-D160": {"K51A-D170": 32.120000000000005}, "K51A-U050": {"K51A-U060": 248.84431000000004}, "K58-D200": {"K58-D210": 55.353100000000005}, "K52-nU110": {"K52-nU120": 165.45100000000002}, "K53-D070": {"K53-D080": 58.38885257699999}, "K58-D180": {"K58-D190": 292.18510970000005}, "K58-U060": {"K58-U070": 171.57811}, "K51-D260": {"K51-D270": 59.638479999999994}, "K51-U010": {"K51-U020": 38.284400000000005}, "K58-U130": {"K58-U140": 86.6679}, "K51A-D180": {"K51A-D190": 135.45950000000002}, "K51A-U040": {"K51A-U050": 122.10000000000002}, "K52-nD070": {"K52-nD080": 113.63}, "K51-U130": {"K51-U140": 71.39}, "K52-nU040": {"K52-nU050": 62.744000000000014}, "K51-D030": {"K51-D040": 36.33300000000001}, "K51A-U240": {"K51A-U250": 60.28000000000001}, "K58-U190": {"K58-U200": 138.02107}, "K58-U050": {"K58-U060": 41.32656770000001}, "K53-D030": {"K53-D040": 65.88263}, "K53-D080": {"K53-D090": 49.785813000000005}, "K58-D020": {"K58-D030": 129.74500000000003}, "K52-nD100": {"K52-nD110": 60.50000000000001}, "K52-nD250": {"K52-nD260": 162.25}, "K58-U120": {"K58-U130": 122.65000000000002}, "K51A-U030": {"K51A-U040": 61.12150000000001}, "K51-U200": {"K51-U210": 79.93644999999998}, "K52-nU070": {"K52-nU080": 103.42640000000003}, "K51A-U160": {"K51A-U170": 64.9604362}, "K58-U030": {"K58-U040": 287.11100000000005}, "K51A-D110": {"K51A-D120": 53.71300000000001}, "K51-D280": {"K51-D290": 53.35}, "K53-U010": {"K53-U020": 268.80865}, "K58-D190": {"K58-D193": 150.24240000000003}, "K58-U150": {"K58-U160": 146.31034}, "K52-nD240": {"K52-nD250": 142.12000000000003}, "K52-nU050": {"K52-nU060": 250.42159999999998}, "K58-U100": {"K58-U110": 59.63100000000001}, "K58-D060": {"K58-D070": 161.88920000000002}, "K54-D060": {"K54-D070": 148.98696999999999}, "K51-U190": {"K51-U200": 71.14415000000001}, "K53-D015": {"K53-D020": 54.15037099999999}, "K52-nU200": {"K52-nU210": 97.9}, "K58-U023": {"K58-U026": 41.690000000000005}, "K52-nU060": {"K52-nU070": 106.94742498000001}, "K52-nU300": {"K52-nU310": 34.2551}, "K52-nU020": {"K52-nU030": 77.0}, "K52A-U080": {"K52A-U090": 80.27492000000002}, "K52A-U015": {"K52A-U020": 140.8}, "K51-U170": {"K51-U180": 66.39710000000001}, "K52-nD160": {"K52-nD170": 147.10932500000004}, "K51-U080": {"K51-U090": 145.70149},