{"KAT": {"SUW": 128.56850952000002, "DIH": 86.06890893171001}}