{"KOT": {"MKK": 137.9909267884821, "LOF": 72.6, "TAW": 320.63346078934666, "SKM": 0.0}, "KOW": {"TSY": 661.6695615099304, "OLY": 121.81134644478485, "HOK": 177.72541452084948}, "KOB": {"NTK": 0.0}}