{"KOT": {"MKK": 138.003473656585, "LOF": 83.886, "TAW": 320.6074047928521, "SKM": 0.0}, "KOW": {"TSY": 661.6551134781697, "OLY": 121.77933962969237, "HOK": 177.7407692591551}, "KOB": {"NTK": 13.2, "CHH": 198.00000000000003}}