{"LAT": {"YAT": 13.2, "KWT": 0.0}, "LAK": {"NAC": 297.32039976252946, "MEF": 125.9965283174981, "TSY": 180.94021573780213, "KWF": 132.10999999999999}}