{"MEF": {"NAC": 173.17784829852272, "LAK": 125.9965283174981, "TWW": 351.82771904869134, "LCK": 132.0}}