{"MOK": {"PRE": 96.26690772599999, "YMT": 164.31063}, "MOS": {"HEO": 138.60000000000002, "WKS": 177.27197825232324}}