{"NOP": {"QUB": 105.74851106069096, "FOH": 129.30741185520003}}