{"OCP": {"ADM": 287.65482416229713, "WCH": 132.5095402813655}}