{"OLY": {"NAC": 136.5860199571825, "KOW": 126.71992021748606}}