{"SHS": {"FAN": 125.74637801019529, "LMC": 525.2476430569475, "LOW": 261.75493247375704}, "SHM": {"TSH": 216.41288731000813}, "SHW": {"CEN": 138.23700000000002, "SYP": 185.46}, "SHT": {"TAW": 137.346, "FOT": 155.970941720678}}