{"SHS": {"FAN": 125.74167590535183, "LMC": 525.2472017924194, "LOW": 261.75493247375704}, "SHM": {"TSH": 216.41829374487838}, "SHW": {"CEN": 139.70000000000002, "SYP": 191.4}, "SHT": {"TAW": 138.6, "FOT": 155.9735576883733}}