{"1": {"6": 103.36331499999997, "2": 403.79765954000004}}