{"5": {"305": 79.16486212536647, "6": 116.49130374760873}}