{"AIR": {"TSY": 1467.4426355060111, "AWE": 120.85935590192169}}