{"CHH": {"KOB": 210.10000000000002, "DIH": 35.772000000000006}, "CHW": {"HFC": 132.0}}