{"K12-D030": {"K12-D040": 12.690485732425135}, "K18-D020": {"K18-D030": 34.59608826390368}, "K17-U030": {"K17-U040": 28.286529210438125}, "K12-D020": {"K12-D030": 326.18530847814947}, "K18-U010": {"K18-U020": 212.48666139422147}, "K17-D010": {"K17-D020": 270.12394867165676}, "K12-D010": {"K12-D020": 157.53872482244535}, "K17-D020": {"K17-D030": 18.349409935495185}, "K18-U020": {"K18-U030": 63.907300297688224}, "K18-D010": {"K18-D020": 220.73546917596906}, "K12-U020": {"K12-U030": 216.1709284457912}, "K12-U010": {"K12-U020": 228.63111065157287}, "K17-U020": {"K17-U030": 152.60828961470952}, "K17-U010": {"K17-U020": 250.63978397572282}}