{"NAC": {"AUS": 209.92299308795273, "LAK": 275.02533911881056, "OLY": 89.28173649149501, "MEF": 168.34546431320544}}