{"NAC": {"AUS": 223.93069956113527, "LAK": 297.32039976252946, "OLY": 120.2649954, "MEF": 173.14254853482151}}