{"SUN": {"DIS": 198.57938038523093, "TSY": 690.6355419441308, "TUC": 823.8732149873198}, "SUW": {"TKW": 198.00000000000003, "KAT": 132.0}}