{"TIK": {"YAT": 141.4205937615855, "TKO": 33.5148}, "TIH": {"FOH": 132.0, "CAB": 126.06000000000002}, "TIS": {"SIH": 389.45901890279873}}