{"TSY": {"AIR": 1467.4425331701573, "KOW": 661.6576945093816, "SUN": 690.6244327215805, "LAK": 180.94396082843076}, "TSW": {"TWH": 60.06}, "TST": {"JOR": 132.77, "ADM": 176.37076961604205}, "TSH": {"SHM": 216.38983882450867}}