{"TSY": {"AIR": 1467.4426355060111, "KOW": 661.6556606057515, "SUN": 690.6236019477128, "LAK": 180.9473314099965}, "TSW": {"TWH": 60.06}, "TST": {"JOR": 132.77, "ADM": 176.37166539437624}, "TSH": {"SHM": 216.38983882450867}}