{"YUL": {"KSR": 238.45899610760966, "LOP": 138.49329}}