{"HOK": {"KOW": 177.72150059192217}, "HOM": {"YMT": 198.00000000000003, "TKW": 154.0}}