{"HOK": {"KOW": 177.73563583696213}, "HOM": {"YMT": 191.40000000000003, "TKW": 154.0}}