{"HOK": {"KOW": 177.73628227505145}, "HOM": {"YMT": 188.54000000000002, "TKW": 154.0}}