{"HUH": {"MKK": 188.35502317561225, "EXC": 199.67649251092718, "ETS": 497.2}}