{"KSR": {"TWW": 712.0270948595771, "YUL": 252.1057727208507}}