{"KWF": {"LAK": 112.47124900000001, "KWH": 119.13}, "KWH": {"KWF": 129.91, "TWH": 185.3808}, "KWT": {"LAT": 122.10000000000002, "NTK": 107.8}}