{"LAK": {"KWF": 139.5399574505687, "NAC": 297.31520121189516, "TSY": 191.3251786644706, "MEF": 137.0160729606377}, "LAT": {"YAT": 96.67117403317232, "KWT": 119.4460659358712}}