{"LET": {"WCH": 147.1763722118065, "SOH": 101.8566737999504}}