{"NAC": {"LAK": 243.39471199998275, "AUS": 223.94640962173656, "MEF": 174.93359198649824, "OLY": 142.50959216834025}}