{"PRE": {"SKM": 88.05093000000001, "MOK": 96.63714102899999, "SSP": 132.0}}