{"QUB": {"YAT": 249.66771756485574, "TAK": 98.14200000000001, "NOP": 121.68200000000004}}