{"SYP": {"SHW": 132.75594018823244, "HKU": 108.59712222658236}}