{"TAK": {"SWH": 123.22199999999998, "QUB": 119.13}, "TAP": {"UNI": 430.1233820084075, "TWO": 146.3}, "TAW": {"SHT": 17.6, "KOT": 320.61145595731}}