{"TSH": {"SHM": 216.40850809776325, "HEO": 136.30100000000002}, "TSY": {"KOW": 661.6528062241968, "SUN": 690.6254583683307, "AIR": 1467.4426355060111, "LAK": 180.95036493340567}, "TST": {"ADM": 176.37076961604205, "JOR": 132.10999999999999}, "TSW": {"TWH": 66.28600000000002}}