{"TSH": {"SHM": 216.40208773469104, "HEO": 132.88679257818896}, "TSY": {"KOW": 491.9150656602428, "SUN": 602.0620620688452, "AIR": 1019.6967464278383, "LAK": 180.098661669788}, "TST": {"ADM": 181.65980888101052, "JOR": 122.8276118252101}, "TSW": {"TWH": 92.27514008801057}}