{"WCH": {"LET": 158.414219463318, "OCP": 112.80059499709}}