{"YMT": {"MOK": 104.74953522131295, "JOR": 127.39208147158902, "HOM": 155.28367154292343}}