{"CHH": {"KOB": 171.6251429252666, "DIH": 125.14770957}, "CHW": {"HFC": 84.40693503}}