{"ETS": {"HUH": 191.40000000000003, "AUS": 204.60000000000002}}