{"EXC": {"HUH": 199.6704259833209, "ADM": 55.71951279039199}}