{"HAH": {"TKO": 114.51304259999998, "POA": 125.9088248733021}}