{"HUH": {"ETS": 198.00000000000003, "MKK": 188.34266344290566, "EXC": 199.7187365304598, "HOM": 124.63}}