{"K52-nU060": {"K52-nU070": 110.11000000000001}, "K52-nD250": {"K52-nD260": 146.27689999999998}, "K51-D240": {"K51-D250": 140.8}, "K52-nD130": {"K52-nD140": 71.06879999999998}, "K52-nD240": {"K52-nD250": 150.39200000000002}, "K53-U060": {"K53-U070": 72.79636714899999}, "K52-nD070": {"K52-nD080": 115.50000000000001}, "K53-U050": {"K53-U060": 133.376073314}, "K53-D080": {"K53-D090": 46.39107}, "K51-D210": {"K51-D220": 145.6642}, "K51-D060": {"K51-D070": 48.971999999999994}, "K51-U130": {"K51-U140": 73.72200000000001}, "K51-D130": {"K51-D140": 38.72}, "K53-U010": {"K53-U020": 247.25158589999995}, "K52A-D060": {"K52A-D070": 129.34768316859828}, "K54-D040": {"K54-D050": 173.536}, "K53-D015": {"K53-D020": 50.97840000000001}, "K51-D080": {"K51-D090": 96.80000000000001}, "K53-U080": {"K53-U090": 89.88669250000001}, "K53-U130": {"K53-U140": 51.48261351284701}, "K54-U030": {"K54-U040": 98.63051000000002}, "K52-nU200": {"K52-nU210": 75.9}, "K53-U120": {"K53-U130": 71.278397443}, "K54-D010": {"K54-D020": 148.89600000000002}, "K51-D020": {"K51-D030": 58.300000000000004}, "K53-U090": {"K53-U100": 89.68531155100001}, "K54-U040": {"K54-U050": 112.29149393}, "K53-D130": {"K53-D140": 111.37576999999999}, "K53-D030": {"K53-D040": 67.986127}, "K52A-D010": {"K52A-D020": 277.2164422563302}, "K53-U140": {"K53-D010": 86.66447680000002}, "K51-U120": {"K51-U130": 131.56}, "K52-nD010": {"K52-nD020": 12.364}, "K51-U050": {"K51-U060": 259.303}, "K52-nD190": {"K52-nD200": 118.107}, "K52-nU280": {"K52-nU290": 45.784200000000006}, "K51-U110": {"K51-U120": 137.39550000000003}, "K52-nU150": {"K52-nU160": 84.051}, "K52-nU020": {"K52-nU030": 66.22}, "K53-U020": {"K53-U030": 169.81305177539997}, "K54-U070": {"K54-D010": 126.97802700000003}, "K51-U040": {"K51-U050": 113.30000000000001}, "K54-U050": {"K54-U060": 292.831}, "K51-D070": {"K51-D080": 45.419000000000004}, "K51-U160": {"K51-U170": 74.80000000000001}, "K51-D050": {"K51-D060": 48.07000000000001}, "K53-D150": {"K53-D160": 145.20000000000002}, "K52-nU250": {"K52-nU260": 62.26000000000001}, "K54-D050": {"K54-D060": 89.10000000000001}, "K53-U030": {"K53-U040": 209.76602977000002}, "K53-D010": {"K53-D015": 96.789}, "K51-D120": {"K51-D130": 46.50349}, "K52-nD230": {"K52-nD240": 142.54899999999998}, "K54-U060": {"K54-U070": 184.3006}, "K52-nU180": {"K52-nU190": 74.56977000000002}, "K52-nU170": {"K52-nU180": 130.207}, "K54-U010": {"K54-U020": 57.873532199999985}, "K52-nD160": {"K52-nD170": 134.20000000000002}, "K51-U140": {"K51-U150": 51.18300000000001}, "K51-U060": {"K51-U070": 250.58}, "K52-nU120": {"K52-nU140": 124.30000000000001}, "K51-U230": {"K51-U240": 39.10610000000001}, "K52A-U140": {"K52A-U150": 160.36478188814678}, "K52-nD050": {"K52-nD060": 32.681}, "K51-U070": {"K51-U080": 197.3092}, "K53-D050": {"K53-D060": 86.02990000000001}, "K51-D180": {"K51-D190": 168.20100000000002}, "K51-D030": {"K51-D040": 33.0}, "K51-U010": {"K51-U020": 37.158}, "K52-nD150": {"K52-nD160": 83.92999999999999}, "K52-nU270": {"K52-nU280": 160.36558789242366}, "K53-D140": {"K53-D150": 170.5}, "K52-nD030": {"K52-nD040": 17.320600000000002}, "K51-D160": {"K51-D170": 61.60000000000001}, "K53-U070": {"K53-U080": 61.48340000000003}, "K53-U040": {"K53-U050": 138.321873215592}, "K52-nU240": {"K52-nU250": 59.290000000000006}, "K51-U220": {"K51-U230": 59.810300000000005}, "K52-nU300": {"K52-nU310": 34.254000000000005}, "K51-D200": {"K51-D210": 111.17699999999999}, "K52-nD210": {"K52-nD220": 190.3}, "K51-U080": {"K51-U090": 141.02}, "K52-nU100": {"K52-nU110": 173.91000000000003}, "K51-D170": {"K51-D180": 79.2}, "K53-U110": {"K53-U120": 99.99000000000001}, "K51-U090": {"K51-U100": 147.18}, "K51-U150": {"K51-U160": 74.36000000000001}, "K51-D040": {"K51-D050": 45.1}, "K52-nD170": {"K52-nD180": 86.27850000000001}, "K51-U190": {"K51-U200": 81.3032}, "K52-nU230": {"K52-nU240": 69.65200000000002}, "K54-U020": {"K54-U030": 99.78100000000002}, "K53-D110": {"K53-D120": 169.4}, "K51-D190": {"K51-D200": 160.96300000000002}, "K52-nD140": {"K52-nD150": 107.69000000000001}, "K52-nD260": {"K52-nD270": 24.090000000000003}, "K52-nU050": {"K52-nU060": 218.9}, "K51-D010": {"K51-D020": 81.77400000000002}, "K53-U100": {"K53-U110": 85.20061000000001}, "K51-U100": {"K51-U110": 188.10000000000002}, "K51-U240": {"K51-U250": 107.80000000000001}, "K51-D280": {"K51-D290": 99.00000000000001}, "K51-U210": {"K51-U220": 58.564}, "K52-nD270": {"K52-nD280": 92.4}, "K52-nD220": {"K52-nD230": 139.70000000000002}, "K51-D230": {"K51-D240": 83.49000000000001}, "K52-nD110": {"K52-nD120": 143.33}, "K52-nD120": {"K52-nD130": 41.996900000000004}, "K51-U020": {"K51-U030": 111.10000000000001}, "K52-nU010": {"K52-nU020": 35.399100000000004}, "K51-D270": {"K51-D280": 95.92}, "K53-D070": {"K53-D080": 56.00100000000001}, "K52-nU070": {"K52-nU080": 85.80000000000001}, "K52-nU260": {"K52-nU270": 64.9}, "K52-nD090": {"K52-nD100": 46.31}, "K52-nU210": {"K52-nU220": 51.7}, "K52-nU080": {"K52-nU090": 77.99550000000002}, "K53-D020": {"K53-D030": 104.50000000000001}, "K51-D110": {"K51-D120": 53.900000000000006}, "K51-D090": {"K51-D100": 75.68}, "K51-D100": {"K51-D110": 145.20000000000002}, "K52-nU140": {"K52-nU150": 153.34}, "K53-D120": {"K53-D130": 53.02}, "K52-nD040": {"K52-nD050": 17.6}, "K52-nD020": {"K52-nD030": 0.0}, "K54-D030": {"K54-D040": 71.39}, "K53-D060": {"K53-D070": 132.0}, "K52-nD060": {"K52-nD070": 129.34768316859828}, "K52-nD200": {"K52-nD210": 134.20000000000002}, "K51-D150": {"K51-D160": 134.20000000000002}, "K51-U170": {"K51-U180": 86.9}, "K52-nU040": {"K52-nU050": 60.50000000000001}, "K51-U180": {"K51-U190": 101.2}, "K52-nU160": {"K52-nU170": 36.39900000000001}, "K52-nD290": {"K52-nD300": 110.00000000000001}, "K52-nD080": {"K52-nD090": 28.820000000000004}, "K52-nU090": {"K52-nU100": 127.82000000000002}, "K54-D020": {"K54-D030": 132.85809499273628}, "K52-nD100": {"K52-nD110": 57.75}, "K52A-U170": {"K52A-U180": 275.330189104908}, "K52-nU220": {"K52-nU230": 83.60000000000001}, "K51-U200": {"K51-U210": 88.0}, "K51-D140": {"K51-D150": 61.60000000000001}}