{"K75A-D070": {"K75A-D080": 22.857999999999997}, "K73-U060": {"K73-U070": 112.23818477906278}, "K76-U040": {"K76-U050": 150.7264}, "K73-D150": {"K73-D160": 45.540000000000006}, "K73-U090": {"K73-U100": 102.01400000000001}, "K73-D090": {"K73-D100": 78.10000000000001}, "K73-D070": {"K73-D080": 146.0668}, "K75P-D010": {"K75P-D020": 142.12}, "K75A-D040": {"K75A-D050": 57.2}, "K76-D020": {"K76-D030": 138.6638}, "K75P-D020": {"K75P-D030": 29.700000000000003}, "K76-U020": {"K76-U030": 145.91500000000002}, "K73-U070": {"K73-U080": 148.566}, "K73-U020": {"K73-U030": 180.4}, "K73-D050": {"K73-D070": 106.2798}, "K73-U080": {"K73-U110": 151.48186865393546, "K73-U090": 287.144}, "K75P-U110": {"K75P-U120": 84.81000000000002}, "K76-D010": {"K76-D020": 170.46999712774624}, "K73-D080": {"K73-D090": 295.90000000000003}, "K75P-U090": {"K75P-U100": 43.56}, "K75P-U120": {"K75P-U130": 56.21660000000001}, "K76-U010": {"K76-U020": 7.700000000000001}, "K75P-D040": {"K75P-D050": 159.30200000000002}, "K74-D020": {"K74-D030": 145.03112256127426}, "K76-D030": {"K76-D040": 65.60499000000002}, "K73-U030": {"K73-U040": 49.61}, "K73-U050": {"K73-U060": 96.96852000000001}, "K75A-D100": {"K75A-D110": 95.7}, "K75P-U070": {"K75P-U080": 118.69000000000001}, "K75P-U060": {"K75P-U070": 27.500000000000007}, "K75A-U020": {"K75A-U030": 143.0}, "K75P-D080": {"K75P-U011": 129.51125000000002}, "K76-U030": {"K76-U040": 163.08542665805479}, "K75A-U030": {"K75A-D010": 238.15000000000003}, "K73-D010": {"K73-D020": 78.10000000000001}, "K75P-D070": {"K75P-D080": 89.10000000000001}, "K75P-U100": {"K75P-U110": 67.10000000000001}, "K73-U040": {"K73-U050": 102.52000000000001, "K73-U060": 200.442}, "K75A-D090": {"K75A-D100": 35.993100000000005}, "K75A-D010": {"K75A-D020": 194.70000000000002}, "K75P-U130": {"K75P-U140": 33.0}, "K75P-D050": {"K75P-D060": 86.9}, "K73-D040": {"K73-D050": 82.5}, "K73-U110": {"K73-U120": 221.089}, "K75P-D060": {"K75P-D070": 163.9}, "K75A-D030": {"K75A-D040": 44.55}, "K73-U010": {"K73-U020": 68.2}, "K75A-D060": {"K75A-D070": 42.900000000000006}, "K75P-U140": {"K75P-D010": 115.50000000000001}}