{"KF6": {"KF4": 250.94968612682163}, "KF1": {"KF3": 686.7524296882632, "KF5": 767.8869564336203}, "KF4": {"KF6": 250.94875631741698, "KF2": 1022.6170365769161}, "KF2": {"KF4": 1022.6136710445269}, "KF5": {"KF1": 767.886784173502}, "KF3": {"KF1": 686.7544166220264}}