{"KOW": {"OLY": 121.80668201614313, "HOK": 177.7382830655818, "TSY": 661.658528418209}, "KOT": {"MKK": 137.99693995117474, "LOF": 78.53999999999999, "TAW": 320.6218421631514, "SKM": 133.20999999999998}, "KOB": {"NTK": 133.1, "CHH": 198.00000000000003}}