{"KOW": {"OLY": 121.78096601539512, "HOK": 177.7413928918328, "TSY": 661.6530969902259}, "KOT": {"MKK": 137.9991196395961, "LOF": 93.91866, "TAW": 320.61421918250466, "SKM": 133.20999999999998}, "KOB": {"NTK": 132.891, "CHH": 191.40000000000003}}