{"LOW": {"SHS": 261.75375705508776}, "LOP": {"TIS": 173.90587641916562, "YUL": 73.7}, "LOF": {"WTS": 133.18018999999998, "KOT": 166.64208}}