{"MEF": {"LCK": 132.0, "LAK": 126.01288295911783, "TWW": 351.8880006414452, "NAC": 173.14254853482151}}