{"MOS": {"HEO": 128.08396886999998, "WKS": 159.46017857668474}, "MOK": {"PRE": 116.51559311300984, "YMT": 126.34678409379327}}