{"SYP": {"SHW": 156.0815713885263, "HKU": 117.1265927007083}}