{"TIS": {"SIH": 374.45629691613533, "LOP": 169.84229466121545}, "TIK": {"TKO": 144.22785072427965, "YAT": 144.90176372619604}, "TIH": {"FOH": 121.0156918674194, "CAB": 125.42692147245103}}