{"TKO": {"LHP": 128.59823683960403, "HAH": 33.4488, "TIK": 149.52419988000003}, "TKW": {"HOM": 140.8}}