{"TWH": {"KWH": 132.0}, "TWO": {"FAN": 412.6363134761742, "TAP": 132.0}, "TWW": {"MEF": 351.8210210939409}}