{"TWH": {"KWH": 132.0}, "TWO": {"FAN": 412.63537642106814, "TAP": 132.0}, "TWW": {"MEF": 351.8337472079667}}