{"WCH": {"LET": 180.76937697631885, "OCP": 150.417426107355}}