{"YAT": {"QUB": 249.6524577997935, "LAT": 144.54, "TIK": 141.42193166988946}}