{"YUL": {"LOP": 124.987376874, "KSR": 239.01649592324367}}