{"CHH": {"DIH": 146.47308500000003, "KOB": 253.5185290000001}, "CHW": {"HFC": 178.20000000000002}}