{"DIS": {"SUN": 198.58233387484285}, "DIH": {"HIK": 321.4776251982475, "KAT": 178.76000000000005, "WTS": 121.01935345494303, "CHH": 125.49252900000002}}