{"JOR": {"YMT": 121.0892436110308, "TST": 110.1140923}}