{"K52-nD060": {"K52-nD070": 129.34768316859828}, "K53-U010": {"K53-U020": 249.01944016399997}, "K51-D240": {"K51-D250": 1691.118}, "K53-U020": {"K53-U030": 155.152789}, "K53-U040": {"K53-U050": 107.20429753}, "K51-U040": {"K51-U050": 132.10999999999999}, "K52-nU090": {"K52-nU100": 96.80000000000001}, "K54-U030": {"K54-U040": 131.10614}, "K51-U050": {"K51-U060": 240.45899129999998}, "K52-nD130": {"K52-nD140": 92.83560000000003}, "K51-U210": {"K51-U220": 23.21}, "K51-D260": {"K51-D270": 51.7}, "K53-U030": {"K53-U040": 182.67617500000006}, "K52-nU030": {"K52-nU040": 113.57500000000002}, "K53-U120": {"K53-U130": 61.715500000000006}, "K53-U080": {"K53-U090": 56.03412099999999}, "K53-U070": {"K53-U080": 48.825700000000005}, "K52A-D060": {"K52A-D070": 129.34768316859828}, "K52A-U170": {"K52A-U180": 275.366511913542}, "K54-D020": {"K54-D030": 132.84318259177235}, "K51-U010": {"K51-U020": 81.07000000000001}, "K54-U020": {"K54-U030": 165.20130000000003}, "K51-U060": {"K51-U070": 283.03000000000003}, "K51-D040": {"K51-D050": 57.20000000000001}, "K51-U110": {"K51-U120": 138.60000000000002}, "K51-D070": {"K51-D080": 59.400000000000006}, "K51-U030": {"K51-U040": 65.01}, "K51-U170": {"K51-U180": 44.660000000000004}, "K51-U220": {"K51-U230": 31.801}, "K54-D010": {"K54-D020": 87.77835}, "K53-D040": {"K53-D050": 70.29}, "K53-U090": {"K53-U100": 94.27000000000001}, "K51-D020": {"K51-D030": 52.910000000000004}, "K58-D010": {"K58-D020": 22.330000000000002}, "K53-D030": {"K53-D040": 78.87}, "K58-D020": {"K58-D030": 115.39000000000001}, "K51-D080": {"K51-D090": 117.37}, "K52-nU240": {"K52-nU250": 84.37}, "K52-nD170": {"K52-nD180": 91.30000000000001}, "K51-D110": {"K51-D120": 65.34}, "K54-U060": {"K54-U070": 193.61375000000004}, "K54-U010": {"K54-U020": 94.74529900000002}, "K51-U090": {"K51-U100": 151.052}, "K52-nU010": {"K52-nU020": 139.59}, "K51-U080": {"K51-U090": 192.775}, "K52-nD150": {"K52-nD160": 107.272}, "K51-D180": {"K51-D190": 159.60999999999999}, "K54-U050": {"K54-U060": 367.30100000000004}, "K51-D120": {"K51-D130": 61.14911000000002}, "K53-D140": {"K53-D150": 165.0}, "K53-D120": {"K53-D130": 60.533000000000015}, "K54-D040": {"K54-D050": 135.21200000000002}, "K51-U130": {"K51-U140": 66.66}, "K52-nD010": {"K52-nD020": 19.580000000000002}, "K53-U100": {"K53-U110": 70.16070368999999}, "K52-nD040": {"K52-nD050": 39.49000000000001}, "K51-D060": {"K51-D070": 51.7}, "K52-nU200": {"K52-nU210": 105.60000000000001}, "K52A-U140": {"K52A-U150": 160.36405648429758}, "K52A-D010": {"K52A-D020": 277.2173880860822}, "K52-nU110": {"K52-nU120": 157.47600000000003}, "K52-nU050": {"K52-nU060": 265.1}, "K51-U180": {"K51-U190": 97.13000000000001}, "K53-U060": {"K53-U070": 72.10231050000002}, "K53-D015": {"K53-D020": 52.800000000000004}, "K53-D130": {"K53-D140": 58.300000000000004}, "K54-D030": {"K54-D040": 79.09}, "K51-U020": {"K51-U030": 87.09470000000002}, "K51-U150": {"K51-U160": 65.78}, "K52-nU060": {"K52-nU070": 111.87000000000003}, "K53-D100": {"K53-D110": 97.9}, "K51-D160": {"K51-D170": 73.28200000000001}, "K53-D020": {"K53-D030": 114.95000000000002}, "K52A-U080": {"K52A-U090": 80.30000000000001}, "K52-nD020": {"K52-nD030": 47.894}, "K51-D010": {"K51-D020": 112.05699999999999}, "K51-U070": {"K51-U080": 180.77400000000003}, "K52-nU020": {"K52-nU030": 100.10000000000001}, "K52-nD090": {"K52-nD100": 70.25699999999999}, "K54-U040": {"K54-U050": 117.24900000000002}, "K51-D210": {"K51-D220": 130.24}, "K51-U160": {"K51-U170": 104.17}, "K52-nD080": {"K52-nD090": 72.60000000000001}, "K52-nU100": {"K52-nU110": 188.1}, "K52-nD200": {"K52-nD210": 108.57000000000001}, "K54-D050": {"K54-D060": 72.60000000000001}, "K51-U240": {"K51-U250": 110.45100000000002}, "K52-nU270": {"K52-nU280": 160.35752784965484}, "K58-D040": {"K58-D050": 150.70000000000002}, "K51-D030": {"K51-D040": 40.61970000000001}, "K53-U130": {"K53-U140": 69.19770000000001}, "K52-nU210": {"K52-nU220": 88.0}, "K52-nU170": {"K52-nU180": 126.50000000000001}, "K53-U050": {"K53-U060": 148.72}, "K52-nD160": {"K52-nD170": 152.9}, "K51-D230": {"K51-D240": 44.0}, "K51-D100": {"K51-D110": 124.30000000000001}, "K51-D170": {"K51-D180": 81.4}, "K53-U110": {"K53-U120": 106.05320000000002}, "K51-U140": {"K51-U150": 56.1}, "K53-D060": {"K53-D070": 135.3}, "K53-U140": {"K53-D010": 76.73468}, "K58-D070": {"K58-D080": 78.10000000000001}, "K52-nD070": {"K52-nD080": 111.10000000000001}, "K58-D060": {"K58-D070": 141.9}, "K53-D070": {"K53-D080": 39.49}, "K53-D080": {"K53-D090": 48.400000000000006}, "K58-U150": {"K58-U160": 156.20000000000002}, "K52-nD100": {"K52-nD110": 51.54600000000001}, "K51-D050": {"K51-D060": 64.68}, "K53-D010": {"K53-D015": 114.4}, "K52-nU250": {"K52-nU260": 102.30000000000001}, "K51-D200": {"K51-D210": 122.10000000000001}, "K51-D090": {"K51-D100": 75.9}, "K51-U190": {"K51-U200": 8.8}, "K51-U100": {"K51-U110": 187.00000000000003}, "K58-D030": {"K58-D040": 17.490000000000002}, "K52-nU230": {"K52-nU240": 118.80000000000001}, "K51-U230": {"K51-U240": 50.6}, "K52-nD030": {"K52-nD040": 28.05}, "K54-U070": {"K54-D010": 137.5}, "K52-nU190": {"K52-nU200": 118.80000000000001}, "K53-D050": {"K53-D060": 63.800000000000004}, "K58-D080": {"K58-D090": 102.30000000000001}}