{"K73-U080": {"K73-U110": 151.49429490620014, "K73-U090": 253.33225050480056}, "K76-D010": {"K76-D020": 170.43502800637762}, "K75P-U120": {"K75P-U130": 53.032573}, "K75P-D010": {"K75P-D020": 89.48500000000001}, "K73-U070": {"K73-U080": 157.04230647421693}, "K76-U010": {"K76-U020": 7.437327829384202}, "K73-U050": {"K73-U060": 139.44771959193082}, "K73-U090": {"K73-U100": 126.06497735699998}, "K76-U020": {"K76-U030": 152.42263863438373}, "K73-D020": {"K73-D030": 50.54940000000001}, "K75P-U080": {"K75P-U090": 46.0442532}, "K76-U040": {"K76-U050": 227.7508192641}, "K73-U100": {"K73-U110": 253.67191740000013}, "K75P-U140": {"K75P-D010": 146.05199290000004}, "K73-U040": {"K73-U050": 115.21940510107633, "K73-U060": 264.50720780000006}, "K75P-U100": {"K75P-U110": 72.356501382}, "K73-D080": {"K73-D090": 261.8}, "K73-U060": {"K73-U070": 174.3076283450509}, "K73-U110": {"K73-U120": 233.96280683599997}, "K75P-U020": {"K75P-U030": 114.89719999999997}, "K73-D110": {"K73-D120": 75.07499999999999}, "K75A-D060": {"K75A-D070": 39.6}, "K73-U010": {"K73-U020": 143.15400000000002}, "K75P-U060": {"K75P-U070": 38.6452}, "K75P-D030": {"K75P-D040": 141.735}, "K76-U030": {"K76-U040": 163.09601280473115}, "K75P-U070": {"K75P-U080": 95.28154020000001}, "K75P-U030": {"K75P-U040": 96.822}, "K76-D020": {"K76-D030": 113.14195036210003}, "K75A-U010": {"K75A-U020": 38.39495000000001}, "K76-D030": {"K76-D040": 37.014490056170004}, "K73-D010": {"K73-D020": 67.3398}, "K73-D040": {"K73-D050": 59.96100000000001}, "K74-U001": {"K74-U004": 116.27000000000001}, "K75A-D020": {"K75A-D030": 19.587700000000005}, "K75P-U040": {"K75P-U050": 74.4513}, "K75A-D010": {"K75A-D020": 177.10000000000002}, "K75A-D090": {"K75A-D100": 44.77}, "K75P-U110": {"K75P-U120": 90.21102409000001}, "K73-U030": {"K73-U040": 89.13904372989002}, "K75P-D040": {"K75P-D050": 147.86200000000002}, "K74-U060": {"K74-U070": 166.10000000000002}, "K75A-D100": {"K75A-D110": 97.9}, "K75A-D050": {"K75A-D060": 90.5432}, "K74-U050": {"K74-U060": 212.19}, "K74-U010": {"K74-U020": 165.0}, "K75P-D060": {"K75P-D070": 124.6036}, "K74-U004": {"K74-U007": 111.10000000000001}, "K73-U020": {"K73-U030": 157.7335936}, "K73-D070": {"K73-D080": 160.8266}, "K75A-D080": {"K75A-D090": 84.7}, "K75P-U090": {"K75P-U100": 28.468}, "K75P-D080": {"K75P-U011": 124.65229700000002}, "K75P-D020": {"K75P-D030": 33.313498900000006}, "K74-U040": {"K74-U050": 162.25000000000003}, "K75A-U030": {"K75A-D010": 201.7675}, "K73-D130": {"K73-D140": 137.72}, "K73-D030": {"K73-D040": 107.11800000000001}, "K75P-U010": {"K75P-U020": 86.67999999999999}, "K75P-D070": {"K75P-D080": 65.68100000000001}, "K75P-U050": {"K75P-U060": 141.79000000000002}, "K75P-U130": {"K75P-U140": 39.33325000000001}, "K75A-D070": {"K75A-D080": 47.300000000000004}, "K73-D120": {"K73-D130": 108.67230000000002}, "K73-D050": {"K73-D070": 94.60000000000001}, "K73-D090": {"K73-D100": 90.2}, "K73-D150": {"K73-D160": 50.6}, "K75P-D050": {"K75P-D060": 102.30000000000001}, "K73-D100": {"K73-D110": 191.4}, "K75A-U020": {"K75A-U030": 150.70000000000002}, "K74-U030": {"K74-U040": 279.40000000000003}}