{"KOW": {"OLY": 121.80248403036558, "HOK": 177.7398462276094, "TSY": 661.6534200635916}, "KOT": {"TAW": 320.61421918250466, "MKK": 137.9991196395961, "SKM": 143.0, "LOF": 116.083}}