{"KSR": {"YUL": 249.80037063048098, "TWW": 712.0168259252407}}