{"KWH": {"KWF": 111.01980999999998, "TWH": 140.34679999999997}, "KWF": {"LAK": 111.1, "KWH": 117.7}, "KWT": {"NTK": 107.8, "LAT": 129.01900000000003}}