{"LAK": {"TSY": 180.96154525694732, "NAC": 297.3185821296115, "MEF": 126.00069475086632, "KWF": 141.90000000000003}, "LAT": {"YAT": 112.17971600000001}}