{"LET": {"WCH": 147.57644926734076, "SOH": 102.90690219769199}}