{"SHW": {"CEN": 114.09171169000001, "SYP": 119.90000000000002}, "SHS": {"FAN": 125.75155783483658, "LMC": 525.2472017924194, "LOW": 261.75375705508776}, "SHM": {"CIO": 95.22766000000003, "TSH": 216.38983882450867}, "SHT": {"TAW": 139.3212407151207, "FOT": 155.95753280625766}}