{"SHW": {"CEN": 111.14957690675487, "SYP": 121.2135056099061}, "SHS": {"FAN": 125.75899566591507, "LMC": 525.2512976547828, "LOW": 261.7548565289942}, "SHM": {"CIO": 120.74321021552028, "TSH": 216.38983882450867}, "SHT": {"TAW": 159.63731676327606, "FOT": 155.94742885416252}}