{"SHW": {"CEN": 111.10000000000001, "SYP": 119.90000000000002}, "SHS": {"FAN": 125.72964287584118, "LMC": 525.2461667274771, "LOW": 261.7527207161598}, "SHM": {"CIO": 80.74000000000001}, "SHT": {"TAW": 132.0}}