{"SHW": {"CEN": 113.19000000000001, "SYP": 119.90000000000002}, "SHS": {"FAN": 125.73974802308719, "LMC": 525.2467114984995, "LOW": 261.7527207161598}, "SHM": {"CIO": 86.08600000000001, "TSH": 216.38983882450867}, "SHT": {"TAW": 128.02778999999998, "FOT": 155.9764643191458}}