{"TAP": {"UNI": 430.1252453543801, "TWO": 131.67000000000002}, "TAW": {"SHT": 45.1671836, "KOT": 320.61763057163387, "CKT": 396.00000000000006, "HIK": 172.70000000000002}, "TAK": {"SWH": 112.398, "QUB": 117.7}}