{"TIH": {"FOH": 99.00000000000001}, "TIK": {"TKO": 94.41477170466001, "YAT": 141.42180271859456}, "TIS": {"LOP": 173.90587641916562, "SIH": 389.4368347083129}}