{"WCH": {"LET": 173.81800745188724, "OCP": 119.90000000000002}}