{"1": {"6": 133.5893422350844, "2": 583.9299592666736}}