{"AIR": {"TSY": 1467.4427276082797, "AWE": 88.47981290769322}}