{"CSW": {"LCK": 138.60000000000002, "SSP": 98.48519999999999}}