{"EXC": {"HUH": 199.68836189928396, "ADM": 51.1426221085955}}