{"HUH": {"EXC": 199.67329960166072, "MKK": 188.36232147417815, "HOM": 25.080000000000002, "ETS": 125.4}}