{"KAT": {"DIH": 113.15700000000001, "SUW": 34.865655}}