{"KOW": {"HOK": 177.74210018250338, "OLY": 127.588448297281, "TSY": 606.4229902707546}, "KOB": {"NTK": 19.66093469860233, "CHH": 37.065111733980004}, "KOT": {"TAW": 320.59970815675064, "MKK": 124.8074595430758, "SKM": 24.3377507822518, "LOF": 16.374167171999996}}