{"KOW": {"HOK": 177.7386647808092, "OLY": 121.80668201614313, "TSY": 661.6576945093816}, "KOB": {"NTK": 11.879999999999999, "CHH": 17.820000000000004}, "KOT": {"TAW": 320.61583510367115, "MKK": 137.9991196395961, "SKM": 11.286000000000001, "LOF": 0.0}}