{"LCK": {"MEF": 6.237000000000001, "CSW": 11.879999999999999}}