{"OCP": {"ADM": 287.6319603695046, "WCH": 114.88665999060633}}