{"OLY": {"NAC": 103.95660000000002, "KOW": 121.82228769715432}}