{"SKM": {"KOT": 17.820000000000004, "PRE": 11.879999999999999}, "SKW": {"HFC": 6.6, "SWH": 132.77}}