{"TAW": {"SHT": 115.83724598456998, "KOT": 320.61583510367115, "HIK": 13.970000000000002, "CKT": 72.6}, "TAP": {"UNI": 430.12215946711484, "TWO": 73.66576833}, "TAK": {"QUB": 22.037399999999998}}