{"TIS": {"LOP": 173.90587641916562, "SIH": 389.4590189027987}, "TIK": {"TKO": 26.375503991035384, "YAT": 141.4205937615855}, "TIH": {"CAB": 103.81800000000001, "FOH": 131.23}}