{"TKO": {"LHP": 128.59191944894255, "TIK": 21.865570133734796, "HAH": 60.25628195400001}}