{"TKO": {"LHP": 128.59408652416846, "TIK": 11.9715455407746, "HAH": 59.9346}}