{"YAT": {"QUB": 249.66771756485574, "LAT": 66.0, "TIK": 141.42076224079005}}