{"YAT": {"QUB": 249.65062412816087, "LAT": 53.46, "TIK": 141.42155330589975}}