{"AIR": {"TSY": 1467.4435561079958, "AWE": 123.62805956820833}}