{"HAH": {"TKO": 42.364320704576855, "POA": 119.77776419909546}}