{"HUH": {"MKK": 126.6191232880669, "HOM": 91.03188810000002, "EXC": 185.0871375402752, "ETS": 10.007888}}