{"HUH": {"MKK": 188.35304295031156, "HOM": 80.42100000000002, "EXC": 199.66551209595985, "ETS": 0.0}}