{"K74-D060": {"K74-D070": 157.0841540303607}, "K73-U070": {"K73-U080": 144.69242700476215}, "K73-U010": {"K73-U020": 74.11852993211507}, "K74-D010": {"K74-D020": 164.7209597}, "K75P-U060": {"K75P-U070": 27.845000948169258}, "K73-U080": {"K73-U110": 264.9078395251176, "K73-U090": 280.1712695274622}, "K74-U011": {"K74-D100": 191.17252090134497}, "K75P-U110": {"K75P-U120": 90.92527632562484}, "K74-U070": {"K74-U080": 151.75612100000006}, "K73-D150": {"K73-D160": 96.15761217687353}, "K73-D070": {"K73-D080": 176.64257976961488}, "K76-U040": {"K76-U050": 183.08514824002464}, "K75P-U120": {"K75P-U130": 70.16781457723535}, "K76-U030": {"K76-U040": 227.9966423851356}, "K76-U010": {"K76-U020": 22.038197331040685}, "K73-U030": {"K73-U040": 91.05008878105266}, "K75A-D010": {"K75A-D020": 202.8331883805953}, "K76-U020": {"K76-U030": 148.86508842742074}, "K75A-D020": {"K75A-D030": 30.035358693388606}, "K75P-U080": {"K75P-U090": 49.11850759206525}, "K73-D090": {"K73-D100": 88.47220674529684}, "K75P-D010": {"K75P-D020": 132.82533359942147}, "K76-D020": {"K76-D030": 114.70587467208588}, "K75A-U010": {"K75A-U020": 47.80603505172721}, "K73-D100": {"K73-D110": 201.7166740020005}, "K75P-U130": {"K75P-U140": 42.69674128013928}, "K76-D010": {"K76-D020": 180.05043993938025}, "K73-D130": {"K73-D140": 158.56764889435087}, "K73-U060": {"K73-U070": 123.90103375519557}, "K73-U090": {"K73-U100": 112.5157547560585}, "K73-U110": {"K73-U120": 220.51351922477252}, "K75A-D070": {"K75A-D080": 40.89773147589467}, "K73-D120": {"K73-D130": 112.85393141158984}, "K75P-U010": {"K75P-U020": 105.1149024200774}, "K73-U040": {"K73-U050": 102.54438168991028, "K73-U060": 207.83205347129396}, "K75P-U140": {"K75P-D010": 158.8184408345917}, "K74-U060": {"K74-U070": 150.4770395}, "K75P-D020": {"K75P-D030": 37.72851446774643}, "K74-D050": {"K74-D060": 106.03204831177254}, "K73-D110": {"K73-D120": 97.92470759304551}, "K74-D070": {"K74-D080": 261.89359}, "K75A-D090": {"K75A-D100": 43.061536588724806}, "K73-D020": {"K73-D030": 112.94863792844112}, "K76-D030": {"K76-D040": 65.4805343599937}, "K75P-D050": {"K75P-D060": 85.48411116324695}, "K75A-D050": {"K75A-D060": 72.42920930957932}, "K75P-U050": {"K75P-U060": 192.23776636289818}, "K75P-D060": {"K75P-D070": 220.65356152694562}, "K73-U050": {"K73-U060": 98.65467527377213}, "K73-D080": {"K73-D090": 264.3721506819173}, "K73-D050": {"K73-D070": 107.43539204134397}, "K74-U090": {"K74-U100": 215.36739802600005}, "K75P-D070": {"K75P-D080": 94.26214806752382}, "K75A-D080": {"K75A-D090": 87.80216420803012}, "K75A-D060": {"K75A-D070": 47.69477823381321}, "K75P-U020": {"K75P-U030": 101.888679648811}, "K74-D090": {"K74-U011": 76.75792700400001}, "K74-D030": {"K74-D040": 106.21153125481001}, "K75A-U030": {"K75A-D010": 254.42969985576215}, "K73-D040": {"K73-D050": 87.47980116145342}, "K73-U100": {"K73-U110": 255.42170027529679}, "K75P-D080": {"K75P-U011": 147.61496339876402}, "K75P-U090": {"K75P-U100": 45.540082983296344}, "K73-U020": {"K73-U030": 228.0875087687907}, "K75P-U030": {"K75P-U040": 125.5455751621831}, "K75A-D040": {"K75A-D050": 54.78978883730065}, "K73-D030": {"K73-D040": 128.27823832098557}, "K75P-U040": {"K75P-U050": 105.05080498507095}, "K75P-U070": {"K75P-U080": 115.44765232364307}, "K75P-U100": {"K75P-U110": 70.08314819606598}, "K75A-D030": {"K75A-D040": 50.70922614132742}, "K75A-U020": {"K75A-U030": 164.08991711073867}, "K73-D140": {"K73-D150": 229.28382744710024}, "K75P-D030": {"K75P-D040": 107.515662832407}, "K74-D110": {"K74-U002": 192.6635225579918}, "K73-D010": {"K73-D020": 89.41657022105308}, "K75A-D110": {"K75A-U011": 158.3352299033197}, "K74-U080": {"K74-U090": 218.99108}, "K74-D040": {"K74-D050": 89.49261242196}, "K75A-D100": {"K75A-D110": 94.53875559364458}, "K74-U040": {"K74-U050": 189.00064150000003}, "K74-U030": {"K74-U040": 286.77}, "K74-D020": {"K74-D030": 149.42105788075284}, "K75P-D040": {"K75P-D050": 154.091940993405}, "K74-D100": {"K74-D110": 97.20439731966646}, "K74-D080": {"K74-D090": 190.44930527055976}, "K74-U050": {"K74-U060": 224.41760000000005}, "K74-U020": {"K74-U030": 112.42}, "K74-U100": {"K74-D010": 117.78250000000003}, "K74-U010": {"K74-U020": 152.24}, "K74-U007": {"K74-U010": 266.20000000000005}}