{"OLY": {"NAC": 116.12974806620284, "KOW": 121.76482991368398}}