{"SUN": {"DIS": 198.58231865322148, "TUC": 823.8788572447271, "TSY": 690.6282878464866}, "SUW": {"KAT": 13.970000000000002, "TKW": 198.00000000000003}}