{"SYP": {"SHW": 24.40449, "HKU": 78.50601000000003}}