{"TIK": {"TKO": 14.119065722272335, "YAT": 141.42180271859456}, "TIH": {"CAB": 132.0, "FOH": 17.279900000000005}, "TIS": {"LOP": 173.90155338871207, "SIH": 389.4368347083129}}