{"TIK": {"TKO": 62.264835498882334, "YAT": 124.81204506742286}, "TIH": {"CAB": 92.06221183269, "FOH": 23.29263460062755}, "TIS": {"LOP": 173.94005347702554, "SIH": 389.4002782285553}}