{"WTS": {"DIH": 34.25754340932, "LOF": 123.74844900000001}}