{"YUL": {"KSR": 252.158324859665, "LOP": 139.12800000000001}}