{"5": {"305": 97.12384, "6": 148.02480000000003}}