{"5": {"305": 82.28814227755669, "6": 114.06490057899907}}