{"AUS": {"NAC": 223.94640962173656, "ETS": 180.932139414}}