{"CSW": {"LCK": 115.22811442173001, "SSP": 123.73247999999998}}