{"HAH": {"TKO": 95.475036228, "POA": 185.0473880683281}}