{"HUH": {"EXC": 181.71263756420652, "MKK": 192.18132466793026, "HOM": 127.0506126, "ETS": 194.30884600000002}}