{"K18-D010": {"K18-D020": 245.32051510069405}, "K18-U020": {"K18-U030": 59.36673085693279}, "K12-U010": {"K12-U020": 244.65502194649994}, "K18-U010": {"K18-U020": 221.5403456187658}, "K12-D010": {"K12-D020": 168.2389958491726}, "K12-D020": {"K12-D030": 202.15409269170397}, "K12-D030": {"K12-D040": 10.79461208189205}, "K18-D020": {"K18-D030": 33.266264315121944}, "K17-U030": {"K17-U040": 30.819611481010007}, "K12-U020": {"K12-U030": 249.03442494618753}, "K17-U010": {"K17-U020": 69.091429}, "K17-U020": {"K17-U030": 155.03858410590004}, "K17-D020": {"K17-D030": 17.654632703299264}, "K17-D010": {"K17-D020": 279.03361574}}