{"KOT": {"TAW": 320.6102779507796, "MKK": 137.9991196395961, "LOF": 17.226, "SKM": 102.168}, "KOW": {"HOK": 177.74045705896611, "OLY": 121.78949084458546, "TSY": 661.6551134781697}, "KOB": {"NTK": 118.8, "CHH": 0.0}}