{"KWT": {"NTK": 111.5829, "LAT": 13.2}, "KWF": {"KWH": 121.90200000000002, "LAK": 198.00000000000003}, "KWH": {"KWF": 126.06000000000002, "TWH": 19.800000000000004}}