{"LAK": {"NAC": 297.3193955454477, "TSY": 180.95036493340567, "MEF": 126.00406956189457, "KWF": 0.0}, "LAT": {"KWT": 118.8, "YAT": 0.0}}