{"LET": {"WCH": 130.43931100589515, "SOH": 104.67278169323322}}