{"MEF": {"TWW": 351.8210210939409, "LAK": 125.99409180675646, "LCK": 132.0, "NAC": 173.17431832215263}}