{"NAC": {"OLY": 109.92953077260003, "AUS": 223.92850142135927, "LAK": 297.32039976252946, "MEF": 173.16570870978592}}