{"NOP": {"FOH": 131.06904582476744, "QUB": 115.31693901450686}}