{"PRE": {"SKM": 97.96616143599998, "SSP": 40.724737534800006, "MOK": 93.09494581622096}}