{"QUB": {"YAT": 221.0844802141042, "NOP": 123.14201328980917, "TAK": 80.23464745867922}}