{"QUB": {"YAT": 249.66522649801655, "NOP": 140.91000000000003, "TAK": 0.0}}