{"SSP": {"PRE": 55.91351208819699, "CSW": 75.625038452}}