{"WCH": {"OCP": 128.89135446, "LET": 143.34539999999998}}