{"WTS": {"DIH": 65.51486359338, "LOF": 82.33295395031402}}