{"DIS": {"SUN": 198.58018078091578}, "DIH": {"KAT": 132.88, "CHH": 132.0, "HIK": 333.010580024489, "WTS": 77.0}}