{"DIS": {"SUN": 198.58228536908274}, "DIH": {"KAT": 139.392, "CHH": 132.0, "HIK": 333.010580024489, "WTS": 77.0}}