{"ETS": {"AUS": 75.16418975999999, "HUH": 38.102608000000004}}