{"HAH": {"TKO": 143.92490046000003, "POA": 126.56663711145089}}