{"HIK": {"TAW": 180.11400000000003, "DIH": 333.01866721492985}}