{"K12-U020": {"K12-U030": 218.05502625430125}, "K18-U020": {"K18-U030": 59.18968370824157}, "K18-U010": {"K18-U020": 199.4425129315664}, "K18-D010": {"K18-D020": 235.0955402452446}, "K17-U030": {"K17-U040": 27.72451270210517}, "K17-D020": {"K17-D030": 46.151084034947665}, "K12-D030": {"K12-D040": 13.617871717554646}, "K17-D010": {"K17-D020": 245.21013322211834}, "K18-D020": {"K18-D030": 72.79821331062237}, "K12-D010": {"K12-D020": 155.19667846324353}, "K12-U010": {"K12-U020": 230.4131694338943}, "K17-U020": {"K17-U030": 143.37526381533053}, "K17-U010": {"K17-U020": 258.07389758700003}, "K12-D020": {"K12-D030": 318.9296535108016}, "K14-D020": {"K14-D030": 14.509000000000004}}