{"K12-U020": {"K12-U030": 214.47438974091332}, "K18-U020": {"K18-U030": 58.899513694959296}, "K18-U010": {"K18-U020": 202.7745281467775}, "K18-D010": {"K18-D020": 238.29743856969853}, "K17-U030": {"K17-U040": 26.14281771392344}, "K17-D020": {"K17-D030": 48.864427162776416}, "K12-D030": {"K12-D040": 14.19230170207814}, "K17-D010": {"K17-D020": 259.92473915243}, "K18-D020": {"K18-D030": 71.44481996942986}, "K12-D010": {"K12-D020": 157.15844038551631}, "K12-U010": {"K12-U020": 241.9857887260216}, "K17-U020": {"K17-U030": 153.885968566}, "K17-U010": {"K17-U020": 284.502603}, "K12-D020": {"K12-D030": 325.4185274179314}, "K14-D020": {"K14-D030": 12.100000000000001}}