{"K53-U100": {"K53-U110": 75.60076155016068}, "K53-U090": {"K53-U100": 130.0237682723921}, "K51A-U180": {"K51A-U190": 95.83726966463554}, "K53-D070": {"K53-D080": 50.549184917729576}, "K53-U120": {"K53-U130": 72.61504553017639}, "K52-nD250": {"K52-nD260": 190.28918205732697}, "K52-nD060": {"K52-nD070": 129.34768316859828}, "K52-nU220": {"K52-nU230": 95.65349190633391}, "K53-U140": {"K53-D010": 75.99948859201041}, "K52-nD220": {"K52-nD230": 137.75181860797835}, "K52A-U070": {"K52A-U080": 70.22332027560371}, "K51-D050": {"K51-D060": 54.301056612461494}, "K53-D080": {"K53-D090": 57.715499686685426}, "K51-U030": {"K51-U040": 68.56851102698862}, "K51-D240": {"K51-D250": 137.6122835632964}, "K52-nD050": {"K52-nD060": 36.56249121504099}, "K51A-U040": {"K51A-U050": 128.34542892376783}, "K53-U110": {"K53-U120": 89.89844121117015}, "K53-D120": {"K53-D130": 81.24940671757611}, "K51-D090": {"K51-D100": 94.94292194340116}, "K52A-U170": {"K52A-U180": 300.0985559837542}, "K51A-U170": {"K51A-U180": 75.35832015914455}, "K51-U210": {"K51-U220": 54.056947665655414}, "K51A-D230": {"K51A-D240": 138.61010199880232}, "K51-D070": {"K51-D080": 62.62408682813041}, "K51A-D020": {"K51A-D030": 101.73736488593514}, "K51A-D080": {"K51A-D090": 160.07424995017334}, "K51-U050": {"K51-U060": 284.61829281379994}, "K51-U200": {"K51-U210": 85.90151949156122}, "K51A-U070": {"K51A-U080": 190.98702957766187}, "K51-D130": {"K51-D140": 56.71786947168802}, "K52A-D050": {"K52A-D060": 29.148599355590136}, "K54-U060": {"K54-U070": 207.94257663549124}, "K51-U170": {"K51-U180": 77.07719542528734}, "K51A-D200": {"K51A-D210": 274.274430441}, "K52A-D090": {"K52A-D100": 53.05291689237382}, "K54-D010": {"K54-D020": 112.24495370503696}, "K51-D060": {"K51-D070": 61.62893945126897}, "K53-U130": {"K53-U140": 63.57282443247435}, "K51A-D170": {"K51A-D180": 166.07093640065426}, "K51-D190": {"K51-D200": 192.91157211700002}, "K51-U130": {"K51-U140": 67.78887679846868}, "K52A-D100": {"K52A-D110": 57.41086931296201}, "K53-D110": {"K53-D120": 191.46114559078575}, "K53-U010": {"K53-U020": 268.49552556302694, "K53-D180": 905.6486287190335}, "K52A-U015": {"K52A-U020": 143.89189368890533}, "K52A-D130": {"K52A-D140": 90.00188600091492}, "K51-D030": {"K51-D040": 39.30292494876001}, "K52-nD280": {"K52-nD290": 100.53581465344304}, "K51-U040": {"K51-U050": 129.48706619648797}, "K52A-U080": {"K52A-U090": 70.47001110961071}, "K51-D120": {"K51-D130": 66.02514864507}, "K51A-U050": {"K51A-U060": 266.9379113820411}, "K53-D050": {"K53-D060": 87.88870137853499}, "K52-nU270": {"K52-nU280": 160.36099743377798}, "K54-U050": {"K54-U060": 374.0973898239953}, "K51A-U100": {"K51A-U110": 203.70158717912088}, "K52-nD210": {"K52-nD220": 200.58995587377999}, "K51-D100": {"K51-D110": 161.21929885283004}, "K53-D030": {"K53-D040": 73.58138590013411}, "K53-D090": {"K53-D100": 50.079281139869096}, "K53-U020": {"K53-U030": 138.0913680215374}, "K54-U040": {"K54-U050": 163.78260363421364}, "K51-D250": {"K51-D260": 139.28634450921157}, "K52-nD100": {"K52-nD110": 58.746599187094105}, "K51A-D160": {"K51A-D170": 176.29336035728466}, "K52-nU030": {"K52-nU040": 140.12358104386405}, "K51A-D240": {"K51A-D250": 61.38702026380689}, "K52-nU120": {"K52-nU140": 112.19209480380002}, "K52A-U040": {"K52A-U050": 127.56821605581263}, "K51-U080": {"K51-U090": 120.66222832388999}, "K51A-D190": {"K51A-D200": 178.18771724455593}, "K51-U090": {"K51-U100": 144.00982428814063}, "K51A-D110": {"K51A-D120": 54.24201915899912}, "K52-nU070": {"K52-nU080": 113.51641973000999}, "K53-U070": {"K53-U080": 49.063819564100484}, "K54-U010": {"K54-U020": 78.58758118464739}, "K52A-U160": {"K52A-U170": 19.663115748884792}, "K52-nU140": {"K52-nU150": 168.05691369461553}, "K52-nU050": {"K52-nU060": 258.91653213737226}, "K53-D010": {"K53-D015": 98.9858625052747}, "K52-nU280": {"K52-nU290": 37.025792485000004}, "K52-nD270": {"K52-nD280": 91.5069997170319}, "K51-U160": {"K51-U170": 111.02274775284404}, "K54-D030": {"K54-D040": 63.585185293802304}, "K51-U060": {"K51-U070": 279.7332085290818}, "K51-U150": {"K51-U160": 88.01787551914745}, "K53-U080": {"K53-U090": 76.96263354930805}, "K53-U060": {"K53-U070": 63.2748765523521}, "K52-nU150": {"K52-nU160": 94.74601740637}, "K51-D160": {"K51-D170": 88.653478071532}, "K53-D015": {"K53-D020": 49.03974001814364}, "K52-nD030": {"K52-nD040": 38.242562440983285}, "K52-nD190": {"K52-nD200": 157.5280818906686}, "K52-nU020": {"K52-nU030": 102.78273312721701}, "K52-nD200": {"K52-nD210": 132.28579653027697}, "K52-nD020": {"K52-nD030": 25.83574530155256}, "K52A-U140": {"K52A-U150": 165.32286385695124}, "K58-D193": {"K58-D196": 88.88000000000001}, "K51A-U090": {"K51A-U100": 138.45673410077433}, "K51-U070": {"K51-U080": 174.53794010180005}, "K51-U140": {"K51-U150": 48.49152058498571}, "K52-nU110": {"K52-nU120": 183.67062645965217}, "K53-D100": {"K53-D110": 89.09641294761686}, "K54-D040": {"K54-D050": 153.21852140991385}, "K51A-U210": {"K51A-U220": 70.70750205567163}, "K52A-U060": {"K52A-U070": 149.5704665608847}, "K58-D196": {"K58-D200": 91.30000000000001}, "K52A-U030": {"K52A-U040": 45.32806483162312}, "K51A-U120": {"K51A-U130": 138.065829062599}, "K53-D190": {"K53-U011": 433.8961023894497}, "K52-nD160": {"K52-nD170": 159.87057507093158}, "K51-D200": {"K51-D210": 124.423614724178}, "K54-D020": {"K54-D030": 153.37141834126845}, "K51A-D120": {"K51A-D140": 143.7486556801844}, "K52-nU290": {"K52-nU300": 31.392727850000007}, "K51A-U150": {"K51A-U160": 120.54213593714937}, "K54-D060": {"K54-D070": 145.23687907418352}, "K51-D020": {"K51-D030": 60.385443692397985}, "K53-D020": {"K53-D030": 107.79038292144512}, "K51A-D250": {"K51A-D260": 101.86438130256109}, "K53-D060": {"K53-D070": 178.73592266537952}, "K51-D210": {"K51-D220": 183.79281298227085}, "K52-nU250": {"K52-nU260": 74.36481269019002}, "K52-nU210": {"K52-nU220": 72.80701155062911}, "K51-D260": {"K51-D270": 59.960044121989014}, "K52A-D160": {"K52A-D170": 149.56664811000002}, "K52A-U150": {"K52A-U160": 30.881302097402255}, "K51A-D210": {"K51A-D220": 73.73647003452263}, "K52A-D020": {"K52A-D030": 28.098635172299993}, "K53-D040": {"K53-D050": 76.21640062812654}, "K52-nU180": {"K52-nU190": 68.85179947912599}, "K53-U050": {"K53-U060": 154.34470664217878}, "K51-U110": {"K51-U120": 131.80207589326804}, "K51A-U200": {"K51A-U210": 54.4122053376117}, "K51-D220": {"K51-D230": 241.00714691573086}, "K52A-D150": {"K52A-D160": 88.92741203712059}, "K51-U180": {"K51-U190": 105.09978604083074}, "K52-nU090": {"K52-nU100": 134.20670130999997}, "K52A-D120": {"K52A-D130": 48.244213531215905}, "K52-nD140": {"K52-nD150": 117.08383892868736}, "K52-nD070": {"K52-nD080": 99.07368594536874}, "K52-nU060": {"K52-nU070": 192.40751640000005}, "K53-U040": {"K53-U050": 132.56548372908628}, "K51A-U240": {"K51A-U250": 69.09710192729565}, "K51A-U010": {"K51A-U020": 41.57138926690443}, "K53-D130": {"K53-D140": 105.0522502275439}, "K52A-U110": {"K52A-U120": 61.05277360655102}, "K52A-D060": {"K52A-D070": 129.34768316859828}, "K52-nD090": {"K52-nD100": 52.70242192890426}, "K54-U020": {"K54-U030": 172.318377317545}, "K51A-D100": {"K51A-D110": 52.72832639764632}, "K52-nD080": {"K52-nD090": 63.507029604942}, "K52-nD130": {"K52-nD140": 90.00896796980003}, "K52-nD170": {"K52-nD180": 113.8004268829153}, "K54-U070": {"K54-D010": 131.0939826297537}, "K51A-D180": {"K51A-D190": 113.91367926964492}, "K52-nD260": {"K52-nD270": 66.59801383127574}, "K52-nD290": {"K52-nD300": 93.63787737519598}, "K51-D040": {"K51-D050": 55.126260522605}, "K51-D270": {"K51-D280": 98.40308622607651}, "K51-U120": {"K51-U130": 144.85468697700006}, "K51-D110": {"K51-D120": 63.413504084699994}, "K51-U230": {"K51-U240": 41.32897125038549}, "K52-nD230": {"K52-nD240": 165.30140969484998}, "K52-nU200": {"K52-nU210": 81.08326284519167}, "K51A-D090": {"K51A-D100": 56.01117957863486}, "K51A-U020": {"K51A-U030": 115.52162110295353}, "K52-nU010": {"K52-nU020": 40.15619983100001}, "K51A-D140": {"K51A-D150": 80.37225056847976}, "K51-U220": {"K51-U230": 63.56233821926958},