{"NAC": {"OLY": 112.55419196612111, "AUS": 223.94751345822732, "LAK": 297.3151322813175, "MEF": 173.15062398850057}}