{"OCP": {"ADM": 287.64081487054085, "WCH": 128.20434000000003}}