{"TKO": {"TIK": 141.47901622202207, "LHP": 299.6877861188157, "HAH": 132.17996065942413}, "TKW": {"HOM": 64.6839420482, "SUW": 119.9512704}}