{"TWW": {"MEF": 351.8337472079667}, "TWH": {"KWH": 139.26}, "TWO": {"FAN": 412.63889855427516, "TAP": 137.94}}