{"YAT": {"TIK": 141.4216911029687, "QUB": 249.65915078599573, "LAT": 197.90100000000004}}