{"DIS": {"SUN": 198.58189057189685}, "DIH": {"KAT": 148.288173, "CHH": 139.21710000000002, "WTS": 66.0, "HIK": 333.01058002448895}}