{"DIS": {"SUN": 198.5823334514865}, "DIH": {"KAT": 155.16007811699998, "CHH": 139.21710000000002, "WTS": 72.6, "HIK": 333.0259456863266}}