{"EXC": {"HUH": 193.87092753557798, "ADM": 76.30166772594924}}