{"FOH": {"NOP": 126.10092095700001, "TIH": 132.44}, "FOT": {"UNI": 186.4461614139898, "SHT": 155.96284503906435}}