{"HOK": {"KOW": 177.74090235502513}, "HOM": {"TKW": 131.00528100000002, "YMT": 125.75078999999998, "HUH": 132.0, "WHA": 92.49673494514629}}