{"K12-D020": {"K12-D030": 289.7350861020001}, "K12-U020": {"K12-U030": 196.02374}, "K12-D030": {"K12-D040": 14.410991463364534}, "K12-U010": {"K12-U020": 334.7683678581001}, "K12-D010": {"K12-D020": 160.67260000000005}}