{"NAC": {"OLY": 119.45403730807368, "MEF": 175.05023278784842, "LAK": 258.67685279558043, "AUS": 220.25543453720746}}