{"QUB": {"YAT": 249.65604544698468, "NOP": 130.8771678884895, "TAK": 132.0}}