{"SIH": {"TUM": 154.45201650623085, "TIS": 349.3872375520666}}