{"SKM": {"KOT": 138.82, "PRE": 126.06000000000002}, "SKW": {"SWH": 138.9498, "HFC": 139.70000000000002}}