{"TAP": {"UNI": 430.12470352653116, "TWO": 88.69739999999999}, "TAW": {"SHT": 169.19452770000004, "KOT": 320.6243050821675, "HIK": 138.6, "CKT": 132.0}}