{"TKO": {"LHP": 128.59091608660168, "TIK": 128.69747676617385, "HAH": 194.77196464000002}, "TKW": {"HOM": 139.2237, "SUW": 132.0}}