{"TKO": {"LHP": 128.59823683960403, "TIK": 138.627816789594, "HAH": 237.6}, "TKW": {"HOM": 132.77}}