{"WTS": {"DIH": 125.41046100000001, "LOF": 121.30799999999999}}