{"WTS": {"DIH": 101.56473690653449, "LOF": 109.23577607922536}}