{"YAT": {"TIK": 141.42227854616792, "QUB": 249.64281011011462, "LAT": 146.2747335110127}}