{"YMT": {"MOK": 119.73562719047338, "HOM": 150.92053298392068, "JOR": 93.118951502588}}