{"1": {"2": 59.87300000000001, "6": 76.006185717}}