{"HOM": {"TKW": 132.0, "YMT": 20.900000000000002}, "HOK": {"KOW": 177.72150059192217}}