{"K12-U020": {"K12-U030": 223.27800000000002}, "K12-D030": {"K12-D040": 12.351899999999999}, "K18-D020": {"K18-D030": 67.091688312}, "K17-U030": {"K17-U040": 29.407236100000006}, "K12-D010": {"K12-D020": 156.805}, "K17-D020": {"K17-D030": 27.192}, "K18-U020": {"K18-U030": 59.555193499999994}, "K17-D010": {"K17-D020": 282.26000000000005}, "K18-D010": {"K18-D020": 238.656}, "K18-U010": {"K18-U020": 214.22940000000003}, "K17-U020": {"K17-U030": 125.4}, "K12-U010": {"K12-U020": 251.79000000000005}, "K12-D020": {"K12-D030": 253.00000000000003}}