{"K65-U040": {"K65-U050": 96.62565000000001}, "K66-U110": {"K66-U120": 40.501999999999995}, "K66-U080": {"K66-U090": 170.247}, "K65-U140": {"K65-U150": 118.888}, "K66-U200": {"K66-U210": 53.710800000000006}, "K66-D110": {"K66-D120": 45.6258}, "K65-D030": {"K65-D040": 55.999740500000016}, "K66-D140": {"K66-D150": 96.37100000000001}, "K68-D010": {"K68-D020": 47.949000000000005}, "K65-U130": {"K65-U140": 27.408480000000004}, "K68-U060": {"K68-U070": 69.678565}, "K65-D010": {"K65-D020": 52.361342000000015}, "K68-D200": {"K68-U011": 67.14297810000002}, "K66-U040": {"K66-U050": 138.70130999999998}, "K68-U080": {"K68-U090": 53.3236}, "K65-U090": {"K65-U100": 57.476330999999995}, "K66-U120": {"K66-U130": 67.35456200000002}, "K66-U150": {"K66-U160": 65.56}, "K66-U160": {"K66-U170": 51.33700000000001}, "K68-U110": {"K68-U120": 198.00000000000003}, "K65-D110": {"K65-D120": 113.41000000000001}, "K65-D090": {"K65-D100": 85.14000000000001}, "K65-D160": {"K65-D170": 119.50037220000002}, "K66-D050": {"K66-D060": 6.710000000000001}, "K65-D170": {"K65-D180": 122.3948}, "K66-U170": {"K66-U180": 39.60000000000001}, "K65-D130": {"K65-D140": 88.35310000000001}, "K65-D180": {"K65-D190": 128.9398}, "K65-D060": {"K65-D070": 84.48}, "K66-U090": {"K66-U100": 59.455000000000005}, "K66-U030": {"K66-U040": 172.15}, "K65-U120": {"K65-U130": 175.92300000000003}, "K68-D110": {"K68-D120": 94.11820000000003}, "K66-D070": {"K66-D080": 57.2}, "K65-D040": {"K65-D050": 65.04366}, "K66-D160": {"K66-D170": 180.4}, "K68-U070": {"K68-U080": 37.07000000000001}, "K66-D230": {"K66-D240": 103.4}, "K65-U150": {"K65-U160": 57.019732}, "K66-D190": {"K66-D200": 95.15}, "K68-D060": {"K68-D070": 84.7}, "K65-U170": {"K65-U180": 24.745600000000003}, "K68-D050": {"K68-D060": 61.05000000000001}, "K65-D070": {"K65-D080": 122.32000000000001}, "K65-U030": {"K65-U040": 106.99040000000002}, "K66-D090": {"K66-D100": 47.813700000000004}, "K68-U090": {"K68-U100": 145.20000000000002}, "K68-U050": {"K68-U060": 63.800000000000004}, "K68-D120": {"K68-D130": 197.39499999999998}, "K66-D150": {"K66-D160": 107.84913700000001}, "K68-U150": {"K68-U160": 66.495}, "K68-U170": {"K68-D010": 145.86}, "K65-D080": {"K65-D090": 58.69599999999999}, "K68-U120": {"K68-U130": 159.51100000000002}, "K68-D040": {"K68-D050": 123.20000000000002}, "K65-D100": {"K65-D110": 229.76690000000002}, "K66-U180": {"K66-U190": 71.61}, "K65-U110": {"K65-U120": 111.98000000000002}, "K66-D030": {"K66-D040": 78.35036}, "K68-D130": {"K68-D140": 66.11}, "K65-D150": {"K65-D160": 107.69000000000001}, "K65-U010": {"K65-U020": 430.1}, "K66-D180": {"K66-D190": 93.775}, "K65-D120": {"K65-D130": 74.09600000000002}, "K68-D190": {"K68-D200": 57.42}, "K65-U210": {"K65-U220": 79.97}, "K66-D170": {"K66-D180": 234.94900000000007}, "K65-D050": {"K65-D060": 66.165}, "K66-U130": {"K66-U140": 56.43000000000001}, "K65-U100": {"K65-U110": 164.45594}, "K66-U070": {"K66-U080": 114.4}, "K68-U010": {"K68-U020": 102.30000000000001}, "K66-D080": {"K66-D090": 68.277}, "K66-U210": {"K66-U220": 35.574110000000005}, "K65-U200": {"K65-U210": 94.171}, "K66-D010": {"K66-D020": 3.96}, "K66-U050": {"K66-U060": 50.38000000000001}, "K68-U160": {"K68-U170": 71.28}, "K65-U020": {"K65-U030": 160.60000000000002}, "K66-U010": {"K66-U020": 160.60000000000002}, "K68-D160": {"K68-D170": 96.03}, "K68-U020": {"K68-U030": 46.2}, "K68-U040": {"K68-U050": 52.800000000000004}, "K65-U070": {"K65-U080": 67.10000000000001}, "K65-U160": {"K65-U170": 62.81}, "K65-U060": {"K65-U070": 27.500000000000004}, "K66-D130": {"K66-D140": 36.300000000000004}, "K65-U180": {"K65-U190": 79.42}, "K68-U130": {"K68-U140": 174.9}, "K66-D060": {"K66-D070": 50.6}, "K66-U140": {"K66-U150": 30.800000000000004}, "K68-D080": {"K68-D090": 94.60000000000001}, "K65-U050": {"K65-U060": 105.60000000000001}, "K66-U100": {"K66-U110": 76.67}, "K66-U020": {"K66-U030": 197.45000000000002}, "K68-U030": {"K68-U040": 39.6}, "K66-D210": {"K66-D220": 133.10000000000002}, "K68-D100": {"K68-D110": 90.2}, "K65-U190": {"K65-U200": 69.30000000000001}, "K66-D040": {"K66-D050": 42.02}, "K68-D090": {"K68-D100": 124.30000000000001}, "K68-D070": {"K68-D080": 233.20000000000002}}