{"LAK": {"KWF": 198.00000000000003, "TSY": 180.92058554930682, "NAC": 297.3231701221058, "MEF": 125.99872117716559}, "LAT": {"YAT": 132.0}}