{"LET": {"WCH": 142.7730140125806, "SOH": 109.52921537888798}}