{"NAC": {"OLY": 87.56880000000001, "MEF": 173.18177049448954, "LAK": 297.3250597337123}}