{"OCP": {"WCH": 127.84265591145501, "ADM": 287.6319691474291}}