{"OLY": {"KOW": 121.76503191716988, "NAC": 130.72378791380783}}