{"TAW": {"KOT": 320.61763057163387, "SHT": 163.592, "HIK": 132.0, "CKT": 78.53999999999999}, "TAP": {"TWO": 118.8, "UNI": 430.1198270758903}, "TAK": {"QUB": 132.88, "SWH": 133.782}}