{"TKO": {"HAH": 144.025196414, "TIK": 102.4624540049413, "LHP": 128.590527363473}, "TKW": {"HOM": 132.792, "SUW": 131.01000000000002}}