{"DIS": {"SUN": 198.58233387484285}, "DIH": {"WTS": 115.71117466602382, "CHH": 119.86166905308976, "HIK": 324.5701682970099, "KAT": 173.15150077979217}}