{"HFC": {"SKW": 155.14468200000005, "CHW": 141.70467316374135}}