{"HOK": {"KOW": 177.74146362443506}, "HOM": {"YMT": 11.530134, "TKW": 132.0, "HUH": 73.26, "WHA": 93.28483055022707}}