{"HUH": {"EXC": 199.6704259833209, "MKK": 188.3268434346662}}