{"HUH": {"EXC": 199.66341722819013, "MKK": 188.35840936087638, "HOM": 126.17}}