{"K51A-U210": {"K51A-U220": 71.89897940120991}, "K53-U050": {"K53-U060": 157.72394830415112}, "K51A-D160": {"K51A-D170": 169.91716413410398}, "K53-U030": {"K53-U040": 232.917962858604}, "K51-U010": {"K51-U020": 33.604495991943196}, "K52-nU280": {"K52-nU290": 43.74216366785997}, "K52A-D110": {"K52A-D120": 128.39450979181916}, "K51-D140": {"K51-D150": 79.60595521422624}, "K51-U220": {"K51-U230": 66.70313868890949}, "K54-U050": {"K54-U060": 331.5713883783153}, "K53-D120": {"K53-D130": 82.0265210708655}, "K53-D050": {"K53-D060": 79.56798446125502}, "K52A-U110": {"K52A-U120": 52.540868323501584}, "K51-D210": {"K51-D220": 222.52559336084406}, "K51A-U170": {"K51A-U180": 81.58114349375657}, "K53-D130": {"K53-D140": 100.95583083556535}, "K53-U120": {"K53-U130": 78.77153811403062}, "K52A-D060": {"K52A-D070": 128.11546102990818}, "K53-D090": {"K53-D100": 52.9555405063298}, "K52-nD050": {"K52-nD060": 34.92003907947883}, "K51A-U240": {"K51A-U250": 73.72245334034099}, "K54-U040": {"K54-U050": 159.47275339599418}, "K51-U030": {"K51-U040": 76.03193095641176}, "K51-U110": {"K51-U120": 142.11196068756198}, "K53-U070": {"K53-U080": 140.60550728389643}, "K52A-D050": {"K52A-D060": 30.73066068057898}, "K53-U020": {"K53-U030": 180.08808335668198}, "K52A-U010": {"K52A-U015": 197.40687468381105}, "K53-U010": {"K53-U020": 210.4207264128705, "K53-D180": 392.0513023268144}, "K51A-D060": {"K51A-D070": 83.99812179779083}, "K53-U100": {"K53-U110": 85.50908299852136}, "K53-D110": {"K53-D120": 183.98189335962928}, "K52-nU060": {"K52-nU070": 186.59308237622514}, "K51-U160": {"K51-U170": 120.11607065064482}, "K51A-U130": {"K51A-U140": 77.60204616950841}, "K53-U080": {"K53-U090": 75.13192058597183}, "K52A-U040": {"K52A-U050": 130.68620012340648}, "K51A-U110": {"K51A-U120": 148.10010265878347}, "K52-nD290": {"K52-nD300": 100.93442024154002}, "K51-U130": {"K51-U140": 74.51650862042105}, "K52A-U060": {"K52A-U070": 149.80115847477444}, "K52A-U130": {"K52A-U140": 68.75148312835934}, "K52A-U120": {"K52A-U130": 75.61367687812215}, "K51A-D240": {"K51A-D250": 65.91472549272378}, "K52A-U070": {"K52A-U080": 87.65848506158682}, "K51A-D030": {"K51A-D040": 38.72743572025571}, "K53-D040": {"K53-D050": 73.70839091730701}, "K51A-U150": {"K51A-U160": 123.63951453809588}, "K52A-U015": {"K52A-U020": 164.64948691420705}, "K54-U060": {"K54-U070": 199.55299775434455}, "K51A-D170": {"K51A-D180": 176.04153736595913}, "K53-U130": {"K53-U140": 56.43427561612376}, "K51-D240": {"K51-D250": 152.25206550985072}, "K51-D060": {"K51-D070": 58.48123213356805}, "K51-D010": {"K51-D020": 67.65978380575606}, "K51A-U070": {"K51A-U080": 224.07727193376985}, "K51A-U160": {"K51A-U170": 81.04295020475713}, "K51-D160": {"K51-D170": 100.69970095552232}, "K53-D140": {"K53-D150": 170.61072168107577}, "K51-D070": {"K51-D080": 63.25612663367805}, "K51-U080": {"K51-U090": 187.49419246545898}, "K51-D030": {"K51-D040": 40.843517595915905}, "K51A-U230": {"K51A-U240": 36.6611390274903}, "K54-D020": {"K54-D030": 203.4042488924303}, "K53-U110": {"K53-U120": 99.21652254931473}, "K51A-D020": {"K51A-D030": 104.33011386242129}, "K51A-U040": {"K51A-U050": 130.04616463365207}, "K51A-D120": {"K51A-D140": 139.78445983337153}, "K52-nD080": {"K52-nD090": 56.460282497989056}, "K51-U050": {"K51-U060": 272.53375458533105}, "K52-nU260": {"K52-nU270": 60.75767726702922}, "K51A-D230": {"K51A-D240": 146.0391754253638}, "K53-U060": {"K53-U070": 75.61571481792882}, "K52-nU190": {"K52-nU200": 139.22044518879983}, "K52-nD030": {"K52-nD040": 30.761362049120994}, "K53-U140": {"K53-D010": 87.65941684467613}, "K51A-D220": {"K51A-D230": 151.95116468991446}, "K54-D030": {"K54-D040": 71.44146554041646}, "K52-nU200": {"K52-nU210": 84.26252516175565}, "K54-U070": {"K54-D010": 187.298103741298}, "K51-D260": {"K51-D270": 61.56398390254863}, "K51-U190": {"K51-U200": 83.4502723444638}, "K52A-D100": {"K52A-D110": 56.74403753992723}, "K52A-U090": {"K52A-U100": 84.84399774638841}, "K51-D120": {"K51-D130": 55.07993285319735}, "K52-nD260": {"K52-nD270": 59.05090199872459}, "K52A-U170": {"K52A-U180": 275.33624672570244}, "K54-D060": {"K54-D070": 157.8702984193748}, "K51A-U080": {"K51A-U090": 194.71596329347204}, "K51-D100": {"K51-D110": 181.59471734695748}, "K52A-D120": {"K52A-D130": 43.8707619357005}, "K54-D010": {"K54-D020": 191.4726383366338}, "K52A-U050": {"K52A-U060": 56.85509601588723}, "K52-nD100": {"K52-nD110": 50.81954120866272}, "K52A-D140": {"K52A-D150": 109.42607185126671}, "K52A-U160": {"K52A-U170": 30.684037110942036}, "K52-nU030": {"K52-nU040": 135.49197485383655}, "K51A-D010": {"K51A-D020": 53.358513929151606}, "K54-D040": {"K54-D050": 168.45475869560897}, "K52-nU250": {"K52-nU260": 59.90591759809955}, "K52-nU180": {"K52-nU190": 72.36185713808702}, "K51-U140": {"K51-U150": 56.983208380994824}, "K51A-D040": {"K51A-D050": 108.20546517002614}, "K51-U100": {"K51-U110": 235.90611721886998}, "K52A-D150": {"K52A-D160": 88.59689463632704}, "K53-D100": {"K53-D110": 67.7008266861061}, "K53-D080": {"K53-D090": 46.27393905211259}, "K51-U150": {"K51-U160": 89.94106727095}, "K51-D050": {"K51-D060": 50.78579866224135}, "K52A-D010": {"K52A-D020": 311.5623683402704}, "K52-nU170": {"K52-nU180": 126.5027192042561}, "K51A-U050": {"K51A-U060": 288.611899264372}, "K52-nU040": {"K52-nU050": 77.14644548145455}, "K51-D130": {"K51-D140": 48.21310952722}, "K51-U020": {"K51-U030": 106.27517102552724}, "K51A-D070": {"K51A-D080": 96.78213419593561}, "K52-nU050": {"K52-nU060": 249.2555772810919}, "K53-D160": {"K53-D170": 184.4841392023149}, "K51A-U120": {"K51A-U130": 153.88912212634915}, "K52A-D180": {"K52A-D190": 135.39246999308088}, "K52A-D030": {"K52A-D040": 15.395337716712472}, "K51A-U180": {"K51A-U190": 104.6156704394048}, "K52A-D130": {"K52A-D140": 92.35094419383287}, "K53-U040": {"K53-U050": 142.7573796308295}, "K52-nD210": {"K52-nD220": 231.61746}, "K52-nD090": {"K52-nD100": 53.19879084901429}, "K53-D070": {"K53-D080": 48.92809596525184}, "K52-nD200": {"K52-nD210": 150.39941325763854}, "K52A-U140": {"K52A-U150": 160.358409771387}, "K54-U020": {"K54-U030": 124.71238930040431}, "K51-D270": {"K51-D280": 90.75993239911415}, "K52-nD060": {"K52-nD070": 129.34768316859828}, "K51-D090": {"K51-D100": 99.0444843563233}, "K51A-D190": {"K51A-D200": 212.97112052019597}, "K53-D020": {"K53-D030": 110.12574886303491}, "K52-nD160": {"K52-nD170": 141.85176665314546}, "K51-U060": {"K51-U070": 305.849434147185}, "K54-D050": {"K54-D060": 100.22607078267438}, "K53-U090": {"K53-U100": 124.00600271439893}, "K51-D170": {"K51-D180": 106.45752439375323}, "K52A-D070": {"K52A-D080": 93.19997198059176}, "K51-D020": {"K51-D030": 59.97287528428247}, "K51-D280": {"K51-D290": 70.99999157323836}, "K52-nU150": {"K52-nU160": 88.94254524855668}, "K51-U210": {"K51-U220": 56.70644550260945}, "K52-nU230": {"K52-nU240": 78.32105645200843}, "K52A-D160": {"K52A-D170": 128.27874187649985}, "K52-nD110": {"K52-nD120": 136.47128322902395}, "K54-U030": {"K54-U040": 124.43838476438152}, "K51-U090": {"K51-U100": 171.97796848354184}, "K52-nD190": {"K52-nD200": 205.9804202686965}, "K51-D040": {"K51-D050": 48.35919604723324}, "K51A-U010": {"K51A-U020": 43.443989055937934}, "K53-D180": {"K53-D190": 75.8342280509423}, "K54-U010": {"K54-U020": 78.5844677537153}, "K51A-D150": {"K51A-D160": 103.5054319573798}, "K52-nU070": {"K52-nU080": 105.79373694274773}, "K51-D250": {"K51-D260": 137.29206343857098}, "K52-nU160": {"K52-nU170": 38.953330773750835}, "K52A-U030": {"K52A-U040": 41.88650565311433}, "K51A-D250": {"K51A-D260": 95.51988070681573}, "K52A-D040": {"K52A-D050": 11.741891614987827}, "K51A-D100": {"K51A-D110": 41.42037514217278}, "K52-nD040": {"K52-nD050": 26.578135653375067}, "K53-D030": {"K53-D040": 80.67634720430938}, "K52-nD170": {"K52-nD180": 114.00568406504044}, "K52-nU240": {"K52-nU250": 50.45875407769158}, "K51-D220": {"K51-D230": 238.90166817395237}, "K53-D010": {"K53-D015": 105.61161821690357}, "K51A-D180": {"K51A-D190": 138.8864820446266}, "K52A-D170": {"K52A-D180": 108.22630740149513},