{"K65-U070": {"K65-U080": 80.13940000000002}, "K66-D140": {"K66-D150": 89.1132}, "K65A-D020": {"K65A-D030": 79.47500000000001}, "K66-U160": {"K66-U170": 47.209635000000006}, "K65-D140": {"K65-D150": 99.2211}, "K65A-D010": {"K65A-D020": 62.7}, "K66-U100": {"K66-U110": 72.446}, "K66-U130": {"K66-U140": 55.96238999999999}, "K68-D180": {"K68-D190": 41.800000000000004}, "K66-U070": {"K66-U080": 242.78100000000003}, "K66-U150": {"K66-U160": 50.6}, "K66-U090": {"K66-U100": 57.98488520000001}, "K68-U030": {"K68-U040": 35.53}, "K66-U140": {"K66-U150": 54.07930000000001}, "K65-U160": {"K65-U170": 57.31}, "K65-U080": {"K65-U090": 134.20000000000002}, "K66-D180": {"K66-D190": 95.28200000000001}, "K65-D030": {"K65-D040": 62.82612600000001}, "K66-D010": {"K66-D020": 15.785000000000002}, "K65-D060": {"K65-D070": 81.62}, "K66-D030": {"K66-D040": 52.580000000000005}, "K65-D100": {"K65-D110": 230.74700000000007}, "K66-U030": {"K66-U040": 162.25}, "K68-D010": {"K68-D020": 51.81}, "K65A-D090": {"K65A-D100": 82.380309}, "K66-D220": {"K66-D230": 81.17999999999999}, "K65-D010": {"K65-D020": 37.465999999999994}, "K66-U210": {"K66-U220": 54.2861}, "K68-D140": {"K68-D150": 37.2933}, "K65A-D080": {"K65A-D090": 51.260000000000005}, "K68-U140": {"K68-U150": 50.6}, "K65-U060": {"K65-U070": 36.608000000000004}, "K68-U110": {"K68-U120": 185.02}, "K65-D130": {"K65-D140": 86.999}, "K65-U140": {"K65-U150": 102.08000000000001}, "K65-D170": {"K65-D180": 106.07416600000003}, "K66-U110": {"K66-U120": 38.3086}, "K66-D040": {"K66-D050": 41.03}, "K65-U130": {"K65-U140": 28.6}, "K68-U090": {"K68-U100": 136.52100000000002}, "K65-U090": {"K65-U100": 60.72000000000001}, "K68-U160": {"K68-U170": 73.81000000000002}, "K66-D020": {"K66-D030": 69.63000000000001}, "K65-U040": {"K65-U050": 95.04}, "K65-D040": {"K65-D050": 65.88802000000001}, "K68-D160": {"K68-D170": 81.51}, "K66-D110": {"K66-D120": 37.510000000000005}, "K65-U220": {"K65-U230": 79.816}, "K66-U080": {"K66-U090": 169.73330000000004}, "K65-D050": {"K65-D060": 48.400000000000006}, "K66-U060": {"K66-U070": 226.68073999999996}, "K65-D160": {"K65-D170": 148.17000000000002}, "K68-U040": {"K68-U050": 61.27}, "K65A-D060": {"K65A-D070": 73.7}, "K68-D190": {"K68-D200": 35.089999999999996}, "K65-D110": {"K65-D120": 117.3513}, "K68-U120": {"K68-U130": 137.775}, "K65A-D050": {"K65A-D060": 38.5}, "K65-U210": {"K65-U220": 70.60350000000001}, "K65-D020": {"K65-D030": 72.60000000000001}, "K68-D120": {"K68-D130": 152.9}, "K66-U050": {"K66-U060": 47.718}, "K65-U170": {"K65-U180": 49.28}, "K66-D160": {"K66-D170": 221.881}, "K65-U190": {"K65-U200": 44.81873000000001}, "K68-D030": {"K68-D040": 89.65}, "K65-D180": {"K65-D190": 140.349}, "K65A-D100": {"K65A-D110": 156.19559999999998}, "K66-D060": {"K66-D070": 40.909000000000006}, "K65-U180": {"K65-U190": 78.89200000000002}, "K65-U010": {"K65-U020": 317.7900000000001}, "K66-U020": {"K66-U030": 199.10000000000002}, "K66-D170": {"K66-D180": 239.81650000000005}, "K65-D070": {"K65-D080": 106.6824}, "K68-D130": {"K68-D140": 59.400000000000006}, "K68-D200": {"K68-U011": 70.4}, "K65A-D070": {"K65A-D080": 47.003}, "K68-U150": {"K68-U160": 101.31}, "K66-U200": {"K66-U210": 61.60000000000001}, "K68-U060": {"K68-U070": 62.7}, "K65-U150": {"K65-U160": 51.150000000000006}, "K66-U170": {"K66-U180": 39.49}, "K66-D200": {"K66-D210": 130.9}, "K65A-D030": {"K65A-D040": 69.41}, "K65-U110": {"K65-U120": 91.30000000000001}, "K65-U200": {"K65-U210": 52.36}, "K66-D080": {"K66-D090": 60.50000000000001}, "K65-U030": {"K65-U040": 106.997}, "K65A-D040": {"K65A-D050": 44.550000000000004}, "K68-D090": {"K68-D100": 129.82200000000003}, "K68-U050": {"K68-U060": 40.7}, "K65-D080": {"K65-D090": 59.400000000000006}, "K66-U180": {"K66-U190": 71.17}, "K66-D120": {"K66-D130": 63.800000000000004}, "K66-U010": {"K66-U020": 137.5}, "K68-D050": {"K68-D060": 88.0}, "K66-U120": {"K66-U130": 60.50000000000001}, "K68-U020": {"K68-U030": 51.7}, "K66-D190": {"K66-D200": 94.60000000000001}, "K68-D080": {"K68-D090": 113.19000000000003}, "K68-D150": {"K68-D160": 41.800000000000004}, "K66-D230": {"K66-D240": 112.2}, "K66-D100": {"K66-D110": 49.39000000000001}, "K65-U050": {"K65-U060": 110.00000000000001}, "K66-D070": {"K66-D080": 52.800000000000004}, "K66-U190": {"K66-U200": 70.4}, "K68-U010": {"K68-U020": 121.00000000000001}, "K68-U170": {"K68-D010": 169.4}, "K66-D150": {"K66-D160": 95.7}, "K65-D090": {"K65-D100": 115.50000000000001}, "K68-U130": {"K68-U140": 162.8}, "K66-D130": {"K66-D140": 17.6}, "K68-D070": {"K68-D080": 198.00000000000003}}