{"K76-U030": {"K76-U040": 163.08542665805479}, "K75A-U010": {"K75A-U020": 44.33}, "K75P-D050": {"K75P-D060": 80.469466}, "K73-U040": {"K73-U050": 114.07849866552343, "K73-U060": 237.03900000000004}, "K76-D010": {"K76-D020": 170.46999712774624}, "K75A-D070": {"K75A-D080": 35.921974000000006}, "K75P-D020": {"K75P-D030": 40.7}, "K75P-U100": {"K75P-U110": 61.16000000000001}, "K74-D060": {"K74-D070": 144.10000000000002}, "K73-U030": {"K73-U040": 94.18875443450003}, "K74-D010": {"K74-D020": 140.954}, "K76-U020": {"K76-U030": 170.6710179284}, "K76-D030": {"K76-D040": 61.998128607800005}, "K74-U050": {"K74-U060": 236.4142}, "K75P-U010": {"K75P-U020": 102.30000000000001}, "K73-U020": {"K73-U030": 192.17000000000002}, "K73-U050": {"K73-U060": 111.054887691}, "K74-D080": {"K74-D090": 188.65000000000003}, "K74-U020": {"K74-U030": 157.3}, "K73-D040": {"K73-D050": 85.514}, "K73-U110": {"K73-U120": 178.83952789999998}, "K73-U080": {"K73-U090": 286.24212980000004, "K73-U110": 151.48186865393546}, "K73-D070": {"K73-D080": 163.33856}, "K75P-D010": {"K75P-D020": 147.326674}, "K76-U040": {"K76-U050": 192.23750920000003}, "K73-D050": {"K73-D070": 123.99200000000003}, "K75P-U090": {"K75P-U100": 44.660000000000004}, "K75A-D090": {"K75A-D100": 49.720000000000006}, "K73-U070": {"K73-U080": 160.5582956181835}, "K74-U080": {"K74-U090": 264.0}, "K75P-U120": {"K75P-U130": 55.73810000000001}, "K75A-D020": {"K75A-D030": 17.6}, "K74-U010": {"K74-U020": 155.0791}, "K73-U010": {"K73-U020": 65.01}, "K76-D020": {"K76-D030": 132.18775009}, "K73-U090": {"K73-U100": 114.30978218}, "K73-D110": {"K73-D120": 85.80000000000001}, "K74-D020": {"K74-D030": 145.03112256127426}, "K73-D150": {"K73-D160": 44.0}, "K73-D010": {"K73-D020": 89.76000000000002}, "K75A-D110": {"K75A-U011": 180.40000000000003}, "K73-U060": {"K73-U070": 125.94021000000001}, "K75P-D080": {"K75P-U011": 137.269}, "K73-U100": {"K73-U110": 210.00568600000005}, "K75A-U030": {"K75A-D010": 260.70000000000005}, "K74-U004": {"K74-U007": 104.50000000000001}, "K75P-U140": {"K75P-D010": 151.57999999999998}, "K75P-D030": {"K75P-D040": 119.053}, "K73-D080": {"K73-D090": 269.841}, "K75A-D030": {"K75A-D040": 46.2}, "K75A-D050": {"K75A-D060": 77.0}, "K76-U010": {"K76-U020": 5.258000000000001}, "K75P-U080": {"K75P-U090": 30.126799999999996}, "K74-D100": {"K74-D110": 89.10000000000001}, "K73-D100": {"K73-D110": 208.10900000000007}, "K75A-D080": {"K75A-D090": 84.183}, "K73-D030": {"K73-D040": 111.87}, "K75P-D070": {"K75P-D080": 69.36050000000003}, "K75P-U110": {"K75P-U120": 86.09293000000001}, "K75P-U040": {"K75P-U050": 111.28149999999998}, "K74-D070": {"K74-D080": 257.40000000000003}, "K75A-D060": {"K75A-D070": 35.970000000000006}, "K73-D140": {"K73-D150": 205.70000000000002}, "K73-D020": {"K73-D030": 157.3}, "K73-D090": {"K73-D100": 60.54180000000001}, "K75P-D060": {"K75P-D070": 195.8}, "K74-U030": {"K74-U040": 289.52}, "K75A-D040": {"K75A-D050": 56.870000000000005}, "K74-D090": {"K74-U011": 81.4}, "K75P-D040": {"K75P-D050": 162.23899999999998}, "K74-D030": {"K74-D040": 106.7}, "K75P-U070": {"K75P-U080": 95.7}, "K74-U011": {"K74-D100": 168.3}, "K73-D130": {"K73-D140": 156.86}, "K74-U090": {"K74-U100": 236.50000000000003}, "K75P-U060": {"K75P-U070": 25.300000000000004}, "K75A-D010": {"K75A-D020": 216.70000000000002}, "K75P-U130": {"K75P-U140": 40.524}, "K74-U001": {"K74-U004": 128.70000000000002}, "K74-U070": {"K74-U080": 160.60000000000002}, "K74-D050": {"K74-D060": 106.7}}