{"KF2": {"KF4": 1022.6237887288186}, "KF5": {"KF1": 767.8870904998887}, "KF4": {"KF2": 1022.62401885426, "KF6": 250.95731273557425}, "KF1": {"KF3": 686.7686171975181, "KF5": 767.8871071153501}, "KF3": {"KF1": 686.7686171975181}, "KF6": {"KF4": 250.95481236653563}}