{"NAC": {"LAK": 297.31511808912285, "MEF": 173.15622438653628, "OLY": 102.61906766156908, "AUS": 223.9492046066207}}