{"NOP": {"QUB": 107.66870948378887, "FOH": 137.67567000000003}}