{"NTK": {"KWT": 112.34747027164647, "KOB": 95.30328925823355}}