{"QUB": {"YAT": 249.64583545219043, "NOP": 126.27846193111324, "TAK": 132.0}}