{"QUB": {"YAT": 249.6485056583709, "NOP": 130.07720130916766, "TAK": 132.0}}