{"SHT": {"FOT": 155.98726948978168, "TAW": 132.99}, "SHW": {"CEN": 132.0, "SYP": 200.20000000000002}, "SHM": {"CIO": 66.0}, "SHS": {"FAN": 125.72964287584118, "LMC": 525.2461667274771}}