{"SUN": {"DIS": 198.58216213019884, "TUC": 823.8779532655604, "TSY": 690.6313463989347}, "SUW": {"TKW": 138.93, "KAT": 132.0}}