{"SUN": {"DIS": 198.58232578544926, "TUC": 823.879670825977, "TSY": 690.6282878464866}, "SUW": {"TKW": 138.93, "KAT": 126.05999999999999}}