{"SUN": {"DIS": 198.58233367235292, "TUC": 823.8816551506455, "TSY": 690.6236019477128}, "SUW": {"TKW": 138.23700000000002, "KAT": 126.05999999999999}}