{"TAK": {"QUB": 132.0, "SWH": 132.0}, "TAW": {"SHT": 81.46496338794002, "KOT": 320.6218421631514, "CKT": 138.93, "HIK": 139.70000000000002}, "TAP": {"UNI": 430.1233820084075, "TWO": 129.90169500000002}}