{"TSY": {"AIR": 1467.4399331168115, "SUN": 690.6302177817952, "LAK": 180.92058554930682, "KOW": 661.6643116491516}, "TSW": {"TWH": 12.540000000000001}, "TST": {"ADM": 176.36743963073937}, "TSH": {"SHM": 216.41288731000813, "HEO": 132.0}}