{"TWW": {"MEF": 351.8484498884394, "KSR": 712.0309122549204}, "TWO": {"TAP": 125.52539999999999, "FAN": 412.63329231428634}, "TWH": {"KWH": 17.820000000000004}}