{"TWW": {"MEF": 351.8337472079667, "KSR": 712.0324774026626}, "TWO": {"TAP": 137.94, "FAN": 412.6368614616164}, "TWH": {"KWH": 19.800000000000004}}