{"TWW": {"MEF": 351.8484498884394, "KSR": 712.0309122549204}, "TWO": {"TAP": 125.52539999999999, "FAN": 412.63310124357724}, "TWH": {"KWH": 35.83800000000001}}