{"WCH": {"OCP": 102.89190329101825, "LET": 167.2111142731506}}