{"WCH": {"OCP": 82.934658075126, "LET": 192.65400000000002}}