{"YMT": {"MOK": 87.3140305445232, "JOR": 17.226, "HOM": 179.28900000000002}}