{"AUS": {"NAC": 223.94681694147485, "ETS": 172.76771391000003}}