{"EXC": {"HUH": 199.67329960166072, "ADM": 83.90091870389517}}