{"HFC": {"SKW": 169.73028455895601, "CHW": 127.85623808067797}}