{"HOK": {"KOW": 177.74210021398733}, "HOM": {"TKW": 126.21805461387969, "YMT": 63.383551110000006, "HUH": 140.39222999999998, "WHA": 82.85915217052147}}