{"K12-U020": {"K12-U030": 243.24300000000002}, "K18-U020": {"K18-U030": 55.00000000000001}, "K18-U010": {"K18-U020": 211.2}, "K18-D010": {"K18-D020": 244.20000000000002}, "K12-U010": {"K12-U020": 227.00589999999997}, "K17-D010": {"K17-D020": 240.43800000000002}, "K12-D020": {"K12-D030": 361.90000000000003}, "K12-D010": {"K12-D020": 146.3}, "K17-U020": {"K17-U030": 122.10000000000001}, "K12-D030": {"K12-D040": 8.690000000000001}}