{"K65-D110": {"K65-D120": 121.37811757283762}, "K66-U190": {"K66-U200": 66.675181092713}, "K65-D170": {"K65-D180": 108.08778714888271}, "K66-D080": {"K66-D090": 68.72672108589038}, "K66-U070": {"K66-U080": 224.34956102377237}, "K66-D050": {"K66-D060": 49.282508436936254}, "K66-U040": {"K66-U050": 119.39014598976928}, "K66-U180": {"K66-U190": 65.57888292781743}, "K65-D140": {"K65-D150": 108.60467562156562}, "K68-U080": {"K68-U090": 54.25076386003561}, "K66-D100": {"K66-D110": 52.51029647671677}, "K65-D040": {"K65-D050": 76.1219287626403}, "K65-D080": {"K65-D090": 63.05256503047796}, "K66-U090": {"K66-U100": 49.475120485103716}, "K68-D170": {"K68-D180": 65.09189286615029}, "K68-U100": {"K68-U110": 194.95947279676997}, "K66-D040": {"K66-D050": 40.914387897552515}, "K65-D020": {"K65-D030": 79.56250770215931}, "K68-U030": {"K68-U040": 32.7451990249035}, "K66-U150": {"K66-U160": 46.04719391663446}, "K65-U140": {"K65-U150": 108.54051911140444}, "K68-U120": {"K68-U130": 160.12687974249997}, "K65-D090": {"K65-D100": 113.33690252633059}, "K68-D090": {"K68-D100": 152.79723601437087}, "K68-D120": {"K68-D130": 203.33027}, "K68-D130": {"K68-D140": 61.52357071650364}, "K65-U190": {"K65-U200": 65.82424827707908}, "K66-D180": {"K66-D190": 79.13445666794796}, "K66-U050": {"K66-U060": 48.87683480233918}, "K65-U220": {"K65-U230": 88.42896801417433}, "K66-U110": {"K66-U120": 37.636390591254006}, "K66-D130": {"K66-D140": 44.66615192101601}, "K66-D120": {"K66-D130": 74.68710055303899}, "K66-U200": {"K66-U210": 51.75445713577085}, "K65-D010": {"K65-D020": 44.409334723146536}, "K65-U030": {"K65-U040": 106.9122520972459}, "K68-U160": {"K68-U170": 73.7812530692}, "K65-U130": {"K65-U140": 30.803465089274056}, "K66-U080": {"K66-U090": 172.64771880145787}, "K66-U010": {"K66-U020": 156.8405198712}, "K65-D120": {"K65-D130": 76.3197542209713}, "K68-D030": {"K68-D040": 96.266980733}, "K66-D110": {"K66-D120": 47.96014783512328}, "K68-U170": {"K68-D010": 157.48658904686}, "K68-D100": {"K68-D110": 71.38852391000002}, "K66-U100": {"K66-U110": 66.85638470816266}, "K65-D130": {"K65-D140": 93.3593238681481}, "K65-U180": {"K65-U190": 75.55461390298204}, "K65-U080": {"K65-U090": 165.4067658329076}, "K65-U040": {"K65-U050": 101.04274145541379}, "K68-U040": {"K68-U050": 55.92826490770091}, "K65-U200": {"K65-U210": 69.41468913803294}, "K66-U140": {"K66-U150": 45.031089441921836}, "K65-U110": {"K65-U120": 114.86240824792802}, "K66-D010": {"K66-D020": 14.862604989888547}, "K65-U050": {"K65-U060": 109.29506482052292}, "K65-D030": {"K65-D040": 70.96574454218153}, "K65-D150": {"K65-D160": 111.3374984974788}, "K65-U060": {"K65-U070": 33.79115100168546}, "K66-U210": {"K66-U220": 54.434333886227776}, "K66-D060": {"K66-D070": 48.55750308858565}, "K65-U020": {"K65-U030": 150.58208435216747}, "K66-D220": {"K66-D230": 91.69411092372857}, "K65-D070": {"K65-D080": 124.14415827942159}, "K68-U150": {"K68-U160": 87.06910296907984}, "K68-U140": {"K68-U150": 43.687477438000016}, "K66-D090": {"K66-D100": 48.49550526825214}, "K68-U020": {"K68-U030": 32.56354545170001}, "K68-D040": {"K68-D050": 106.83201535094}, "K65-D180": {"K65-D190": 124.55105139038578}, "K65-U090": {"K65-U100": 58.32891045266033}, "K66-D230": {"K66-D240": 99.4481890072}, "K65-U150": {"K65-U160": 54.80602775007956}, "K66-D200": {"K66-D210": 122.85253641327013}, "K65-U120": {"K65-U130": 165.31539988433227}, "K66-D150": {"K66-D160": 101.69552870336202}, "K66-U060": {"K66-U070": 191.14903402903204}, "K66-D190": {"K66-D200": 91.49779329574335}, "K66-U130": {"K66-U140": 55.50240250917259}, "K66-U160": {"K66-U170": 43.4846883482036}, "K65-U070": {"K65-U080": 67.68340328878259}, "K65A-U100": {"K65A-U110": 29.700000000000003}, "K65A-U040": {"K65A-U050": 46.970000000000006}, "K65-D060": {"K65-D070": 87.07923145896964}, "K68-D020": {"K68-D030": 82.62812778000003}, "K65-U170": {"K65-U180": 55.90224718670636}, "K65A-D030": {"K65A-D040": 27.500000000000004}, "K68-D180": {"K68-D190": 38.7752843775}, "K65-D050": {"K65-D060": 59.01525243740836}, "K65A-U120": {"K65A-U130": 48.400000000000006}, "K65A-D090": {"K65A-D100": 142.56}, "K65A-U030": {"K65A-U040": 13.200000000000001}, "K65A-D100": {"K65A-D110": 359.70000000000005}, "K65A-D080": {"K65A-D090": 83.60000000000001}, "K66-D210": {"K66-D220": 150.10678236800806}, "K65A-U060": {"K65A-U070": 31.900000000000002}, "K65-D100": {"K65-D110": 215.3193095661965}, "K66-U170": {"K66-U180": 36.12860552001124}, "K68-D050": {"K68-D060": 67.53314258920003}, "K68-U110": {"K68-U120": 196.43953750080001}, "K66-D170": {"K66-D180": 194.24712974408058}, "K68-D110": {"K68-D120": 102.94861699539999}, "K68-D060": {"K68-D070": 106.89918151428999}, "K65-D160": {"K65-D170": 147.9992595490885}, "K66-D030": {"K66-D040": 81.94675422503092}, "K66-D160": {"K66-D170": 168.63177080785266}, "K65-U010": {"K65-U020": 316.1903859964019}, "K65-U210": {"K65-U220": 81.66784402923301}, "K68-D070": {"K68-D080": 233.25785836100005}, "K68-U130": {"K68-U140": 170.92768}, "K66-U020": {"K66-U030": 194.07861445824767}, "K65-U100": {"K65-U110": 161.1802840158204}, "K65-U160": {"K65-U170": 55.82565977645343}, "K66-D140": {"K66-D150": 100.03131802381739}, "K68-U060": {"K68-U070": 98.18419895068001}, "K68-D200": {"K68-U011": 81.80990993890002}, "K68-D150": {"K68-D160": 88.78036523461378}, "K66-U030": {"K66-U040": 166.62358729083417}, "K68-D190": {"K68-D200": 58.790908830499994}, "K66-D020": {"K66-D030": 68.42417046530997}, "K66-D070": {"K66-D080": 51.36132011959114}, "K68-D080": {"K68-D090": 80.79835389204838}, "K68-U070": {"K68-U080": 30.540360781239485}, "K66-U120": {"K66-U130": 56.525322700000004}, "K68-U090": {"K68-U100": 141.89263}, "K68-D010": {"K68-D020": 46.295712480000006}, "K68-U010": {"K68-U020": 97.50164359218238}, "K68-D140": {"K68-D150": 59.004557921899995}, "K68-D160": {"K68-D170": 78.40176740000001}, "K68-U050": {"K68-U060": 65.25849007293002}}