{"K73-U060": {"K73-U070": 129.63707160149363}, "K76-U030": {"K76-U040": 218.36287007579122}, "K73-U040": {"K73-U050": 102.53032528689683, "K73-U060": 211.30492990241137}, "K75P-U120": {"K75P-U130": 58.42803856207113}, "K73-D050": {"K73-D070": 101.294678116614}, "K74-U020": {"K74-U030": 109.97490373964752}, "K75A-D030": {"K75A-D040": 35.50201916239801}, "K73-U050": {"K73-U060": 102.65574946374925}, "K73-U100": {"K73-U110": 237.2243574659711}, "K74-U090": {"K74-U100": 228.12607636647218}, "K75P-D020": {"K75P-D030": 35.18647702288535}, "K76-U010": {"K76-U020": 7.473923333885199}, "K73-D130": {"K73-D140": 151.4725901073328}, "K73-D020": {"K73-D030": 110.08190785472723}, "K75P-D080": {"K75P-U011": 148.8482751104978}, "K73-U080": {"K73-U110": 169.25315239709306, "K73-U090": 228.28515693908457}, "K75P-U100": {"K75P-U110": 58.806716477093254}, "K74-U100": {"K74-D010": 140.92934435657}, "K73-D090": {"K73-D100": 82.63548464386}, "K74-D090": {"K74-U011": 71.46700814705838}, "K75P-D030": {"K75P-D040": 117.47913707888554}, "K76-D020": {"K76-D030": 116.7565000030834}, "K73-U010": {"K73-U020": 65.50557024063642}, "K75P-D060": {"K75P-D070": 181.27650365120678}, "K75A-D040": {"K75A-D050": 45.087473128851066}, "K75P-U080": {"K75P-U090": 42.800134376548705}, "K75A-D050": {"K75A-D060": 71.9830661451451}, "K75P-U090": {"K75P-U100": 42.21390079809261}, "K75P-U030": {"K75P-U040": 120.22667342733685}, "K74-D020": {"K74-D030": 154.9007193056767}, "K75A-U030": {"K75A-D010": 237.05489651463435}, "K75A-D100": {"K75A-D110": 102.13068453639148}, "K75A-D090": {"K75A-D100": 57.50651085401599}, "K74-D110": {"K74-U002": 175.38188035456008}, "K75P-U050": {"K75P-U060": 148.3997069917833}, "K75A-D060": {"K75A-D070": 34.71604615926658}, "K73-U030": {"K73-U040": 84.86279904400841}, "K73-U110": {"K73-U120": 222.22381226329327}, "K76-U040": {"K76-U050": 162.11293003590458}, "K75A-D080": {"K75A-D090": 125.59603910556116}, "K76-D030": {"K76-D040": 53.39121829587896}, "K75P-U060": {"K75P-U070": 26.85100009713353}, "K73-U070": {"K73-U080": 156.13418481149682}, "K74-U040": {"K74-U050": 202.79952123827005}, "K75A-D020": {"K75A-D030": 19.457005085275846}, "K76-U020": {"K76-U030": 152.45362244077484}, "K75A-D070": {"K75A-D080": 44.476833144456}, "K73-D140": {"K73-D150": 180.57312235908455}, "K75A-U020": {"K75A-U030": 127.53583758927448}, "K74-D100": {"K74-D110": 86.21039021367503}, "K74-U001": {"K74-U004": 284.25225735416655}, "K73-D030": {"K73-D040": 130.8666333705127}, "K76-D010": {"K76-D020": 324.16514858412035}, "K73-U090": {"K73-U100": 121.37848301084264}, "K75P-D040": {"K75P-D050": 157.71916376361455}, "K73-D080": {"K73-D090": 260.3835442698479}, "K75P-U130": {"K75P-U140": 38.7072641099527}, "K75P-U070": {"K75P-U080": 105.63827378415286}, "K75P-U140": {"K75P-D010": 142.1647667418265}, "K75P-D070": {"K75P-D080": 95.68882751724044}, "K73-D150": {"K73-D160": 51.598016891636846}, "K74-D070": {"K74-D080": 261.674541818074}, "K75P-U010": {"K75P-U020": 97.0345807816698}, "K73-U020": {"K73-U030": 164.3584110756102}, "K73-D070": {"K73-D080": 177.71930306474388}, "K75P-U110": {"K75P-U120": 77.75186689659873}, "K74-D060": {"K74-D070": 160.35388432979732}, "K75P-U040": {"K75P-U050": 104.4658894147502}, "K73-D120": {"K73-D130": 97.71594388146211}, "K74-D030": {"K74-D040": 149.57428644400002}, "K75A-U010": {"K75A-U020": 46.79925288426448}, "K74-U004": {"K74-U007": 90.87257970644251}, "K75A-D010": {"K75A-D020": 222.17442028880933}, "K75P-D010": {"K75P-D020": 129.33352341358474}, "K74-U007": {"K74-U010": 221.036420820908}, "K74-U050": {"K74-U060": 228.14756480228328}, "K74-D050": {"K74-D060": 100.3659127499362}, "K75A-D110": {"K75A-U011": 164.35992974228515}, "K75P-D050": {"K75P-D060": 80.2698241034288}, "K74-U060": {"K74-U070": 136.64422377860865}, "K73-D040": {"K73-D050": 80.71399038332198}, "K74-U080": {"K74-U090": 235.795924952863}, "K74-D080": {"K74-D090": 160.5979624425748}, "K73-D110": {"K73-D120": 83.4431758232265}, "K74-U010": {"K74-U020": 159.31138654936998}, "K74-U011": {"K74-D100": 172.31138138720002}, "K75P-U020": {"K75P-U030": 116.10459080614078}, "K74-D040": {"K74-D050": 74.7083511063431}, "K74-D010": {"K74-D020": 149.85974264069856}, "K73-D100": {"K73-D110": 175.2261342435141}, "K74-U070": {"K74-U080": 167.22070017439023}, "K73-D010": {"K73-D020": 78.05903055589926}, "K74-U030": {"K74-U040": 290.4720218660001}}