{"KF4": {"KF6": 250.95731273557425, "KF2": 1022.6250993686663}, "KF5": {"KF1": 767.8870904998887}, "KF1": {"KF5": 767.8870966310553, "KF3": 686.7708726101449}, "KF6": {"KF4": 250.95614001635417}, "KF3": {"KF1": 686.7701249430569}, "KF2": {"KF4": 1022.624580130212}}