{"KF4": {"KF6": 250.95804641971048, "KF2": 1022.6260737141686}, "KF5": {"KF1": 767.8871502768282}, "KF1": {"KF5": 767.8871505684263, "KF3": 686.7722755995795}, "KF6": {"KF4": 250.95801128320585}, "KF3": {"KF1": 686.7722385584797}, "KF2": {"KF4": 1022.6260109654322}}