{"LAK": {"MEF": 125.9965283174981, "KWF": 149.88600000000002, "NAC": 297.3240652012878, "TSY": 180.93605452599257}, "LAT": {"YAT": 140.01900000000003, "KWT": 132.0}}