{"MEF": {"LAK": 126.00796853436202, "NAC": 173.17431832215263, "TWW": 351.8337472079667, "LCK": 132.594}}