{"OCP": {"WCH": 120.45763895084727, "ADM": 287.64545893710743}}