{"OCP": {"WCH": 121.45067499699272, "ADM": 287.6319557438212}}