{"QUB": {"YAT": 249.64281436195876, "NOP": 112.95192777590083, "TAK": 118.51662794089376}}