{"SHM": {"CIO": 105.78243858453702, "TSH": 213.3816280636206}, "SHT": {"FOT": 171.9029068400005, "TAW": 133.4324924941116}, "SHS": {"FAN": 132.1830929813417, "LMC": 442.9622585736529, "LOW": 261.75484809068723}, "SHW": {"SYP": 152.17780212201748, "CEN": 83.5725571068}}