{"TWH": {"KWH": 175.36200000000002}, "TWO": {"TAP": 119.96451059999997, "FAN": 412.63889855427516}, "TWW": {"KSR": 712.0342164557095, "MEF": 351.8880006414452}}