{"WAC": {"ADM": 127.68866119112826, "CAB": 175.60899}}