{"YMT": {"MOK": 109.14674786484298, "JOR": 129.23420541793, "HOM": 44.10450000000001}}