{"1": {"6": 64.35000000000001, "2": 58.300000000000004}}