{"5": {"305": 81.143227249896, "6": 121.09527888337293}}