{"K17-D020": {"K17-D030": 37.43288340000001}, "K18-D020": {"K18-D030": 38.037509631000006}, "K12-U020": {"K12-U030": 64.64156600000001}, "K12-D030": {"K12-D040": 11.648615000000003}, "K17-U030": {"K17-U040": 10.086153000000001}, "K18-U020": {"K18-U030": 46.3089}, "K18-U010": {"K18-U020": 242.6721}, "K12-U010": {"K12-U020": 232.10000000000002}, "K12-D020": {"K12-D030": 30.9584}, "K17-U020": {"K17-U030": 173.151}, "K17-D010": {"K17-D020": 305.8}, "K12-D010": {"K12-D020": 161.59}}