{"K52A-D070": {"K52A-D080": 144.13171300000002}, "K52A-D140": {"K52A-D150": 96.72354999999999}, "K53-U120": {"K53-U130": 78.03019344450004}, "K51-U040": {"K51-U050": 120.10675600000005}, "K53-U060": {"K53-U070": 79.97712769344088}, "K52A-D030": {"K52A-D040": 24.310000000000002}, "K53-U050": {"K53-U060": 154.620207746114}, "K51A-U210": {"K51A-U220": 78.63694430900001}, "K53-D020": {"K53-D030": 103.11862}, "K51-U130": {"K51-U140": 85.129}, "K51A-U120": {"K51A-U130": 137.60340000000002}, "K51A-U140": {"K51A-U150": 59.158}, "K51A-U200": {"K51A-U210": 60.14753860500002}, "K51A-D010": {"K51A-D020": 61.916689999999996}, "K51-D050": {"K51-D060": 72.16000000000001}, "K53-D120": {"K53-D130": 93.41696100000001}, "K58-U120": {"K58-U130": 128.11098300000003}, "K52-nD170": {"K52-nD180": 126.50000000000001}, "K54-D020": {"K54-D030": 132.83968462117588}, "K53-U130": {"K53-U140": 70.40807411}, "K54-D040": {"K54-D050": 171.41581030200004}, "K51A-U050": {"K51A-U060": 261.89066961090003}, "K51A-D190": {"K51A-D200": 231.18971700000003}, "K54-U040": {"K54-U050": 131.46235816999996}, "K52-nU040": {"K52-nU050": 61.82000000000001}, "K51-U120": {"K51-U130": 132.16500000000002}, "K51A-U190": {"K51A-U200": 74.976}, "K58-D196": {"K58-D200": 72.04847099999999}, "K52-nU250": {"K52-nU260": 78.28816379999999}, "K58-D100": {"K58-D110": 193.34700000000004}, "K58-D060": {"K58-D070": 172.37737000000004}, "K51-D170": {"K51-D180": 94.2744}, "K51-D140": {"K51-D150": 51.7}, "K53-D090": {"K53-D100": 57.47290999999999}, "K51-U190": {"K51-U200": 75.87800000000001}, "K58-U020": {"K58-U023": 107.6956815}, "K52-nD250": {"K52-nD260": 184.40400000000002}, "K52-nD110": {"K52-nD120": 179.48700000000002}, "K51-D040": {"K51-D050": 52.50300000000001}, "K51-D100": {"K51-D110": 89.49600000000001}, "K53-D140": {"K53-D150": 179.685341}, "K51-D260": {"K51-D270": 60.61}, "K54-U020": {"K54-U030": 157.55608}, "K51A-D220": {"K51A-D230": 153.8856}, "K58-U040": {"K58-U050": 104.03799999999998}, "K51-D280": {"K51-D290": 92.059}, "K51A-D230": {"K51A-D240": 154.957}, "K51-D110": {"K51-D120": 88.286}, "K52-nD050": {"K52-nD060": 22.233132900000005}, "K54-D010": {"K54-D020": 202.90773140000002}, "K53-U080": {"K53-U090": 87.0689716145027}, "K51A-D040": {"K51A-D050": 109.9076}, "K58-U160": {"K58-U170": 144.474}, "K52-nD190": {"K52-nD200": 220.0}, "K53-U070": {"K53-U080": 61.8923104525}, "K51-D030": {"K51-D040": 63.14}, "K53-U090": {"K53-U100": 116.12222766100001}, "K54-D050": {"K54-D060": 96.922545731}, "K51A-U220": {"K51A-U230": 76.9043}, "K52A-D060": {"K52A-D070": 129.34768316859828}, "K53-U020": {"K53-U030": 194.73187224816496}, "K52A-D110": {"K52A-D120": 203.39925126400001}, "K58-D080": {"K58-D090": 158.037}, "K58-D130": {"K58-D140": 108.51500000000001}, "K52-nD210": {"K52-nD220": 263.648}, "K51-U230": {"K51-U240": 52.2346}, "K51A-D160": {"K51A-D170": 184.51598000000004}, "K53-D050": {"K53-D060": 87.713414283}, "K52A-U160": {"K52A-U170": 37.6574}, "K51-D070": {"K51-D080": 62.370000000000005}, "K53-D030": {"K53-D040": 101.65817200000001}, "K53-U110": {"K53-U120": 98.89607506568902}, "K51A-D180": {"K51A-D190": 142.68177}, "K51A-U170": {"K51A-U180": 79.51983078600001}, "K52-nU150": {"K52-nU160": 106.60793000000001}, "K51A-D080": {"K51A-D090": 161.55703300000005}, "K58-D020": {"K58-D030": 114.37580000000003}, "K51-U220": {"K51-U230": 73.04}, "K51A-D150": {"K51A-D160": 87.70509}, "K58-U100": {"K58-U110": 87.89000000000001}, "K53-U100": {"K53-U110": 82.01693978696792}, "K51A-U040": {"K51A-U050": 140.37650000000002}, "K52A-D160": {"K52A-D170": 149.70725000000002}, "K52A-D150": {"K52A-D160": 108.4336}, "K52-nD270": {"K52-nD280": 93.5891}, "K52A-U140": {"K52A-U150": 160.36558789242366}, "K53-U030": {"K53-U040": 225.44313368635744}, "K52A-D180": {"K52A-D190": 181.038}, "K52-nU180": {"K52-nU190": 71.13733}, "K52-nU160": {"K52-nU170": 44.0}, "K52-nD150": {"K52-nD160": 91.19000000000001}, "K53-D070": {"K53-D080": 79.86954327000001}, "K52A-D040": {"K52A-D050": 14.377}, "K53-D180": {"K53-D190": 80.66300000000001}, "K54-U050": {"K54-U060": 354.45629999999994}, "K51-U160": {"K51-U170": 112.013}, "K52-nU270": {"K52-nU280": 160.36478188814678}, "K51A-U180": {"K51A-U190": 99.69166900000002}, "K52-nU140": {"K52-nU150": 203.28000000000003}, "K51-U090": {"K51-U100": 169.9786}, "K51A-U150": {"K51A-U160": 124.76648580000003}, "K51A-D250": {"K51A-D260": 105.74839000000001}, "K51-D080": {"K51-D090": 118.59099999999998}, "K58-U110": {"K58-U120": 185.49300000000002}, "K52A-D010": {"K52A-D020": 277.22087402675777}, "K52-nU120": {"K52-nU140": 143.51700000000002}, "K51A-U010": {"K51A-U020": 47.0998}, "K58-U026": {"K58-U030": 121.00000000000001}, "K58-D030": {"K58-D040": 97.33140999999998}, "K52-nU200": {"K52-nU210": 80.65090000000001}, "K58-U140": {"K58-U150": 199.4355}, "K52-nU030": {"K52-nU040": 137.247}, "K58-U030": {"K58-U040": 285.7580000000001}, "K51-D160": {"K51-D170": 101.464}, "K51A-D050": {"K51A-D060": 100.33650000000002}, "K52-nU300": {"K52-nU310": 48.147000000000006}, "K58-U130": {"K58-U140": 83.60000000000001}, "K54-D060": {"K54-D070": 169.52265}, "K53-U140": {"K53-D010": 93.25862071554052}, "K58-D190": {"K58-D193": 216.659267}, "K51A-U030": {"K51A-U040": 86.95500000000001}, "K52-nD010": {"K52-nD020": 8.2346}, "K51A-U130": {"K51A-U140": 76.34}, "K52-nD070": {"K52-nD080": 140.57098000000002}, "K52A-U170": {"K52A-U180": 275.3516373601784}, "K51A-U240": {"K51A-U250": 78.65}, "K58-U090": {"K58-U100": 171.88490000000002}, "K52-nU050": {"K52-nU060": 295.35}, "K52-nU280": {"K52-nU290": 47.7488}, "K52-nD090": {"K52-nD100": 98.56000000000002}, "K58-D200": {"K58-D210": 74.42089930000002}, "K51-D150": {"K51-D160": 148.06}, "K51A-U230": {"K51A-U240": 27.936699999999995}, "K51-D240": {"K51-D250": 135.278}, "K51A-D070": {"K51A-D080": 106.30675000000001}, "K52-nD240": {"K52-nD250": 172.27100000000002}, "K51-D230": {"K51-D240": 92.71757000000002}, "K51A-D110": {"K51A-D120": 56.32000000000001}, "K58-D120": {"K58-D130": 141.38008390000005}, "K58-U023": {"K58-U026": 80.96000000000001}, "K54-U070": {"K54-D010": 189.5699388}, "K58-D140": {"K58-D150": 51.480000000000004}, "K51A-U080": {"K51A-U090": 205.59}, "K58-D193": {"K58-D196": 72.00526299999999}, "K51A-D260": {"K51A-D270": 65.67}, "K52-nU090": {"K52-nU100": 117.81000000000002}, "K53-D170": {"K53-D180": 324.5}, "K52-nD020": {"K52-nD030": 3.7620000000000005}, "K58-U180": {"K58-U190": 159.5}, "K58-D010": {"K58-D020": 4.4990000000000006}, "K52-nU260": {"K52-nU270": 52.8297}, "K52-nD100": {"K52-nD110": 82.5}, "K51A-U100": {"K51A-U110": 240.79880000000003}, "K52A-U070": {"K52A-U080": 104.50000000000001}, "K52A-D130": {"K52A-D140": 101.54980000000003}, "K52-nD200": {"K52-nD210": 157.3}, "K52A-U150": {"K52A-U160": 47.410000000000004}, "K53-D150": {"K53-D160": 176.497474351}, "K51-U070": {"K51-U080": 196.43800000000002}, "K51-U210": {"K51-U220": 56.93369000000001}, "K52-nU190": {"K52-nU200": 133.87}, "K52-nD180": {"K52-nD190": 190.87168099999997}, "K52A-D100": {"K52A-D110": 68.75}, "K51A-D030": {"K51A-D040": 40.425}, "K51-U030": {"K51-U040": 86.67999999999999}, "K51A-U070": {"K51A-U080": 213.99763000000002}, "K51A-D100": {"K51A-D110": 48.75200000000001}, "K52-nD040": {"K52-nD050": 26.290000000000003}, "K52-nD120": {"K52-nD130": 38.5}, "K53-D110": {"K53-D120": 179.245}, "K51A-D200": {"K51A-D210": 295.14760000000007}, "K52-nU010": {"K52-nU020": 36.410000000000004}, "K52A-D020": {"K52A-D030": 13.2}, "K51-D010": {"K51-D020": 82.81569999999999}, "K52A-D170": {"K52A-D180": 128.53500000000003}, "K52A-U120": {"K52A-U130": 80.30000000000001}, "K53-D010": {"K53-D015": 125.25876000000001}, "K58-D040": {"K58-D050": 87.27895}, "K52A-D050": {"K52A-D060": 30.470000000000006}, "K58-D050": {"K58-D060": 207.98383100000007}, "K58-D170": {"K58-D180": 197.07493300000002}, "K51A-U020": {"K51A-U030": 120.23440000000005}, "K51-U100": {"K51-U110": 253.00000000000006}, "K54-U060": {"K54-U070": 219.0188}, "K52-nD220": {"K52-nD230": 155.1}, "K53-D080": {"K53-D090": 33.966988}, "K51-U170": {"K51-U180": 67.87},