{"LOW": {"SHS": 261.7527207161598}, "LOP": {"TIS": 173.90587641916562, "YUL": 72.60000000000001}, "LOF": {"WTS": 132.0}}