{"MOK": {"YMT": 5.6467730000000005, "PRE": 4.330259999999999}, "MOS": {"HEO": 199.10000000000002}}