{"NOP": {"FOH": 12.352405016516398, "QUB": 74.88713234128423}}