{"OCP": {"ADM": 287.6469593947878, "WCH": 129.378431193}}