{"SHS": {"LOW": 261.7527207161598, "FAN": 125.72964287584118, "LMC": 525.2461667274772}, "SHT": {"FOT": 155.98726948978168, "TAW": 132.0}, "SHW": {"SYP": 0.0, "CEN": 138.16000000000003}, "SHM": {"TSH": 216.41829374487838}}