{"TAP": {"UNI": 430.12725955667185, "TWO": 66.66}, "TAW": {"SHT": 0.0, "KOT": 320.6334607893466}, "TAK": {"QUB": 0.0}}