{"TKO": {"HAH": 66.4611550548, "TIK": 55.037868469744524, "LHP": 128.59124870024}}