{"TSY": {"KOW": 661.6616284085004, "AIR": 1467.4416308990608, "LAK": 180.9473314099965, "SUN": 690.6292020263696}, "TSH": {"SHM": 216.41829374487838, "HEO": 132.0}, "TST": {"ADM": 176.36977430678184, "JOR": 0.0}, "TSW": {"TWH": 7.37}}