{"WTS": {"DIH": 69.31618258329797, "LOF": 40.482209088508}}