{"YAT": {"QUB": 249.65751639704254, "TIK": 141.42105034022984, "LAT": 70.752}}