{"81": {"310": 215.60000000000002, "185": 158.69689000000002}}