{"EXC": {"HUH": 199.65830784569977, "ADM": 60.49462513826023}}