{"HEO": {"TSH": 139.70000000000002, "MOS": 127.55799999999999}}