{"HFC": {"SKW": 127.08588, "CHW": 133.17517231853958}}