{"HKU": {"SYP": 112.68641869999996, "KET": 90.65877958242045}}