{"MEF": {"NAC": 173.3363691350184, "LCK": 103.77600000000002, "TWW": 343.9854100824378, "LAK": 134.75337585093752}}