{"MOS": {"HEO": 158.40000000000003}, "MOK": {"PRE": 88.87403800000001, "YMT": 114.4}}