{"OCP": {"WCH": 114.40000000000002, "ADM": 287.6329242759784}}