{"SHM": {"CIO": 134.20000000000002, "TSH": 216.4154482528414}, "SHS": {"LOW": 261.7533201024686, "LMC": 525.2497149385971, "FAN": 125.75230473592629}, "SHW": {"SYP": 119.90000000000002, "CEN": 111.1}, "SHT": {"FOT": 155.9586588945729, "TAW": 177.1}}