{"TAK": {"QUB": 117.7, "SWH": 107.8}, "TAW": {"KOT": 320.63346078934666, "CKT": 143.0, "SHT": 17.6}, "TAP": {"UNI": 430.12651630859375, "TWO": 146.3}}