{"TKO": {"LHP": 128.59160824224801, "TIK": 90.84365025091134}, "TKW": {"SUW": 132.0, "HOM": 138.6}}