{"TWW": {"MEF": 351.8440553603276, "KSR": 712.0309122549204}, "TWH": {"KWH": 127.59999999999998, "TSW": 87.50418337253502}, "TWO": {"TAP": 156.20000000000002, "FAN": 412.6358202892763}}