{"CSW": {"SSP": 106.25999999999999, "LCK": 133.10000000000002}}