{"ETS": {"HUH": 197.43156896639937, "AUS": 182.47874915240877}}