{"HOK": {"KOW": 177.74122697585216}, "HOM": {"YMT": 152.26108919999996, "WHA": 65.49874478800893}}