{"HUH": {"MKK": 188.3160528963404, "HOM": 136.4, "EXC": 199.69863561705438}}