{"KOT": {"MKK": 137.9956652795833, "TAW": 320.61583510367115, "LOF": 132.0}, "KOW": {"TSY": 661.6576945093816, "OLY": 121.80668201614313, "HOK": 177.73738768418423}, "KOB": {"CHH": 132.0, "NTK": 132.0}}