{"LAK": {"NAC": 297.32039976252946, "TSY": 180.94021573780213, "MEF": 126.01845691417293, "KWF": 132.0}, "LAT": {"YAT": 134.673, "KWT": 132.0}}