{"NAC": {"OLY": 126.06000000000002, "LAK": 297.3193955454477, "MEF": 173.17784829852275, "AUS": 223.9326778869337}}