{"NAC": {"OLY": 132.0, "LAK": 297.32236455084194, "MEF": 173.18177049448954, "AUS": 223.92850142135924}}