{"NOP": {"QUB": 88.61721000000001, "FOH": 104.50000000000003}}