{"NTK": {"KOB": 125.69480000000001, "KWT": 93.50000000000001}}