{"OCP": {"ADM": 287.6350441272888, "WCH": 123.21892280022158}}