{"TIK": {"YAT": 141.4205937615855, "TKO": 0.0}, "TIH": {"FOH": 93.50000000000001}}