{"UNI": {"FOT": 186.42931690460236, "TAP": 430.1224186216953}}