{"WCH": {"LET": 165.23026878014554, "OCP": 119.90000000000002}}