{"1": {"6": 109.74179421691926, "2": 63.18093328205562}}