{"1": {"6": 136.89801218804595, "2": 61.98056691640001}}