{"5": {"6": 116.00307833843115, "305": 81.72738767379164, "56": 66.0}}