{"AIR": {"TSY": 1234.8292807849398, "AWE": 102.64025586037516}}