{"CKT": {"STW": 105.95618722894783, "TAW": 110.82265177915333}}