{"CSW": {"SSP": 124.5215921000251, "LCK": 119.29118528175317}}