{"K65-D140": {"K65-D150": 117.44970322808501}, "K68-U090": {"K68-U100": 144.77200515488013}, "K65-U150": {"K65-U160": 48.50770476989273}, "K68-D100": {"K68-D110": 79.31210007076}, "K66-U110": {"K66-U120": 35.681236072187836}, "K66-D050": {"K66-D060": 51.73200466864896}, "K66-D210": {"K66-D220": 139.53664921421128}, "K66-D010": {"K66-D020": 86.2936297869596}, "K66-D060": {"K66-D070": 49.60543569753412}, "K65-D020": {"K65-D030": 84.89518048458794}, "K68-D030": {"K68-D040": 90.68843364712279}, "K68-U150": {"K68-U160": 76.3933182603806}, "K66-U190": {"K66-U200": 67.17697376197886}, "K66-U070": {"K66-U080": 202.77237029914752}, "K66-U030": {"K66-U040": 142.29265733944527}, "K66-U020": {"K66-U030": 203.0742443642702}, "K66-D160": {"K66-D170": 156.89744272016029}, "K68-D150": {"K68-D160": 57.831085254800016}, "K68-U130": {"K68-U140": 152.97874312424}, "K65-D040": {"K65-D050": 62.4022606176866}, "K68-U030": {"K68-U040": 23.550033381519306}, "K68-D060": {"K68-D070": 96.26050079219766}, "K66-U140": {"K66-U150": 40.260717578076985}, "K66-U080": {"K66-U090": 172.19997537915688}, "K65-D150": {"K65-D160": 114.31813563121848}, "K65-U050": {"K65-U060": 96.3353203509848}, "K66-D070": {"K66-D080": 57.50487565443949}, "K66-D030": {"K66-D040": 88.24520135384141}, "K65-D110": {"K65-D120": 124.23880393819539}, "K68-U170": {"K68-D010": 162.56917101590003}, "K66-U160": {"K66-U170": 43.85393566169226}, "K65-D100": {"K65-D110": 217.1520307050526}, "K68-U010": {"K68-U020": 95.00337961150913}, "K65-U140": {"K65-U150": 84.20631802575332}, "K65-U040": {"K65-U050": 83.7226325583196}, "K65-D160": {"K65-D170": 147.55161425046623}, "K65-U010": {"K65-U020": 265.537959909562}, "K65-U160": {"K65-U170": 44.31225747992927}, "K68-D040": {"K68-D050": 103.91620200000003}, "K66-U090": {"K66-U100": 47.247069287539865}, "K65-D090": {"K65-D100": 111.42956758348518}, "K65-U210": {"K65-U220": 65.9355583160867}, "K65-U100": {"K65-U110": 162.1494713183121}, "K68-D110": {"K68-D120": 81.21617275860504}, "K68-U120": {"K68-U130": 144.84090555770004}, "K66-D180": {"K66-D190": 78.5832328155129}, "K65-U130": {"K65-U140": 24.501066558976394}, "K65-U070": {"K65-U080": 56.235764345383416}, "K66-D140": {"K66-D150": 114.44847908892434}, "K65-D130": {"K65-D140": 88.23322494872987}, "K68-U020": {"K68-U030": 28.53912787749}, "K66-D090": {"K66-D100": 52.948588174054954}, "K65-U190": {"K65-U200": 44.33600681533918}, "K68-D050": {"K68-D060": 62.997305782585315}, "K66-D150": {"K66-D160": 109.51713727543843}, "K65-D010": {"K65-D020": 40.60201615420867}, "K65-U180": {"K65-U190": 68.67511847629962}, "K66-U040": {"K66-U050": 123.2160402091552}, "K65-D080": {"K65-D090": 73.8535454707398}, "K66-U150": {"K66-U160": 48.779214165770476}, "K65-U090": {"K65-U100": 51.17069021639524}, "K65-D060": {"K65-D070": 94.46144284891191}, "K68-D130": {"K68-D140": 53.82539371206394}, "K68-U050": {"K68-U060": 42.15010669550388}, "K65-D050": {"K65-D060": 51.76130984447839}, "K66-U210": {"K66-U220": 49.15147343193467}, "K65-U170": {"K65-U180": 44.74303895841459}, "K65-D170": {"K65-D180": 111.45650172497895}, "K65-D070": {"K65-D080": 135.67205617437904}, "K66-D190": {"K66-D200": 87.90510735645026}, "K66-U170": {"K66-U180": 49.522348131225186}, "K66-U200": {"K66-U210": 54.62534786451306}, "K68-U160": {"K68-U170": 70.55221344439086}, "K65-U080": {"K65-U090": 129.02502713869652}, "K66-D110": {"K66-D120": 48.725945146906994}, "K68-U100": {"K68-U110": 173.71205700000002}, "K66-D130": {"K66-D140": 46.029686008583724}, "K66-D220": {"K66-D230": 81.21350312004502}, "K68-D020": {"K68-D030": 73.72746521436001}, "K68-D140": {"K68-D150": 27.7008475571}, "K65-D030": {"K65-D040": 75.6185924238993}, "K66-U130": {"K66-U140": 50.876147772984126}, "K66-D100": {"K66-D110": 55.95904794826207}, "K66-U100": {"K66-U110": 68.1143113914806}, "K68-U140": {"K68-U150": 37.297847819078015}, "K68-D180": {"K68-D190": 29.986691690612776}, "K68-U070": {"K68-U080": 22.8301978996}, "K66-D120": {"K66-D130": 74.43353359156147}, "K65-U060": {"K65-U070": 30.991403410111765}, "K68-D160": {"K68-D170": 74.09503021117355}, "K68-D170": {"K68-D180": 41.63706439237}, "K65-U200": {"K65-U210": 55.50562016750189}, "K68-U060": {"K68-U070": 106.86911219377598}, "K65-U110": {"K65-U120": 103.2925450909087}, "K66-U010": {"K66-U020": 121.90884551667469}, "K68-D010": {"K68-D020": 46.823587252290054}, "K65-U030": {"K65-U040": 111.63833755371175}, "K65-D180": {"K65-D190": 123.00205354093441}, "K66-D080": {"K66-D090": 75.20938698401218}, "K65-U120": {"K65-U130": 174.96767727741283}, "K66-D230": {"K66-D240": 86.68129270310764}, "K65-D120": {"K65-D130": 75.91687491307239}, "K68-D200": {"K68-U011": 75.57179450000001}, "K68-D090": {"K68-D100": 129.5953093}, "K66-U060": {"K66-U070": 142.73628854559803}, "K68-U110": {"K68-U120": 208.12302896000006}, "K66-D170": {"K66-D180": 206.39528268251047}, "K65-U020": {"K65-U030": 132.22963360477507}, "K66-D020": {"K66-D030": 72.7782111256375}, "K66-U050": {"K66-U060": 45.40239474798634}, "K65-U220": {"K65-U230": 66.85780759105612}, "K66-U180": {"K66-U190": 62.0611039421453}, "K68-D120": {"K68-D130": 164.68305315079382}, "K66-D040": {"K66-D050": 51.70554911061377}, "K66-U120": {"K66-U130": 53.00558685348108}, "K66-D200": {"K66-D210": 131.82401926245146}, "K68-U080": {"K68-U090": 39.521511923080006}, "K68-D190": {"K68-D200": 33.36977768498}, "K68-U040": {"K68-U050": 53.572183949999996}, "K68-D080": {"K68-D090": 82.17362479280003}, "K68-D070": {"K68-D080": 194.63058978000004}, "K65A-D080": {"K65A-D090": 55.00000000000001}, "K65A-D100": {"K65A-D110": 261.05640000000005}, "K65A-U110": {"K65A-U120": 77.0}, "K65A-D040": {"K65A-D050": 82.5}, "K65A-U100": {"K65A-U110": 56.1}, "K65A-U120": {"K65A-U130": 85.80000000000001}}