{"K73-U030": {"K73-U040": 98.97814977662783}, "K73-U100": {"K73-U110": 223.86853594004418}, "K75P-D050": {"K75P-D060": 97.27830054141478}, "K73-D010": {"K73-D020": 72.01319421196608}, "K74-U010": {"K74-U020": 160.29495807751047}, "K75A-D090": {"K75A-D100": 50.760304397630655}, "K75P-U090": {"K75P-U100": 39.82205534632199}, "K73-U110": {"K73-U120": 220.62162392039417}, "K76-U010": {"K76-U020": 71.01017605728082}, "K73-U070": {"K73-U080": 162.10268172880433}, "K75A-D040": {"K75A-D050": 55.127640337654974}, "K73-U060": {"K73-U070": 139.3905888190854}, "K75A-D050": {"K75A-D060": 80.59771750581533}, "K76-U040": {"K76-U050": 220.5170830011065}, "K73-U090": {"K73-U100": 123.6054720847695}, "K73-U020": {"K73-U030": 187.89101687602474}, "K75A-D070": {"K75A-D080": 46.73968715380697}, "K76-D020": {"K76-D030": 135.18907284014622}, "K76-U020": {"K76-U030": 164.57415965790764}, "K73-U050": {"K73-U060": 118.64761727737516}, "K74-D010": {"K74-D020": 147.42263653491554}, "K73-D050": {"K73-D070": 98.82472715838098}, "K75P-U030": {"K75P-U040": 121.35289280870491}, "K75P-D010": {"K75P-D020": 136.09794155111305}, "K75P-D070": {"K75P-D080": 97.6445072478643}, "K75P-U010": {"K75P-U020": 89.98991500523513}, "K73-D040": {"K73-D050": 72.58069952161415}, "K73-U040": {"K73-U050": 118.62581172926016, "K73-U060": 236.97845748705913}, "K76-D010": {"K76-D020": 170.41630763946006}, "K73-U010": {"K73-U020": 60.959268318836834}, "K75P-D040": {"K75P-D050": 158.90753752867053}, "K75P-D030": {"K75P-D040": 126.19002304817164}, "K73-D110": {"K73-D120": 69.91158028814172}, "K75P-U110": {"K75P-U120": 85.48875386667898}, "K73-D090": {"K73-D100": 78.984483153379}, "K75P-D020": {"K75P-D030": 36.4552781791057}, "K76-D030": {"K76-D040": 47.498111229464236}, "K75P-U100": {"K75P-U110": 53.91425937569112}, "K75A-D100": {"K75A-D110": 96.65876597130756}, "K74-D020": {"K74-D030": 145.02444116688483}, "K75A-U020": {"K75A-U030": 132.47237413106114}, "K75P-U040": {"K75P-U050": 105.62983201468403}, "K74-D100": {"K74-D110": 73.85022260973281}, "K73-D140": {"K73-D150": 202.544692122728}, "K74-U001": {"K74-U004": 140.33580746361633}, "K73-D080": {"K73-D090": 261.6480580016079}, "K75P-U140": {"K75P-D010": 159.5417440665734}, "K74-U040": {"K74-U050": 138.31195772581776}, "K74-U060": {"K74-U070": 143.20508612903222}, "K75P-D080": {"K75P-U011": 152.27715715022765}, "K75P-U130": {"K75P-U140": 41.80566240267048}, "K74-U080": {"K74-U090": 217.34981966193305}, "K74-U011": {"K74-D100": 158.17276153158258}, "K74-U030": {"K74-U040": 271.9426126344852}, "K73-U080": {"K73-U090": 277.3893929374948, "K73-U110": 151.5009437990343}, "K75P-D060": {"K75P-D070": 189.33640334303692}, "K75P-U120": {"K75P-U130": 62.29414237825853}, "K73-D030": {"K73-D040": 110.95201429364411}, "K75A-D030": {"K75A-D040": 46.71103175049464}, "K73-D020": {"K73-D030": 89.54605376048673}, "K75P-U060": {"K75P-U070": 27.260407656189777}, "K75A-D020": {"K75A-D030": 18.98318920260993}, "K74-D080": {"K74-D090": 155.38381131208166}, "K74-U007": {"K74-U010": 247.1286483130938}, "K73-D120": {"K73-D130": 103.27038834814785}, "K74-D090": {"K74-U011": 68.34785384578808}, "K74-D060": {"K74-D070": 137.6158646883002}, "K74-U020": {"K74-U030": 123.56971019031884}, "K75P-U080": {"K75P-U090": 46.52056865238241}, "K75A-D060": {"K75A-D070": 36.959129574031905}, "K74-D040": {"K74-D050": 69.30545988721568}, "K76-U030": {"K76-U040": 163.1008540778027}, "K73-D150": {"K73-D160": 44.445800027658514}, "K75P-U070": {"K75P-U080": 95.10835601377846}, "K73-D100": {"K73-D110": 194.51700469606394}, "K75A-U010": {"K75A-U020": 43.558508631977645}, "K75P-U020": {"K75P-U030": 115.32080136548332}, "K73-D070": {"K73-D080": 162.68386673151855}, "K73-D130": {"K73-D140": 135.24945583254794}, "K74-U090": {"K74-U100": 190.88935892971134}, "K74-D110": {"K74-U002": 170.01937043212402}, "K75A-D080": {"K75A-D090": 95.23201605362297}, "K75P-U050": {"K75P-U060": 132.60630215831387}, "K74-D070": {"K74-D080": 255.76802823440002}, "K74-U070": {"K74-U080": 156.31583130130207}, "K75A-U030": {"K75A-D010": 210.485270625697}, "K74-U050": {"K74-U060": 220.0852876664528}, "K74-D030": {"K74-D040": 115.54186123644627}, "K75A-D110": {"K75A-U011": 159.51338973248102}, "K74-D050": {"K74-D060": 97.73969188185671}, "K74-U100": {"K74-D010": 98.450358145337}, "K75A-D010": {"K75A-D020": 187.978035217809}, "K74-U004": {"K74-U007": 101.08873126730401}}