{"KF1": {"KF3": 686.7722865761907, "KF5": 767.8871516604192}, "KF2": {"KF4": 1022.6260793091002}, "KF4": {"KF2": 1022.626084310561, "KF6": 250.95805016431837}, "KF6": {"KF4": 250.958037702693}, "KF5": {"KF1": 767.8871517464959}, "KF3": {"KF1": 686.77229671894}}