{"KOB": {"CHH": 30.492, "NTK": 67.25399999999999}, "KOT": {"MKK": 138.00292495226137, "SKM": 137.94, "TAW": 320.6074047928521, "LOF": 23.892}, "KOW": {"HOK": 177.7417619060116, "TSY": 661.6525445347705, "OLY": 121.78277311062041}}