{"LET": {"WCH": 151.0457797096179, "SOH": 99.57321677294938}}