{"LOP": {"TIS": 173.90587641916562}, "LOF": {"WTS": 132.0}, "LOW": {"SHS": 261.7533201024686}}