{"LOP": {"TIS": 173.90587641916562}, "LOF": {"WTS": 132.0, "KOT": 0.0}, "LOW": {"SHS": 261.75375705508776}}