{"NAC": {"MEF": 173.1657087097859, "OLY": 99.78867247205999, "LAK": 297.3171620635353, "AUS": 223.9504828191194}}