{"OLY": {"KOW": 121.78478099420406, "NAC": 67.5571663668}}