{"TAW": {"KOT": 320.61763057163387, "SHT": 117.31209600000003, "CKT": 132.0}, "TAK": {"SWH": 122.32374, "QUB": 140.01900000000003}, "TAP": {"UNI": 430.12171631278216, "TWO": 112.86000000000001}}