{"TIK": {"TKO": 92.50854601517375, "YAT": 141.42199757780037}, "TIH": {"FOH": 132.0, "CAB": 88.69739999999999}, "TIS": {"LOP": 173.90976714657384, "SIH": 389.4368347083129}}