{"YUL": {"LOP": 88.69739999999999, "KSR": 252.1483399532903}}