{"HIK": {"TAW": 144.89830311, "DIH": 333.09145192889775}}