{"HKU": {"SYP": 138.60000000000002, "KET": 126.69604913905432}}