{"K51A-D020": {"K51A-D030": 92.2724}, "K52-nD230": {"K52-nD240": 154.22}, "K53-D090": {"K53-D100": 54.461}, "K53-D040": {"K53-D050": 77.95590000000001}, "K58-U030": {"K58-U040": 293.37}, "K54-U050": {"K54-U060": 344.73120000000006}, "K51A-U100": {"K51A-U110": 198.0}, "K52A-U120": {"K52A-U130": 60.068771950000006}, "K51A-D220": {"K51A-D230": 148.83}, "K52A-D060": {"K52A-D070": 129.34768316859828}, "K52-nD200": {"K52-nD210": 136.4}, "K51A-U230": {"K51A-U240": 24.706}, "K51A-U050": {"K51A-U060": 260.56447999999995}, "K53-U060": {"K53-U070": 71.19199999999998}, "K53-U030": {"K53-U040": 197.94371300000003}, "K54-D030": {"K54-D040": 109.19876000000002}, "K58-U130": {"K58-U140": 86.24000000000001}, "K53-D150": {"K53-D160": 174.724}, "K52-nU250": {"K52-nU260": 50.44600000000001}, "K52-nU240": {"K52-nU250": 73.37109999999998}, "K51-D230": {"K51-D240": 81.95}, "K53-U110": {"K53-U120": 102.48221500000002}, "K51-D140": {"K51-D150": 60.830000000000005}, "K52A-D130": {"K52A-D140": 117.92}, "K52A-D140": {"K52A-D150": 92.18}, "K52-nU260": {"K52-nU270": 74.008}, "K52-nU230": {"K52-nU240": 81.94890000000001}, "K53-U010": {"K53-U020": 283.87590990000007}, "K58-D090": {"K58-D100": 159.19199999999998}, "K52A-U015": {"K52A-U020": 149.0346}, "K51-U170": {"K51-U180": 72.908}, "K53-U080": {"K53-U090": 83.5822328}, "K51-D070": {"K51-D080": 63.195000000000014}, "K53-U070": {"K53-U080": 46.10165164}, "K53-D140": {"K53-D150": 202.29000000000002}, "K52A-D120": {"K52A-D130": 38.61}, "K53-U020": {"K53-U030": 144.1462}, "K52-nU080": {"K52-nU090": 76.703}, "K51A-D160": {"K51A-D170": 178.20000000000002}, "K58-D060": {"K58-D070": 158.4}, "K51-D150": {"K51-D160": 178.09}, "K51A-D240": {"K51A-D250": 64.61059}, "K52A-D040": {"K52A-D050": 13.464000000000002}, "K51A-D200": {"K51A-D210": 262.053}, "K53-D030": {"K53-D040": 83.83100000000002}, "K53-D010": {"K53-D015": 99.946}, "K51-D030": {"K51-D040": 43.78}, "K51-U030": {"K51-U040": 80.2835}, "K53-D120": {"K53-D130": 78.0813}, "K58-D140": {"K58-D150": 43.087}, "K51-D250": {"K51-D260": 114.51000000000002}, "K51-U180": {"K51-U190": 115.50000000000001}, "K52A-D110": {"K52A-D120": 166.09461}, "K54-D010": {"K54-D020": 176.95722000000006}, "K51A-U010": {"K51A-U020": 56.984399999999994}, "K52A-U110": {"K52A-U120": 57.51899999999999}, "K52-nU270": {"K52-nU280": 160.36558789242366}, "K52A-U160": {"K52A-U170": 28.6}, "K58-U023": {"K58-U026": 51.7}, "K54-D060": {"K54-D070": 157.388}, "K51-D010": {"K51-D020": 93.28000000000002}, "K51A-D250": {"K51A-D260": 75.79}, "K52A-D150": {"K52A-D160": 94.93}, "K58-D080": {"K58-D090": 184.6405}, "K51-D220": {"K51-D230": 273.009}, "K51-D280": {"K51-D290": 69.3858}, "K53-D020": {"K53-D030": 101.904}, "K52A-U010": {"K52A-U015": 335.05890000000005}, "K52-nD010": {"K52-nD020": 16.5}, "K58-U040": {"K58-U050": 89.92500000000001}, "K51A-U130": {"K51A-U140": 70.18}, "K52-nU290": {"K52-nU300": 40.92}, "K51A-U220": {"K51A-U230": 84.7}, "K51-D090": {"K51-D100": 94.27000000000001}, "K52-nD250": {"K52-nD260": 211.90400000000005}, "K52A-D010": {"K52A-D020": 277.2164422563302}, "K58-U160": {"K58-U170": 130.9}, "K58-U100": {"K58-U110": 93.94000000000001}, "K51-U060": {"K51-U070": 293.48}, "K52-nD110": {"K52-nD120": 176.0}, "K51A-D040": {"K51A-D050": 104.50000000000001}, "K53-U050": {"K53-U060": 173.70923460000003}, "K58-D010": {"K58-D020": 26.538941000000005}, "K51A-D060": {"K51A-D070": 73.26}, "K58-D193": {"K58-D196": 70.18}, "K58-D030": {"K58-D040": 103.82900000000002}, "K52A-U030": {"K52A-U040": 38.3119}, "K52A-D090": {"K52A-D100": 49.50000000000001}, "K52-nD210": {"K52-nD220": 224.83560000000003}, "K51A-U160": {"K51A-U170": 69.8555}, "K51A-U210": {"K51A-U220": 78.10000000000001}, "K52-nU140": {"K52-nU150": 191.85100000000003}, "K52-nD240": {"K52-nD250": 154.0}, "K52-nD180": {"K52-nD190": 165.0}, "K51A-U070": {"K51A-U080": 227.51300000000006}, "K51-D060": {"K51-D070": 59.18000000000001}, "K52A-U040": {"K52A-U050": 145.11200000000002}, "K52-nU150": {"K52-nU160": 97.68990000000001}, "K54-U040": {"K54-U050": 186.78000000000003}, "K51-U190": {"K51-U200": 82.819}, "K51-D080": {"K51-D090": 114.4}, "K52A-D160": {"K52A-D170": 143.0}, "K53-U130": {"K53-U140": 52.811000000000014}, "K53-U100": {"K53-U110": 76.20467113820003}, "K52-nU120": {"K52-nU140": 129.8}, "K53-U120": {"K53-U130": 81.320013731}, "K51-D240": {"K51-D250": 127.60000000000001}, "K54-D050": {"K54-D060": 92.4}, "K51A-U110": {"K51A-U120": 134.20000000000002}, "K51-U220": {"K51-U230": 65.87899999999999}, "K52A-U170": {"K52A-U180": 275.37054778116794}, "K58-U070": {"K58-U080": 111.3827}, "K52-nU190": {"K52-nU200": 124.19000000000001}, "K51-D020": {"K51-D030": 66.11}, "K51-U230": {"K51-U240": 53.97359}, "K52A-D050": {"K52A-D060": 30.690000000000005}, "K53-U090": {"K53-U100": 127.71000000000004}, "K51-U140": {"K51-U150": 61.05429}, "K51-D260": {"K51-D270": 59.785000000000004}, "K58-U020": {"K58-U023": 104.06000000000002}, "K52A-U130": {"K52A-U140": 81.51}, "K51A-D230": {"K51A-D240": 133.43}, "K52A-U050": {"K52A-U060": 70.18}, "K58-U170": {"K58-U180": 246.40000000000003}, "K52-nD160": {"K52-nD170": 140.8}, "K52A-D020": {"K52A-D030": 25.809299999999997}, "K51A-U030": {"K51A-U040": 84.28200000000001}, "K51-D200": {"K51-D210": 119.9}, "K53-D080": {"K53-D090": 53.900000000000006}, "K58-U180": {"K58-U190": 59.604600000000005}, "K51-U110": {"K51-U120": 141.79000000000002}, "K51-D160": {"K51-D170": 87.78}, "K51-U240": {"K51-U250": 106.07300000000001}, "K51-U070": {"K51-U080": 202.46600000000007}, "K58-D020": {"K58-D030": 107.47}, "K52-nD120": {"K52-nD130": 32.230000000000004}, "K53-D180": {"K53-D190": 79.2}, "K51-U150": {"K51-U160": 89.10000000000001}, "K52A-U100": {"K52A-U110": 74.80000000000001}, "K58-D110": {"K58-D120": 217.46999999999997}, "K53-D130": {"K53-D140": 119.2677684}, "K51-D170": {"K51-D180": 92.65520000000001}, "K58-U110": {"K58-U120": 157.08}, "K51A-U090": {"K51A-U100": 120.98460000000004}, "K53-U040": {"K53-U050": 133.455883}, "K53-U140": {"K53-D010": 80.26128}, "K51A-D210": {"K51A-D220": 81.17999999999999}, "K52-nU210": {"K52-nU220": 69.85}, "K52-nD040": {"K52-nD050": 33.550000000000004}, "K52-nU040": {"K52-nU050": 77.99}, "K52-nD020": {"K52-nD030": 26.283400000000007}, "K51A-U040": {"K51A-U050": 129.04991}, "K51-U090": {"K51-U100": 133.10000000000002}, "K53-D100": {"K53-D110": 91.13522000000002}, "K52-nU170": {"K52-nU180": 126.68700000000001}, "K52-nD170": {"K52-nD180": 130.13000000000002}, "K58-U140": {"K58-U150": 156.75}, "K51A-U200": {"K51A-U210": 62.15000000000001}, "K52-nU280": {"K52-nU290": 46.31}, "K54-U070": {"K54-D010": 174.35}, "K52-nD270": {"K52-nD280": 89.23200000000001}, "K58-D180": {"K58-D190": 318.45}, "K53-D110": {"K53-D120": 185.50400000000005}, "K53-D015": {"K53-D020": 49.537510000000005}, "K51-U130": {"K51-U140": 65.35034000000002}, "K51A-U150": {"K51A-U160": 87.45000000000002}, "K54-D040": {"K54-D050": 149.6}, "K52A-U090": {"K52A-U100": 115.973}, "K51-D050": {"K51-D060": 49.39}, "K51A-D100": {"K51A-D110": 56.760000000000005}, "K51-U210": {"K51-U220": 55.330000000000005}, "K53-D070": {"K53-D080": 82.313}, "K51-D040": {"K51-D050": 75.04420000000002}, "K52A-U150": {"K52A-U160": 26.235000000000003}, "K52-nU160": {"K52-nU170": 53.174}, "K52-nD280": {"K52-nD290": 97.9}, "K58-D050": {"K58-D060": 231.28270000000006}, "K53-D060": {"K53-D070": 162.50300000000001}, "K52-nD030": {"K52-nD040": 37.07}, "K54-U030": {"K54-U040": 141.9}, "K51A-U240": {"K51A-U250": 81.95}, "K51-U120": {"K51-U130": 169.334}, "K51A-D180": {"K51A-D190": 126.50000000000003}, "K54-U010": {"K54-U020": 54.52700000000001}, "K54-U020": {"K54-U030": 116.71000000000001}, "K51-U040": {"K51-U050": 126.18100000000001}, "K52A-D180": {"K52A-D190": 134.64000000000001}, "K52A-U140": {"K52A-U150": 160.36558789242366}, "K51A-U140": {"K51A-U150": 57.39305}, "K51A-D260": {"K51A-D270": 76.56}, "K52A-U060": {"K52A-U070": 152.9}, "K54-U060": {"K54-U070": 188.76000000000002}, "K52A-D070": {"K52A-D080": 64.9}, "K51-U160": {"K51-U170": 129.8}, "K51A-U020": {"K51A-U030": 108.196},