{"K75P-D080": {"K75P-U011": 146.59395097930005}, "K73-D030": {"K73-D040": 134.364747}, "K75P-U130": {"K75P-U140": 42.792529721870494}, "K75P-U040": {"K75P-U050": 106.029}, "K74-U007": {"K74-U010": 240.449}, "K74-U070": {"K74-U080": 161.13405000000003}, "K76-D020": {"K76-D030": 129.2855020963197}, "K73-U080": {"K73-U090": 272.4328616842294, "K73-U110": 151.49555883732006}, "K75P-D020": {"K75P-D030": 36.85095502000001}, "K75A-D040": {"K75A-D050": 48.1447910506981}, "K76-D010": {"K76-D020": 170.41765157068022}, "K74-D100": {"K74-D110": 94.27946}, "K73-U060": {"K73-U070": 130.25485881892985}, "K75P-D040": {"K75P-D050": 162.94615546330002}, "K76-D030": {"K76-D040": 62.910837329019635}, "K75P-D010": {"K75P-D020": 127.76832660135503}, "K76-U030": {"K76-U040": 163.0987700807047}, "K73-U110": {"K73-U120": 213.1904817961737}, "K73-D020": {"K73-D030": 121.40683405399997}, "K73-D050": {"K73-D070": 115.63200000000002}, "K76-U010": {"K76-U020": 49.25463980163316}, "K75P-U080": {"K75P-U090": 48.28750366391601}, "K75P-U020": {"K75P-U030": 112.915}, "K75P-U100": {"K75P-U110": 55.81653426964781}, "K74-D090": {"K74-U011": 75.999}, "K75A-D010": {"K75A-D020": 192.68112599999998}, "K75A-U010": {"K75A-U020": 44.213008846710004}, "K73-D100": {"K73-D110": 199.78640000000004}, "K73-U050": {"K73-U060": 105.76052469593174}, "K75P-D030": {"K75P-D040": 121.68831212285002}, "K75P-U110": {"K75P-U120": 84.2869486257416}, "K73-U090": {"K73-U100": 156.183326004321}, "K73-D070": {"K73-D080": 160.89258516381605}, "K75A-D090": {"K75A-D100": 50.41225411200001}, "K75P-U030": {"K75P-U040": 127.55710000000002}, "K73-D150": {"K73-D160": 54.604000000000006}, "K76-U040": {"K76-U050": 175.65899763062043}, "K73-U100": {"K73-U110": 261.5375767279}, "K75A-U030": {"K75A-D010": 238.09480625699993}, "K75P-U120": {"K75P-U130": 55.15997349997872}, "K73-D140": {"K73-D150": 196.43096}, "K74-U001": {"K74-U004": 206.44720360000002}, "K73-U070": {"K73-U080": 166.5067073277095}, "K73-U040": {"K73-U050": 113.19745099937568, "K73-U060": 195.37044350244304}, "K74-U004": {"K74-U007": 92.54027013000001}, "K76-U020": {"K76-U030": 154.76470281454942}, "K75P-U010": {"K75P-U020": 91.00410000000002}, "K74-D080": {"K74-D090": 195.57890000000003}, "K75P-U050": {"K75P-U060": 155.64153000000002}, "K75A-D060": {"K75A-D070": 39.19084279}, "K73-U020": {"K73-U030": 153.32010397000002}, "K74-D110": {"K74-U002": 212.88289000000003}, "K75P-U070": {"K75P-U080": 120.02049455561}, "K73-U030": {"K73-U040": 91.8553846789933}, "K73-D110": {"K73-D120": 40.35790000000001}, "K75P-D050": {"K75P-D060": 86.77016821}, "K75A-U020": {"K75A-U030": 133.40256820000005}, "K75A-D070": {"K75A-D080": 36.38624}, "K75P-U090": {"K75P-U100": 44.72321040000001}, "K74-D040": {"K74-D050": 85.69}, "K75A-D050": {"K75A-D060": 69.92115339}, "K73-D010": {"K73-D020": 80.24396600000003}, "K73-D080": {"K73-D090": 272.081519314}, "K74-D050": {"K74-D060": 99.5896}, "K74-U040": {"K74-U050": 176.67100000000002}, "K75A-D080": {"K75A-D090": 126.62430000000002}, "K73-U010": {"K73-U020": 73.10226}, "K75A-D110": {"K75A-U011": 162.71993210000005}, "K75A-D030": {"K75A-D040": 45.29404}, "K74-D030": {"K74-D040": 155.611555}, "K73-D130": {"K73-D140": 152.537}, "K75A-D100": {"K75A-D110": 105.21506930000001}, "K74-D070": {"K74-D080": 263.87630499999995}, "K74-U050": {"K74-U060": 252.34000000000006}, "K74-D010": {"K74-D020": 147.64574}, "K74-U060": {"K74-U070": 141.9471817104}, "K73-D040": {"K73-D050": 94.27000000000001}, "K74-U090": {"K74-U100": 198.14850000000004}, "K74-U030": {"K74-U040": 332.93161}, "K74-U010": {"K74-U020": 151.3292264}, "K75P-U140": {"K75P-D010": 140.34858200000002}, "K73-D090": {"K73-D100": 92.0134633}, "K74-D060": {"K74-D070": 148.65776200000002}, "K75P-D070": {"K75P-D080": 98.4336111}, "K75A-D020": {"K75A-D030": 19.063000000000002}, "K74-U100": {"K74-D010": 90.2}, "K75P-D060": {"K75P-D070": 198.55}, "K73-D120": {"K73-D130": 107.95400000000002}, "K74-U020": {"K74-U030": 130.51830000000004}, "K75P-U060": {"K75P-U070": 27.495928030999995}, "K74-U080": {"K74-U090": 199.10000000000002}, "K74-D020": {"K74-D030": 145.02339764528094}}