{"LOF": {"WTS": 121.04400000000003, "KOT": 131.92242812699004}, "LOW": {"SHS": 253.57929632291174}, "LOP": {"YUL": 132.0, "TIS": 174.5414045875813}}