{"NAC": {"LAK": 297.3193955454477, "MEF": 173.1743183221526, "AUS": 223.93750302355602, "OLY": 118.81622939999997}}