{"OLY": {"KOW": 121.76503191716988, "NAC": 137.87116092494065}}