{"SSP": {"CSW": 124.30402857784422, "PRE": 126.2589834}}