{"TSY": {"KOW": 661.6616284085004, "AIR": 1467.4414169402125, "SUN": 690.6339937724717, "LAK": 180.93605452599257}, "TST": {"JOR": 133.04247, "ADM": 176.36977430678184}, "TSH": {"SHM": 216.41288731000813}}