{"TSY": {"KOW": 661.6643116491516, "AIR": 1467.4399331168115, "SUN": 690.6339937724717, "LAK": 180.93605452599257}, "TST": {"JOR": 133.28699999999998, "ADM": 176.36866840760382}, "TSH": {"SHM": 216.4154482528414}}