{"TWO": {"FAN": 412.6363134761742, "TAP": 131.99999999999997}, "TWW": {"MEF": 351.8337472079667, "KSR": 712.0168259252407}, "TWH": {"KWH": 153.52395299999998, "TSW": 74.41905570925167}}