{"TWO": {"FAN": 412.6315187764723, "TAP": 137.2648488552}, "TWW": {"MEF": 351.86908363888983, "KSR": 676.8151433327166}, "TWH": {"KWH": 150.98436500697, "TSW": 71.8434249575815}}