{"UNI": {"TAP": 430.1208310938335, "FOT": 186.4436625244078}}