{"WCH": {"OCP": 127.66974000000002, "LET": 149.35139999999998}}