{"YAT": {"TIK": 141.42117316156995, "QUB": 249.66522649801655, "LAT": 198.00000000000003}}