{"1": {"6": 275.67831150722884, "2": 61.66522669999999}}