{"5": {"305": 95.28350053860001, "6": 153.98644853790003}}