{"CHH": {"DIH": 128.91393152083134, "KOB": 184.93493585307323}, "CHW": {"HFC": 109.48664268762323}}