{"CIO": {"STW": 146.88227926920788, "SHM": 148.02086392625398}}