{"DIS": {"SUN": 198.58233105424586}, "DIH": {"WTS": 114.64860000000002, "HIK": 333.04847328314685, "KAT": 132.0, "CHH": 132.0}}