{"HAH": {"TKO": 43.36332, "POA": 145.84053099474005}}