{"HAH": {"TKO": 52.226988000000006, "POA": 145.84053099474005}}