{"HFC": {"SKW": 142.19333936668787, "CHW": 148.7609599565144}}