{"HKU": {"SYP": 127.21820791534972, "KET": 95.42224874907572}}