{"HUH": {"MKK": 188.37284384568352, "EXC": 199.6446421245841, "HOM": 129.6417, "ETS": 239.23421296157136}}