{"KOW": {"HOK": 177.74146362443506, "OLY": 121.77334543881014, "TSY": 661.6512031683893}, "KOT": {"TAW": 320.60826355961274, "LOF": 93.90933712600001, "MKK": 138.00292495226137, "SKM": 132.0}, "KOB": {"NTK": 172.095}}