{"LOW": {"SHS": 261.7527207161598}, "LOF": {"KOT": 118.8, "WTS": 72.6}, "LOP": {"YUL": 132.0, "TIS": 173.90976714657384}}