{"NAC": {"LAK": 263.24044749937076, "AUS": 223.94681694147485, "OLY": 101.7035127304949, "MEF": 180.36511772087508}}