{"OCP": {"WCH": 129.87548302739998, "ADM": 287.64410852519507}}