{"OCP": {"WCH": 134.43427963638283, "ADM": 287.63195482452943}}