{"OLY": {"KOW": 121.76470958730556, "NAC": 128.13885386148598}}