{"QUB": {"YAT": 249.64281713719765, "TAK": 127.50656222986613, "NOP": 123.31042118183294}}