{"SHT": {"FOT": 155.970941720678, "TAW": 183.91329000000002}, "SHS": {"FAN": 125.73974802308719, "LMC": 525.2483976192904}, "SHM": {"TSH": 216.41829374487838, "CIO": 137.94}, "SHW": {"CEN": 72.6, "SYP": 132.0}}