{"STW": {"CKT": 143.563761, "CIO": 192.06000000000003}}