{"SUN": {"DIS": 198.58232659438863, "TSY": 690.626058161752, "TUC": 823.8779532655604}, "SUW": {"KAT": 132.0, "TKW": 202.4}}