{"SUN": {"DIS": 198.5823315901593, "TSY": 690.6249185542516, "TUC": 823.8788572447271}, "SUW": {"KAT": 132.0, "TKW": 189.02400000000003}}