{"SUN": {"DIS": 198.58222119318197, "TSY": 690.6282878464866, "TUC": 823.8745927943104}, "SUW": {"KAT": 132.0, "TKW": 202.4}}