{"SWH": {"TAK": 90.56546399999999, "SKW": 128.59776600000004}}