{"SYP": {"SHW": 137.16673226371435, "HKU": 116.03393795751575}}