{"TAP": {"TWO": 138.46307925150626, "UNI": 276.2398512403905}, "TAW": {"CKT": 149.64574888119, "KOT": 305.28574485366386, "SHT": 122.65413089096221, "HIK": 161.24730608915456}, "TAK": {"SWH": 107.303268378944, "QUB": 123.37140992301212}}