{"TWO": {"FAN": 280.5643893537695, "TAP": 142.51921044971206}, "TWW": {"MEF": 340.0918717429202, "KSR": 678.0170461869809}, "TWH": {"KWH": 146.951696036927, "TSW": 87.04646888199548}}