{"WCH": {"OCP": 115.01688882009337, "LET": 169.38752441013307}}