{"WCH": {"OCP": 119.1535505667993, "LET": 174.0795007707719}}