{"WTS": {"DIH": 125.25810000000001, "LOF": 132.98999999999998}}