{"AIR": {"TSY": 1467.4428851031587, "AWE": 86.23043049037534}}