{"DIS": {"SUN": 198.58172577752316}, "DIH": {"KAT": 25.080000000000002, "WTS": 0.0, "HIK": 333.01866721492985, "CHH": 0.0}}