{"EXC": {"HUH": 199.68004018788992, "ADM": 58.668994719483656}}