{"HUH": {"MKK": 149.56954072791373, "EXC": 183.97234717715446, "HOM": 64.74568186182, "ETS": 109.22840279999998}}