{"K65A-U120": {"K65A-U130": 92.55889020560024}, "K66-U210": {"K66-U220": 53.469327358489316}, "K65-U020": {"K65-U030": 122.10604036607899}, "K66-U190": {"K66-U200": 65.3413310050216}, "K68-U050": {"K68-U060": 54.267784670000005}, "K66-D190": {"K66-D200": 92.745069868}, "K66-U100": {"K66-U110": 86.86307731190631}, "K65A-D040": {"K65A-D050": 68.38641541690043}, "K65A-U020": {"K65A-U030": 187.98236271570127}, "K65-D040": {"K65-D050": 70.03585531137665}, "K66-D070": {"K66-D080": 67.5686460244826}, "K68-U170": {"K68-D010": 198.57413004000006}, "K65-U070": {"K65-U080": 69.21297379112465}, "K68-D060": {"K68-D070": 99.18260000000001}, "K68-D010": {"K68-D020": 47.42342000000001}, "K68-D130": {"K68-D140": 61.53489355200001}, "K65-D080": {"K65-D090": 65.56614690072556}, "K65-D140": {"K65-D150": 135.7255586465032}, "K65-D050": {"K65-D060": 57.8979864984229}, "K66-U040": {"K66-U050": 122.71042683325621}, "K66-D180": {"K66-D190": 104.16374943531021}, "K65A-D060": {"K65A-D070": 102.97790172975488}, "K65A-D050": {"K65A-D060": 53.73725656438544}, "K65-D010": {"K65-D020": 44.618018490056826}, "K65A-U070": {"K65A-U080": 49.71125152047981}, "K68-U070": {"K68-U080": 27.276685429399997}, "K65-U220": {"K65-U230": 85.69302775906758}, "K65A-U100": {"K65A-U110": 87.41646951316608}, "K68-D190": {"K68-D200": 60.882466339400004}, "K65-U170": {"K65-U180": 56.60538180681133}, "K65A-D090": {"K65A-D100": 129.26951977863888}, "K68-U030": {"K68-U040": 28.785392899999998}, "K66-U090": {"K66-U100": 52.8050297153308}, "K68-U150": {"K68-U160": 104.7480659687}, "K65A-D010": {"K65A-D020": 56.36218161651475}, "K65A-D030": {"K65A-D040": 79.03659136830133}, "K66-D200": {"K66-D210": 149.91419198415946}, "K68-D120": {"K68-D130": 227.84796809917907}, "K65-U120": {"K65-U130": 200.89821119406758}, "K66-D020": {"K66-D030": 70.407713303018}, "K65-D030": {"K65-D040": 85.46991588994767}, "K65-D110": {"K65-D120": 126.9075973972713}, "K65-U080": {"K65-U090": 198.5351932365797}, "K65-U040": {"K65-U050": 84.9175385779438}, "K66-D050": {"K66-D060": 56.018922597000014}, "K65-U210": {"K65-U220": 70.15799150624224}, "K65A-D020": {"K65A-D030": 82.80730048269866}, "K66-U050": {"K66-U060": 63.51409549466628}, "K68-U020": {"K68-U030": 35.905625869299996}, "K66-U170": {"K66-U180": 32.5867568841991}, "K68-U100": {"K68-U110": 210.0932507302}, "K65-D060": {"K65-D070": 85.59640782416594}, "K65-U050": {"K65-U060": 123.96165170686804}, "K65-D020": {"K65-D030": 81.214437550798}, "K65A-U050": {"K65A-U060": 48.425392971682406}, "K66-U160": {"K66-U170": 47.2030456290194}, "K66-D030": {"K66-D040": 86.13814486973567}, "K68-U090": {"K68-U100": 169.71485377000002}, "K68-D200": {"K68-U011": 87.24203400000002}, "K66-D060": {"K66-D070": 57.44838000000001}, "K66-D130": {"K66-D140": 60.94169969878099}, "K65-U100": {"K65-U110": 170.85504151833732}, "K65-D120": {"K65-D130": 73.33172875814583}, "K65-U190": {"K65-U200": 69.58375432181352}, "K68-D170": {"K68-D180": 74.19618206492281}, "K65A-U030": {"K65A-U040": 47.6600983834179}, "K66-D170": {"K66-D180": 196.67044823281387}, "K65A-U110": {"K65A-U120": 84.09101753795778}, "K66-U070": {"K66-U080": 170.57172366308725}, "K65A-D100": {"K65A-D110": 274.24002859222765}, "K65-D170": {"K65-D180": 99.37847817354249}, "K66-U180": {"K66-U190": 60.81782987480949}, "K66-U150": {"K66-U160": 48.22650066238313}, "K66-U060": {"K66-U070": 167.961218392}, "K65A-U040": {"K65A-U050": 113.15914009568647}, "K65-U140": {"K65-U150": 101.18698966760999}, "K66-D110": {"K66-D120": 49.61777053201035}, "K66-D140": {"K66-D150": 77.75763045799376}, "K65-D150": {"K65-D160": 148.8657511325202}, "K66-U110": {"K66-U120": 35.53097379312537}, "K65-U030": {"K65-U040": 98.44260616028679}, "K65-U200": {"K65-U210": 91.58395724200001}, "K65-D090": {"K65-D100": 111.01192392253995}, "K68-U110": {"K68-U120": 246.01959690000007}, "K68-D180": {"K68-D190": 52.553137559999996}, "K65A-U080": {"K65A-U090": 76.72298834090512}, "K68-U010": {"K68-U020": 111.63148084237005}, "K68-D160": {"K68-D170": 82.42487704902001}, "K66-D120": {"K66-D130": 66.94387475840037}, "K65-U130": {"K65-U140": 52.61313042382373}, "K66-U030": {"K66-U040": 214.1291175012694}, "K68-D080": {"K68-D090": 83.34331649600001}, "K65-U160": {"K65-U170": 50.150564537284644}, "K65-U150": {"K65-U160": 47.632568316802825}, "K66-D040": {"K66-D050": 54.21441407321199}, "K68-D020": {"K68-D030": 108.86061009999999}, "K65A-D070": {"K65A-D080": 145.45989651802319}, "K66-D220": {"K66-D230": 87.51823598906923}, "K65A-U090": {"K65A-U100": 63.82674773655227}, "K65-U090": {"K65-U100": 49.49610744427099}, "K66-D210": {"K66-D220": 174.84335810803972}, "K65-U180": {"K65-U190": 76.99874690898778}, "K65A-D080": {"K65A-D090": 77.88636646886573}, "K66-D150": {"K66-D160": 130.090553436515}, "K66-D080": {"K66-D090": 85.13233581161893}, "K66-U120": {"K66-U130": 49.160887803789585}, "K65A-U010": {"K65A-U020": 77.22046190332783}, "K68-U060": {"K68-U070": 93.75592600000002}, "K68-D050": {"K68-D060": 80.43495158380001}, "K65-D180": {"K65-D190": 146.3886626768718}, "K66-D010": {"K66-D020": 49.1063090373964}, "K68-U160": {"K68-U170": 81.74541225212562}, "K66-D090": {"K66-D100": 58.46836308392541}, "K65-U110": {"K65-U120": 110.64248084294388}, "K65A-U060": {"K65A-U070": 52.93462887868323}, "K68-D100": {"K68-D110": 85.04116776099998}, "K68-U120": {"K68-U130": 227.22160833097}, "K66-D100": {"K66-D110": 57.01598764914239}, "K65-D160": {"K65-D170": 151.90704060947508}, "K68-D110": {"K68-D120": 109.90106670120004}, "K65-D070": {"K65-D080": 139.8888907662978}, "K65-D130": {"K65-D140": 142.94998425017195}, "K65-D100": {"K65-D110": 261.81586243612594}, "K68-U080": {"K68-U090": 33.21807884137}, "K66-U080": {"K66-U090": 188.8399017084}, "K68-D140": {"K68-D150": 60.1135359}, "K68-D030": {"K68-D040": 107.2941433}, "K68-D070": {"K68-D080": 218.87661620000003}, "K66-U140": {"K66-U150": 47.271199621797294}, "K68-D150": {"K68-D160": 77.712863}, "K66-D160": {"K66-D170": 148.75061364799998}, "K68-D090": {"K68-D100": 192.06000000000003}, "K68-U140": {"K68-U150": 73.71508903}, "K66-U020": {"K66-U030": 240.41009436630992}, "K68-U040": {"K68-U050": 43.2382588486415}, "K66-U010": {"K66-U020": 168.82184085800003}, "K66-U200": {"K66-U210": 53.98453858677701}, "K66-D230": {"K66-D240": 115.76450600000003}, "K65-U010": {"K65-U020": 257.21740000000005}, "K65-U060": {"K65-U070": 33.75119521192101}, "K66-U130": {"K66-U140": 55.10199611360001}, "K68-D040": {"K68-D050": 117.30809200000002}, "K68-U130": {"K68-U140": 167.45090266999998}}