{"KF1": {"KF3": 686.7713631545215, "KF5": 767.8870836874813}, "KF4": {"KF6": 250.95786588740384, "KF2": 1022.6258633623944}, "KF2": {"KF4": 1022.6260109654322}, "KF3": {"KF1": 686.7714567416589}, "KF6": {"KF4": 250.9576602544874}, "KF5": {"KF1": 767.8871443574874}}