{"KF1": {"KF3": 686.7721585566228, "KF5": 767.8871415864967}, "KF4": {"KF6": 250.95802611501375, "KF2": 1022.6260676662718}, "KF2": {"KF4": 1022.6260719064946}, "KF3": {"KF1": 686.7721585566228}, "KF6": {"KF4": 250.9579732580377}, "KF5": {"KF1": 767.8871505684263}}