{"LAK": {"NAC": 297.32236455084194, "MEF": 126.00247096719697, "TSY": 180.94021573780213, "KWF": 66.0}, "LAT": {"KWT": 11.879999999999999}}