{"LCK": {"CSW": 24.299975007884427, "MEF": 40.63076727406426}}