{"LET": {"WCH": 96.75819487981349, "SOH": 112.8987682166437}}