{"SIH": {"TUM": 154.44793678310293, "TIS": 332.6442253651297}}