{"SUN": {"TUC": 823.8732149873198, "DIS": 198.57938038523093}, "SUW": {"KAT": 0.0}}