{"SUN": {"TUC": 823.8758328206019, "DIS": 198.58189057189685, "TSY": 690.6292020263696}, "SUW": {"KAT": 0.0, "TKW": 132.0}}