{"SYP": {"HKU": 49.52722118833486, "SHW": 32.932259321952}}