{"TAK": {"SWH": 132.0, "QUB": 66.0}, "TAP": {"UNI": 430.12725955667185, "TWO": 128.413197}, "TAW": {"KOT": 320.63346078934666, "CKT": 72.006, "SHT": 19.800000000000004, "HIK": 0.0}}