{"TIK": {"TKO": 74.7060547806432, "YAT": 96.644404772229}, "TIH": {"CAB": 27.530887390554007, "FOH": 73.5468765571308}, "TIS": {"SIH": 326.1923526595466, "LOP": 174.52733096765022}}