{"TKO": {"HAH": 50.691366, "TIK": 3.7369770608579977, "LHP": 128.59608094771255}, "TKW": {"HOM": 125.73000000000002, "SUW": 0.0}}