{"TKO": {"HAH": 73.16850456672569, "TIK": 89.91040776854598, "LHP": 143.60289343397662}, "TKW": {"HOM": 84.28445300000001, "SUW": 30.596346000000004}}