{"TWO": {"FAN": 412.63814685956714, "TAP": 10.550099999999999}, "TWH": {"KWH": 13.035000000000002}, "TWW": {"MEF": 351.8337472079667, "KSR": 712.0282358522812}}