{"YAT": {"TIK": 141.42180271859456, "QUB": 249.65149270946054, "LAT": 6.6}}