{"HUH": {"ETS": 492.68, "MKK": 151.15661844418622, "EXC": 207.69198302283365, "HOM": 135.16000000000003}}