{"KOW": {"HOK": 177.72708309055008, "OLY": 121.82228769715432, "TSY": 661.6643116491516}, "KOT": {"TAW": 320.627041658852, "MKK": 137.99424897781506, "LOF": 104.50000000000003, "SKM": 143.0}}