{"MOK": {"PRE": 92.27249232275801, "YMT": 114.40000000000002}, "MOS": {"HEO": 137.01600000000002}}