{"MOK": {"PRE": 83.49817062961975, "YMT": 106.98896382400002}, "MOS": {"HEO": 150.94386023690166, "WKS": 159.40330086621896}}