{"NAC": {"LAK": 297.3250597337123, "MEF": 173.18177049448954, "AUS": 223.92850142135924, "OLY": 198.00000000000003}}