{"NOP": {"QUB": 120.67357813500004, "FOH": 104.50000000000003}}