{"TAP": {"TWO": 146.3, "UNI": 430.1237770009094}, "TAK": {"SWH": 106.71298000000002, "QUB": 117.7}, "TAW": {"KOT": 320.6243050821675, "HIK": 172.70000000000002, "SHT": 17.6}}