{"TKO": {"LHP": 128.59305536776003, "TIK": 171.20022414000002, "HAH": 132.0}, "TKW": {"HOM": 138.60000000000002}}