{"TSY": {"KOW": 661.6525445347705, "AIR": 1467.4422931230924, "LAK": 180.96315739566143, "SUN": 690.626058161752}, "TSW": {"TWH": 111.82782556000002}, "TST": {"JOR": 133.1, "ADM": 176.3674396307394}, "TSH": {"HEO": 126.50000000000003, "SHM": 216.38983882450867}}