{"TUC": {"SUN": 540.8077212512214}, "TUM": {"SIH": 154.44793678310293}}