{"YAT": {"LAT": 153.87237129, "QUB": 249.6524577997935, "TIK": 141.42117316156995}}