{"1": {"6": 68.74780000000001, "2": 57.617999999999995}}