{"AUS": {"NAC": 214.89622520584217, "ETS": 174.412857201}}