{"DIS": {"SUN": 198.5823334044469}, "DIH": {"WTS": 126.06000000000002, "CHH": 127.05, "KAT": 131.34, "HIK": 333.09145192889775}}