{"DIS": {"SUN": 198.58204302378005}, "DIH": {"WTS": 132.0, "CHH": 132.0, "KAT": 123.20000000000002}}