{"EXC": {"HUH": 199.66341722819013, "ADM": 51.76087758702088}}