{"HKU": {"SYP": 127.24800000000002, "KET": 83.91018261376246}}