{"HOK": {"KOW": 177.740071626634}, "HOM": {"TKW": 191.40000000000003, "YMT": 191.40000000000003, "HUH": 132.0, "WHA": 95.9684295392906}}