{"K51A-U160": {"K51A-U170": 73.28761}, "K53-D030": {"K53-D040": 88.3212407}, "K51A-U190": {"K51A-U200": 66.33219999999999}, "K54-D040": {"K54-D050": 142.52550741000002}, "K51A-D040": {"K51A-D050": 102.46723300000001}, "K51A-D190": {"K51A-D200": 159.66555440000002}, "K52A-U090": {"K52A-U100": 75.61452808129002}, "K54-D060": {"K54-D070": 146.42727148830005}, "K51-U040": {"K51-U050": 135.4936}, "K52-nU170": {"K52-nU180": 161.2753186}, "K51A-U010": {"K51A-U020": 47.104463835000004}, "K51A-D250": {"K51A-D260": 65.9014862}, "K53-D160": {"K53-D170": 927.8693321370001}, "K52-nU270": {"K52-nU280": 160.36478188814678}, "K51A-U240": {"K51A-U250": 60.48724000000001}, "K51-D270": {"K51-D280": 94.809}, "K54-U010": {"K54-U020": 78.35857856200002}, "K53-U130": {"K53-U140": 56.79036848676401}, "K53-U030": {"K53-U040": 161.2411737542375}, "K51-U110": {"K51-U120": 127.78480000000005}, "K52A-U050": {"K52A-U060": 58.66530339999999}, "K52-nU100": {"K52-nU110": 193.66820000000004}, "K53-D140": {"K53-D150": 194.01360000000005}, "K53-D010": {"K53-D015": 109.30040000000001}, "K53-U010": {"K53-U020": 187.76851415839}, "K52A-U015": {"K52A-U020": 289.85375100000005}, "K52-nU260": {"K52-nU270": 94.435}, "K53-D080": {"K53-D090": 47.09760000000001}, "K52-nD260": {"K52-nD270": 30.283000000000005}, "K51A-D090": {"K51A-D100": 74.1708}, "K53-U120": {"K53-U130": 62.83705120973625}, "K52-nU050": {"K52-nU060": 269.71999999999997}, "K52A-D050": {"K52A-D060": 26.20651}, "K51-U010": {"K51-U020": 32.06205773320001}, "K52A-D010": {"K52A-D020": 277.2203155237475}, "K51A-D150": {"K51A-D160": 100.46300000000001}, "K51A-D100": {"K51A-D110": 76.967594}, "K51-D200": {"K51-D210": 134.53000000000003}, "K52-nU120": {"K52-nU140": 102.20847999999998}, "K54-U050": {"K54-U060": 369.43178800000004}, "K52A-D100": {"K52A-D110": 51.87746690499999}, "K51-D040": {"K51-D050": 57.040499999999994}, "K51A-D080": {"K51A-D090": 132.858}, "K52A-U040": {"K52A-U050": 132.817019874}, "K51-U220": {"K51-U230": 63.343500000000006}, "K51-U200": {"K51-U210": 112.60920000000002}, "K53-D190": {"K53-U011": 329.45396}, "K51-U210": {"K51-U220": 50.95970000000001}, "K53-U100": {"K53-U110": 78.322579642098}, "K54-U020": {"K54-U030": 188.33819192540008}, "K53-D015": {"K53-D020": 63.79626}, "K51A-D160": {"K51A-D170": 179.6014}, "K54-D010": {"K54-D020": 107.57215910366199}, "K54-U040": {"K54-U050": 143.91568279000006}, "K51-D280": {"K51-D290": 62.81}, "K52-nU140": {"K52-nU150": 175.07497039999998}, "K52A-U070": {"K52A-U080": 80.54237386140001}, "K51-D260": {"K51-D270": 72.3228}, "K52-nD070": {"K52-nD080": 95.63400000000001}, "K53-U040": {"K53-U050": 114.85881696682797}, "K52-nU030": {"K52-nU040": 123.62449000000001}, "K52-nU160": {"K52-nU170": 35.343}, "K52-nU230": {"K52-nU240": 97.1322}, "K52A-U100": {"K52A-U110": 77.58676419999998}, "K54-U030": {"K54-U040": 132.40282872739996}, "K51-U150": {"K51-U160": 82.04394000000002}, "K53-D150": {"K53-D160": 167.93656000000001}, "K52A-U010": {"K52A-U015": 316.530643}, "K52-nD100": {"K52-nD110": 52.67900000000001}, "K53-U090": {"K53-U100": 102.90588483934}, "K53-D070": {"K53-D080": 72.67204999999998}, "K52A-U170": {"K52A-U180": 275.36287963267864}, "K51A-U220": {"K51A-U230": 81.017948}, "K53-D090": {"K53-D100": 62.96962099999998}, "K52A-D040": {"K52A-D050": 30.756000000000007}, "K51A-U150": {"K51A-U160": 114.42915}, "K51A-D220": {"K51A-D230": 123.2643137}, "K51A-D120": {"K51A-D140": 119.41050000000003}, "K52A-D080": {"K52A-D090": 72.281}, "K53-U060": {"K53-U070": 66.80515852487763}, "K52A-U030": {"K52A-U040": 34.91579850000001}, "K51-D240": {"K51-D250": 137.0677}, "K51-D170": {"K51-D180": 119.08775999999997}, "K53-D120": {"K53-D130": 53.306207900000004}, "K54-U060": {"K54-U070": 203.051212524787}, "K51A-D240": {"K51A-D250": 66.93176600000001}, "K51-U180": {"K51-U190": 112.0702}, "K51A-D260": {"K51A-D270": 56.743610000000004}, "K51-D010": {"K51-D020": 51.43968170000001}, "K53-D100": {"K53-D110": 74.79912000000002}, "K52-nU020": {"K52-nU030": 104.39000000000001}, "K54-D030": {"K54-D040": 58.4417466012314}, "K51A-D180": {"K51A-D190": 139.92000000000002}, "K51-D160": {"K51-D170": 61.27}, "K53-U020": {"K53-U030": 132.68605129400942}, "K54-D050": {"K54-D060": 72.41854310570001}, "K51A-U080": {"K51A-U090": 149.5252}, "K51-U170": {"K51-U180": 75.4303}, "K51-D180": {"K51-D190": 201.4342}, "K51-U240": {"K51-U250": 119.03099999999999}, "K51-D110": {"K51-D120": 79.6697}, "K52-nU290": {"K52-nU300": 26.746499999999997}, "K51A-U090": {"K51A-U100": 142.663587}, "K52-nU070": {"K52-nU080": 99.91248520000002}, "K51A-U130": {"K51A-U140": 80.96000000000001}, "K51-D020": {"K51-D030": 69.30000000000003}, "K52A-U020": {"K52A-U030": 75.5782093}, "K52-nU280": {"K52-nU290": 43.941700000000004}, "K53-U110": {"K53-U120": 89.6439608237373}, "K53-D020": {"K53-D030": 116.42730000000002}, "K52A-U130": {"K52A-U140": 48.999500000000005}, "K53-U140": {"K53-D010": 80.55879400629297}, "K52-nU040": {"K52-nU050": 64.17510000000003}, "K52-nU300": {"K52-nU310": 41.775690000000004}, "K51-D150": {"K51-D160": 201.46456000000003}, "K53-D040": {"K53-D050": 66.802106195}, "K52A-D060": {"K52A-D070": 129.34768316859828}, "K53-U070": {"K53-U080": 53.424917062000006}, "K54-D020": {"K54-D030": 132.8460159479555}, "K53-U080": {"K53-U090": 60.19876945073089}, "K51A-U070": {"K51A-U080": 175.45028259000003}, "K51-U030": {"K51-U040": 55.319}, "K51-U190": {"K51-U200": 85.844}, "K51-D190": {"K51-D200": 177.90300000000002}, "K51-U050": {"K51-U060": 287.43440000000004}, "K52-nD060": {"K52-nD070": 129.34768316859828}, "K52-nU250": {"K52-nU260": 94.25086000000002}, "K51A-D140": {"K51A-D150": 32.67}, "K52A-D160": {"K52A-D170": 178.3727}, "K51-D140": {"K51-D150": 91.58600000000001}, "K51A-U140": {"K51A-U150": 51.2584237}, "K52-nD050": {"K52-nD060": 34.788010763}, "K53-U050": {"K53-U060": 125.66627480000002}, "K52A-U110": {"K52A-U120": 41.000333}, "K51A-U120": {"K51A-U130": 143.363}, "K53-D130": {"K53-D140": 99.78540000000001}, "K51-U090": {"K51-U100": 143.07260000000002}, "K51-U230": {"K51-U240": 36.13984000000001}, "K54-U070": {"K54-D010": 81.07874962}, "K51-D080": {"K51-D090": 131.01}, "K52-nD200": {"K52-nD210": 128.98600000000002}, "K51A-D010": {"K51A-D020": 43.84870600000001}, "K52-nU090": {"K52-nU100": 98.4929}, "K51-D090": {"K51-D100": 92.84}, "K52-nD150": {"K52-nD160": 67.43}, "K51A-D030": {"K51A-D040": 47.78455}, "K51-U070": {"K51-U080": 180.81690000000003}, "K52-nU060": {"K52-nU070": 157.92700000000002}, "K51-D210": {"K51-D220": 149.4372}, "K52A-D150": {"K52A-D160": 138.655}, "K51A-U030": {"K51A-U040": 61.562599999999996}, "K51A-U210": {"K51A-U220": 72.23586700000001}, "K52-nD030": {"K52-nD040": 28.16055}, "K51-U140": {"K51-U150": 53.12565390000002}, "K52-nD180": {"K52-nD190": 173.09138}, "K52A-D120": {"K52A-D130": 41.580000000000005}, "K51A-D230": {"K51A-D240": 134.4409}, "K53-D110": {"K53-D120": 207.0564430000001}, "K52-nU080": {"K52-nU090": 113.85}, "K51A-U170": {"K51A-U180": 73.2325}, "K52-nU180": {"K52-nU190": 73.32138}, "K52-nD080": {"K52-nD090": 73.87798000000001}, "K52-nD290": {"K52-nD300": 90.97}, "K51-D050": {"K51-D060": 65.2773}, "K52-nD040": {"K52-nD050": 40.744}, "K52A-D030": {"K52A-D040": 33.285999999999994}, "K51-D250": {"K51-D260": 104.59900000000002}, "K51A-D020": {"K51A-D030": 101.32408}, "K52A-D140": {"K52A-D150": 105.00688}, "K52-nD160": {"K52-nD170": 175.737595}, "K52-nU110": {"K52-nU120": 170.5}, "K51A-D060": {"K51A-D070": 89.94513}, "K53-D170": {"K53-D180": 299.233}, "K52-nU210": {"K52-nU220": 53.693585}, "K51A-D070": {"K51A-D080": 92.33167372000001}, "K52A-U120": {"K52A-U130": 81.19210000000001}, "K51-U120": {"K51-U130": 133.74848300000005}, "K51A-D170": {"K51A-D180": 194.83354000000003}, "K51-D120": {"K51-D130": 56.426700000000004}, "K52-nD220": {"K52-nD230": 126.39440000000002}, "K53-D050": {"K53-D060": 91.47634703328002}, "K51-D060": {"K51-D070": 64.6822}, "K51-D130": {"K51-D140": 60.47877000000002}, "K51-U020": {"K51-U030": 129.91616}, "K52A-D170": {"K52A-D180": 72.16}, "K52A-D020": {"K52A-D030": 44.347413},