{"K75A-D090": {"K75A-D100": 48.961}, "K75A-U020": {"K75A-U030": 131.81189999999998}, "K75P-D050": {"K75P-D060": 98.69255}, "K73-D140": {"K73-D150": 206.31599999999997}, "K75P-D060": {"K75P-D070": 175.51105000000004}, "K75A-D030": {"K75A-D040": 47.300000000000004}, "K75P-D070": {"K75P-D080": 94.6}, "K75A-U010": {"K75A-U020": 30.261000000000003}, "K75P-D030": {"K75P-D040": 134.45850000000004}, "K73-D150": {"K73-D160": 42.9}, "K73-U050": {"K73-U060": 122.71798000000004}, "K73-D090": {"K73-D100": 83.82000000000002}, "K73-U030": {"K73-U040": 91.16955507000002}, "K74-U004": {"K74-U007": 93.17}, "K73-U110": {"K73-U120": 217.338374}, "K73-U080": {"K73-U110": 151.48186865393546, "K73-U090": 262.38706120000006}, "K73-U060": {"K73-U070": 145.73809677647}, "K73-D080": {"K73-D090": 270.6}, "K75P-U140": {"K75P-D010": 136.18}, "K76-U020": {"K76-U030": 159.266503}, "K73-U070": {"K73-U080": 170.32871778560002}, "K76-D030": {"K76-D040": 53.15927132999999}, "K75A-D020": {"K75A-D030": 14.99124}, "K76-U010": {"K76-U020": 6.688}, "K75P-D040": {"K75P-D050": 153.45}, "K75P-U040": {"K75P-U050": 96.80000000000001}, "K73-U040": {"K73-U060": 223.18890000000002, "K73-U050": 117.10336939839999}, "K75A-U030": {"K75A-D010": 244.8259}, "K73-D050": {"K73-D070": 96.03}, "K73-D110": {"K73-D120": 53.868100000000005}, "K75P-U090": {"K75P-U100": 39.94826}, "K75A-D070": {"K75A-D080": 46.9139}, "K74-U030": {"K74-U040": 310.86}, "K76-U030": {"K76-U040": 163.08542665805479}, "K73-U100": {"K73-U110": 237.96960000000004}, "K73-U020": {"K73-U030": 197.62490000000003}, "K75A-D060": {"K75A-D070": 38.5}, "K76-U040": {"K76-U050": 244.54198551200002}, "K75P-U060": {"K75P-U070": 37.20200000000001}, "K73-U090": {"K73-U100": 118.93882}, "K75P-U070": {"K75P-U080": 94.60000000000001}, "K73-U010": {"K73-U020": 70.19210000000001}, "K76-D010": {"K76-D020": 170.46999712774624}, "K73-D070": {"K73-D080": 158.07}, "K75P-D010": {"K75P-D020": 123.10100000000003}, "K75A-D100": {"K75A-D110": 108.328}, "K75P-U100": {"K75P-U110": 65.989}, "K75P-U130": {"K75P-U140": 31.4358}, "K75P-U030": {"K75P-U040": 123.20000000000002}, "K76-D020": {"K76-D030": 127.523}, "K75P-U120": {"K75P-U130": 47.86540000000001}, "K73-D020": {"K73-D030": 76.0969}, "K74-U001": {"K74-U004": 122.10000000000001}, "K75A-D080": {"K75A-D090": 59.18000000000001}, "K74-U050": {"K74-U060": 251.68}, "K73-D030": {"K73-D040": 109.46100000000001}, "K75P-D020": {"K75P-D030": 32.010000000000005}, "K75A-D110": {"K75A-U011": 203.10399999999998}, "K75A-D050": {"K75A-D060": 100.10000000000001}, "K73-D100": {"K73-D110": 211.42000000000002}, "K75P-U020": {"K75P-U030": 129.8}, "K73-D040": {"K73-D050": 81.4}, "K74-U007": {"K74-U010": 251.90000000000003}, "K74-U040": {"K74-U050": 119.9}, "K75P-D080": {"K75P-U011": 164.23000000000002}, "K75P-U080": {"K75P-U090": 60.50000000000001}, "K75A-D040": {"K75A-D050": 52.800000000000004}}