{"K75A-D090": {"K75A-D100": 54.189463885810014}, "K75A-U020": {"K75A-U030": 134.40298281311001}, "K75P-D050": {"K75P-D060": 105.38023057809501}, "K73-D140": {"K73-D150": 214.12953759999996}, "K75P-D060": {"K75P-D070": 190.1341971156705}, "K75A-D030": {"K75A-D040": 47.911424}, "K75P-D070": {"K75P-D080": 101.266517253}, "K75A-U010": {"K75A-U020": 37.05968189}, "K75P-D030": {"K75P-D040": 144.04602699850005}, "K73-D150": {"K73-D160": 45.10880605000001}, "K73-U050": {"K73-U060": 121.66547701207257}, "K73-D090": {"K73-D100": 86.75779200000002}, "K73-U030": {"K73-U040": 105.0162444818573}, "K74-U004": {"K74-U007": 92.71570000000001}, "K73-U110": {"K73-U120": 225.35611720995348}, "K73-U080": {"K73-U110": 151.4965826215272, "K73-U090": 293.5543726033196}, "K73-U060": {"K73-U070": 147.74995604198625}, "K73-D080": {"K73-D090": 268.29}, "K75P-U140": {"K75P-D010": 149.75134506200007}, "K76-U020": {"K76-U030": 167.38220515607992}, "K73-U070": {"K73-U080": 178.11389500638947}, "K76-D030": {"K76-D040": 54.88222250558622}, "K75A-D020": {"K75A-D030": 24.600937539156}, "K76-U010": {"K76-U020": 9.910125132620681}, "K75P-D040": {"K75P-D050": 160.765962225}, "K75P-U040": {"K75P-U050": 97.73500000000001}, "K73-U040": {"K73-U060": 229.64846729, "K73-U050": 116.7607665373614}, "K75A-U030": {"K75A-D010": 246.468506691}, "K73-D050": {"K73-D070": 98.31583300000001}, "K73-D110": {"K73-D120": 56.626870410000016}, "K75P-U090": {"K75P-U100": 38.590523233609225}, "K75A-D070": {"K75A-D080": 50.621238811000005}, "K74-U030": {"K74-U040": 304.6956}, "K76-U030": {"K76-U040": 163.09995699760017}, "K73-U100": {"K73-U110": 273.29385954615105}, "K73-U020": {"K73-U030": 197.86209988281004}, "K75A-D060": {"K75A-D070": 42.96025217}, "K76-U040": {"K76-U050": 256.1989824224828}, "K75P-U060": {"K75P-U070": 40.07456398}, "K73-U090": {"K73-U100": 125.607250305658}, "K75P-U070": {"K75P-U080": 100.64000331000003}, "K73-U010": {"K73-U020": 70.94240681000001}, "K76-D010": {"K76-D020": 170.41858359889713}, "K73-D070": {"K73-D080": 164.6447}, "K75P-D010": {"K75P-D020": 140.70019624100004}, "K75A-D100": {"K75A-D110": 109.51542322688003}, "K75P-U100": {"K75P-U110": 66.25661194900002}, "K75P-U130": {"K75P-U140": 39.556254754145584}, "K75P-U030": {"K75P-U040": 127.91920899999998}, "K76-D020": {"K76-D030": 144.61524361735124}, "K75P-U120": {"K75P-U130": 60.25295919633254}, "K73-D020": {"K73-D030": 76.98433348100002}, "K74-U001": {"K74-U004": 123.01960000000004}, "K75A-D080": {"K75A-D090": 75.58372800000002}, "K74-U050": {"K74-U060": 245.1108}, "K73-D030": {"K73-D040": 115.70903510100001}, "K75P-D020": {"K75P-D030": 34.17349100000001}, "K75A-D110": {"K75A-U011": 203.957116}, "K75A-D050": {"K75A-D060": 97.14353000000001}, "K73-D100": {"K73-D110": 206.85997199999997}, "K75P-U020": {"K75P-U030": 124.88079999999998}, "K73-D040": {"K73-D050": 83.13834870000001}, "K74-U007": {"K74-U010": 256.696}, "K74-U040": {"K74-U050": 141.05850000000004}, "K75P-D080": {"K75P-U011": 166.02171300000003}, "K75P-U080": {"K75P-U090": 52.22089268000002}, "K75A-D040": {"K75A-D050": 54.93884747010001}, "K73-D010": {"K73-D020": 74.24228350000001}, "K75P-U050": {"K75P-U060": 188.5532}, "K74-D020": {"K74-D030": 145.02339764528094}, "K73-D120": {"K73-D130": 103.598}, "K75P-U110": {"K75P-U120": 90.88912593869902}, "K74-U020": {"K74-U030": 130.13000000000002}, "K73-D130": {"K73-D140": 162.91000000000003}, "K74-D010": {"K74-D020": 168.3}, "K75A-D010": {"K75A-D020": 191.31200000000004}, "K74-U010": {"K74-U020": 164.35100000000003}, "K75P-U010": {"K75P-U020": 103.0447}, "K74-U090": {"K74-U100": 182.60000000000002}, "K74-U060": {"K74-U070": 196.51500000000001}, "K74-U070": {"K74-U080": 169.4}}