{"KOW": {"OLY": 121.81134644478485, "HOK": 177.72993634473812, "TSY": 661.6676242919309}, "KOT": {"MKK": 137.99267530918365, "TAW": 320.61276485345485, "LOF": 132.0, "SKM": 132.0}, "KOB": {"NTK": 6.6}}