{"KWT": {"NTK": 120.93138778508497, "LAT": 112.66566658258526}, "KWH": {"KWF": 129.56397643189166, "TWH": 157.84185197586118}, "KWF": {"KWH": 133.15302902487164, "LAK": 170.49253275497858}}