{"MOK": {"PRE": 122.69297350143202, "YMT": 121.91851113074206}, "MOS": {"HEO": 151.19237794559203, "WKS": 172.95598695570968}}