{"STW": {"CIO": 162.07924607100603, "CKT": 129.11014026663355}}