{"TIK": {"TKO": 195.89052337858644, "YAT": 141.42180271859456}, "TIH": {"FOH": 125.49899999999998, "CAB": 132.0}, "TIS": {"LOP": 173.90155338871207, "SIH": 389.3771584065412}}