{"TST": {"JOR": 122.71911300000002, "ADM": 176.37319717532768}, "TSY": {"KOW": 661.6520970458517, "SUN": 690.6236019477128, "AIR": 1467.4425331701573, "LAK": 180.95555225843535}, "TSH": {"SHM": 216.40344872471127, "HEO": 138.60000000000002}, "TSW": {"TWH": 65.30502}}