{"YMT": {"JOR": 132.0, "MOK": 84.8778546, "HOM": 191.40000000000003}}