{"HOK": {"KOW": 177.74045705896611}, "HOM": {"TKW": 132.0, "HUH": 132.0, "YMT": 37.620000000000005, "WHA": 92.12639243788345}}