{"K17-U020": {"K17-U030": 156.12151276700007}, "K12-D010": {"K12-D020": 162.0833393625259}, "K18-U020": {"K18-U030": 63.23937878354153}, "K18-U010": {"K18-U020": 203.32599481310714}, "K18-D020": {"K18-D030": 33.26508734041373}, "K18-D010": {"K18-D020": 236.85338512634598}, "K12-D020": {"K12-D030": 346.23300140000003}, "K12-U020": {"K12-U030": 222.2024176327168}, "K12-D030": {"K12-D040": 11.681488559400004}, "K17-U010": {"K17-U020": 246.59360000000007}, "K17-D020": {"K17-D030": 12.59440528247}, "K17-U030": {"K17-U040": 22.022261800000003}, "K17-D010": {"K17-D020": 283.98127450000004}, "K12-U010": {"K12-U020": 253.65208192218734}}