{"LAK": {"MEF": 126.00069475086632, "NAC": 297.3209870239808, "KWF": 198.00000000000003, "TSY": 180.92629365878494}, "LAT": {"YAT": 132.0}}