{"LOW": {"SHS": 261.7531409501032}, "LOP": {"TIS": 173.90976714657384, "YUL": 128.7}, "LOF": {"WTS": 132.0}}