{"SIH": {"TIS": 380.4625623879012, "TUM": 154.45469321257505}}