{"SUN": {"DIS": 198.58233387484285, "TSY": 550.3700957162349, "TUC": 823.8868848281829}, "SUW": {"TKW": 134.90566902999998, "KAT": 125.41474000000001}}