{"TIK": {"YAT": 141.4205937615855}, "TIS": {"SIH": 389.45901890279873}, "TIH": {"FOH": 139.70000000000002}}