{"EXC": {"HUH": 179.26108988668645, "ADM": 63.338762492906405}}