{"HKU": {"SYP": 118.98547845886631, "KET": 96.13501788057742}}