{"HUH": {"MKK": 188.36232147417815, "EXC": 199.68004018788992, "HOM": 127.18860000000002, "ETS": 198.00000000000003}}