{"K52-nU280": {"K52-nU290": 39.160000000000004}, "K51-D010": {"K51-D020": 63.36}, "K52A-D120": {"K52A-D130": 44.0}, "K52-nD070": {"K52-nD080": 101.2}, "K51-U210": {"K51-U220": 63.019000000000005}, "K52A-D010": {"K52A-D020": 277.21644225633025}, "K54-D060": {"K54-D070": 180.4}, "K54-D010": {"K54-D020": 133.51800000000003}, "K53-U100": {"K53-U110": 86.35}, "K52A-U090": {"K52A-U100": 91.30000000000001}, "K51A-U120": {"K51A-U130": 167.20000000000002}, "K52-nD180": {"K52-nD190": 180.4}, "K52-nU080": {"K52-nU090": 93.50000000000001}, "K51A-U070": {"K51A-U080": 220.00000000000003}, "K53-D010": {"K53-D015": 92.4}, "K53-U090": {"K53-U100": 84.7}, "K51-U230": {"K51-U240": 59.400000000000006}, "K52-nU120": {"K52-nU140": 121.22000000000003}, "K52-nU100": {"K52-nU110": 210.10000000000002}, "K51-U120": {"K51-U130": 145.20000000000002}, "K52-nD190": {"K52-nD200": 191.4}, "K51A-D090": {"K51A-D100": 68.86000000000001}, "K51A-D220": {"K51A-D230": 136.4}, "K51-U080": {"K51-U090": 221.54000000000002}, "K53-U140": {"K53-D010": 72.622}, "K52A-D160": {"K52A-D170": 156.97000000000003}, "K53-U010": {"K53-U020": 272.36}, "K52A-U070": {"K52A-U080": 87.23}, "K52-nD240": {"K52-nD250": 159.83}, "K54-U050": {"K54-U060": 347.6}, "K53-D040": {"K53-D050": 73.70000000000002}, "K52A-D090": {"K52A-D100": 73.7}, "K52A-D180": {"K52A-D190": 138.82}, "K52A-D130": {"K52A-D140": 84.7}, "K52A-U060": {"K52A-U070": 140.25}, "K51A-D240": {"K51A-D250": 61.710000000000015}, "K53-U060": {"K53-U070": 73.7}, "K51A-D200": {"K51A-D210": 299.20000000000005}, "K52-nU200": {"K52-nU210": 91.30000000000001}, "K51A-U190": {"K51A-U200": 63.800000000000004}, "K52-nD270": {"K52-nD280": 134.20000000000002}, "K52-nD280": {"K52-nD290": 100.10000000000001}, "K51A-U110": {"K51A-U120": 136.4}, "K53-D150": {"K53-D160": 149.60000000000002}, "K51A-D150": {"K51A-D160": 132.11}, "K51A-D250": {"K51A-D260": 91.30000000000001}, "K52-nU250": {"K52-nU260": 72.60000000000001}, "K54-U030": {"K54-U040": 112.2}, "K52A-U030": {"K52A-U040": 33.660000000000004}, "K51-U240": {"K51-U250": 124.30000000000001}, "K53-D030": {"K53-D040": 86.9}, "K52-nU070": {"K52-nU080": 126.50000000000001}, "K54-D050": {"K54-D060": 100.10000000000001}, "K52A-U015": {"K52A-U020": 141.603}, "K51A-U170": {"K51A-U180": 73.7}, "K53-U030": {"K53-U040": 199.10000000000002}, "K52-nU010": {"K52-nU020": 36.300000000000004}, "K52-nU190": {"K52-nU200": 135.3}, "K51-D060": {"K51-D070": 64.9}, "K52A-D100": {"K52A-D110": 57.2}, "K52A-U130": {"K52A-U140": 91.30000000000001}, "K51-D270": {"K51-D280": 102.30000000000001}, "K52A-U100": {"K52A-U110": 81.4}, "K53-D070": {"K53-D080": 33.0}, "K53-D080": {"K53-D090": 69.30000000000001}, "K51A-U160": {"K51A-U170": 66.0}, "K52-nD260": {"K52-nD270": 57.2}, "K51-D130": {"K51-D140": 72.60000000000001}, "K53-D190": {"K53-U011": 443.3}, "K52-nU150": {"K52-nU160": 100.10000000000001}, "K51A-U130": {"K51A-U140": 84.81000000000002}, "K51-U150": {"K51-U160": 100.10000000000001}, "K53-U020": {"K53-U030": 190.3}, "K52A-D110": {"K52A-D120": 141.9}, "K51A-U100": {"K51A-U110": 176.88000000000002}, "K51-D150": {"K51-D160": 202.4}, "K53-D100": {"K53-D110": 77.0}, "K52-nD110": {"K52-nD120": 136.4}, "K53-U080": {"K53-U090": 86.9}, "K53-D180": {"K53-D190": 86.9}, "K53-U120": {"K53-U130": 72.4152}, "K52A-D030": {"K52A-D040": 17.6}, "K52-nD040": {"K52-nD050": 35.2}, "K53-U070": {"K53-U080": 57.2}, "K52-nU060": {"K52-nU070": 191.4}, "K51A-U010": {"K51A-U020": 103.4}, "K52A-U150": {"K52A-U160": 29.590000000000003}, "K52A-U040": {"K52A-U050": 56.1}, "K51A-U230": {"K51A-U240": 36.300000000000004}, "K54-U010": {"K54-U020": 80.30000000000001}, "K51A-U050": {"K51A-U060": 245.3}, "K51-U170": {"K51-U180": 85.80000000000001}, "K51A-D010": {"K51A-D020": 51.7}, "K52-nU030": {"K52-nU040": 165.0}, "K51-U040": {"K51-U050": 133.10000000000002}, "K51A-U140": {"K51A-U150": 53.900000000000006}, "K52-nD200": {"K52-nD210": 148.5}, "K53-D120": {"K53-D130": 68.20000000000002}, "K52A-D070": {"K52A-D080": 79.2}, "K51A-D210": {"K51A-D220": 79.2}, "K51A-U030": {"K51A-U040": 74.8}, "K54-D030": {"K54-D040": 64.9}, "K52-nD080": {"K52-nD090": 69.30000000000001}, "K53-U130": {"K53-U140": 61.60000000000001}, "K53-U050": {"K53-U060": 155.10000000000002}}