{"K65-D010": {"K65-D020": 43.53836672003936}, "K68-U130": {"K68-U140": 154.12480424000006}, "K66-D010": {"K66-D020": 15.332763080399996}, "K65A-D100": {"K65A-D110": 204.98324609206784}, "K65A-U120": {"K65A-U130": 81.66299797801663}, "K65-U080": {"K65-U090": 158.23906762800002}, "K68-D120": {"K68-D130": 176.2207194}, "K65A-U110": {"K65A-U120": 69.6110646742977}, "K66-U190": {"K66-U200": 69.90511731640385}, "K65-D040": {"K65-D050": 77.14817403859999}, "K66-D230": {"K66-D240": 94.38643370144199}, "K65-U210": {"K65-U220": 78.68539215129695}, "K65A-D060": {"K65A-D070": 75.04847096412168}, "K65A-D010": {"K65A-D020": 334.0719962755869}, "K66-D130": {"K66-D140": 36.714021509000005}, "K65A-D020": {"K65A-D030": 71.13031830541591}, "K66-U140": {"K66-U150": 46.870793060828035}, "K68-D200": {"K68-U011": 75.228692}, "K66-D220": {"K66-D230": 80.04852485613128}, "K65A-U060": {"K65A-U070": 47.19293096818292}, "K65A-U050": {"K65A-U060": 53.125210472711686}, "K65A-D080": {"K65A-D090": 52.57814671657577}, "K65-U110": {"K65-U120": 117.77136612810102}, "K65A-D050": {"K65A-D060": 55.20648207821945}, "K65-D120": {"K65-D130": 75.32619321212488}, "K66-U010": {"K66-U020": 134.69950558273004}, "K66-D190": {"K66-D200": 99.88630745246653}, "K65A-U100": {"K65A-U110": 50.85975071621634}, "K65-U160": {"K65-U170": 53.75497945916002}, "K68-U170": {"K68-D010": 156.52624625799}, "K65-U010": {"K65-U020": 358.03253200000006}, "K65-D050": {"K65-D060": 62.70246484354301}, "K68-U060": {"K68-U070": 96.59830432851001}, "K65-U140": {"K65-U150": 105.65372640486571}, "K65-U100": {"K65-U110": 154.52774071597085}, "K65-D180": {"K65-D190": 129.68140498486179}, "K65A-U040": {"K65A-U050": 82.75087208240978}, "K66-U090": {"K66-U100": 52.52360406360001}, "K65A-D030": {"K65A-D040": 55.25809789570832}, "K68-D190": {"K68-D200": 48.7931276438199}, "K65-U030": {"K65-U040": 123.41302980912118}, "K65-U200": {"K65-U210": 65.0477839445605}, "K68-D050": {"K68-D060": 79.20127325000001}, "K65-D110": {"K65-D120": 120.23229130379532}, "K65A-D090": {"K65A-D100": 98.18042145210094}, "K65A-D040": {"K65A-D050": 65.91907363380551}, "K65A-U090": {"K65A-U100": 38.390778181879355}, "K65-U150": {"K65-U160": 53.26552223734277}, "K65-U190": {"K65-U200": 56.86770193906064}, "K66-U040": {"K66-U050": 146.29818655559703}, "K65A-U070": {"K65A-U080": 39.67847072398935}, "K65-D090": {"K65-D100": 99.40484743540252}, "K65A-U010": {"K65A-U020": 52.82490852016143}, "K66-U050": {"K66-U060": 57.26286024030001}, "K65-U070": {"K65-U080": 69.95396124626805}, "K65-D070": {"K65-D080": 127.00334429160372}, "K65A-U030": {"K65A-U040": 26.8122970252689}, "K66-U080": {"K66-U090": 192.43936011676624}, "K68-D100": {"K68-D110": 93.91017679646001}, "K65A-U020": {"K65A-U030": 164.07464641880236}, "K65-U170": {"K65-U180": 48.612438679035954}, "K66-U180": {"K66-U190": 60.44795829911966}, "K68-U160": {"K68-U170": 68.71695192163601}, "K65-D150": {"K65-D160": 113.20790025412558}, "K65A-D070": {"K65A-D080": 108.68193889173786}, "K68-D030": {"K68-D040": 94.09920145169062}, "K66-D060": {"K66-D070": 51.247476588063805}, "K66-D120": {"K66-D130": 79.86767965879001}, "K66-D090": {"K66-D100": 52.38247174955618}, "K65-D020": {"K65-D030": 87.50635352090367}, "K66-D030": {"K66-D040": 79.53120127720098}, "K68-U120": {"K68-U130": 229.59310000000005}, "K66-D020": {"K66-D030": 69.9299109400688}, "K68-D010": {"K68-D020": 42.20312}, "K65-U060": {"K65-U070": 133.85349907462924}, "K68-U020": {"K68-U030": 34.61886474090001}, "K66-U200": {"K66-U210": 61.347566882149295}, "K66-U110": {"K66-U120": 41.435868112463666}, "K66-U100": {"K66-U110": 78.252499135779}, "K65-D170": {"K65-D180": 127.45828590947107}, "K68-D140": {"K68-D150": 45.353026619230015}, "K66-U150": {"K66-U160": 59.96219300704654}, "K65-D160": {"K65-D170": 164.18859058230544}, "K66-D170": {"K66-D180": 245.1948664}, "K65-D130": {"K65-D140": 105.86622346266003}, "K66-D100": {"K66-D110": 51.06914522859525}, "K66-D050": {"K66-D060": 62.75854032623998}, "K65-D140": {"K65-D150": 110.96432101420282}, "K65-U120": {"K65-U130": 178.62916818266305}, "K66-U030": {"K66-U040": 225.55226455922192}, "K66-U170": {"K66-U180": 35.99993773738121}, "K68-D160": {"K68-D170": 81.54564273485002}, "K65-U050": {"K65-U060": 111.65193742002464}, "K66-U070": {"K66-U080": 191.09536414172803}, "K68-U080": {"K68-U090": 47.416908000000014}, "K68-U050": {"K68-U060": 51.319745926899984}, "K66-U210": {"K66-U220": 58.2462090041689}, "K68-D150": {"K68-D160": 50.69352035000001}, "K66-D150": {"K66-D160": 146.66567157528}, "K65-D080": {"K65-D090": 64.1149717276792}, "K66-U130": {"K66-U140": 45.55058900981161}, "K66-D200": {"K66-D210": 136.68779166438}, "K66-D110": {"K66-D120": 47.18402811820628}, "K68-D070": {"K68-D080": 323.75563230916407}, "K65-U220": {"K65-U230": 88.09326948191665}, "K68-U110": {"K68-U120": 201.43528500000002}, "K68-D090": {"K68-D100": 117.46649296800001}, "K68-U140": {"K68-U150": 49.045386679619995}, "K68-D170": {"K68-D180": 50.7973}, "K66-U060": {"K66-U070": 208.69039797000605}, "K66-D210": {"K66-D220": 156.41147166191524}, "K66-D040": {"K66-D050": 39.40155218475301}, "K66-D070": {"K66-D080": 59.42409392456583}, "K65-U130": {"K65-U140": 27.392143021100004}, "K68-D080": {"K68-D090": 172.97334999999998}, "K65-U040": {"K65-U050": 107.02701977229431}, "K65-D100": {"K65-D110": 233.27528092470007}, "K68-D110": {"K68-D120": 83.2593430545}, "K66-U120": {"K66-U130": 54.70894717241201}, "K66-D140": {"K66-D150": 108.86371056860972}, "K65A-U080": {"K65A-U090": 57.811526399560286}, "K66-D160": {"K66-D170": 176.19333155}, "K68-D040": {"K68-D050": 109.53475194010002}, "K68-U010": {"K68-U020": 103.969756}, "K66-U160": {"K66-U170": 68.3416493162499}, "K65-D060": {"K65-D070": 87.54170607020181}, "K68-D060": {"K68-D070": 107.5921}, "K68-U070": {"K68-U080": 35.286481273999996}, "K66-D180": {"K66-D190": 61.9057111801}, "K65-U090": {"K65-U100": 57.19849270641}, "K68-U030": {"K68-U040": 34.20857440000001}, "K65-U020": {"K65-U030": 177.62643915222827}, "K65-U180": {"K65-U190": 74.48561654011992}, "K66-D080": {"K66-D090": 69.22037990000001}, "K68-D180": {"K68-D190": 35.96234953343}, "K68-D130": {"K68-D140": 55.07727000000001}, "K68-U150": {"K68-U160": 81.60767029999998}, "K65-D030": {"K65-D040": 65.74680927993832}, "K68-U040": {"K68-U050": 67.66999030000001}, "K66-U020": {"K66-U030": 197.9359483}, "K68-U090": {"K68-U100": 146.85132000000002}, "K68-U100": {"K68-U110": 213.74151699999993}, "K68-D020": {"K68-D030": 81.30993500000001}}