{"K65-D010": {"K65-D020": 43.53836672003936}, "K68-U130": {"K68-U140": 154.12480424000006}, "K66-D010": {"K66-D020": 15.332763080399996}, "K65A-D100": {"K65A-D110": 204.88878640111744}, "K65A-U120": {"K65A-U130": 81.25702836219348}, "K65-U080": {"K65-U090": 158.23906762800002}, "K68-D120": {"K68-D130": 176.2207194}, "K65A-U110": {"K65A-U120": 68.24995820686793}, "K66-U190": {"K66-U200": 66.72483052365843}, "K65-D040": {"K65-D050": 77.14817403859999}, "K66-D230": {"K66-D240": 92.7477903312978}, "K65-U210": {"K65-U220": 78.61685293616725}, "K65A-D060": {"K65A-D070": 75.04847096412168}, "K65A-D010": {"K65A-D020": 334.0719962755869}, "K66-D130": {"K66-D140": 37.63835742229001}, "K65A-D020": {"K65A-D030": 70.7798018401834}, "K66-U140": {"K66-U150": 45.87680814134363}, "K68-D200": {"K68-U011": 75.228692}, "K66-D220": {"K66-D230": 80.44367237051816}, "K65A-U060": {"K65A-U070": 47.073637871364625}, "K65A-U050": {"K65A-U060": 51.592750591146135}, "K65A-D080": {"K65A-D090": 52.57814671657577}, "K65-U110": {"K65-U120": 117.0942295152909}, "K65A-D050": {"K65A-D060": 54.08017289151978}, "K65-D120": {"K65-D130": 75.32619321212488}, "K66-U010": {"K66-U020": 134.12955502445703}, "K66-D190": {"K66-D200": 96.65711813284808}, "K65A-U100": {"K65A-U110": 49.70275827212173}, "K65-U160": {"K65-U170": 53.07948151324401}, "K68-U170": {"K68-D010": 156.52624625799}, "K65-U010": {"K65-U020": 368.4292788000001}, "K65-D050": {"K65-D060": 62.00899652326983}, "K68-U060": {"K68-U070": 98.93847389565902}, "K65-U140": {"K65-U150": 103.78835376437914}, "K65-U100": {"K65-U110": 152.26072298194276}, "K65-D180": {"K65-D190": 130.5132644863756}, "K65A-U040": {"K65A-U050": 82.75087208240978}, "K66-U090": {"K66-U100": 52.32411929151601}, "K65A-D030": {"K65A-D040": 52.57262580379311}, "K68-D190": {"K68-D200": 48.7931276438199}, "K65-U030": {"K65-U040": 113.87455414538815}, "K65-U200": {"K65-U210": 64.64300555010445}, "K68-D050": {"K68-D060": 78.88114592500001}, "K65-D110": {"K65-D120": 120.23229130379532}, "K65A-D090": {"K65A-D100": 90.24687451472343}, "K65A-D040": {"K65A-D050": 65.04800467904423}, "K65A-U090": {"K65A-U100": 40.82653032732228}, "K65-U150": {"K65-U160": 52.63897001360849}, "K65-U190": {"K65-U200": 56.86770193906064}, "K66-U040": {"K66-U050": 144.76836790003733}, "K65A-U070": {"K65A-U080": 39.39560515778824}, "K65-D090": {"K65-D100": 98.36436269186227}, "K65A-U010": {"K65A-U020": 52.142417668145285}, "K66-U050": {"K66-U060": 57.43657421627}, "K65-U070": {"K65-U080": 71.96270860947712}, "K65-D070": {"K65-D080": 124.90300986244335}, "K65A-U030": {"K65A-U040": 27.737164531421037}, "K66-U080": {"K66-U090": 192.8954241050896}, "K68-D100": {"K68-D110": 93.91017679646001}, "K65A-U020": {"K65A-U030": 163.26718177692211}, "K65-U170": {"K65-U180": 48.54607533001912}, "K66-U180": {"K66-U190": 56.50284622228693}, "K68-U160": {"K68-U170": 68.71695192163601}, "K65-D150": {"K65-D160": 110.78711022871303}, "K65A-D070": {"K65A-D080": 110.02013345207688}, "K68-D030": {"K68-D040": 94.09920145169062}, "K66-D060": {"K66-D070": 50.26045603633169}, "K66-D120": {"K66-D130": 78.35282052361991}, "K66-D090": {"K66-D100": 49.576821905426456}, "K65-D020": {"K65-D030": 87.4557181688133}, "K66-D030": {"K66-D040": 79.87808114948089}, "K68-U120": {"K68-U130": 217.03379000000004}, "K66-D020": {"K66-D030": 69.40322786145573}, "K68-D010": {"K68-D020": 41.56207448}, "K65-U060": {"K65-U070": 116.0713342504497}, "K68-U020": {"K68-U030": 33.556978266810006}, "K66-U200": {"K66-U210": 61.012810193934364}, "K66-U110": {"K66-U120": 39.33305317109557}, "K66-U100": {"K66-U110": 77.50452429998099}, "K65-D170": {"K65-D180": 127.08121158667157}, "K68-D140": {"K68-D150": 45.353026619230015}, "K66-U150": {"K66-U160": 59.16597370634188}, "K65-D160": {"K65-D170": 164.18859058230544}, "K66-D170": {"K66-D180": 244.27784178399997}, "K65-D130": {"K65-D140": 103.44164100475464}, "K66-D100": {"K66-D110": 51.06914522859525}, "K66-D050": {"K66-D060": 61.68268629361599}, "K65-D140": {"K65-D150": 109.3811000215043}, "K65-U120": {"K65-U130": 178.62916818266305}, "K66-U030": {"K66-U040": 222.39703810329974}, "K66-U170": {"K66-U180": 35.79994396364309}, "K68-D160": {"K68-D170": 81.54564273485002}, "K65-U050": {"K65-U060": 111.65193742002464}, "K66-U070": {"K66-U080": 191.09536414172803}, "K68-U080": {"K68-U090": 47.17521720000001}, "K68-U050": {"K68-U060": 51.987771334209995}, "K66-U210": {"K66-U220": 54.6694292933768}, "K68-D150": {"K68-D160": 54.42416831500001}, "K66-D150": {"K66-D160": 147.099104417752}, "K65-D080": {"K65-D090": 62.584659655477296}, "K66-U130": {"K66-U140": 45.55058900981161}, "K66-D200": {"K66-D210": 135.01901249794201}, "K66-D110": {"K66-D120": 45.76562530638565}, "K68-D070": {"K68-D080": 299.5520621704229}, "K65-U220": {"K65-U230": 87.78394253372498}, "K68-U110": {"K68-U120": 199.19175650000003}, "K68-D090": {"K68-D100": 117.46649296800001}, "K68-U140": {"K68-U150": 47.04084801165799}, "K68-D170": {"K68-D180": 50.7973}, "K66-U060": {"K66-U070": 206.6213581730054}, "K66-D210": {"K66-D220": 157.67032449572372}, "K66-D040": {"K66-D050": 39.40155218475301}, "K66-D070": {"K66-D080": 58.58168453210925}, "K65-U130": {"K65-U140": 27.427635847091004}, "K68-D080": {"K68-D090": 167.67601499999998}, "K65-U040": {"K65-U050": 104.52431779506487}, "K65-D100": {"K65-D110": 233.27528092470007}, "K68-D110": {"K68-D120": 83.2593430545}, "K66-U120": {"K66-U130": 54.63805245517081}, "K66-D140": {"K66-D150": 107.98960556057386}, "K65A-U080": {"K65A-U090": 52.19733638364384}, "K66-D160": {"K66-D170": 176.19333155}, "K68-D040": {"K68-D050": 109.53475194010002}, "K68-U010": {"K68-U020": 102.1727804}, "K66-U160": {"K66-U170": 63.956735946162425}, "K65-D060": {"K65-D070": 85.39878191686347}, "K68-D060": {"K68-D070": 107.5921}, "K68-U070": {"K68-U080": 36.1578331466}, "K66-D180": {"K66-D190": 66.21514006209}, "K65-U090": {"K65-U100": 56.678643435769004}, "K68-U030": {"K68-U040": 34.20857440000001}, "K65-U020": {"K65-U030": 174.26379523700544}, "K65-U180": {"K65-U190": 74.48561654011992}, "K66-D080": {"K66-D090": 68.29834191}, "K68-D180": {"K68-D190": 35.008552809870466}, "K68-D130": {"K68-D140": 55.07727000000001}, "K68-U150": {"K68-U160": 81.60767029999998}, "K65-D030": {"K65-D040": 66.88491551675006}, "K68-U040": {"K68-U050": 67.66999030000001}, "K66-U020": {"K66-U030": 199.3633063107}, "K68-U090": {"K68-U100": 146.85132000000002}, "K68-U100": {"K68-U110": 213.74151699999993}, "K68-D020": {"K68-D030": 81.30993500000001}}