{"KOT": {"TAW": 215.65507312330345, "LOF": 32.0451051, "MKK": 141.24726088064753, "SKM": 41.27885684247923}, "KOB": {"NTK": 105.428893909, "CHH": 69.78331367555998}, "KOW": {"TSY": 520.1660584847978, "HOK": 177.74210006332282, "OLY": 120.67218748477421}}