{"KOT": {"TAW": 231.13562147251173, "LOF": 11.413709999999998, "MKK": 136.80736145404143, "SKM": 32.53206315831025}, "KOB": {"NTK": 105.428893909, "CHH": 50.00409095748147}, "KOW": {"TSY": 588.3206950250318, "HOK": 177.74210006332282, "OLY": 120.82986109231383}}