{"LAK": {"NAC": 297.3193955454477, "MEF": 126.00069475086632, "TSY": 180.95555225843535, "KWF": 161.95014000000006}, "LAT": {"YAT": 13.2, "KWT": 106.82560900000003}}