{"LET": {"WCH": 125.41991944671948, "SOH": 105.90629209593764}}