{"LOW": {"SHS": 238.4992825829094}, "LOF": {"KOT": 60.74566965479998, "WTS": 92.49505830300167}, "LOP": {"TIS": 173.83673919628743, "YUL": 125.15400000000002}}