{"QUB": {"NOP": 122.6580315114664, "YAT": 208.6008496958546, "TAK": 109.59043883017213}}