{"QUB": {"NOP": 120.43900000000001, "YAT": 249.66522649801655, "TAK": 121.43967}}