{"QUB": {"NOP": 122.39222836031976, "YAT": 203.910019428278, "TAK": 109.59043883017213}}