{"SHS": {"LOW": 261.7545636149237, "FAN": 147.3806584034191, "LMC": 525.2510779630485}, "SHT": {"FOT": 131.84789332392972, "TAW": 112.48246906632266}, "SHW": {"SYP": 82.70103770720002, "CEN": 83.86768940000003}, "SHM": {"TSH": 216.39410975540403, "CIO": 71.83}}