{"TSY": {"AIR": 1467.438586142023, "LAK": 180.92058554930682, "KOW": 661.6695615099304, "SUN": 690.6355419441308}, "TST": {"ADM": 176.36607432311223}}