{"TWW": {"MEF": 351.82771904869134, "KSR": 712.0309122549204}, "TWO": {"FAN": 412.6342938265084, "TAP": 132.0}, "TWH": {"KWH": 38.563809570000004}}