{"YAT": {"TIK": 139.82024049356113, "QUB": 197.08268133254776, "LAT": 16.551631800000003}}