{"YMT": {"MOK": 56.367336664134235, "JOR": 110.40101974560002, "HOM": 103.70278441272407}}