{"K66-U170": {"K66-U180": 36.77988318029153}, "K68-U100": {"K68-U110": 199.04990456206113}, "K66-D170": {"K66-D180": 205.61407239598503}, "K66-D020": {"K66-D030": 67.32989839703646}, "K65-D070": {"K65-D080": 93.90676951540001}, "K68-U060": {"K68-U070": 68.42090773540001}, "K65-U020": {"K65-U030": 119.58552170191004}, "K66-U210": {"K66-U220": 52.119936703825644}, "K66-U180": {"K66-U190": 69.99614843185836}, "K66-U040": {"K66-U050": 121.10078978535998}, "K66-U140": {"K66-U150": 49.99322413733999}, "K68-U140": {"K68-U150": 36.63462855770298}, "K65-D170": {"K65-D180": 80.33479182379409}, "K65-U050": {"K65-U060": 108.15056632796541}, "K65-U080": {"K65-U090": 123.6036303146121}, "K65-D010": {"K65-D020": 39.67430217324181}, "K68-D080": {"K68-D090": 79.61549096409645}, "K65-U150": {"K65-U160": 52.2113304601869}, "K65-U130": {"K65-U140": 35.39617402954356}, "K65-U170": {"K65-U180": 55.36734743243496}, "K66-D070": {"K66-D080": 37.437245453894946}, "K66-D180": {"K66-D190": 68.79060825770001}, "K68-U090": {"K68-U100": 124.53852839999999}, "K65-U210": {"K65-U220": 88.01106156506842}, "K65-U110": {"K65-U120": 119.11358271109188}, "K68-D200": {"K68-U011": 82.91131321}, "K66-D160": {"K66-D170": 132.4622649100593}, "K66-U200": {"K66-U210": 63.35826850628041}, "K66-U130": {"K66-U140": 58.783436861113515}, "K66-U120": {"K66-U130": 57.34091265785482}, "K68-D120": {"K68-D130": 168.08749210000002}, "K65-D040": {"K65-D050": 62.77995009520687}, "K65-D020": {"K65-D030": 59.847063681884855}, "K66-U150": {"K66-U160": 61.72555856770348}, "K66-U010": {"K66-U020": 125.07347322326791}, "K66-U100": {"K66-U110": 77.38760402345689}, "K66-U160": {"K66-U170": 43.226809528265015}, "K65-D100": {"K65-D110": 206.7206954796696}, "K68-U010": {"K68-U020": 93.4303314615}, "K68-D190": {"K68-D200": 34.46111114650001}, "K68-U030": {"K68-U040": 30.883536668400005}, "K65-U190": {"K65-U200": 46.414285967062725}, "K65-D120": {"K65-D130": 65.35714272315874}, "K66-U030": {"K66-U040": 173.21437510700812}, "K65-U060": {"K65-U070": 37.541527311475654}, "K66-U090": {"K66-U100": 55.9471211049619}, "K68-D060": {"K68-D070": 89.65120053740404}, "K65-D030": {"K65-D040": 51.73575563050199}, "K65-D110": {"K65-D120": 123.0636632078772}, "K68-U040": {"K68-U050": 56.0005573809}, "K65-U220": {"K65-U230": 79.5836433557019}, "K66-D200": {"K66-D210": 112.26091117065}, "K66-D100": {"K66-D110": 35.69041437255023}, "K68-D150": {"K68-D160": 70.93353330411418}, "K66-D050": {"K66-D060": 28.14274966346691}, "K68-D100": {"K68-D110": 95.87380329999999}, "K65-D060": {"K65-D070": 68.32734525657449}, "K66-D090": {"K66-D100": 33.65321651717372}, "K65-D050": {"K65-D060": 65.5719409124457}, "K66-D130": {"K66-D140": 27.83293220092001}, "K65-U100": {"K65-U110": 136.0706202006059}, "K66-D150": {"K66-D160": 85.65487086243448}, "K66-D140": {"K66-D150": 82.69343694400452}, "K65-D140": {"K65-D150": 93.82154148218574}, "K66-D080": {"K66-D090": 53.646179723756156}, "K66-U110": {"K66-U120": 44.09552753912511}, "K65-D130": {"K65-D140": 79.00276254097253}, "K68-D180": {"K68-D190": 29.973269655000003}, "K68-U150": {"K68-U160": 89.04280000000001}, "K66-D010": {"K66-D020": 37.56354481381554}, "K66-D030": {"K66-D040": 68.36521318297935}, "K65-D160": {"K65-D170": 139.73797514929998}, "K65-D090": {"K65-D100": 80.08861555799649}, "K66-U020": {"K66-U030": 183.3673511159001}, "K68-D090": {"K68-D100": 139.96354581}, "K66-D230": {"K66-D240": 83.50060364000001}, "K65-U180": {"K65-U190": 68.41398069951501}, "K68-D170": {"K68-D180": 30.55414219}, "K65-D080": {"K65-D090": 47.14237864000046}, "K66-D110": {"K66-D120": 29.583611760691745}, "K68-U020": {"K68-U030": 30.987241219000015}, "K68-U070": {"K68-U080": 33.43983940000001}, "K65-U200": {"K65-U210": 61.60253383663455}, "K66-D040": {"K66-D050": 31.491583630000008}, "K66-U080": {"K66-U090": 161.91478351554002}, "K66-D210": {"K66-D220": 131.33164218593112}, "K66-U190": {"K66-U200": 65.94038910013174}, "K68-D160": {"K68-D170": 89.28199318591302}, "K68-D010": {"K68-D020": 58.9592763}, "K68-D130": {"K68-D140": 64.21010045747002}, "K65-D180": {"K65-D190": 103.79068478935251}, "K68-D070": {"K68-D080": 191.65438630030002}, "K65-D150": {"K65-D160": 90.52292975411066}, "K65-U030": {"K65-U040": 94.11399038701886}, "K66-U050": {"K66-U060": 42.91129377414188}, "K65-U090": {"K65-U100": 58.56949543332745}, "K68-U130": {"K68-U140": 159.31300000000002}, "K68-U170": {"K68-D010": 141.8410807}, "K66-U070": {"K66-U080": 190.3200196542568}, "K68-U120": {"K68-U130": 142.16758710000005}, "K66-D220": {"K66-D230": 79.12524358913363}, "K68-D020": {"K68-D030": 79.84733361000004}, "K65-U120": {"K65-U130": 215.5714882233}, "K66-D060": {"K66-D070": 33.00305074802999}, "K68-U160": {"K68-U170": 78.288340351}, "K66-D120": {"K66-D130": 50.74939466599992}, "K68-U110": {"K68-U120": 185.35539000000003}, "K65-U010": {"K65-U020": 269.29691611479996}, "K68-D050": {"K68-D060": 44.931568682}, "K65-U070": {"K65-U080": 67.04570833696337}, "K65-U040": {"K65-U050": 89.78217006000003}, "K65-U160": {"K65-U170": 62.457906286294815}, "K68-D040": {"K68-D050": 91.9524073853}, "K66-U060": {"K66-U070": 176.8565359}, "K66-D190": {"K66-D200": 72.48907666}, "K68-D030": {"K68-D040": 67.265}, "K68-D140": {"K68-D150": 38.953177999999994}, "K68-U080": {"K68-U090": 45.62441840000001}, "K65-U140": {"K65-U150": 104.44503711777391}, "K68-D110": {"K68-D120": 90.42542278000003}, "K68-U050": {"K68-U060": 42.108000000000004}}