{"KAT": {"DIH": 175.26828660000004, "SUW": 128.10276600000003}}