{"KOW": {"TSY": 661.6551134781697, "HOK": 177.740071626634, "OLY": 121.79870584316578}, "KOT": {"LOF": 126.65400000000002, "MKK": 138.0044119409784, "TAW": 320.61145595731, "SKM": 132.55}, "KOB": {"NTK": 127.941, "CHH": 128.5251}}