{"LAK": {"TSY": 180.1615831115658, "NAC": 276.22276453487075, "KWF": 177.72583072790698, "MEF": 125.31661122275564}, "LAT": {"YAT": 127.37092709999999, "KWT": 113.113995621}}