{"NTK": {"KWT": 126.17112475797603, "KOB": 125.75176036653002}}