{"QUB": {"YAT": 249.65604544698468, "TAK": 132.906147, "NOP": 128.63759520902363}}