{"SHS": {"FAN": 125.72964287584118}, "SHT": {"TAW": 66.0}, "SHM": {"TSH": 216.41829374487838}}