{"TAW": {"KOT": 320.63346078934666, "SHT": 125.46600000000001, "HIK": 191.40000000000003, "CKT": 127.14680000000001}, "TAP": {"TWO": 132.0, "UNI": 430.12725955667185}}