{"TIK": {"TKO": 102.06208192390062, "YAT": 141.42138318606155}, "TIS": {"LOP": 173.90976714657384}, "TIH": {"CAB": 132.0, "FOH": 132.0}}