{"TKO": {"LHP": 128.59191944894255, "TIK": 138.14118943115975, "HAH": 114.708}, "TKW": {"SUW": 132.0, "HOM": 132.0}}