{"TWO": {"FAN": 412.63889855427516}, "TWW": {"MEF": 351.82771904869134, "KSR": 712.0342164557095}}