{"UNI": {"TAP": 393.7078669872186, "FOT": 186.45612626539315}}