{"UNI": {"TAP": 430.12651630859375, "FOT": 186.41909486258012}}