{"WTS": {"DIH": 139.92000000000002, "LOF": 132.98999999999998}}