{"YAT": {"TIK": 141.4214727228185, "QUB": 249.66096677372153, "LAT": 198.00000000000003}}