{"CSW": {"SSP": 133.755578572, "LCK": 118.64510052983833}}