{"DIS": {"SUN": 198.58233378767767}, "DIH": {"KAT": 178.33314642, "HIK": 333.0259456863266, "WTS": 132.0, "CHH": 132.0}}