{"EXC": {"HUH": 199.68004018788992, "ADM": 57.65651548242253}}