{"FOT": {"SHT": 155.96646841591908, "UNI": 186.44722673007476}, "FOH": {"NOP": 132.0, "TIH": 72.6}}