{"HOK": {"KOW": 177.74062137485504}, "HOM": {"YMT": 150.99502, "TKW": 139.70000000000002, "WHA": 89.6495206585976}}