{"K53-D110": {"K53-D120": 181.4169970122767}, "K51-U190": {"K51-U200": 75.73558568314063}, "K52-nD150": {"K52-nD160": 98.85956850000001}, "K54-D040": {"K54-D050": 156.95283270937995}, "K51A-U120": {"K51A-U130": 143.18199975162253}, "K51A-D170": {"K51A-D180": 157.684399589404}, "K51A-D180": {"K51A-D190": 122.17379227558698}, "K51-D050": {"K51-D060": 58.02104340000001}, "K51-U180": {"K51-U190": 103.86876212867062}, "K52A-D110": {"K52A-D120": 155.0483391115447}, "K51A-U050": {"K51A-U060": 261.7295529784639}, "K52A-U120": {"K52A-U130": 58.798195396045934}, "K52-nD090": {"K52-nD100": 52.6858449696349}, "K53-U120": {"K53-U130": 61.817603430440535}, "K52A-U015": {"K52A-U020": 186.761923704505}, "K52A-U010": {"K52A-U015": 283.15407079264656}, "K51-U210": {"K51-U220": 55.424024077794414}, "K53-D040": {"K53-D050": 74.03594887604032}, "K51A-U030": {"K51A-U040": 69.05816057354022}, "K51A-D040": {"K51A-D050": 92.98603774278499}, "K52-nU300": {"K52-nU310": 41.56948034880001}, "K51A-U150": {"K51A-U160": 122.57768525031334}, "K54-D030": {"K54-D040": 88.59773477537128}, "K51-D110": {"K51-D120": 48.80465082030637}, "K53-U100": {"K53-U110": 68.43923194583036}, "K51-D170": {"K51-D180": 120.74701066395002}, "K53-U140": {"K53-D010": 83.78000196598478}, "K51-U230": {"K51-U240": 49.50039067107828}, "K53-D090": {"K53-D100": 49.35644057112954}, "K54-D010": {"K54-D020": 141.38402550750928}, "K51A-U060": {"K51A-U070": 297.5468009062033}, "K52-nU240": {"K52-nU250": 79.5839641662}, "K53-D120": {"K53-D130": 65.05899882657997}, "K52A-U170": {"K52A-U180": 275.33849859845316}, "K51-D210": {"K51-D220": 194.05723131403846}, "K53-D070": {"K53-D080": 48.23159055125247}, "K53-D130": {"K53-D140": 113.45660687454601}, "K51-U070": {"K51-U080": 202.43248424750487}, "K53-U110": {"K53-U120": 92.91297486280845}, "K53-D050": {"K53-D060": 83.14755327563402}, "K53-U080": {"K53-U090": 89.28579725987134}, "K52-nD210": {"K52-nD220": 214.33783722392803}, "K51-U220": {"K51-U230": 65.8012097194904}, "K51-U150": {"K51-U160": 91.67821589993225}, "K53-U060": {"K53-U070": 73.95995212667526}, "K52A-U050": {"K52A-U060": 49.226514308885776}, "K53-U090": {"K53-U100": 117.65159803608219}, "K51-D100": {"K51-D110": 155.45982423560002}, "K52A-U140": {"K52A-U150": 162.66080732740028}, "K51-D220": {"K51-D230": 264.356365622051}, "K54-U020": {"K54-U030": 151.0299727207771}, "K53-D170": {"K53-D180": 320.09206698413}, "K52A-D180": {"K52A-D190": 124.97684415297894}, "K52A-U060": {"K52A-U070": 148.08067351554877}, "K52A-D060": {"K52A-D070": 134.13046102990816}, "K53-U050": {"K53-U060": 144.66856482940167}, "K53-D030": {"K53-D040": 73.96228008761133}, "K51A-U230": {"K51A-U240": 33.995270262283476}, "K52A-U030": {"K52A-U040": 31.623441640235086}, "K51-U050": {"K51-U060": 254.86938218031088}, "K51A-U100": {"K51A-U110": 207.03300981062006}, "K51-U090": {"K51-U100": 154.14012608170006}, "K51-D130": {"K51-D140": 55.65816075691}, "K51A-D080": {"K51A-D090": 151.68741453}, "K52-nD020": {"K52-nD030": 28.78425716407603}, "K54-D050": {"K54-D060": 93.79344121234541}, "K53-D015": {"K53-D020": 47.54550274249074}, "K52-nD270": {"K52-nD280": 101.34131055532146}, "K51-D030": {"K51-D040": 42.41120751999999}, "K58-U026": {"K58-U030": 141.9}, "K52A-U040": {"K52A-U050": 134.25342120430784}, "K52A-D010": {"K52A-D020": 297.6020328227198}, "K52-nU280": {"K52-nU290": 43.236998750000005}, "K52A-D020": {"K52A-D030": 29.859471737064013}, "K51-D160": {"K51-D170": 65.87190505927143}, "K52A-D170": {"K52A-D180": 106.43139249033247}, "K51A-U240": {"K51A-U250": 72.25294756750009}, "K52-nU090": {"K52-nU100": 142.14372104468936}, "K54-D020": {"K54-D030": 132.85585672135215}, "K52A-U070": {"K52A-U080": 76.8728192606256}, "K52-nU270": {"K52-nU280": 164.3245854278291}, "K51-U240": {"K51-U250": 116.94551943029998}, "K51-U110": {"K51-U120": 141.47608098360007}, "K53-D060": {"K53-D070": 163.58849372559638}, "K53-U130": {"K53-U140": 56.81043709540377}, "K54-U040": {"K54-U050": 181.58039162214968}, "K52A-D130": {"K52A-D140": 82.39357713000001}, "K51A-D090": {"K51A-D100": 55.078446420445005}, "K51A-D050": {"K51A-D060": 70.28730067673959}, "K51A-D240": {"K51A-D250": 59.01149342591515}, "K52A-U090": {"K52A-U100": 89.24592276235985}, "K53-U040": {"K53-U050": 129.3491864726403}, "K52A-D070": {"K52A-D080": 116.03386902147471}, "K52A-U080": {"K52A-U090": 59.73462246254862}, "K52-nU210": {"K52-nU220": 72.6387587299415}, "K51-U080": {"K51-U090": 179.2497012376281}, "K52-nD190": {"K52-nD200": 171.29358234420005}, "K51A-U020": {"K51A-U030": 95.79563433008418}, "K58-D020": {"K58-D030": 86.24000000000001}, "K52A-U110": {"K52A-U120": 61.522750029899996}, "K53-U070": {"K53-U080": 52.83171234940677}, "K53-D160": {"K53-D170": 192.5078481871529}, "K52A-U150": {"K52A-U160": 27.23391776557557}, "K51A-D020": {"K51A-D030": 92.12989640492002}, "K53-D080": {"K53-D090": 47.68010717320023}, "K52-nU080": {"K52-nU090": 78.90710468263892}, "K52A-D050": {"K52A-D060": 32.749440196447594}, "K52-nU140": {"K52-nU150": 169.27576464024932}, "K51A-U210": {"K51A-U220": 71.76063932233623}, "K52-nD060": {"K52-nD070": 128.97146102990814}, "K51A-U220": {"K51A-U230": 75.3833173004696}, "K51A-U110": {"K51A-U120": 140.30975708084247}, "K52-nD220": {"K52-nD230": 140.29891355233002}, "K52-nD100": {"K52-nD110": 74.45776658724}, "K53-D020": {"K53-D030": 95.41705817863877}, "K53-D140": {"K53-D150": 155.1849051997612}, "K54-U070": {"K54-D010": 149.4745976095164}, "K52-nU110": {"K52-nU120": 173.77966472560104}, "K54-U050": {"K54-U060": 339.0155873698601}, "K51A-D060": {"K51A-D070": 84.02457817008619}, "K51-D040": {"K51-D050": 47.706462013452004}, "K51A-D220": {"K51A-D230": 131.63294750345196}, "K51-U010": {"K51-U020": 30.441377558243282}, "K52-nD160": {"K52-nD170": 144.66048033616784}, "K51-D280": {"K51-D290": 74.57246819999999}, "K51-D080": {"K51-D090": 103.68340809878569}, "K51A-U170": {"K51A-U180": 74.39353906776905}, "K52-nD260": {"K52-nD270": 61.01535214125998}, "K54-D060": {"K54-D070": 150.38646736521412}, "K51-D250": {"K51-D260": 149.53701290013595}, "K53-U020": {"K53-U030": 165.7871378205234}, "K51A-D120": {"K51A-D140": 136.80337270022974}, "K51A-D070": {"K51A-D080": 91.932001303}, "K53-U030": {"K53-U040": 223.90113893895165}, "K53-D150": {"K53-D160": 162.6938366426827}, "K58-D030": {"K58-D040": 87.95599999999999}, "K52-nD040": {"K52-nD050": 28.767312395730006}, "K52A-D120": {"K52A-D130": 41.452360463518964}, "K52-nD120": {"K52-nD130": 39.448856728237004}, "K51A-D230": {"K51A-D240": 252.62570148646006}, "K51A-U080": {"K51A-U090": 164.44205377394263}, "K52A-D090": {"K52A-D100": 47.281932187412636}, "K51A-D010": {"K51A-D020": 47.634674698336}, "K52-nU220": {"K52-nU230": 99.41096000000002}, "K52-nD280": {"K52-nD290": 92.03951950002836}, "K51A-U200": {"K51A-U210": 60.92060452768235}, "K54-U030": {"K54-U040": 117.62040319159603}, "K51A-D210": {"K51A-D220": 77.87649152587112}, "K51A-D030": {"K51A-D040": 37.91004814603822}, "K51-U120": {"K51-U130": 161.098}, "K51A-U010": {"K51A-U020": 47.239691400000005}, "K52A-U160": {"K52A-U170": 29.340018281387994}, "K51-U200": {"K51-U210": 83.06190457518392}, "K52-nD140": {"K52-nD150": 113.81439219221602}, "K51A-U140": {"K51A-U150": 52.18370741217568}, "K53-U010": {"K53-U020": 262.55413354206405, "K53-D180": 483.9716323371498}, "K51-D090": {"K51-D100": 95.3851879192574}, "K51A-U190": {"K51A-U200": 71.18576939488945}, "K53-D010": {"K53-D015": 95.97813368194151}, "K51-D230": {"K51-D240": 87.59794000000002}, "K52-nU230": {"K52-nU240": 86.30557817834621}, "K51A-D100": {"K51A-D110": 45.38793921182543}, "K53-D180": {"K53-D190": 78.41408879869523}, "K52-nU190": {"K52-nU200": 136.76337116310657}, "K51-D070": {"K51-D080": 59.38676750512002}, "K51-D260": {"K51-D270": 58.94006099999999}, "K52-nD080": {"K52-nD090": 67.62708245109306}, "K52A-D030": {"K52A-D040": 17.900637519639073}, "K52-nU290": {"K52-nU300": 32.217344880230954}, "K52-nD240": {"K52-nD250": 147.00309962108145}, "K52-nD230": {"K52-nD240": 162.83902174000002}, "K52-nU170": {"K52-nU180": 121.75541708601236},