{"KF6": {"KF4": 250.95804087735945}, "KF3": {"KF1": 686.7722446052212}, "KF4": {"KF2": 1022.626087270012, "KF6": 250.9580393735701}, "KF2": {"KF4": 1022.6260479899338}, "KF1": {"KF5": 767.8871506927392, "KF3": 686.7722819481112}, "KF5": {"KF1": 767.8871512764287}}