{"KOT": {"MKK": 138.00833900248827, "TAW": 320.5997684263891, "SKM": 119.46890262055808, "LOF": 125.7028994896929}, "KOW": {"HOK": 177.74210012660552, "OLY": 121.76510926800006, "TSY": 661.6501931390292}, "KOB": {"CHH": 184.52245388059998, "NTK": 124.36591200000001}}