{"KWF": {"KWH": 127.37418818890103, "LAK": 155.5673434456734}, "KWH": {"TWH": 159.25879456662705, "KWF": 123.38713648393835}, "KWT": {"NTK": 130.22467595400002, "LAT": 123.82117985436257}}