{"LET": {"WCH": 143.6762478728346, "SOH": 105.90070758086054}}