{"MEF": {"LAK": 126.00406956189457, "LCK": 132.0, "TWW": 351.8337472079667, "NAC": 173.14254853482151}}