{"SSP": {"PRE": 134.8777234, "CSW": 116.42655114829998}}