{"TIK": {"YAT": 141.4216258306729, "TKO": 90.3759708109566}, "TIS": {"LOP": 173.90976714657384, "SIH": 389.450832853173}, "TIH": {"CAB": 91.905, "FOH": 132.0}}