{"TKO": {"TIK": 104.07355962285354, "HAH": 121.68448241400003, "LHP": 128.5911519821131}, "TKW": {"SUW": 132.0, "HOM": 132.0}}