{"WCH": {"LET": 180.77732965726847, "OCP": 114.22887020681591}}