{"YMT": {"HOM": 115.70470758000002, "MOK": 109.29167553611698, "JOR": 126.91497390000002}}