{"CSW": {"SSP": 134.22398851226566, "LCK": 126.4600162935664}}