{"EXC": {"HUH": 199.6448730582154, "ADM": 53.28638769406658}}