{"KOW": {"HOK": 177.74027448575617, "OLY": 121.78478099420406, "TSY": 661.6556606057515}, "KOT": {"MKK": 137.99808715560704, "TAW": 320.61276485345485, "LOF": 121.24860000000001, "SKM": 132.10999999999999}, "KOB": {"NTK": 132.0, "CHH": 184.66800000000003}}