{"MKK": {"KOT": 138.00839344165402, "HUH": 170.13545862662588}}