{"MOK": {"YMT": 129.88149702000004, "PRE": 114.97864635563901}, "MOS": {"HEO": 141.9}}