{"OCP": {"ADM": 287.6601885763953, "WCH": 123.34462987011}}