{"OCP": {"ADM": 287.63619255365586, "WCH": 115.01983173180206}}