{"OLY": {"KOW": 121.79870584316578, "NAC": 114.964275954}}