{"SHS": {"LMC": 525.2487193011314, "FAN": 125.75072794473692, "LOW": 261.75348133959744}, "SHT": {"FOT": 155.9540474503132, "TAW": 128.2175862}, "SHM": {"CIO": 133.85899999999998, "TSH": 216.40850809776325}, "SHW": {"SYP": 137.9697, "CEN": 130.02}}