{"SSP": {"CSW": 82.90887000000001, "PRE": 135.90769499999996}}