{"SYP": {"HKU": 82.0543619930286, "SHW": 141.49949154000004}}