{"TST": {"ADM": 176.37874724778578, "JOR": 112.2436901561056}, "TSY": {"KOW": 661.6501972938051, "AIR": 1467.443556150066, "LAK": 180.9770515802417, "SUN": 690.6202455826266}, "TSH": {"SHM": 216.39707168348227, "HEO": 126.70953899999999}, "TSW": {"TWH": 55.65825988708144}}