{"EXC": {"HUH": 199.64457203022874, "ADM": 85.59036304833275}}