{"HOM": {"TKW": 133.04247, "HUH": 132.0}, "HOK": {"KOW": 177.7386647808092}}