{"HOM": {"TKW": 132.84440070000002, "HUH": 132.0}, "HOK": {"KOW": 177.7413928918328}}