{"HUH": {"MKK": 188.3355837707101, "EXC": 199.68398205118183, "ETS": 197.34000000000003, "HOM": 122.10000000000001}}