{"HUH": {"MKK": 181.5355558760006, "EXC": 191.11209814192017, "ETS": 178.43300604140003, "HOM": 137.29859329890385}}