{"KF4": {"KF2": 1022.6260877855239, "KF6": 250.9580491680744}, "KF1": {"KF3": 686.7722946849517, "KF5": 767.887151773138}, "KF3": {"KF1": 686.7722865761907}, "KF6": {"KF4": 250.95805190356685}, "KF2": {"KF4": 1022.6260737141686}, "KF5": {"KF1": 767.8871515556054}}