{"LAK": {"KWF": 192.14910000000003, "TSY": 180.94021573780213, "NAC": 297.3231701221058, "MEF": 125.99409180675646}, "LAT": {"KWT": 132.0, "YAT": 132.0}}