{"LOP": {"YUL": 132.66, "TIS": 176.02717258113984}, "LOF": {"KOT": 122.1968711939733, "WTS": 124.65827502059179}, "LOW": {"SHS": 245.05930092874587}}