{"MKK": {"HUH": 188.3728340364145, "KOT": 157.38680947182883}}