{"OCP": {"ADM": 287.65482416229713, "WCH": 142.08065335860002}}