{"SHS": {"FAN": 125.73258127283043, "LOW": 261.7527207161598, "LMC": 525.2467114984995}, "SHW": {"CEN": 132.0}, "SHT": {"TAW": 248.38374, "FOT": 155.98328234194557}, "SHM": {"CIO": 132.0, "TSH": 216.41829374487838}}