{"SUN": {"DIS": 198.58232659438863, "TSY": 690.6236019477128, "TUC": 823.8816551506455}, "SUW": {"TKW": 131.23, "KAT": 66.0}}