{"SWH": {"TAK": 122.72174833485376, "SKW": 105.39184893573989}}