{"SYP": {"HKU": 126.06000000000002, "SHW": 112.062093}}