{"TIK": {"TKO": 104.25035045947702, "YAT": 141.42117316156995}, "TIS": {"LOP": 173.90155338871207, "SIH": 389.45901890279873}, "TIH": {"CAB": 83.886, "FOH": 132.0}}