{"TKO": {"LHP": 128.5904806530177, "TIK": 118.65077789669695, "HAH": 2288.4828518046406}, "TKW": {"HOM": 138.6, "SUW": 132.0}}