{"UNI": {"TAP": 430.1198279388483, "FOT": 186.4568071581236}}