{"WCH": {"LET": 185.78301862002303, "OCP": 142.61101567066095}}