{"WTS": {"DIH": 114.45809673602609, "LOF": 113.36745180757525}}