{"DIS": {"SUN": 198.5822086729974}, "DIH": {"CHH": 120.12, "KAT": 180.40000000000003, "HIK": 333.01866721492985, "WTS": 121.00000000000003}}