{"FOT": {"UNI": 186.4345414619474, "SHT": 155.96456137546923}, "FOH": {"TIH": 91.74000000000001, "NOP": 146.365461}}