{"HKU": {"SYP": 118.98700000000001, "KET": 77.54004844845339}}