{"KF1": {"KF5": 767.8868838034143, "KF3": 686.767753558763}, "KF4": {"KF2": 1022.622933255641, "KF6": 250.94529982429398}, "KF6": {"KF4": 250.95542835507194}, "KF3": {"KF1": 686.7544166220264}, "KF2": {"KF4": 1022.6201500433486}, "KF5": {"KF1": 767.8869564336203}}