{"KOT": {"LOF": 127.45590000000001, "TAW": 320.60826355961274, "SKM": 141.9, "MKK": 138.00231528079064}, "KOW": {"TSY": 661.6562685252867, "HOK": 177.7398462276094, "OLY": 121.79530547468596}, "KOB": {"CHH": 132.0, "NTK": 135.96}}