{"MEF": {"TWW": 351.83917255131456, "LAK": 126.00069475086632, "NAC": 173.1743183221526, "LCK": 118.8}}