{"NAC": {"LAK": 297.3193955454477, "MEF": 173.1743183221526, "OLY": 128.4924894, "AUS": 223.9504828191194}}