{"PRE": {"SKM": 84.71635700000003, "MOK": 99.69982000000002, "SSP": 127.9014}}