{"PRE": {"SKM": 104.8477608370315, "MOK": 98.31469524808199, "SSP": 130.14263460681036}}