{"SYP": {"SHW": 139.223886245, "HKU": 108.66718437300003}}