{"SYP": {"SHW": 137.8014976205, "HKU": 107.70046593570002}}