{"TWO": {"FAN": 327.1626920142145, "TAP": 152.3518}, "TWH": {"KWH": 137.33999999999997, "TSW": 69.01233361999309}, "TWW": {"MEF": 351.8880006414452, "KSR": 712.0168259252407}}