{"TWO": {"FAN": 412.63350461507434, "TAP": 156.20000000000002}, "TWH": {"KWH": 138.6, "TSW": 74.21443672958374}, "TWW": {"MEF": 351.8880006414452, "KSR": 712.0168259252407}}