{"TWO": {"FAN": 317.90460247836234, "TAP": 148.11263438199998}, "TWH": {"KWH": 135.18539999999996, "TSW": 69.01233361999309}, "TWW": {"MEF": 335.9492805195706, "KSR": 712.0168259252407}}