{"YMT": {"MOK": 123.52366417389746, "HOM": 185.364531, "JOR": 118.8}}