{"1": {"6": 64.93889028000002, "2": 219.02529000000004}}