{"CIO": {"SHM": 152.18774747316, "STW": 140.54378961764314}}