{"EXC": {"HUH": 199.67329960166072, "ADM": 50.29185547686141}}