{"K18-D020": {"K18-D030": 68.81350373739102}, "K12-D010": {"K12-D020": 132.88680625221667}, "K18-U010": {"K18-U020": 186.57000722899843}, "K17-D020": {"K17-D030": 80.48933660681303}, "K17-U030": {"K17-U040": 30.232827580103287}, "K12-U010": {"K12-U020": 205.99529705538194}, "K18-D010": {"K18-D020": 222.65293329249084}, "K12-D020": {"K12-D030": 283.0074173882999}, "K12-U020": {"K12-U030": 203.12485449312095}, "K17-U010": {"K17-U020": 229.8800953174}, "K12-D030": {"K12-D040": 12.782958007864442}, "K18-U020": {"K18-U030": 55.30508254224399}, "K17-U020": {"K17-U030": 128.25891099999998}, "K17-D010": {"K17-D020": 285.7450031122619}}