{"KF4": {"KF6": 250.95804344883928, "KF2": 1022.6260813371853}, "KF2": {"KF4": 1022.6260737141686}, "KF3": {"KF1": 686.7722755995795}, "KF6": {"KF4": 250.9580491680744}, "KF1": {"KF5": 767.8871514604584, "KF3": 686.7722916744692}, "KF5": {"KF1": 767.8871512169702}}