{"NTK": {"KOB": 124.70757200000003, "KWT": 131.83071}}