{"SHM": {"CIO": 134.002, "TSH": 216.41288731000813}, "SHW": {"CEN": 111.1, "SYP": 119.9}, "SHT": {"TAW": 197.90870357500003, "FOT": 155.96284503906435}, "SHS": {"FAN": 125.74637801019529, "LMC": 525.2480401950227, "LOW": 261.7531409501032}}