{"SKW": {"SWH": 113.77688190000003, "HFC": 200.42215944849997}, "SKM": {"KOT": 115.50000000000003, "PRE": 106.7}}