{"TSY": {"AIR": 1467.439530515491, "KOW": 661.6658807957313, "LAK": 180.93143095731529, "SUN": 690.6326004179786}, "TST": {"JOR": 129.8, "ADM": 176.36743963073937}, "TSH": {"SHM": 216.41829374487838, "HEO": 126.50000000000003}, "TSW": {"TWH": 114.40000000000002}}