{"YMT": {"HOM": 164.7042525915271, "JOR": 121.20713879843557, "MOK": 112.8339518372838}}