{"AIR": {"TSY": 1350.6991928371747, "AWE": 124.95631305092908}}