{"FOT": {"SHT": 155.96284503906435, "UNI": 186.4436625244078}, "FOH": {"TIH": 127.1886, "NOP": 132.0}}