{"HUH": {"HOM": 131.40599999999998, "EXC": 199.65458310586428, "MKK": 188.34839797738405, "ETS": 204.93}}