{"HUH": {"HOM": 129.53133664139995, "EXC": 199.72123077630548, "MKK": 205.40599811256462, "ETS": 193.58597}}