{"MEF": {"TWW": 351.85916814250396, "NAC": 173.1594323023706, "LAK": 137.3522840950565, "LCK": 122.49553199999998}}