{"SHS": {"FAN": 125.74637801019529, "LOW": 261.7536264530134, "LMC": 525.2490088147881}, "SHT": {"FOT": 155.96284503906435, "TAW": 180.77400000000003}, "SHW": {"SYP": 132.0, "CEN": 132.0}, "SHM": {"TSH": 216.41058246145818, "CIO": 132.0}}