{"SIH": {"TIS": 389.42066243053273, "TUM": 154.45979989193663}}