{"SUN": {"TSY": 690.6282878464866, "DIS": 198.58233181862767, "TUC": 823.8810620499144}, "SUW": {"TKW": 132.0, "KAT": 126.28}}