{"TUM": {"SIH": 150.8042107845877}, "TUC": {"SUN": 686.6521225287433}}