{"WCH": {"LET": 198.16038000000003, "OCP": 167.07510600000003}}