{"AIR": {"TSY": 1467.4419967686915, "AWE": 134.84762104899679}}