{"AIR": {"TSY": 1467.442152744692, "AWE": 134.84762104899679}}