{"CKT": {"STW": 123.69080635999998, "TAW": 91.57676}}