{"DIS": {"SUN": 198.58232017538364}, "DIH": {"HIK": 333.03839187241516, "CHH": 32.9967, "WTS": 46.70380000000001, "KAT": 198.00000000000003}}