{"DIS": {"SUN": 198.57938038523093}, "DIH": {"HIK": 333.010580024489, "CHH": 13.2, "WTS": 0.0}}