{"FOT": {"UNI": 186.44057747554112, "SHT": 155.95991010381204}, "FOH": {"NOP": 132.0}}