{"HFC": {"SKW": 4.746289953643701, "CHW": 120.41069448903906}}