{"K75P-D050": {"K75P-D060": 89.88793000000001}, "K76-U020": {"K76-U030": 144.4700550458}, "K73-U110": {"K73-U120": 217.44881887076363}, "K73-D090": {"K73-D100": 76.06346}, "K75P-U040": {"K75P-U050": 105.74630000000002}, "K75P-U140": {"K75P-D010": 169.04030000000003}, "K75P-D040": {"K75P-D050": 173.6305615}, "K75P-D010": {"K75P-D020": 160.556}, "K73-U070": {"K73-U080": 160.39193172733133}, "K74-U010": {"K74-U020": 164.63920000000002}, "K75P-U020": {"K75P-U030": 108.9}, "K74-D110": {"K74-U002": 169.95}, "K74-D080": {"K74-D090": 178.53}, "K73-D100": {"K73-D110": 203.9488}, "K75A-U010": {"K75A-U020": 52.20499900000001}, "K75P-U090": {"K75P-U100": 41.349000000000004}, "K76-D010": {"K76-D020": 170.45153331266766}, "K73-U020": {"K73-U030": 208.7525}, "K75A-D090": {"K75A-D100": 58.76068}, "K73-U100": {"K73-U110": 242.74469472000004}, "K76-D030": {"K76-D040": 69.57763560561003}, "K73-D040": {"K73-D050": 93.17000000000002}, "K73-D070": {"K73-D080": 135.3}, "K75A-D100": {"K75A-D110": 115.06311300000002}, "K74-D100": {"K74-D110": 100.10000000000001}, "K76-U030": {"K76-U040": 163.0917443494979}, "K76-U010": {"K76-U020": 13.378118812943205}, "K75P-U110": {"K75P-U120": 92.90941000000001}, "K75A-D080": {"K75A-D090": 146.36600000000004}, "K75P-D060": {"K75P-D070": 198.3916}, "K73-U030": {"K73-U040": 94.60903100000003}, "K75P-D080": {"K75P-U011": 146.19835373}, "K73-U060": {"K73-U070": 139.0292268115025}, "K73-U040": {"K73-U050": 118.51338477000004, "K73-U060": 223.2714}, "K75A-D110": {"K75A-U011": 186.95600000000002}, "K75A-D020": {"K75A-D030": 24.356871000000005}, "K73-U090": {"K73-U100": 137.86908300000002}, "K75P-U080": {"K75P-U090": 48.69243610000001}, "K75P-D020": {"K75P-D030": 38.960899999999995}, "K73-D150": {"K73-D160": 48.213}, "K75P-U130": {"K75P-U140": 37.081770000000006}, "K74-D030": {"K74-D040": 129.8}, "K75P-U070": {"K75P-U080": 94.27000000000001}, "K73-D110": {"K73-D120": 97.41600000000001}, "K74-D090": {"K74-U011": 77.0}, "K74-U020": {"K74-U030": 168.52000000000004}, "K74-U004": {"K74-U007": 82.269}, "K74-U050": {"K74-U060": 213.4}, "K76-D020": {"K76-D030": 138.97400000000002}, "K74-U040": {"K74-U050": 235.73000000000002}, "K75P-U100": {"K75P-U110": 70.4}, "K76-U040": {"K76-U050": 178.07417066999997}, "K75A-D010": {"K75A-D020": 197.12770000000003}, "K74-U070": {"K74-U080": 156.9469}, "K73-D120": {"K73-D130": 117.71100000000001}, "K75P-U050": {"K75P-U060": 153.06500000000003}, "K73-U080": {"K73-U090": 261.63951, "K73-U110": 151.4854935729857}, "K75P-U060": {"K75P-U070": 29.34612659000001}, "K73-U050": {"K73-U060": 108.61397382000003}, "K74-U080": {"K74-U090": 242.11000000000004}, "K73-D030": {"K73-D040": 133.76000000000002}, "K73-U010": {"K73-U020": 77.97900000000001}, "K75P-U030": {"K75P-U040": 128.70000000000002}, "K75P-U120": {"K75P-U130": 66.88}, "K74-U007": {"K74-U010": 227.04000000000002}, "K75A-D050": {"K75A-D060": 74.4612}, "K74-U100": {"K74-D010": 129.6493}, "K75P-D030": {"K75P-D040": 138.215}, "K75A-D030": {"K75A-D040": 40.029}, "K73-D140": {"K73-D150": 269.5}, "K75A-D040": {"K75A-D050": 55.407000000000004}, "K75A-D060": {"K75A-D070": 72.7342}, "K75A-U030": {"K75A-D010": 261.36}, "K74-D040": {"K74-D050": 89.10000000000001}, "K74-U001": {"K74-U004": 139.74400000000003}, "K74-U060": {"K74-U070": 154.22000000000003}, "K73-D010": {"K73-D020": 96.91}, "K75A-U020": {"K75A-U030": 133.595}, "K74-D060": {"K74-D070": 177.10000000000002}, "K75P-D070": {"K75P-D080": 19.14}, "K74-U011": {"K74-D100": 187.671}, "K74-D070": {"K74-D080": 278.3}, "K73-D020": {"K73-D030": 138.60000000000002}}