{"LET": {"WCH": 134.39511492000003, "SOH": 105.20593211071646}}