{"LOW": {"SHS": 261.7536264530134}, "LOF": {"KOT": 0.0, "WTS": 109.021}, "LOP": {"TIS": 173.90976714657384}}