{"MKK": {"HUH": 188.36337384709216, "KOT": 138.0016378680454}}