{"MKK": {"HUH": 188.36115217094033, "KOT": 138.0016378680454}}