{"NAC": {"OLY": 35.2374, "MEF": 173.18177049448954, "LAK": 297.3231701221058, "AUS": 223.9326778869337}}