{"NTK": {"KOB": 37.0782744000888, "KWT": 79.13372228201057}}