{"QUB": {"YAT": 249.67048541689928, "NOP": 16.631999999999998, "TAK": 132.0}}