{"TSY": {"KOW": 488.9912123422415, "AIR": 690.5243550228013, "LAK": 165.68264420613554, "SUN": 542.6844061833382}, "TST": {"JOR": 44.45089913686644, "ADM": 161.075919298163}, "TSH": {"SHM": 216.40208773469104, "HEO": 130.8}, "TSW": {"TWH": 15.5337}}