{"TWW": {"MEF": 351.8210210939409, "KSR": 712.0342164557095}, "TWO": {"TAP": 118.8, "FAN": 412.6397337706174}, "TWH": {"KWH": 54.714}}