{"WAC": {"ADM": 28.975232853677007, "CAB": 184.794427}}