{"DIS": {"SUN": 198.58232388793715}, "DIH": {"KAT": 132.0, "WTS": 118.8, "HIK": 333.09145192889775, "CHH": 0.0}}