{"HAH": {"TKO": 105.82847883445629, "POA": 121.816715503005}}