{"K18-D020": {"K18-D030": 68.84679496200002}, "K18-D010": {"K18-D020": 271.8882414380001}, "K18-U020": {"K18-U030": 54.673661092802604}, "K17-D020": {"K17-D030": 35.8172082145064}, "K12-D020": {"K12-D030": 301.43493600000005}, "K12-D010": {"K12-D020": 153.59938}, "K17-U020": {"K17-U030": 111.52328}, "K17-U010": {"K17-U020": 273.10558000000003}, "K12-D030": {"K12-D040": 13.450638299999998}, "K12-U020": {"K12-U030": 188.9390460485}, "K18-U010": {"K18-U020": 230.14592996999994}, "K17-U030": {"K17-U040": 29.835503500000005}, "K12-U010": {"K12-U020": 265.1}}