{"KOW": {"HOK": 177.7407692591551, "TSY": 661.6537790339979, "OLY": 121.77933962969237}, "KOT": {"MKK": 138.003473656585, "LOF": 133.782, "TAW": 320.60826355961274, "SKM": 0.0}, "KOB": {"CHH": 6.6, "NTK": 59.4}}