{"MEF": {"LAK": 125.9965283174981, "LCK": 132.0, "NAC": 173.18177049448954, "TWW": 351.8210210939409}}