{"QUB": {"NOP": 130.0922744444126, "YAT": 249.6547215919326, "TAK": 132.0}}