{"SWH": {"TAK": 127.04327730000003, "SKW": 115.80393}}