{"SYP": {"HKU": 82.1699859669923, "SHW": 138.10102360105998}}