{"TIK": {"TKO": 65.06339365158331, "YAT": 141.42174984803495}, "TIS": {"LOP": 173.91326880124123, "SIH": 389.3771584065412}, "TIH": {"FOH": 132.0}}