{"TKO": {"TIK": 45.53645400496012, "LHP": 128.59823683960403, "HAH": 132.0}, "TKW": {"SUW": 132.0}}