{"TSY": {"AIR": 1467.4426355060111, "KOW": 661.6520970458517, "SUN": 690.6249185542516, "LAK": 180.95975399170942}, "TSH": {"SHM": 216.4066411704378}, "TST": {"ADM": 176.37076961604205, "JOR": 84.5097}, "TSW": {"TWH": 6.6}}