{"TWO": {"TAP": 143.4642, "FAN": 412.63497693968077}, "TWH": {"KWH": 16.038000000000004, "TSW": 75.47620842215122}, "TWW": {"MEF": 351.8880006414452, "KSR": 712.0168259252408}}