{"WCH": {"LET": 152.64396450746068, "OCP": 107.42639560436132}}