{"CEN": {"SHW": 127.59999999999998, "ADM": 130.91831409370633}}