{"ETS": {"HUH": 381.94751074585076, "AUS": 183.70000000000002}}