{"KWF": {"LAK": 111.1, "KWH": 117.7}, "KWH": {"TWH": 162.44924894000002, "KWF": 111.1}, "KWT": {"LAT": 121.00000000000003, "NTK": 107.8}}