{"MEF": {"LAK": 125.99872117716559, "NAC": 173.17114134341952, "LCK": 105.6, "TWW": 351.8880006414452}}