{"NAC": {"AUS": 223.93069956113527, "OLY": 194.102766, "LAK": 297.32039976252946}}