{"SHS": {"LOW": 261.7531409501032, "FAN": 125.73974802308719, "LMC": 525.2483976192904}, "SHM": {"CIO": 134.20000000000002, "TSH": 216.41058246145818}, "SHW": {"SYP": 119.90000000000002, "CEN": 111.10000000000001}, "SHT": {"FOT": 155.9764643191458, "TAW": 177.1}}