{"SHS": {"LOW": 261.7527207161598, "FAN": 125.73258127283043, "LMC": 525.2467114984995}, "SHM": {"CIO": 134.20000000000002, "TSH": 216.4154482528414}, "SHW": {"SYP": 119.90000000000002}, "SHT": {"FOT": 155.98726948978168, "TAW": 177.1}}