{"SUN": {"TUC": 823.8869707738256, "DIS": 198.58233387484285, "TSY": 690.6200911395442}, "SUW": {"TKW": 154.0, "KAT": 122.09999999999998}}