{"TKO": {"LHP": 128.590527363473, "TIK": 95.33166026779331}, "TKW": {"HOM": 138.6, "SUW": 132.0}}