{"WAC": {"CAB": 132.9458793032889, "ADM": 120.41392999999998}}