{"EXC": {"HUH": 199.67649251092718, "ADM": 72.79528666563813}}