{"K51A-D160": {"K51A-D170": 210.10000000000002}, "K53-D015": {"K53-D020": 49.203}, "K52-nU180": {"K52-nU190": 96.80000000000001}, "K53-U030": {"K53-U040": 200.48895900000005}, "K51A-D190": {"K51A-D200": 166.65}, "K51A-D090": {"K51A-D100": 91.30000000000001}, "K52-nD150": {"K52-nD160": 94.60000000000001}, "K51A-U040": {"K51A-U050": 97.9}, "K52-nD080": {"K52-nD090": 51.7}, "K51-U130": {"K51-U140": 104.50000000000001}, "K51A-D110": {"K51A-D120": 34.21770000000001}, "K51-U020": {"K51-U030": 118.35999999999999}, "K52-nD130": {"K52-nD140": 77.0}, "K51A-U130": {"K51A-U140": 60.50000000000001}, "K53-U020": {"K53-U030": 152.57}, "K51A-D080": {"K51A-D090": 132.0}, "K51A-D010": {"K51A-D020": 61.60000000000001}, "K51-D050": {"K51-D060": 48.400000000000006}, "K52-nD200": {"K52-nD210": 136.4}, "K51-U080": {"K51-U090": 207.57000000000002}, "K51-D100": {"K51-D110": 127.16000000000001}, "K52-nD140": {"K52-nD150": 121.00000000000001}, "K53-U090": {"K53-U100": 110.27500000000002}, "K51-D210": {"K51-D220": 200.2}, "K52A-U040": {"K52A-U050": 119.57000000000001}, "K52A-D050": {"K52A-D060": 22.0}, "K54-D060": {"K54-D070": 159.5}, "K53-U110": {"K53-U120": 104.16120000000001}, "K52A-U020": {"K52A-U030": 99.55000000000001}, "K52A-D040": {"K52A-D050": 16.5}, "K52-nU150": {"K52-nU160": 100.10000000000001}, "K52-nD040": {"K52-nD050": 29.700000000000003}, "K52A-D070": {"K52A-D080": 118.14000000000003}, "K53-D180": {"K53-D190": 78.10000000000001}, "K52-nD260": {"K52-nD270": 54.230000000000004}, "K52A-D020": {"K52A-D030": 37.400000000000006}, "K53-D150": {"K53-D160": 155.10000000000002}, "K52A-D010": {"K52A-D020": 277.21644225633025}, "K52A-D060": {"K52A-D070": 129.3476831685983}, "K53-D030": {"K53-D040": 74.48529}, "K52-nD250": {"K52-nD260": 192.577}, "K52A-U150": {"K52A-U160": 40.260000000000005}, "K52A-U080": {"K52A-U090": 67.98}, "K53-D090": {"K53-D100": 71.5}, "K54-D040": {"K54-D050": 159.5}, "K51A-D210": {"K51A-D220": 78.10000000000001}, "K53-U140": {"K53-D010": 83.501}, "K52A-D110": {"K52A-D120": 167.20000000000002}, "K53-U010": {"K53-U020": 268.29}, "K51-U200": {"K51-U210": 85.80000000000001}, "K53-D040": {"K53-D050": 80.19000000000001}, "K54-D050": {"K54-D060": 89.10000000000001}, "K54-D010": {"K54-D020": 194.073}, "K51A-U110": {"K51A-U120": 134.937}, "K53-U070": {"K53-U080": 63.800000000000004}, "K51A-U150": {"K51A-U160": 101.53}, "K58-U050": {"K58-U060": 33.0}, "K51A-U100": {"K51A-U110": 207.9}, "K51A-D200": {"K51A-D210": 286.0}, "K52-nU280": {"K52-nU290": 31.900000000000002}, "K51A-U070": {"K51A-U080": 196.9}, "K52A-D080": {"K52A-D090": 77.0}, "K51A-D230": {"K51A-D240": 145.86}, "K51-D270": {"K51-D280": 105.60000000000001}, "K51A-U120": {"K51A-U130": 145.20000000000002}, "K53-U100": {"K53-U110": 75.9}, "K54-U020": {"K54-U030": 174.394}, "K52A-U130": {"K52A-U140": 45.1}, "K53-U040": {"K53-U050": 138.60000000000002}, "K51A-U230": {"K51A-U240": 38.61}, "K51-U210": {"K51-U220": 51.7}, "K54-D030": {"K54-D040": 121.47300000000003}, "K53-D020": {"K53-D030": 97.9}, "K51-D060": {"K51-D070": 51.7}, "K54-U010": {"K54-U020": 56.760000000000005}, "K51-U240": {"K51-U250": 122.10000000000001}, "K52-nD280": {"K52-nD290": 100.925}, "K52-nD060": {"K52-nD070": 129.3476831685983}, "K51A-D150": {"K51A-D160": 111.10000000000001}, "K52-nU030": {"K52-nU040": 129.8}, "K52-nU260": {"K52-nU270": 47.08}, "K51-D080": {"K51-D090": 119.9}, "K51A-U010": {"K51A-U020": 43.78}, "K52-nD210": {"K52-nD220": 198.00000000000003}, "K52-nU040": {"K52-nU050": 58.300000000000004}, "K53-U120": {"K53-U130": 48.400000000000006}, "K51-U150": {"K51-U160": 46.2}, "K51A-D040": {"K51A-D050": 78.87}, "K52-nD170": {"K52-nD180": 112.2}, "K53-D070": {"K53-D080": 85.80000000000001}, "K54-D020": {"K54-D030": 132.83763902433583}, "K51A-D020": {"K51A-D030": 86.02}, "K52A-U050": {"K52A-U060": 70.4}, "K52A-D120": {"K52A-D130": 36.300000000000004}, "K51-D150": {"K51-D160": 194.70000000000002}, "K54-U060": {"K54-U070": 52.910000000000004}, "K51-U230": {"K51-U240": 46.2}, "K53-D110": {"K53-D120": 200.20000000000002}, "K51A-D050": {"K51A-D060": 86.9}, "K51-D240": {"K51-D250": 120.89000000000003}, "K52A-D160": {"K52A-D170": 149.60000000000002}, "K51-D120": {"K51-D130": 49.50000000000001}, "K52A-D150": {"K52A-D160": 107.80000000000001}, "K53-D080": {"K53-D090": 39.6}, "K51-D190": {"K51-D200": 166.10000000000002}, "K51-D230": {"K51-D240": 79.2}, "K51-U040": {"K51-U050": 146.3}, "K53-U060": {"K53-U070": 74.58000000000001}, "K52-nU250": {"K52-nU260": 69.30000000000001}, "K51-D070": {"K51-D080": 67.10000000000001}, "K52-nD270": {"K52-nD280": 100.10000000000001}, "K54-U030": {"K54-U040": 122.10000000000001}, "K53-U050": {"K53-U060": 149.60000000000002}, "K52-nU100": {"K52-nU110": 163.9}, "K53-D130": {"K53-D140": 141.9}, "K53-D010": {"K53-D015": 102.30000000000001}, "K58-U160": {"K58-U170": 152.9}, "K52-nU200": {"K52-nU210": 91.30000000000001}, "K52-nU080": {"K52-nU090": 81.4}, "K52-nU060": {"K52-nU070": 185.13000000000002}, "K51A-U170": {"K51A-U180": 70.4}, "K51-D020": {"K51-D030": 62.70000000000001}, "K51-U030": {"K51-U040": 81.4}, "K51-D010": {"K51-D020": 88.0}, "K51-U090": {"K51-U100": 148.5}, "K51-D200": {"K51-D210": 118.80000000000001}, "K52A-U160": {"K52A-U170": 11.0}, "K58-U200": {"K58-U210": 77.0}, "K58-D030": {"K58-D040": 82.5}, "K54-U040": {"K54-U050": 167.20000000000002}, "K51A-U240": {"K51A-U250": 71.5}}