{"K75A-D080": {"K75A-D090": 105.77468000000002}, "K75P-U090": {"K75P-U100": 44.852742750640004}, "K75P-U080": {"K75P-U090": 47.191584000000006}, "K73-U050": {"K73-U060": 101.14337738450222}, "K73-U040": {"K73-U050": 105.08328637332265, "K73-U060": 230.93400000000005}, "K75A-D070": {"K75A-D080": 52.004810000000006}, "K75P-U120": {"K75P-U130": 66.28315021569998}, "K73-D100": {"K73-D110": 207.94070000000002}, "K75P-D070": {"K75P-D080": 99.65160480000002}, "K73-U110": {"K73-U120": 241.2813670465}, "K73-U010": {"K73-U020": 77.00297000000002}, "K73-U060": {"K73-U070": 130.80693026138468}, "K75P-U100": {"K75P-U110": 64.8758}, "K73-D010": {"K73-D020": 78.87}, "K74-D030": {"K74-D040": 119.30600000000004}, "K73-U090": {"K73-U100": 139.6395024939555}, "K75A-D030": {"K75A-D040": 42.95874000000001}, "K75P-U110": {"K75P-U120": 86.90876349100002}, "K76-D010": {"K76-D020": 170.4273618288534}, "K75P-D030": {"K75P-D040": 118.22808532699999}, "K73-D080": {"K73-D090": 263.83169999999996}, "K75A-U010": {"K75A-U020": 42.23567942000001}, "K73-D120": {"K73-D130": 107.48752960000002}, "K73-D070": {"K73-D080": 151.15540000000001}, "K73-D110": {"K73-D120": 70.31273589999999}, "K76-D030": {"K76-D040": 50.47767904850438}, "K76-D020": {"K76-D030": 127.88317732515797}, "K73-U070": {"K73-U080": 151.48253269074047}, "K73-U080": {"K73-U090": 296.62389227900013, "K73-U110": 151.4854935729857}, "K75P-U130": {"K75P-U140": 36.21754081}, "K76-U020": {"K76-U030": 153.882948939349}, "K73-D020": {"K73-D030": 113.04667000000002}, "K74-D070": {"K74-D080": 281.05}, "K73-U020": {"K73-U030": 174.0365}, "K75A-U020": {"K75A-U030": 127.784901156}, "K74-U010": {"K74-U020": 165.44}, "K73-U100": {"K73-U110": 249.67458999999994}, "K74-U004": {"K74-U007": 88.52690000000003}, "K76-U040": {"K76-U050": 172.98809693000004}, "K76-U030": {"K76-U040": 163.09421309168022}, "K75P-D010": {"K75P-D020": 145.87727000000004}, "K73-D040": {"K73-D050": 83.6913}, "K75A-D050": {"K75A-D060": 68.48941660000001}, "K75P-U020": {"K75P-U030": 98.23}, "K75A-D020": {"K75A-D030": 25.788400000000003}, "K73-U030": {"K73-U040": 90.54074412571102}, "K76-U010": {"K76-U020": 7.02866494010198}, "K75A-D100": {"K75A-D110": 89.84140000000001}, "K75A-D060": {"K75A-D070": 32.120000000000005}, "K73-D130": {"K73-D140": 105.5835}, "K75P-D060": {"K75P-D070": 152.95837016349998}, "K75A-D090": {"K75A-D100": 44.31911000000001}, "K75P-U060": {"K75P-U070": 19.10281219}, "K74-U100": {"K74-D010": 125.18000000000002}, "K74-D010": {"K74-D020": 144.507}, "K75A-U030": {"K75A-D010": 217.63939999999997}, "K74-D080": {"K74-D090": 185.35}, "K75P-U050": {"K75P-U060": 144.10000000000002}, "K74-U050": {"K74-U060": 209.9152}, "K75P-U010": {"K75P-U020": 93.0127}, "K75A-D010": {"K75A-D020": 214.87575119999997}, "K74-D100": {"K74-D110": 79.75660000000002}, "K75P-U040": {"K75P-U050": 97.80100000000002}, "K73-D030": {"K73-D040": 124.10090000000002}, "K73-D090": {"K73-D100": 79.25049000000001}, "K75P-U140": {"K75P-D010": 142.58200000000002}, "K73-D150": {"K73-D160": 48.20200000000001}, "K75A-D110": {"K75A-U011": 193.43060000000003}, "K75P-D040": {"K75P-D050": 166.17258815299996}, "K75P-D050": {"K75P-D060": 80.685}, "K74-U001": {"K74-U004": 175.47453000000002}, "K73-D140": {"K73-D150": 148.126}, "K74-U020": {"K74-U030": 136.4}, "K74-U030": {"K74-U040": 302.5}, "K74-D020": {"K74-D030": 145.03035006967494}, "K75A-D040": {"K75A-D050": 41.118078221}, "K74-D060": {"K74-D070": 122.37500000000003}, "K75P-U070": {"K75P-U080": 122.421211}, "K74-U070": {"K74-U080": 176.22000000000003}, "K73-D050": {"K73-D070": 99.00000000000001}, "K74-U040": {"K74-U050": 162.8}, "K74-U011": {"K74-D100": 143.66000000000003}, "K75P-U030": {"K75P-U040": 149.38}, "K74-D040": {"K74-D050": 82.38340000000001}, "K75P-D080": {"K75P-U011": 136.71968090000001}, "K75P-D020": {"K75P-D030": 44.795959999999994}, "K74-D090": {"K74-U011": 78.10000000000001}, "K74-D110": {"K74-U002": 203.50000000000003}, "K74-U080": {"K74-U090": 251.90000000000003}, "K74-U007": {"K74-U010": 260.37}, "K74-U090": {"K74-U100": 188.10000000000002}, "K74-U060": {"K74-U070": 116.60000000000001}}