{"KF4": {"KF6": 250.9438826479418, "KF2": 1022.6179419175478}, "KF1": {"KF5": 767.8865292132839, "KF3": 686.742015017921}, "KF5": {"KF1": 767.8865292132839}, "KF6": {"KF4": 250.94529982429398}, "KF2": {"KF4": 1022.6090544020171}, "KF3": {"KF1": 686.738650128146}}