{"KOW": {"HOK": 177.72993634473812, "OLY": 121.82228769715432, "TSY": 661.6658807957313}, "KOT": {"MKK": 137.99693995117474, "TAW": 320.63008229961264}, "KOB": {"CHH": 178.20000000000002}}