{"LAT": {"KWT": 127.84200000000001}, "LAK": {"TSY": 180.92058554930682, "NAC": 297.3240652012878, "KWF": 205.70000000000002, "MEF": 125.9965283174981}}