{"LET": {"WCH": 149.88228205883456, "SOH": 115.09917789970348}}