{"LOF": {"KOT": 131.89000000000001}, "LOP": {"TIS": 173.90587641916562, "YUL": 138.6}, "LOW": {"SHS": 261.7531409501032}}