{"LOF": {"KOT": 133.87446699000003, "WTS": 104.64247200000003}, "LOP": {"TIS": 173.92971021809714, "YUL": 131.9051038718247}, "LOW": {"SHS": 261.7548387147906}}