{"MEF": {"NAC": 173.1490896523016, "LCK": 132.1563705, "LAK": 126.01730928625639, "TWW": 351.8880006414452}}