{"SHS": {"FAN": 125.74764289374912, "LMC": 525.2480401950227, "LOW": 261.7536264530134}, "SHM": {"TSH": 216.4154482528414, "CIO": 126.6837}, "SHW": {"CEN": 125.4, "SYP": 132.0}, "SHT": {"TAW": 138.6, "FOT": 155.9735576883733}}