{"TKO": {"LHP": 128.5911519821131, "TIK": 119.16621143662027, "HAH": 101.6425047726}, "TKW": {"SUW": 133.47400000000002, "HOM": 132.0}}