{"TUM": {"SIH": 154.44793678310293}, "TUC": {"SUN": 823.8869768126272}}