{"EXC": {"HUH": 199.6932283971752, "ADM": 72.13740846435992}}