{"HEO": {"TSH": 128.58121098208974, "MOS": 106.82486199999998}}