{"HUH": {"EXC": 199.6448730582154, "ETS": 106.59995067480001, "MKK": 188.372519986892, "HOM": 152.6277482466}}