{"K51-D010": {"K51-D020": 92.56909896840136}, "K51-U140": {"K51-U150": 49.26947340976541}, "K51A-U030": {"K51A-U040": 60.500000000000014}, "K58-D193": {"K58-D196": 53.306}, "K51-U190": {"K51-U200": 81.223362896151}, "K53-D050": {"K53-D060": 81.6943928030451}, "K58-D180": {"K58-D190": 314.90745000000004}, "K51A-D260": {"K51A-D270": 69.93347944000001}, "K52-nD260": {"K52-nD270": 59.61142771329855}, "K58-D160": {"K58-D170": 167.42000000000002}, "K53-U130": {"K53-U140": 130.36792135360184}, "K51-U120": {"K51-U130": 148.6980545957213}, "K52-nD170": {"K52-nD180": 91.39101852555001}, "K53-U020": {"K53-U030": 165.7078442710584}, "K52A-U140": {"K52A-U150": 160.3587376188347}, "K53-D060": {"K53-D070": 136.05589028856286}, "K58-U140": {"K58-U150": 114.6354}, "K53-D090": {"K53-D100": 42.056367117936915}, "K58-D170": {"K58-D180": 151.217}, "K51A-U160": {"K51A-U170": 71.19268145165002}, "K52-nD150": {"K52-nD160": 83.46802907281963}, "K51-D070": {"K51-D080": 54.70320517549819}, "K51A-U240": {"K51A-U250": 85.12586165228613}, "K51A-U120": {"K51A-U130": 146.3100661}, "K51-D250": {"K51-D260": 180.06191609438997}, "K51-U220": {"K51-U230": 62.31822550348295}, "K54-D060": {"K54-D070": 152.46182436011367}, "K51A-U140": {"K51A-U150": 63.8325204}, "K53-U140": {"K53-D010": 90.57082323494106}, "K52-nD230": {"K52-nD240": 156.52612800659688}, "K58-D190": {"K58-D193": 202.02599999999998}, "K52-nU300": {"K52-nU310": 53.501581006577}, "K52-nD020": {"K52-nD030": 13.702789949649098}, "K51-U210": {"K51-U220": 56.94815352972762}, "K58-D196": {"K58-D200": 92.50120000000001}, "K54-U050": {"K54-U060": 291.1104454603227}, "K54-D020": {"K54-D030": 159.37177344876346}, "K53-U100": {"K53-U110": 80.57284487860395}, "K53-U010": {"K53-U020": 247.36373064547792, "K53-D180": 499.40000000000003}, "K53-U070": {"K53-U080": 59.872200756803956}, "K51-D130": {"K51-D140": 46.248746469472266}, "K53-U110": {"K53-U120": 103.72563560255294}, "K52-nD240": {"K52-nD250": 149.97426239485532}, "K53-U050": {"K53-U060": 157.48750715823252}, "K52-nU030": {"K52-nU040": 115.25002943695999}, "K52-nU070": {"K52-nU080": 98.14339291450989}, "K54-D040": {"K54-D050": 165.66232283351448}, "K54-D050": {"K54-D060": 92.82924595535673}, "K53-D015": {"K53-D020": 51.82838096673995}, "K52-nU060": {"K52-nU070": 151.58153554374002}, "K54-U030": {"K54-U040": 110.26589346759079}, "K52-nU080": {"K52-nU090": 71.70349694259112}, "K53-U120": {"K53-U130": 69.7992372554017}, "K51-D260": {"K51-D270": 56.99860123544382}, "K52-nU200": {"K52-nU210": 80.27493502972804}, "K51-U080": {"K51-U090": 151.02841224171806}, "K52-nD100": {"K52-nD110": 58.27408187579998}, "K51A-D110": {"K51A-D120": 50.60000000000001}, "K51A-D240": {"K51A-D250": 59.33706144949001}, "K52-nD280": {"K52-nD290": 88.41086466241318}, "K51A-U080": {"K51A-U090": 181.83950998199998}, "K53-U030": {"K53-U040": 230.84258315300266}, "K51-D020": {"K51-D030": 55.805288696299996}, "K52-nU050": {"K52-nU060": 247.56914597072137}, "K53-D100": {"K53-D110": 69.16491972567854}, "K53-D120": {"K53-D130": 54.547603298891225}, "K53-U090": {"K53-U100": 112.24296819362148}, "K54-U020": {"K54-U030": 100.80684186193079}, "K51-U150": {"K51-U160": 86.30390634297581}, "K53-U080": {"K53-U090": 88.37510097125565}, "K52-nD010": {"K52-nD020": 17.290496890796103}, "K51A-U150": {"K51A-U160": 121.45428065397}, "K53-D070": {"K53-D080": 49.234812401632915}, "K51-D090": {"K51-D100": 89.62610898629431}, "K51-U010": {"K51-U020": 100.70527618020357}, "K53-D040": {"K53-D050": 58.056147949760884}, "K52-nU270": {"K52-nU280": 160.36005717648064}, "K52-nD190": {"K52-nD200": 138.89944626272}, "K51-U030": {"K51-U040": 63.691838344290815}, "K53-D150": {"K53-D160": 143.8797832406338}, "K51-D220": {"K51-D230": 278.23147230923007}, "K52-nD180": {"K52-nD190": 121.6184027107435}, "K52-nU280": {"K52-nU290": 45.602164208378}, "K53-D110": {"K53-D120": 140.99081349784757}, "K52-nD030": {"K52-nD040": 19.307794451920003}, "K51-D230": {"K51-D240": 69.73619245430002}, "K51-U180": {"K51-U190": 102.30333250627206}, "K58-U040": {"K58-U050": 63.800000000000004}, "K51-D080": {"K51-D090": 101.94822607500002}, "K51-D120": {"K51-D130": 39.176424331267306}, "K51A-U220": {"K51A-U230": 95.59834089239129}, "K58-U120": {"K58-U130": 107.91000000000001}, "K58-U200": {"K58-U210": 68.04599999999999}, "K51A-U210": {"K51A-U220": 87.52251637800002}, "K51A-U090": {"K51A-U100": 168.12216292300005}, "K51A-U230": {"K51A-U240": 41.88691354982926}, "K52-nD140": {"K52-nD150": 106.83886204428003}, "K51-U040": {"K51-U050": 109.38689047110002}, "K53-D030": {"K53-D040": 69.42059622638195}, "K52-nU110": {"K52-nU120": 156.3387124847174}, "K51-D040": {"K51-D050": 48.90280596929858}, "K51-U090": {"K51-U100": 148.79836656063304}, "K52-nD110": {"K52-nD120": 143.93979179811}, "K54-U010": {"K54-U020": 55.66112284036292}, "K53-U040": {"K53-U050": 139.27695896129427}, "K53-D130": {"K53-D140": 86.03099730904374}, "K52-nU190": {"K52-nU200": 142.8959543435478}, "K54-U070": {"K54-D010": 146.96851336791633}, "K51-D270": {"K51-D280": 98.33704804160112}, "K51-D140": {"K51-D150": 72.24747202200001}, "K51A-D020": {"K51A-D030": 84.17200000000001}, "K51A-D160": {"K51A-D170": 159.014711471}, "K58-D110": {"K58-D120": 189.20000000000002}, "K52-nU010": {"K52-nU020": 38.873942824195126}, "K53-D170": {"K53-D180": 319.33000000000004}, "K51-U110": {"K51-U120": 136.68122022468066}, "K52-nD270": {"K52-nD280": 96.28654107008842}, "K52A-D060": {"K52A-D070": 129.34768316859828}, "K52-nU140": {"K52-nU150": 155.70318288933714}, "K51-U060": {"K51-U070": 270.4667933251}, "K52-nD160": {"K52-nD170": 123.45706357897002}, "K51A-D140": {"K51A-D150": 49.33165974}, "K58-D050": {"K58-D060": 198.11}, "K58-D020": {"K58-D030": 57.2}, "K58-U150": {"K58-U160": 158.4}, "K52-nD080": {"K52-nD090": 34.45875593648}, "K58-D060": {"K58-D070": 95.7}, "K52A-D010": {"K52A-D020": 277.2237367987566}, "K51A-D250": {"K51A-D260": 100.99652750000001}, "K54-D030": {"K54-D040": 70.31642244586826}, "K52-nD070": {"K52-nD080": 105.35382327705051}, "K51-U230": {"K51-U240": 43.24777949496114}, "K54-U060": {"K54-U070": 193.19161320782123}, "K51A-U200": {"K51A-U210": 51.93189155579324}, "K52-nD040": {"K52-nD050": 20.082802103261436}, "K53-D010": {"K53-D015": 99.96765420395454}, "K52A-U170": {"K52A-U180": 275.3327967120307}, "K51-U130": {"K51-U140": 69.65468151493715}, "K51-U100": {"K51-U110": 232.59576747550005}, "K52-nD120": {"K52-nD130": 35.747210688858736}, "K53-D020": {"K53-D030": 105.30628955218044}, "K52-nU220": {"K52-nU230": 81.8657517736758}, "K52-nU020": {"K52-nU030": 81.0158725723292}, "K51A-D230": {"K51A-D240": 157.06587897847}, "K51A-U180": {"K51A-U190": 94.94858279346002}, "K51-D280": {"K51-D290": 81.37947610157188}, "K52-nU170": {"K52-nU180": 126.26537120629999}, "K52-nD050": {"K52-nD060": 30.839251215946867}, "K52-nU100": {"K52-nU110": 151.51504232909818}, "K53-D080": {"K53-D090": 36.70431507698741}, "K52-nU180": {"K52-nU190": 78.78056710271001}, "K51-D050": {"K51-D060": 49.73832593092}, "K51-D060": {"K51-D070": 45.536806443040014}, "K52-nU040": {"K52-nU050": 66.86103543020002}, "K52-nU160": {"K52-nU170": 39.601705989999985}, "K58-U050": {"K58-U060": 33.0}, "K52-nD060": {"K52-nD070": 129.34768316859828}, "K51-U240": {"K51-U250": 111.13235058809201}, "K58-D200": {"K58-D210": 77.275}, "K51-U020": {"K51-U030": 91.01754003046099}, "K51A-U100": {"K51A-U110": 218.0775692095}, "K52-nU150": {"K52-nU160": 76.39000950320337}, "K58-D100": {"K58-D110": 181.37900000000005}, "K58-U090": {"K58-U100": 207.45999999999998}, "K51A-D090": {"K51A-D100": 51.19411264}, "K51A-D180": {"K51A-D190": 116.44083}, "K53-U060": {"K53-U070": 66.97760273320148}, "K52-nD210": {"K52-nD220": 212.34364211600004}, "K51-D200": {"K51-D210": 123.99082374398999}, "K54-D010": {"K54-D020": 176.05515314481062}, "K53-D140": {"K53-D150": 137.49150735410885}, "K52-nD290": {"K52-nD300": 101.96731006295444}, "K58-U023": {"K58-U026": 72.60000000000001}, "K51A-D120": {"K51A-D140": 125.4}, "K54-U040": {"K54-U050": 134.2587604240286}, "K51A-D190": {"K51A-D200": 145.30781100000002},