{"K73-D010": {"K73-D020": 79.950035}, "K73-U090": {"K73-U100": 109.7596544765898}, "K73-D030": {"K73-D040": 96.54700000000003}, "K76-D020": {"K76-D030": 120.0987833018567}, "K76-D030": {"K76-D040": 79.00560184821911}, "K73-U030": {"K73-U040": 82.08545957763656}, "K75P-U100": {"K75P-U110": 63.625991}, "K73-D020": {"K73-D030": 100.41680000000001}, "K75A-D030": {"K75A-D040": 51.11183000000001}, "K73-U040": {"K73-U050": 103.66149584175, "K73-U060": 206.045642}, "K73-U100": {"K73-U110": 203.01004460000004}, "K75P-D010": {"K75P-D020": 139.211440654}, "K73-D070": {"K73-D080": 152.7735}, "K73-D120": {"K73-D130": 119.14650000000002}, "K75A-U030": {"K75A-D010": 263.90099999999995}, "K73-U110": {"K73-U120": 234.02049279191965}, "K76-U030": {"K76-U040": 163.09265532447293}, "K75P-U060": {"K75P-U070": 30.834760000000006}, "K73-D140": {"K73-D150": 214.28000000000003}, "K75P-D040": {"K75P-D050": 154.82500000000002}, "K75A-D110": {"K75A-U011": 146.9061}, "K73-U080": {"K73-U110": 151.48377650606716, "K73-U090": 299.3090409804}, "K75A-D010": {"K75A-D020": 197.21295}, "K73-D110": {"K73-D120": 53.35}, "K75P-U070": {"K75P-U080": 123.003122}, "K75P-D070": {"K75P-D080": 90.67684112190003}, "K73-U060": {"K73-U070": 122.64096336693547}, "K75P-D080": {"K75P-U011": 151.82437600000003}, "K75A-D100": {"K75A-D110": 92.96463000000003}, "K75P-U120": {"K75P-U130": 63.39630000000001}, "K76-U020": {"K76-U030": 159.62632086082007}, "K76-U040": {"K76-U050": 182.6099}, "K75A-D080": {"K75A-D090": 75.4414199}, "K75P-D060": {"K75P-D070": 185.783723532}, "K73-U050": {"K73-U060": 101.22292017089781}, "K75P-U130": {"K75P-U140": 31.792199999999998}, "K75P-U080": {"K75P-U090": 43.53196100000001}, "K75A-D060": {"K75A-D070": 44.23639}, "K73-U070": {"K73-U080": 159.18153253542454}, "K76-U010": {"K76-U020": 7.421094999999999}, "K73-U010": {"K73-U020": 63.840920000000004}, "K76-D010": {"K76-D020": 170.43710804716463}, "K75P-U010": {"K75P-U020": 86.405}, "K75P-D050": {"K75P-D060": 77.25300000000001}, "K75P-U090": {"K75P-U100": 48.284294300000006}, "K75P-U030": {"K75P-U040": 117.436}, "K75P-D030": {"K75P-D040": 107.84400000000002}, "K75P-D020": {"K75P-D030": 35.9356602}, "K75P-U140": {"K75P-D010": 153.065}, "K74-D020": {"K74-D030": 145.03112256127426}, "K75P-U020": {"K75P-U030": 90.53}, "K75A-U020": {"K75A-U030": 158.60895599999998}, "K73-U020": {"K73-U030": 52.11030000000001}, "K75A-D040": {"K75A-D050": 57.2}, "K75P-U110": {"K75P-U120": 81.58098079999999}, "K75A-D070": {"K75A-D080": 39.92351}, "K73-D050": {"K73-D070": 106.81000000000002}, "K75A-U010": {"K75A-U020": 48.02490000000001}, "K73-D130": {"K73-D140": 164.01000000000002}, "K75A-D090": {"K75A-D100": 37.51990000000001}, "K75P-U040": {"K75P-U050": 113.91600000000003}, "K73-D040": {"K73-D050": 80.03600000000002}, "K75A-D020": {"K75A-D030": 22.0}, "K73-D080": {"K73-D090": 260.70000000000005}, "K75A-D050": {"K75A-D060": 60.517269999999996}, "K73-D150": {"K73-D160": 59.730000000000004}, "K73-D090": {"K73-D100": 82.5}, "K73-D100": {"K73-D110": 180.4}}