{"KOT": {"TAW": 320.63346078934666, "MKK": 137.99092678848214}, "KOW": {"OLY": 121.82868609035286, "TSY": 661.6695615099304, "HOK": 177.72150059192214}}