{"LCK": {"MEF": 90.15179748257162, "CSW": 120.95514494424042}}