{"LET": {"WCH": 169.88233007842308, "SOH": 98.53680151412557}}