{"MEF": {"LAK": 126.01670774801451, "TWW": 351.8646463173028, "LCK": 132.360855, "NAC": 173.14254853482151}}