{"OCP": {"WCH": 132.68972253537336, "ADM": 287.6399288652852}}