{"OCP": {"WCH": 131.28079147511014, "ADM": 287.63196098634023}}