{"PRE": {"SSP": 133.81262729999997, "SKM": 128.21276600000002, "MOK": 120.66648}}