{"SHS": {"FAN": 125.18302480244208, "LOW": 261.7548282971277, "LMC": 525.2513835029532}, "SHT": {"FOT": 155.94767988883711, "TAW": 106.2352784213829}, "SHM": {"CIO": 96.004414, "TSH": 216.39876828003162}, "SHW": {"SYP": 93.51297469800002, "CEN": 104.52071158313079}}