{"SYP": {"HKU": 102.1591930348, "SHW": 141.49983099999997}}