{"TKO": {"LHP": 128.59823683960403, "HAH": 214.9224, "TIK": 117.75045611999997}}