{"TWO": {"FAN": 412.63461740643214, "TAP": 132.792}, "TWW": {"KSR": 712.0309122549204, "MEF": 351.8337472079667}, "TWH": {"KWH": 138.6}}