{"UNI": {"TAP": 430.12470352653116, "FOT": 186.42931690460236}}