{"YAT": {"TIK": 141.42227843812236, "LAT": 92.3125137, "QUB": 231.17861043955003}}