{"YMT": {"MOK": 119.51280927230134, "HOM": 53.331479082391, "JOR": 127.24641834519996}}