{"5": {"305": 91.53453489950002, "6": 166.021229}}