{"DIS": {"SUN": 198.58228536908274}, "DIH": {"WTS": 132.0, "KAT": 138.6, "HIK": 333.0914519288978, "CHH": 132.0}}