{"ETS": {"HUH": 134.6286421656, "AUS": 152.2649106}}