{"HKU": {"SYP": 122.02371092850085, "KET": 94.57560566264193}}