{"HOK": {"KOW": 177.73563583696213}, "HOM": {"YMT": 192.06000000000003, "HUH": 132.594, "TKW": 129.49629000000002, "WHA": 69.37989153158728}}