{"K12-U020": {"K12-U030": 188.7733981145705}, "K18-U020": {"K18-U030": 52.16541202351491}, "K18-D020": {"K18-D030": 71.94145805515758}, "K17-U010": {"K17-U020": 232.34596848430004}, "K17-U030": {"K17-U040": 31.31328313418801}, "K18-U010": {"K18-U020": 209.72578787946503}, "K17-U020": {"K17-U030": 123.25987978974999}, "K18-D010": {"K18-D020": 209.52855140184002}, "K14-D020": {"K14-D030": 14.7631114653}, "K12-D010": {"K12-D020": 185.36834800000003}, "K14-D010": {"K14-D020": 280.1431166218542}, "K12-U010": {"K12-U020": 224.339427950308}, "K12-D030": {"K12-D040": 10.145891690000001}, "K17-D020": {"K17-D030": 90.71415703183021}, "K12-D020": {"K12-D030": 310.12211450000007}, "K17-D010": {"K17-D020": 299.37820000000005}}