{"K53-D100": {"K53-D110": 66.99855941127585}, "K51-D130": {"K51-D140": 46.47787401129526}, "K51-D260": {"K51-D270": 70.41195088931302}, "K58-U070": {"K58-U080": 119.49088868935465}, "K53-D130": {"K53-D140": 92.00559043392177}, "K52-nU030": {"K52-nU040": 135.65817624615062}, "K53-U130": {"K53-U140": 60.26260429532395}, "K52-nD140": {"K52-nD150": 115.03500722779214}, "K51-D190": {"K51-D200": 158.85119712}, "K53-D010": {"K53-D015": 94.12699284638573}, "K53-U020": {"K53-U030": 149.43369248775838}, "K54-U050": {"K54-U060": 370.18090662601514}, "K52-nU260": {"K52-nU270": 130.07408999381659}, "K58-U150": {"K58-U160": 117.10600000000002}, "K53-U060": {"K53-U070": 73.11298439730123}, "K52-nU060": {"K52-nU070": 110.55977234964662}, "K51-D040": {"K51-D050": 55.787557929884635}, "K51-D160": {"K51-D170": 49.1464563893735}, "K58-U026": {"K58-U030": 130.16457753740104}, "K52-nD020": {"K52-nD030": 46.079809668200014}, "K58-D070": {"K58-D080": 83.02745000000002}, "K53-U040": {"K53-U050": 112.1353872856291}, "K58-U020": {"K58-U023": 154.045216484049}, "K53-U050": {"K53-U060": 139.2936300493879}, "K54-D060": {"K54-D070": 145.38843630716434}, "K51-D150": {"K51-D160": 162.1513721372532}, "K53-D090": {"K53-D100": 47.094152437203626}, "K51-D270": {"K51-D280": 101.47527232316381}, "K53-U090": {"K53-U100": 129.78287796319998}, "K58-D080": {"K58-D090": 119.75403720720003}, "K52A-D010": {"K52A-D020": 277.2239531742659}, "K51A-U010": {"K51A-U020": 161.47351010632966}, "K58-D180": {"K58-D190": 259.9201000000001}, "K54-D030": {"K54-D040": 57.08784809234495}, "K51-U240": {"K51-U250": 112.52672239600001}, "K51A-D080": {"K51A-D090": 162.87064185323212}, "K53-U140": {"K53-D010": 83.0945527777467}, "K52-nD120": {"K52-nD130": 38.9007875206665}, "K52-nU040": {"K52-nU050": 63.324615370720004}, "K51A-D210": {"K51A-D220": 88.33000000000001}, "K51-U090": {"K51-U100": 144.08351483900003}, "K58-D130": {"K58-D140": 89.78600960450001}, "K51-U210": {"K51-U220": 56.80319132729634}, "K51-D110": {"K51-D120": 48.927781096183935}, "K51A-U210": {"K51A-U220": 85.48100000000002}, "K52A-U170": {"K52A-U180": 275.33849859845316}, "K58-U200": {"K58-U210": 65.0771}, "K53-D140": {"K53-D150": 161.81110452337555}, "K58-U050": {"K58-U060": 33.745978292070006}, "K58-D140": {"K58-D150": 36.184886430000006}, "K52-nU120": {"K52-nU140": 105.96830894815488}, "K52-nU200": {"K52-nU210": 102.2806153193141}, "K53-U070": {"K53-U080": 48.33999906240893}, "K53-U110": {"K53-U120": 101.83771496624996}, "K51-U130": {"K51-U140": 75.91580410634701}, "K51-U150": {"K51-U160": 76.96044989004957}, "K51A-D010": {"K51A-D020": 55.659148200731316}, "K51A-U020": {"K51A-U030": 198.8500879440774}, "K51-U070": {"K51-U080": 160.88284217921566}, "K54-U040": {"K54-U050": 129.59799568380672}, "K51-U010": {"K51-U020": 47.3458441137}, "K51A-D090": {"K51A-D100": 50.431097161786006}, "K52-nU190": {"K52-nU200": 127.25190448260469}, "K51-U110": {"K51-U120": 99.97108389175227}, "K51-U040": {"K51-U050": 123.39675699473132}, "K58-D010": {"K58-D020": 24.750000000000004}, "K51-U230": {"K51-U240": 48.84375704043207}, "K58-U140": {"K58-U150": 106.2699}, "K58-U110": {"K58-U120": 206.32823508}, "K58-D160": {"K58-D170": 217.16981}, "K52-nD260": {"K52-nD270": 53.42338817893001}, "K51-U030": {"K51-U040": 49.214580800000014}, "K53-U120": {"K53-U130": 67.44226298690293}, "K53-D070": {"K53-D080": 41.37571820883165}, "K52-nU100": {"K52-nU110": 161.89818691860003}, "K52A-U140": {"K52A-U150": 160.35861664191674}, "K52-nD110": {"K52-nD120": 134.61747838170317}, "K52-nD130": {"K52-nD140": 91.0820537868431}, "K51-D100": {"K51-D110": 129.82994579922692}, "K58-U120": {"K58-U130": 131.151735}, "K51A-D020": {"K51A-D030": 126.4790602304387}, "K51-D060": {"K51-D070": 53.1969650242922}, "K51-U180": {"K51-U190": 100.65087681822641}, "K51-U140": {"K51-U150": 43.85295713862787}, "K52-nD010": {"K52-nD020": 16.867066658288994}, "K51-U200": {"K51-U210": 77.23264820931}, "K52-nU230": {"K52-nU240": 121.32893832322434}, "K58-U060": {"K58-U070": 153.60725161099998}, "K51-U220": {"K51-U230": 61.923499915702095}, "K54-U010": {"K54-U020": 138.61158271983956}, "K53-D050": {"K53-D060": 71.70925115567718}, "K54-U030": {"K54-U040": 131.26970190422668}, "K52-nD210": {"K52-nD220": 190.602961989}, "K52-nU140": {"K52-nU150": 183.71808214829497}, "K54-D050": {"K54-D060": 79.24343977998763}, "K53-D040": {"K53-D050": 69.30362561581161}, "K52-nU290": {"K52-nU300": 25.760949816954984}, "K51A-U060": {"K51A-U070": 362.69309670000007}, "K54-D010": {"K54-D020": 89.22994359837614}, "K52-nU090": {"K52-nU100": 109.48316347560572}, "K52A-D060": {"K52A-D070": 129.34768316859828}, "K53-U100": {"K53-U110": 67.84524626427671}, "K58-U190": {"K58-U200": 114.191}, "K54-U070": {"K54-D010": 121.1939530223539}, "K58-U130": {"K58-U140": 95.006428}, "K52-nD220": {"K52-nD230": 118.71687253282035}, "K53-D080": {"K53-D090": 53.25690393520695}, "K53-U030": {"K53-U040": 185.11423940653302}, "K51A-D030": {"K51A-D040": 48.85660146222831}, "K51-D250": {"K51-D260": 124.36926877636374}, "K51A-U220": {"K51A-U230": 78.10000000000001}, "K54-D020": {"K54-D030": 132.8572278405421}, "K51-D200": {"K51-D210": 132.13461139999998}, "K54-U060": {"K54-U070": 204.48722356693352}, "K51-U170": {"K51-U180": 64.43991851557588}, "K53-D150": {"K53-D160": 160.31715908732556}, "K51-D010": {"K51-D020": 102.85553934971372}, "K53-D110": {"K53-D120": 146.52454908824703}, "K53-U080": {"K53-U090": 67.48267744674064}, "K52-nU250": {"K52-nU260": 104.74713732915447}, "K53-D060": {"K53-D070": 142.20161304598668}, "K53-D015": {"K53-D020": 47.66051308215481}, "K54-D040": {"K54-D050": 151.1139117972064}, "K52-nD090": {"K52-nD100": 68.5000995008}, "K51-U160": {"K51-U170": 110.97069114663171}, "K51-U060": {"K51-U070": 210.77236587000002}, "K52-nD160": {"K52-nD170": 152.78587008300002}, "K51A-D160": {"K51A-D170": 227.82183600000002}, "K53-D120": {"K53-D130": 62.003659179121044}, "K51A-D040": {"K51A-D050": 120.83508367554082}, "K51A-D120": {"K51A-D140": 168.48523879}, "K51-D180": {"K51-D190": 174.9196125266227}, "K51-D030": {"K51-D040": 38.688211859}, "K52-nD280": {"K52-nD290": 91.3735229856097}, "K52-nU180": {"K52-nU190": 96.04548194129123}, "K58-U040": {"K58-U050": 117.51663}, "K51-U190": {"K51-U200": 76.02660331057027}, "K52-nD200": {"K52-nD210": 121.4565014069}, "K58-D110": {"K58-D120": 182.34960821}, "K52-nD230": {"K52-nD240": 157.92270674399998}, "K51A-U070": {"K51A-U080": 152.53381660000002}, "K51-D020": {"K51-D030": 52.300804160000006}, "K51-D090": {"K51-D100": 80.91707969268005}, "K51A-U170": {"K51A-U180": 83.482696}, "K52-nD250": {"K52-nD260": 188.6631490483741}, "K51-D080": {"K51-D090": 113.93567554754001}, "K58-D100": {"K58-D110": 151.91456942332007}, "K58-U090": {"K58-U100": 165.33}, "K58-D193": {"K58-D196": 29.546000000000003}, "K54-U020": {"K54-U030": 128.3054116022057}, "K58-U170": {"K58-U180": 203.75300000000001}, "K52-nU210": {"K52-nU220": 85.40372323481067}, "K51-D140": {"K51-D150": 76.86635033378066}, "K52-nD100": {"K52-nD110": 64.20910545370202}, "K58-D196": {"K58-D200": 132.77715}, "K51-U100": {"K51-U110": 170.7409034345839}, "K52-nD050": {"K52-nD060": 32.352531680611996}, "K51-D070": {"K51-D080": 64.64598918295762}, "K53-U010": {"K53-U020": 252.332620906255}, "K58-D020": {"K58-D030": 138.68140000000002}, "K51-D120": {"K51-D130": 55.99619693217987}, "K58-U030": {"K58-U040": 317.05508999999995}, "K52-nU150": {"K52-nU160": 94.08103873529528}, "K52-nD030": {"K52-nD040": 42.40638006}, "K58-D150": {"K58-D160": 67.31182040000002}, "K58-D040": {"K58-D050": 135.0310824383925}, "K52-nD190": {"K52-nD200": 158.38885222302542}, "K51-D280": {"K51-D290": 65.00175674240663}, "K58-D060": {"K58-D070": 187.19713077061755}, "K52-nD180": {"K52-nD190": 126.25617099716014}, "K58-U010": {"K58-U020": 41.4616083926}, "K52-nD170": {"K52-nD180": 107.3520149727137}, "K51-D170": {"K51-D180": 103.92431685724003}, "K52-nU220": {"K52-nU230": 81.67844743003266}, "K52-nD040": {"K52-nD050": 37.70445424144301}, "K52-nU280": {"K52-nU290": 53.64870670981928},