{"LAK": {"NAC": 297.3198712272233, "MEF": 125.99872117716559, "TSY": 180.95555225843535, "KWF": 114.36579132000001}, "LAT": {"YAT": 97.2664, "KWT": 132.0}}