{"OCP": {"WCH": 132.59697, "ADM": 287.690984593028}}