{"SHT": {"TAW": 50.83122000000001, "FOT": 155.97969390889307}, "SHS": {"FAN": 125.73258127283043, "LOW": 261.7529418919195, "LMC": 525.2467114984995}, "SHW": {"SYP": 132.0, "CEN": 132.0}, "SHM": {"TSH": 216.41829374487838, "CIO": 78.32000000000001}}