{"TKO": {"LHP": 128.59277798288116, "TIK": 84.01993996383227, "HAH": 126.06000000000002}, "TKW": {"SUW": 132.792}}