{"TKO": {"LHP": 128.59550100483844, "TIK": 106.9044728649695, "HAH": 125.4}, "TKW": {"SUW": 132.88}}