{"EXC": {"HUH": 199.65693340295604, "ADM": 57.889609897877776}}