{"HAH": {"TKO": 114.77400000000003, "POA": 105.06757755646827}}