{"HUH": {"EXC": 199.68004018788992, "MKK": 188.36115217094033, "HOM": 132.0}}