{"K18-D020": {"K18-D030": 44.65749618159783}, "K12-D030": {"K12-D040": 14.500339191114577}, "K18-U020": {"K18-U030": 68.03683565824039}, "K12-D010": {"K12-D020": 182.48828395160004}, "K18-D010": {"K18-D020": 214.53854262939316}, "K12-D020": {"K12-D030": 303.7179876282772}, "K17-D020": {"K17-D030": 32.043038307675246}, "K17-U010": {"K17-U020": 225.05075262999998}, "K17-U030": {"K17-U040": 29.337027847249423}, "K12-U020": {"K12-U030": 226.84821239998502}, "K17-D010": {"K17-D020": 238.33788440000004}, "K12-U010": {"K12-U020": 234.27228230999995}, "K18-U010": {"K18-U020": 238.5554621054}, "K17-U020": {"K17-U030": 159.07200099999997}}