{"K18-D020": {"K18-D030": 48.4}, "K12-D030": {"K12-D040": 14.219810000000004}, "K18-U020": {"K18-U030": 70.4}, "K12-D010": {"K12-D020": 183.70000000000002}, "K18-D010": {"K18-D020": 219.538}, "K12-D020": {"K12-D030": 324.02700000000004}, "K17-D020": {"K17-D030": 33.891000000000005}, "K17-U010": {"K17-U020": 273.90000000000003}, "K17-U030": {"K17-U040": 22.0}, "K12-U020": {"K12-U030": 232.65}, "K17-D010": {"K17-D020": 277.20000000000005}, "K12-U010": {"K12-U020": 235.4}}