{"K66-D170": {"K66-D180": 178.16698527697827}, "K66-U090": {"K66-U100": 55.753265536371586}, "K65-D110": {"K65-D120": 115.15787981776971}, "K66-U030": {"K66-U040": 194.76092299085465}, "K68-U040": {"K68-U050": 54.34965393000001}, "K65-U130": {"K65-U140": 32.45545999972834}, "K65-D160": {"K65-D170": 137.87943087237895}, "K65-U060": {"K65-U070": 38.39490659474397}, "K65-D050": {"K65-D060": 61.959588475737135}, "K68-D090": {"K68-D100": 144.59291173360003}, "K68-U010": {"K68-U020": 99.66286544979101}, "K68-D110": {"K68-D120": 96.875717278}, "K66-U140": {"K66-U150": 53.267965089341786}, "K65-D080": {"K65-D090": 50.868357763327296}, "K68-D130": {"K68-D140": 67.68676981000002}, "K68-U070": {"K68-U080": 36.666499099999996}, "K65-D040": {"K65-D050": 68.03406717417919}, "K65-D130": {"K65-D140": 89.22365520331293}, "K65-D020": {"K65-D030": 72.76676736205164}, "K68-D060": {"K68-D070": 92.46262096500001}, "K66-U040": {"K66-U050": 130.6701130955}, "K68-U160": {"K68-U170": 81.61809461074998}, "K65-D180": {"K65-D190": 104.70085507338968}, "K65-D140": {"K65-D150": 106.91500000837269}, "K65-U050": {"K65-U060": 111.45422019393781}, "K66-D140": {"K66-D150": 93.58808897119653}, "K66-U130": {"K66-U140": 58.35065684906241}, "K66-U170": {"K66-U180": 39.54120872986026}, "K65-U080": {"K65-U090": 124.6786071012388}, "K66-D110": {"K66-D120": 30.05414183662963}, "K68-D200": {"K68-U011": 61.42597000000002}, "K66-U150": {"K66-U160": 62.708195824622706}, "K66-D100": {"K66-D110": 37.05306115295612}, "K68-D100": {"K68-D110": 99.42993764000002}, "K65-D120": {"K65-D130": 63.28459381980006}, "K68-D030": {"K68-D040": 67.43789807229993}, "K66-U050": {"K66-U060": 47.53428804106758}, "K68-U090": {"K68-U100": 122.04806133114703}, "K65-U040": {"K65-U050": 99.45171001695606}, "K65-D150": {"K65-D160": 93.62466835670789}, "K66-D200": {"K66-D210": 120.80443808891911}, "K66-D130": {"K66-D140": 26.896854247538005}, "K68-D140": {"K68-D150": 30.046910740000005}, "K66-U180": {"K66-U190": 74.92319966951264}, "K65-U090": {"K65-U100": 56.06043040557783}, "K66-U010": {"K66-U020": 133.00524296709534}, "K66-U190": {"K66-U200": 71.20313403399919}, "K66-D070": {"K66-D080": 30.997711910362607}, "K65-D170": {"K65-D180": 89.39622262082213}, "K65-D030": {"K65-D040": 60.891713256381806}, "K65-U210": {"K65-U220": 86.60000640725004}, "K68-D160": {"K68-D170": 76.55420566688402}, "K68-U150": {"K68-U160": 89.20240730000002}, "K65-U170": {"K65-U180": 54.07458099509601}, "K66-D220": {"K66-D230": 81.1763978478}, "K68-D180": {"K68-D190": 33.69412524405177}, "K68-D170": {"K68-D180": 48.600968560999995}, "K65-D100": {"K65-D110": 208.47908775839807}, "K66-U160": {"K66-U170": 54.165499805323904}, "K68-U030": {"K68-U040": 36.99436861505641}, "K66-U080": {"K66-U090": 182.0955404713994}, "K66-U060": {"K66-U070": 195.25173176849995}, "K66-U120": {"K66-U130": 62.359540175483495}, "K66-D030": {"K66-D040": 70.9585786509104}, "K66-U210": {"K66-U220": 51.69879635273212}, "K66-D010": {"K66-D020": 12.28426282975376}, "K66-D020": {"K66-D030": 58.96157540415027}, "K65-U200": {"K65-U210": 62.93670875745249}, "K68-U130": {"K68-U140": 146.81894263690998}, "K65-U120": {"K65-U130": 202.59511505752002}, "K66-D120": {"K66-D130": 57.255305420354105}, "K65-U160": {"K65-U170": 63.64659663175003}, "K65-U010": {"K65-U020": 306.202150980238}, "K65-D060": {"K65-D070": 75.36300976877092}, "K65-U070": {"K65-U080": 70.51100961349998}, "K65-U220": {"K65-U230": 79.88231921155798}, "K66-D180": {"K66-D190": 63.78914518861001}, "K68-D120": {"K68-D130": 164.56330000000003}, "K68-D020": {"K68-D030": 85.76166461631999}, "K65-U020": {"K65-U030": 141.8069097797}, "K66-D230": {"K66-D240": 91.04367638742}, "K66-D210": {"K66-D220": 130.49215754070002}, "K68-U050": {"K68-U060": 53.58728720399999}, "K66-U020": {"K66-U030": 184.79612562373998}, "K66-D190": {"K66-D200": 74.9785237569781}, "K66-D150": {"K66-D160": 92.56602934770002}, "K68-D070": {"K68-D080": 209.0763538184414}, "K65-U110": {"K65-U120": 112.78593089490332}, "K68-U140": {"K68-U150": 43.27455}, "K68-U060": {"K68-U070": 76.18028000000001}, "K68-D050": {"K68-D060": 59.31699744200999}, "K68-U100": {"K68-U110": 187.36957800000005}, "K66-D060": {"K66-D070": 30.580970125238014}, "K66-D080": {"K66-D090": 44.455290312039004}, "K66-U100": {"K66-U110": 78.81500052398691}, "K68-D040": {"K68-D050": 97.31877320000001}, "K68-D010": {"K68-D020": 51.86472542659662}, "K68-U120": {"K68-U130": 156.3167304006}, "K66-D090": {"K66-D100": 34.55044922999999}, "K65A-U110": {"K65A-U120": 81.4}, "K65-D010": {"K65-D020": 40.4618296120673}, "K65-U100": {"K65-U110": 150.93344261748902}, "K66-U110": {"K66-U120": 44.387943371767264}, "K68-D150": {"K68-D160": 66.29550855211701}, "K66-D160": {"K66-D170": 143.74492000000004}, "K65-D090": {"K65-D100": 89.47795976305544}, "K66-D050": {"K66-D060": 31.328350821396583}, "K66-U200": {"K66-U210": 60.367319930771316}, "K68-D080": {"K68-D090": 85.06154040000001}, "K68-U170": {"K68-D010": 145.0256269}, "K68-U110": {"K68-U120": 179.62509763449}, "K65-U190": {"K65-U200": 50.287597484952116}, "K68-U020": {"K68-U030": 47.15501000000001}, "K65-U150": {"K65-U160": 57.522757991005975}, "K68-D190": {"K68-D200": 49.88292979999999}, "K65A-U070": {"K65A-U080": 17.6}, "K65-U180": {"K65-U190": 78.7970950657}, "K65-U030": {"K65-U040": 114.79556609055938}, "K66-U070": {"K66-U080": 218.5557518552413}, "K66-D040": {"K66-D050": 31.431357358141373}, "K65A-U090": {"K65A-U100": 3.3000000000000003}, "K65-D070": {"K65-D080": 99.14973459743813}, "K68-U080": {"K68-U090": 49.493401000000006}, "K65-U140": {"K65-U150": 114.67136340550005}, "K65A-U120": {"K65A-U130": 77.11}}