{"K75A-D080": {"K75A-D090": 73.7183710207668}, "K73-U050": {"K73-U060": 94.00287294298074}, "K73-U040": {"K73-U060": 187.10204181720673, "K73-U050": 97.78042666690857}, "K73-U070": {"K73-U080": 143.35647204407934}, "K73-D030": {"K73-D040": 125.7764693855374}, "K76-U030": {"K76-U040": 223.27361550719462}, "K76-D030": {"K76-D040": 104.46851428130935}, "K75A-D040": {"K75A-D050": 48.42105025154264}, "K75P-D040": {"K75P-D050": 165.51218732482147}, "K73-D020": {"K73-D030": 94.72692217836756}, "K73-U020": {"K73-U030": 199.4431297199805}, "K75P-U100": {"K75P-U110": 58.930194594631175}, "K76-D020": {"K76-D030": 132.82511338455268}, "K73-U030": {"K73-U040": 80.60892478688507}, "K75A-D090": {"K75A-D100": 39.82046653671735}, "K73-U100": {"K73-U110": 226.89444178116315}, "K75A-U010": {"K75A-U020": 39.3260973263307}, "K76-U040": {"K76-U050": 171.99136173854737}, "K73-D090": {"K73-D100": 76.402837522577}, "K75P-D050": {"K75P-D060": 76.20612291076102}, "K75A-D050": {"K75A-D060": 67.91286408745687}, "K75P-U090": {"K75P-U100": 40.95177046758366}, "K75A-D070": {"K75A-D080": 34.139539373262025}, "K75P-D070": {"K75P-D080": 92.94059936843301}, "K73-U080": {"K73-U090": 274.0281185866462, "K73-U110": 151.50078065861342}, "K75P-D010": {"K75P-D020": 129.77003714079564}, "K73-D050": {"K73-D070": 99.8902460889522}, "K73-D100": {"K73-D110": 195.76065007987162}, "K75P-U120": {"K75P-U130": 63.57792303494456}, "K76-D010": {"K76-D020": 274.792825695504}, "K73-D110": {"K73-D120": 95.72802030139678}, "K73-U060": {"K73-U070": 116.81662443611538}, "K76-U020": {"K76-U030": 138.50826681139114}, "K75P-D060": {"K75P-D070": 191.42304925162816}, "K73-U090": {"K73-U100": 104.3602535509493}, "K76-U010": {"K76-U020": 53.414066477427944}, "K75P-D080": {"K75P-U011": 131.51407417667414}, "K75P-U130": {"K75P-U140": 35.62913788353266}, "K75P-D020": {"K75P-D030": 29.46727234008471}, "K74-D020": {"K74-D030": 145.02536121527996}, "K75A-D100": {"K75A-D110": 92.4197839912809}, "K73-D150": {"K73-D160": 46.50026436150001}, "K75A-D030": {"K75A-D040": 51.4159913190844}, "K75P-U140": {"K75P-D010": 153.24898822251265}, "K75P-U110": {"K75P-U120": 75.16810331367353}, "K73-U110": {"K73-U120": 218.55439427314022}, "K73-U010": {"K73-U020": 70.01722813840155}, "K75A-D020": {"K75A-D030": 24.194632634061193}, "K75P-D030": {"K75P-D040": 111.6108014818507}, "K73-D080": {"K73-D090": 276.02903129}, "K75P-U010": {"K75P-U020": 91.048603671762}, "K75A-D060": {"K75A-D070": 39.76483904920724}, "K75P-U070": {"K75P-U080": 119.12372236402962}, "K75A-U020": {"K75A-U030": 152.88428699846398}, "K73-D120": {"K73-D130": 103.7457672375862}, "K73-D130": {"K73-D140": 148.8318642866224}, "K75P-U060": {"K75P-U070": 28.730728096992863}, "K73-D070": {"K73-D080": 154.97815879485222}, "K75A-D110": {"K75A-U011": 144.72041040875442}, "K73-D040": {"K73-D050": 79.13394694769016}, "K75P-U030": {"K75P-U040": 122.19877571629475}, "K75A-U030": {"K75A-D010": 221.4331180504556}, "K75P-U020": {"K75P-U030": 104.30974599806}, "K75P-U080": {"K75P-U090": 45.46480303171051}, "K73-D140": {"K73-D150": 209.75648200725726}, "K75P-U050": {"K75P-U060": 164.6548993615}, "K75A-D010": {"K75A-D020": 202.63773030516657}, "K73-D010": {"K73-D020": 76.19352167891941}, "K75P-U040": {"K75P-U050": 107.29932856277779}}