{"K75A-D080": {"K75A-D090": 62.165625968490005}, "K73-U050": {"K73-U060": 102.45693406980772}, "K73-U040": {"K73-U060": 202.47582465000005, "K73-U050": 96.76072095006579}, "K73-U070": {"K73-U080": 160.35155179659114}, "K73-D030": {"K73-D040": 114.73906069999998}, "K76-U030": {"K76-U040": 163.094877192437}, "K76-D030": {"K76-D040": 73.66963862126235}, "K75A-D040": {"K75A-D050": 51.19346100000002}, "K75P-D040": {"K75P-D050": 171.36350000000002}, "K73-D020": {"K73-D030": 82.192495}, "K73-U020": {"K73-U030": 177.61072780000003}, "K75P-U100": {"K75P-U110": 62.8991}, "K76-D020": {"K76-D030": 135.33218555271517}, "K73-U030": {"K73-U040": 83.48805062180001}, "K75A-D090": {"K75A-D100": 40.5548}, "K73-U100": {"K73-U110": 224.44187589131002}, "K75A-U010": {"K75A-U020": 39.149}, "K76-U040": {"K76-U050": 163.48657386842916}, "K73-D090": {"K73-D100": 58.99300000000001}, "K75P-D050": {"K75P-D060": 84.77590000000001}, "K75A-D050": {"K75A-D060": 68.37644}, "K75P-U090": {"K75P-U100": 45.61480000000001}, "K75A-D070": {"K75A-D080": 38.84354100000001}, "K75P-D070": {"K75P-D080": 89.83881467}, "K73-U080": {"K73-U090": 293.7382811, "K73-U110": 151.49355576519434}, "K75P-D010": {"K75P-D020": 130.43944177}, "K73-D050": {"K73-D070": 102.391692912047}, "K73-D100": {"K73-D110": 197.13584}, "K75P-U120": {"K75P-U130": 58.138613731}, "K76-D010": {"K76-D020": 170.4273618288534}, "K73-D110": {"K73-D120": 110.03982}, "K73-U060": {"K73-U070": 123.86604236518481}, "K76-U020": {"K76-U030": 152.9934487321778}, "K75P-D060": {"K75P-D070": 185.1773}, "K73-U090": {"K73-U100": 111.0230787345306}, "K76-U010": {"K76-U020": 14.606656468092378}, "K75P-D080": {"K75P-U011": 131.2259201}, "K75P-U130": {"K75P-U140": 30.658980000000007}, "K75P-D020": {"K75P-D030": 32.21537}, "K74-D020": {"K74-D030": 145.0290291090401}, "K75A-D100": {"K75A-D110": 92.609}, "K73-D150": {"K73-D160": 52.10150000000001}, "K75A-D030": {"K75A-D040": 48.53659987}, "K75P-U140": {"K75P-D010": 144.30988101200006}, "K75P-U110": {"K75P-U120": 78.119426649}, "K73-U110": {"K73-U120": 210.72403648660543}, "K73-U010": {"K73-U020": 67.4839}, "K75A-D020": {"K75A-D030": 29.4206}, "K75P-D030": {"K75P-D040": 109.41602129260005}, "K73-D080": {"K73-D090": 287.1}, "K75P-U010": {"K75P-U020": 86.658}, "K75A-D060": {"K75A-D070": 43.42195}, "K75P-U070": {"K75P-U080": 111.21396}, "K75A-U020": {"K75A-U030": 153.76350000000002}, "K73-D120": {"K73-D130": 110.46200000000002}, "K73-D130": {"K73-D140": 148.79810000000003}, "K75P-U060": {"K75P-U070": 27.159000000000002}, "K73-D070": {"K73-D080": 151.84290000000001}, "K75A-D110": {"K75A-U011": 167.73900000000003}, "K73-D040": {"K73-D050": 81.61340000000001}, "K75P-U030": {"K75P-U040": 124.575}, "K75A-U030": {"K75A-D010": 228.98699999999994}, "K75P-U020": {"K75P-U030": 111.10000000000001}, "K75P-U080": {"K75P-U090": 42.42029000000001}, "K73-D140": {"K73-D150": 199.21}, "K75P-U050": {"K75P-U060": 158.235}, "K75A-D010": {"K75A-D020": 179.3}, "K73-D010": {"K73-D020": 80.30000000000001}, "K75P-U040": {"K75P-U050": 105.71000000000001}}