{"KAT": {"SUW": 124.16592970320002, "DIH": 140.5410006}}