{"LAT": {"YAT": 0.0, "KWT": 130.79000000000002}, "LAK": {"NAC": 297.3240652012878, "TSY": 180.92629365878497, "MEF": 125.99409180675646, "KWF": 198.00000000000003}}