{"LOF": {"WTS": 124.92594219, "KOT": 117.36253199999996}, "LOW": {"SHS": 202.35545270270302}, "LOP": {"YUL": 110.06226600000002, "TIS": 173.9447836932477}}