{"NAC": {"LAK": 297.3250597337123, "AUS": 223.92850142135927, "OLY": 126.06000000000002, "MEF": 173.18177049448954}}