{"NOP": {"QUB": 127.21533, "FOH": 124.30000000000001}}