{"OLY": {"KOW": 121.76510926800006, "NAC": 143.75959669578012}}