{"QUB": {"YAT": 214.10478233724106, "NOP": 102.25817559989355, "TAK": 107.64966208999999}}