{"QUB": {"YAT": 249.65062412816087, "NOP": 119.32073608500252, "TAK": 126.84100000000001}}