{"QUB": {"YAT": 249.6547215919326, "NOP": 121.45845900805503, "TAK": 126.84100000000001}}