{"TAP": {"TWO": 97.78112649037186, "UNI": 259.4446374737697}, "TAW": {"KOT": 216.60990017170457, "SHT": 89.87686338570576, "HIK": 163.74184496800004, "CKT": 91.05438999999998}, "TAK": {"SWH": 87.02284057720001, "QUB": 103.59671079999998}}