{"TIS": {"SIH": 389.4368347083129, "LOP": 173.9447836932477}, "TIK": {"TKO": 64.39266938155221, "YAT": 141.4216258306729}, "TIH": {"FOH": 11.879999999999999, "CAB": 132.0}}