{"UNI": {"FOT": 178.3169145135026, "TAP": 312.27023499537756}}