{"AIR": {"TSY": 1467.4435564872672, "AWE": 206.1193461525193}}