{"HOK": {"KOW": 177.7398462276094}, "HOM": {"YMT": 162.8, "TKW": 154.0, "WHA": 84.76961041373069}}