{"LAK": {"KWF": 141.9, "MEF": 125.99409180675646, "NAC": 297.3250597337123, "TSY": 180.92058554930682}}