{"LAK": {"KWF": 141.90000000000003, "MEF": 126.00247096719697, "NAC": 297.3179232627842, "TSY": 180.9646083205041}, "LAT": {"YAT": 83.60000000000001}}