{"OCP": {"WCH": 105.73442689676531, "ADM": 287.63195488444967}}