{"SHS": {"FAN": 125.73522583012075, "LMC": 525.2467114984995, "LOW": 261.7529418919195}, "SHT": {"FOT": 155.98328234194557, "TAW": 177.1}, "SHW": {"SYP": 119.90000000000002, "CEN": 111.1}, "SHM": {"CIO": 134.20000000000002, "TSH": 216.38983882450867}}