{"SIH": {"TUM": 154.44912309398632, "TIS": 389.38944522787216}}