{"EXC": {"HUH": 199.65693340295604, "ADM": 60.54350231034171}}