{"FOH": {"NOP": 131.7286757587216, "TIH": 94.60000000000001}, "FOT": {"UNI": 167.63116415533406, "SHT": 171.35474230903043}}