{"HOK": {"KOW": 177.74027448575617}, "HOM": {"TKW": 154.0, "YMT": 162.8, "WHA": 73.93373036998302}}