{"HUH": {"EXC": 199.65693340295604, "HOM": 136.40000000000003, "ETS": 497.2, "MKK": 188.36337384709216}}