{"KOT": {"LOF": 118.80000000000001, "SKM": 154.0, "TAW": 320.6243050821675, "MKK": 137.99424897781506}, "KOW": {"HOK": 177.72541452084948, "TSY": 661.6616284085004, "OLY": 121.82868609035286}}