{"KOT": {"LOF": 118.8, "SKM": 152.02, "TAW": 320.6047468238513, "MKK": 138.00517195133708}, "KOW": {"HOK": 177.7413928918328, "TSY": 661.6512031683893, "OLY": 121.78096601539512}, "KOB": {"NTK": 132.0}}