{"LET": {"WCH": 147.17637124178435, "SOH": 105.09051560645064}}