{"NTK": {"KWT": 93.50000000000001, "KOB": 123.64000000000001}}