{"OCP": {"WCH": 120.05536280594868, "ADM": 287.64179932082493}}