{"OCP": {"WCH": 119.22249846351463, "ADM": 287.6504789868776}}