{"OCP": {"WCH": 113.66606596812233, "ADM": 287.63195481983263}}