{"QUB": {"NOP": 123.210172264063, "YAT": 249.65751639704254, "TAK": 99.00000000000001}}