{"SSP": {"CSW": 132.64610421012858, "PRE": 130.62439999999998}}