{"SYP": {"SHW": 135.11260938025026, "HKU": 100.841190409699}}