{"TIK": {"TKO": 79.53, "YAT": 141.42128370077606}, "TIH": {"FOH": 93.50000000000001}, "TIS": {"SIH": 389.4590189027987}}