{"TKO": {"LHP": 128.59091608660168, "TIK": 235.1130655976054, "HAH": 174.19266348000002}, "TKW": {"SUW": 132.0, "HOM": 138.6}}