{"TSY": {"SUN": 690.626058161752, "AIR": 1467.4406215650697, "KOW": 661.658528418209, "LAK": 180.95036493340567}, "TST": {"JOR": 129.8, "ADM": 176.36866840760382}, "TSW": {"TWH": 104.50000000000003}, "TSH": {"SHM": 216.4154482528414, "HEO": 126.50000000000003}}