{"WCH": {"LET": 171.97829, "OCP": 119.90000000000002}}