{"HUH": {"MKK": 188.35502317561225, "HOM": 136.40000000000003, "EXC": 199.6678397268151, "ETS": 497.2}}