{"HUH": {"MKK": 188.0125489730804, "HOM": 132.13564000000002, "EXC": 209.4561716499583, "ETS": 484.95079999999996}}