{"KF6": {"KF4": 250.95802611501375}, "KF4": {"KF2": 1022.6260676662718, "KF6": 250.95804223076988}, "KF5": {"KF1": 767.8871515271667}, "KF2": {"KF4": 1022.6260781230852}, "KF1": {"KF5": 767.8871517223107, "KF3": 686.7722500472886}, "KF3": {"KF1": 686.7722958613474}}