{"MOS": {"HEO": 158.40000000000003}, "MOK": {"YMT": 114.40000000000002, "PRE": 86.95173278000001}}