{"QUB": {"NOP": 120.57943979131237, "YAT": 249.66298453786126, "TAK": 90.20000000000002}}