{"SHT": {"TAW": 177.1, "FOT": 155.9735576883733}, "SHS": {"LOW": 261.7533201024686, "FAN": 125.74341099939, "LMC": 525.2461667274772}, "SHM": {"CIO": 134.20000000000002, "TSH": 216.41288731000813}, "SHW": {"SYP": 119.90000000000002, "CEN": 111.1}}