{"SHT": {"TAW": 177.1, "FOT": 157.47743469753868}, "SHS": {"LOW": 261.7548565289942, "FAN": 129.58307663819338, "LMC": 783.1259165192785}, "SHM": {"CIO": 134.20000000000002, "TSH": 218.15469877986362}, "SHW": {"SYP": 118.81000000000002, "CEN": 111.1}}