{"TIK": {"YAT": 141.4216911029687, "TKO": 102.38722295340003}, "TIH": {"FOH": 99.00000000000001}, "TIS": {"SIH": 389.4434654085098, "LOP": 173.90587641916562}}