{"TSY": {"LAK": 180.95036493340567, "AIR": 1467.4414169402125, "SUN": 690.6282878464866, "KOW": 661.6576945093816}, "TST": {"ADM": 176.36866840760382, "JOR": 133.1}, "TSH": {"SHM": 216.41058246145818}, "TSW": {"TWH": 114.40000000000002}}