{"TSY": {"LAK": 180.96591415286252, "AIR": 1467.4427276082797, "SUN": 690.6244327215805, "KOW": 661.6530969902259}, "TST": {"ADM": 176.37166539437624, "JOR": 133.1}, "TSH": {"SHM": 216.4066411704378}, "TSW": {"TWH": 114.40000000000002}}