{"YAT": {"TIK": 141.4216911029687, "QUB": 249.6524577997935, "LAT": 155.1}}