{"5": {"6": 134.21649999999997, "305": 93.40880999999999}}