{"FOH": {"NOP": 113.5280661254822, "TIH": 121.747108}, "FOT": {"SHT": 164.6103229570783, "UNI": 187.57553267820938}}