{"HFC": {"SKW": 17.820000000000004, "CHW": 128.07670259099876}}