{"JOR": {"YMT": 93.59131172260619, "TST": 121.77228}}