{"K17-D020": {"K17-D030": 66.02482628361375}, "K12-D020": {"K12-D030": 278.3090056722075}, "K18-U020": {"K18-U030": 58.16503171644307}, "K12-U010": {"K12-U020": 220.64553048592546}, "K14-D020": {"K14-D030": 13.729063348609372}, "K18-D010": {"K18-D020": 239.16767063744038}, "K18-D020": {"K18-D030": 68.44063293890827}, "K12-D010": {"K12-D020": 173.30630111848166}, "K14-D010": {"K14-D020": 231.02015414032635}, "K18-U010": {"K18-U020": 209.72217286292977}, "K12-D030": {"K12-D040": 13.544035871986006}, "K17-D010": {"K17-D020": 280.55711364967004}, "K12-U020": {"K12-U030": 214.33334673655358}, "K17-U030": {"K17-U040": 45.831632227139835}, "K17-U020": {"K17-U030": 153.80705376893815}, "K17-U010": {"K17-U020": 232.61128732985327}}