{"K17-D020": {"K17-D030": 62.21657001174871}, "K12-D020": {"K12-D030": 278.3090056722075}, "K18-U020": {"K18-U030": 57.740859693631236}, "K12-U010": {"K12-U020": 221.14503496011721}, "K14-D020": {"K14-D030": 12.93118378691012}, "K18-D010": {"K18-D020": 239.2475598866034}, "K18-D020": {"K18-D030": 66.02196624834637}, "K12-D010": {"K12-D020": 171.2668053751463}, "K14-D010": {"K14-D020": 237.4827308023399}, "K18-U010": {"K18-U020": 209.5449639187077}, "K12-D030": {"K12-D040": 13.502513422204945}, "K17-D010": {"K17-D020": 280.55711364967004}, "K12-U020": {"K12-U030": 218.85721819327605}, "K17-U030": {"K17-U040": 46.034388396799}, "K17-U020": {"K17-U030": 152.94697996165203}, "K17-U010": {"K17-U020": 233.01640411092995}}