{"KF3": {"KF1": 686.7705380187961}, "KF2": {"KF4": 1022.6254400410158}, "KF6": {"KF4": 250.9573869031632}, "KF1": {"KF5": 767.8871224863749, "KF3": 686.770714119506}, "KF5": {"KF1": 767.8871192280216}, "KF4": {"KF6": 250.95614001635417, "KF2": 1022.6235330338834}}