{"KOW": {"OLY": 121.80248403036558, "TSY": 661.6546210633462, "HOK": 177.73628227505145}, "KOT": {"MKK": 138.00004887518625, "TAW": 320.6218421631514, "LOF": 106.270461, "SKM": 0.0}, "KOB": {"NTK": 7.7}}