{"KOW": {"OLY": 121.79870584316578, "TSY": 661.6525445347705, "HOK": 177.739317513848}, "KOT": {"MKK": 138.003473656585, "TAW": 320.61421918250466, "LOF": 106.270461, "SKM": 13.2}, "KOB": {"NTK": 6.93}}