{"LAK": {"NAC": 253.5460951297132, "TSY": 186.7915467926607, "KWF": 157.15715970533574, "MEF": 141.466562760925}, "LAT": {"KWT": 134.77980484110003, "YAT": 82.1053723014137}}