{"NTK": {"KWT": 101.04958999289514, "KOB": 108.31939579999998}}