{"OLY": {"NAC": 123.39721758715955, "KOW": 126.82973850708004}}