{"SKW": {"SWH": 125.88114, "HFC": 138.6}, "SKM": {"KOT": 132.0, "PRE": 121.01100000000001}}