{"SUN": {"TUC": 823.8868728027337, "DIS": 198.58233387484285, "TSY": 289.8135078044842}, "SUW": {"KAT": 103.431585026, "TKW": 129.98811144799998}}