{"1": {"2": 62.5882841405876, "6": 66.75653843482016}}