{"ETS": {"AUS": 205.21710000000007, "HUH": 171.89527693359602}}