{"HAH": {"TKO": 113.28664668488796, "POA": 122.2271287111295}}