{"HUH": {"EXC": 181.79736261408826, "HOM": 133.31670000000003, "MKK": 181.41485677871896, "ETS": 196.52296730000003}}