{"K51A-U020": {"K51A-U030": 104.50818399999999}, "K52A-U090": {"K52A-U100": 101.10899150000002}, "K53-U140": {"K53-D010": 77.02036327920001}, "K52-nU140": {"K52-nU150": 181.56479000000004}, "K51-D040": {"K51-D050": 50.908}, "K51-D160": {"K51-D170": 81.576}, "K51-U070": {"K51-U080": 253.34099999999998}, "K51A-U210": {"K51A-U220": 80.275074}, "K52-nD140": {"K52-nD150": 113.17581}, "K52-nD100": {"K52-nD110": 63.51807000000001}, "K51-D050": {"K51-D060": 61.49000000000001}, "K51A-U180": {"K51A-U190": 97.61772900000003}, "K53-D060": {"K53-D070": 147.751879}, "K53-D190": {"K53-U011": 416.35}, "K51A-U170": {"K51A-U180": 82.929}, "K51-U050": {"K51-U060": 260.18981999999994}, "K51-U080": {"K51-U090": 166.2386}, "K53-U060": {"K53-U070": 72.684770697}, "K54-U070": {"K54-D010": 154.96039740500004}, "K53-D030": {"K53-D040": 77.58330909999998}, "K52-nU110": {"K52-nU120": 158.6508}, "K53-U080": {"K53-U090": 65.97651476350002}, "K51A-U090": {"K51A-U100": 145.06063000000003}, "K51A-U240": {"K51A-U250": 76.80479949999999}, "K52A-D090": {"K52A-D100": 68.75}, "K51A-U220": {"K51A-U230": 83.0034777}, "K51-D010": {"K51-D020": 78.47883120000003}, "K53-U110": {"K53-U120": 89.96189223190399}, "K53-U070": {"K53-U080": 51.7310783}, "K52-nD030": {"K52-nD040": 37.09699400000001}, "K53-U040": {"K53-U050": 121.6699371063}, "K51A-D230": {"K51A-D240": 141.57274999999998}, "K52-nU190": {"K52-nU200": 129.228}, "K51-U100": {"K51-U110": 212.16756000000004}, "K52-nU300": {"K52-nU310": 39.185300000000005}, "K52-nU170": {"K52-nU180": 108.74600000000001}, "K52A-U070": {"K52A-U080": 90.59600000000002}, "K53-U090": {"K53-U100": 115.484934161553}, "K52A-U060": {"K52A-U070": 166.10000000000002}, "K51-D240": {"K51-D250": 128.48}, "K52A-U140": {"K52A-U150": 160.36405648429758}, "K52A-U120": {"K52A-U130": 59.85100000000001}, "K52-nD280": {"K52-nD290": 82.5}, "K52-nD220": {"K52-nD230": 141.079774}, "K51-U190": {"K51-U200": 57.86}, "K54-U030": {"K54-U040": 111.9712}, "K53-D110": {"K53-D120": 193.68921}, "K53-U120": {"K53-U130": 72.95035581052998}, "K52A-U040": {"K52A-U050": 149.29986499999998}, "K51A-U230": {"K51A-U240": 23.694000000000003}, "K53-D070": {"K53-D080": 62.759799718}, "K52-nD050": {"K52-nD060": 39.8695}, "K52-nD120": {"K52-nD130": 40.09610000000001}, "K51-D280": {"K51-D290": 70.75937}, "K51-U220": {"K51-U230": 72.75840000000002}, "K52-nD250": {"K52-nD260": 197.791}, "K52-nU120": {"K52-nU140": 118.20600000000002}, "K51A-U160": {"K51A-U170": 70.61106690000003}, "K52-nU090": {"K52-nU100": 132.68309999999997}, "K52-nD240": {"K52-nD250": 153.89000000000001}, "K53-D040": {"K53-D050": 83.80854515000001}, "K52A-D070": {"K52A-D080": 119.35000000000002}, "K52-nD170": {"K52-nD180": 115.88500000000003}, "K52A-D100": {"K52A-D110": 67.4872}, "K52-nU260": {"K52-nU270": 46.09}, "K52-nU060": {"K52-nU070": 192.01600000000002}, "K52A-D040": {"K52A-D050": 28.054400000000005}, "K51-U040": {"K51-U050": 132.044}, "K54-D050": {"K54-D060": 89.06084}, "K52-nU230": {"K52-nU240": 93.92218000000003}, "K52-nD130": {"K52-nD140": 95.04198}, "K51-D130": {"K51-D140": 57.88606965900001}, "K52-nD060": {"K52-nD070": 129.34768316859828}, "K52-nU210": {"K52-nU220": 81.68379999999999}, "K54-U060": {"K54-U070": 180.45720000000006}, "K52-nD190": {"K52-nD200": 154.82500000000002}, "K52A-D110": {"K52A-D120": 171.70527000000004}, "K51-D260": {"K51-D270": 60.25910000000001}, "K53-D140": {"K53-D150": 227.93649999999997}, "K52A-D130": {"K52A-D140": 72.42576000000001}, "K52-nU030": {"K52-nU040": 136.1954}, "K51-D140": {"K51-D150": 82.62100000000001}, "K51A-U060": {"K51A-U070": 277.42}, "K52A-D010": {"K52A-D020": 277.21969496484724}, "K51-U060": {"K51-U070": 304.0400000000001}, "K52A-D020": {"K52A-D030": 27.740900000000003}, "K51-D200": {"K51-D210": 123.08230000000003}, "K53-D160": {"K53-D170": 203.5704}, "K53-U100": {"K53-U110": 72.4180251412354}, "K51A-U040": {"K51A-U050": 131.61720000000003}, "K52-nU220": {"K52-nU230": 101.2}, "K53-U010": {"K53-U020": 262.15925403458994}, "K51-D090": {"K51-D100": 101.82755}, "K51-D270": {"K51-D280": 95.821}, "K53-U130": {"K53-U140": 67.10521695578801}, "K51A-D070": {"K51A-D080": 87.846}, "K51A-D010": {"K51A-D020": 52.36}, "K53-D130": {"K53-D140": 116.52408570000003}, "K53-D170": {"K53-D180": 324.016}, "K51A-U110": {"K51A-U120": 143.35200000000003}, "K53-U050": {"K53-U060": 157.50079263443803}, "K51-U210": {"K51-U220": 56.01089999999999}, "K52A-D150": {"K52A-D160": 96.49046000000003}, "K54-U020": {"K54-U030": 199.27050000000003}, "K54-D020": {"K54-D030": 132.84928936909108}, "K52-nD210": {"K52-nD220": 178.31}, "K52A-U160": {"K52A-U170": 28.94100000000001}, "K52A-D170": {"K52A-D180": 97.64765230000002}, "K51A-D210": {"K51A-D220": 86.79319000000001}, "K52A-U110": {"K52A-U120": 87.12}, "K53-D150": {"K53-D160": 153.10993665000004}, "K51-U030": {"K51-U040": 87.23}, "K51-U010": {"K51-U020": 28.446000000000005}, "K52A-D050": {"K52A-D060": 32.41700000000001}, "K54-D060": {"K54-D070": 142.27126731509998}, "K53-D010": {"K53-D015": 103.19287000000001}, "K53-U020": {"K53-U030": 145.0048017814143}, "K51A-U100": {"K51A-U110": 212.71470000000005}, "K51-U020": {"K51-U030": 56.928300000000014}, "K51A-D200": {"K51A-D210": 269.5935}, "K53-D100": {"K53-D110": 100.07140000000001}, "K52A-U010": {"K52A-U015": 241.47200000000004}, "K51A-D040": {"K51A-D050": 95.87072000000003}, "K51A-D030": {"K51A-D040": 36.999401999999996}, "K51A-D020": {"K51A-D030": 91.21596000000001}, "K54-D030": {"K54-D040": 99.70457200000001}, "K53-D180": {"K53-D190": 66.11}, "K52A-U130": {"K52A-U140": 42.900000000000006}, "K52A-U080": {"K52A-U090": 71.8927}, "K51A-U150": {"K51A-U160": 106.7}, "K51-U130": {"K51-U140": 78.89310000000002}, "K51A-U010": {"K51A-U020": 44.065999999999995}, "K51-D230": {"K51-D240": 101.12190000000001}, "K53-U030": {"K53-U040": 219.06502421650006}, "K52-nD010": {"K52-nD020": 18.48}, "K52-nD160": {"K52-nD170": 142.64613000000003}, "K51-U090": {"K51-U100": 145.22005299999998}, "K53-D015": {"K53-D020": 58.04700000000001}, "K51-U230": {"K51-U240": 42.1586}, "K52-nU040": {"K52-nU050": 80.42287759000001}, "K51-D190": {"K51-D200": 170.5}, "K52A-U015": {"K52A-U020": 135.872}, "K51-D070": {"K51-D080": 66.62370000000001}, "K51A-D120": {"K51A-D140": 138.38000000000002}, "K51A-U070": {"K51A-U080": 266.2495}, "K52-nD110": {"K52-nD120": 141.49453999999997}, "K52A-D140": {"K52A-D150": 88.11}, "K54-D010": {"K54-D020": 157.29512699999998}, "K51-D180": {"K51-D190": 186.97910000000002}, "K51A-D240": {"K51A-D250": 61.072082973}, "K52-nD070": {"K52-nD080": 106.15}, "K51-D170": {"K51-D180": 113.21200000000002}, "K52A-U020": {"K52A-U030": 97.68}, "K51-D210": {"K51-D220": 193.395653}, "K53-D050": {"K53-D060": 51.843660000000014}, "K52-nU100": {"K52-nU110": 170.54238300000003}, "K51A-U190": {"K51A-U200": 51.7}, "K52-nU010": {"K52-nU020": 44.242000000000004}, "K52-nD020": {"K52-nD030": 30.74401000000001}, "K52A-D160": {"K52A-D170": 129.64600000000002}, "K51A-D100": {"K51A-D110": 46.86}, "K51A-D170": {"K51A-D180": 146.56170100000003}, "K52A-D060": {"K52A-D070": 129.34768316859828}, "K54-U010": {"K54-U020": 68.73350000000002}, "K51-U120": {"K51-U130": 147.62}, "K51A-D140": {"K51A-D150": 74.47}, "K52-nU180": {"K52-nU190": 64.57000000000001}, "K54-D040": {"K54-D050": 159.560324}, "K52A-U150": {"K52A-U160": 45.980000000000004}, "K51-U110": {"K51-U120": 138.06617}, "K53-D120": {"K53-D130": 68.6235}, "K53-D090": {"K53-D100": 52.714200000000005}, "K51-U160": {"K51-U170": 119.99240000000002}, "K51-D250": {"K51-D260": 156.09}, "K52-nD040": {"K52-nD050": 15.400000000000002}, "K52-nD270": {"K52-nD280": 103.79839800000002}, "K51A-D250": {"K51A-D260": 105.71000000000001}, "K51-D100": {"K51-D110": 161.70540455299997}, "K52-nU240": {"K52-nU250": 67.79079999999999}, "K52-nU280": {"K52-nU290": 43.18061}, "K51A-D160": {"K51A-D170": 157.96}, "K52-nU160": {"K52-nU170": 53.20700000000001}, "K51A-D110": {"K51A-D120": 51.92}, "K52-nU200": {"K52-nU210": 102.30000000000001}, "K51A-U130": {"K51A-U140": 74.778}, "K51A-U200": {"K51A-U210": 53.31700000000001},