{"K73-U110": {"K73-U120": 217.879412124}, "K75P-D040": {"K75P-D050": 186.76900000000003}, "K76-D030": {"K76-D040": 50.65768279}, "K73-D040": {"K73-D050": 76.56}, "K76-U010": {"K76-U020": 8.00609755924}, "K76-U040": {"K76-U050": 181.9418111194031}, "K74-U090": {"K74-U100": 198.99}, "K73-D010": {"K73-D020": 82.8949}, "K76-U030": {"K76-U040": 163.08835787188156}, "K75A-D060": {"K75A-D070": 42.90297}, "K75P-U100": {"K75P-U110": 58.015864500000035}, "K76-D010": {"K76-D020": 170.46462817890105}, "K76-U020": {"K76-U030": 160.27741807000004}, "K75P-U080": {"K75P-U090": 45.420100000000005}, "K75A-D100": {"K75A-D110": 100.21000000000001}, "K74-D090": {"K74-U011": 77.0}, "K73-U060": {"K73-U070": 132.49022154554996}, "K75P-U090": {"K75P-U100": 32.339999999999996}, "K75A-D040": {"K75A-D050": 47.883}, "K74-U010": {"K74-U020": 111.10000000000001}, "K73-U080": {"K73-U090": 264.02343989999997, "K73-U110": 151.4854935729857}, "K75A-D030": {"K75A-D040": 41.14}, "K75P-D050": {"K75P-D060": 86.15200000000002}, "K75P-D030": {"K75P-D040": 133.2008293}, "K74-U070": {"K74-U080": 137.28000000000003}, "K74-D100": {"K74-D110": 68.31000000000002}, "K73-U040": {"K73-U060": 208.53734572000002, "K73-U050": 110.145078073147}, "K75P-D070": {"K75P-D080": 99.869}, "K73-U030": {"K73-U040": 66.02056339999999}, "K75A-D050": {"K75A-D060": 71.5}, "K73-D080": {"K73-D090": 266.84900000000005}, "K73-U100": {"K73-U110": 269.192}, "K74-D020": {"K74-D030": 145.03112256127426}, "K75P-U060": {"K75P-U070": 28.024810000000002}, "K73-U050": {"K73-U060": 104.2162}, "K74-U050": {"K74-U060": 241.45}, "K75A-D010": {"K75A-D020": 194.91230000000002}, "K73-U070": {"K73-U080": 164.26712500000002}, "K75P-U120": {"K75P-U130": 52.86339300000001}, "K73-D030": {"K73-D040": 118.38199999999999}, "K75P-U010": {"K75P-U020": 99.22000000000001}, "K73-D110": {"K73-D120": 55.05500000000001}, "K75P-D060": {"K75P-D070": 183.84300000000002}, "K75A-D020": {"K75A-D030": 17.171}, "K75P-U050": {"K75P-U060": 148.94}, "K75P-U130": {"K75P-U140": 37.47878200000001}, "K75P-D080": {"K75P-U011": 149.622}, "K74-D050": {"K74-D060": 135.74}, "K73-D070": {"K73-D080": 156.70049999999998}, "K73-U020": {"K73-U030": 177.10000000000002}, "K75A-U020": {"K75A-U030": 117.7}, "K75A-D110": {"K75A-U011": 166.52460000000002}, "K75P-U140": {"K75P-D010": 145.53000000000003}, "K75A-D070": {"K75A-D080": 48.400000000000006}, "K73-D150": {"K73-D160": 51.370000000000005}, "K73-D140": {"K73-D150": 180.642}, "K76-D020": {"K76-D030": 125.06263748}, "K73-U010": {"K73-U020": 74.82200000000002}, "K75A-D090": {"K75A-D100": 53.922000000000004}, "K75P-U020": {"K75P-U030": 101.75000000000001}, "K75A-D080": {"K75A-D090": 102.18120000000002}, "K74-D110": {"K74-U002": 232.738}, "K75P-U110": {"K75P-U120": 55.09911000000002}, "K73-D090": {"K73-D100": 92.53200000000001}, "K74-D060": {"K74-D070": 155.10000000000002}, "K74-D070": {"K74-D080": 244.36500000000007}, "K74-D040": {"K74-D050": 100.10000000000001}, "K75P-D010": {"K75P-D020": 138.3877}, "K75A-U010": {"K75A-U020": 49.016000000000005}, "K74-U040": {"K74-U050": 169.4}, "K75P-U040": {"K75P-U050": 118.80000000000001}, "K74-U007": {"K74-U010": 178.20000000000002}, "K75P-U030": {"K75P-U040": 116.60000000000001}, "K74-U060": {"K74-U070": 113.30000000000001}, "K73-U090": {"K73-U100": 119.55631600000004}, "K75A-U030": {"K75A-D010": 229.9}, "K75P-U070": {"K75P-U080": 118.53600000000002}, "K73-D050": {"K73-D070": 112.2}, "K75P-D020": {"K75P-D030": 35.2}, "K73-D100": {"K73-D110": 194.70000000000002}, "K74-D080": {"K74-D090": 167.20000000000002}, "K74-U001": {"K74-U004": 140.8}}