{"MKK": {"HUH": 188.3217321270382, "KOT": 137.9909267884821}}