{"OLY": {"KOW": 121.76526060779486, "NAC": 115.6130384691141}}