{"TKO": {"TIK": 101.32819779822371, "HAH": 148.573866499806, "LHP": 128.5905850307018}, "TKW": {"SUW": 132.0, "HOM": 132.5346}}