{"TST": {"ADM": 176.3674396307394, "JOR": 66.0}, "TSY": {"KOW": 661.6537790339979, "SUN": 690.6292020263696, "LAK": 180.96315739566143, "AIR": 1467.4426355060111}, "TSH": {"HEO": 144.87}, "TSW": {"TWH": 66.0}}