{"5": {"6": 151.99476895900006, "305": 97.35962500000002}}