{"AUS": {"NAC": 223.9504828191194, "ETS": 169.68836819999999}}