{"EXC": {"HUH": 199.65693340295604, "ADM": 89.85023658844786}}