{"EXC": {"HUH": 199.66341722819013, "ADM": 86.98111753076343}}