{"HKU": {"SYP": 125.98860000000002, "KET": 93.37118152536247}}