{"HUH": {"EXC": 199.64466058656075, "ETS": 160.142086742, "MKK": 181.92193765550962, "HOM": 120.91195567000003}}