{"K53-U070": {"K53-U080": 55.31195824231181}, "K54-D030": {"K54-D040": 74.8563827281541}, "K52-nU070": {"K52-nU080": 112.264411840339}, "K52-nU060": {"K52-nU070": 197.84400400002806}, "K52A-U120": {"K52A-U130": 68.83559348344478}, "K58-D060": {"K58-D070": 166.04137}, "K52A-U160": {"K52A-U170": 41.81208746344449}, "K58-U140": {"K58-U150": 129.87832}, "K51A-U090": {"K51A-U100": 164.72676062598782}, "K53-D100": {"K53-D110": 81.91377364316507}, "K58-U070": {"K58-U080": 114.4594}, "K52A-U040": {"K52A-U050": 150.84479030816692}, "K52-nU260": {"K52-nU270": 66.84509413040796}, "K52-nD190": {"K52-nD200": 188.73605341002508}, "K52-nU180": {"K52-nU190": 75.91153618397556}, "K51A-D150": {"K51A-D160": 95.36667362013146}, "K51A-U190": {"K51A-U200": 82.94934172422998}, "K53-U020": {"K53-U030": 173.56637280840903}, "K52A-U080": {"K52A-U090": 67.750140304}, "K58-D160": {"K58-D170": 197.7093624}, "K53-D110": {"K53-D120": 162.50145285755707}, "K53-D060": {"K53-D070": 192.08180188234255}, "K51A-U240": {"K51A-U250": 77.04275174071768}, "K51A-U180": {"K51A-U190": 97.5121201731517}, "K51-U110": {"K51-U120": 132.67072997443637}, "K51A-U210": {"K51A-U220": 81.2420527155702}, "K58-U120": {"K58-U130": 133.3848582}, "K51A-D040": {"K51A-D050": 100.88397693061252}, "K58-D180": {"K58-D190": 384.2527645000001}, "K52-nU300": {"K52-nU310": 44.613610504925006}, "K53-D030": {"K53-D040": 73.27133173556095}, "K52-nU280": {"K52-nU290": 44.04652819361295}, "K52-nU290": {"K52-nU300": 41.69707891382912}, "K52-nU010": {"K52-nU020": 32.996438106621}, "K53-U110": {"K53-U120": 107.32391839803363}, "K53-U010": {"K53-U020": 257.86737381817403, "K53-D180": 667.5467842861863}, "K51-D140": {"K51-D150": 80.07893248902346}, "K53-D130": {"K53-D140": 78.1088786334269}, "K51A-D050": {"K51A-D060": 76.65744528470591}, "K52-nD050": {"K52-nD060": 34.367681345811015}, "K52A-U110": {"K52A-U120": 55.142616089930904}, "K51A-U060": {"K51A-U070": 304.85735735224387}, "K51-U140": {"K51-U150": 57.49835977939532}, "K52-nD090": {"K52-nD100": 90.55602231370776}, "K54-D020": {"K54-D030": 165.38717796911902}, "K58-U050": {"K58-U060": 41.492000000000004}, "K53-D090": {"K53-D100": 55.50640194762285}, "K51-D120": {"K51-D130": 56.08477907827948}, "K58-U040": {"K58-U050": 72.16}, "K58-D110": {"K58-D120": 149.6}, "K52-nD140": {"K52-nD150": 119.0714155696}, "K58-D190": {"K58-D193": 176.47349500000004}, "K52-nU170": {"K52-nU180": 134.08651104461734}, "K52-nU050": {"K52-nU060": 276.8512006917477}, "K51A-D160": {"K51A-D170": 179.13757298317972}, "K54-D010": {"K54-D020": 177.62784181692703}, "K53-U080": {"K53-U090": 88.77360757429037}, "K52A-U020": {"K52A-U030": 105.07390477293032}, "K52A-D030": {"K52A-D040": 21.62710015142417}, "K58-D050": {"K58-D060": 191.7663}, "K53-D015": {"K53-D020": 53.28934308578412}, "K52A-D020": {"K52A-D030": 22.954412629649326}, "K51A-D250": {"K51A-D260": 114.381478301241}, "K53-U130": {"K53-U140": 69.38884922466266}, "K52A-U050": {"K52A-U060": 59.353091205667205}, "K53-U090": {"K53-U100": 127.89617863196358}, "K54-U040": {"K54-U050": 158.79556652042012}, "K53-U060": {"K53-U070": 72.92757310579255}, "K52A-U010": {"K52A-U015": 220.33032250897804}, "K51A-D200": {"K51A-D210": 247.30160866099996}, "K51A-D180": {"K51A-D190": 136.33814271655694}, "K51-U090": {"K51-U100": 167.79841029198096}, "K51A-D030": {"K51A-D040": 42.50659956824182}, "K53-U100": {"K53-U110": 155.9923305125754}, "K51A-D170": {"K51A-D180": 183.4527447071561}, "K51-D080": {"K51-D090": 112.5179685849929}, "K51-D230": {"K51-D240": 93.6730904130329}, "K52A-D120": {"K52A-D130": 40.07606987404789}, "K52A-D150": {"K52A-D160": 89.76804420812915}, "K52A-D170": {"K52A-D180": 142.13692117990098}, "K58-D200": {"K58-D210": 71.2059447}, "K52-nD010": {"K52-nD020": 13.82497397697146}, "K51-D020": {"K51-D030": 67.97608586881799}, "K51-U050": {"K51-U060": 274.4717041213779}, "K52-nU240": {"K52-nU250": 58.71439340799999}, "K53-U120": {"K53-U130": 75.23689522267428}, "K52-nD160": {"K52-nD170": 148.52335231226448}, "K52A-U170": {"K52A-U180": 275.33766764909865}, "K58-U060": {"K58-U070": 181.129844379}, "K53-D170": {"K53-D180": 324.7174930903}, "K52A-D060": {"K52A-D070": 129.5116233665646}, "K54-U050": {"K54-U060": 308.7246983910335}, "K53-D010": {"K53-D015": 116.89799586983197}, "K52-nU150": {"K52-nU160": 104.445002911106}, "K51A-U160": {"K51A-U170": 92.660076568664}, "K53-U030": {"K53-U040": 232.21437783352548}, "K51A-U140": {"K51A-U150": 54.19435244859517}, "K52A-D140": {"K52A-D150": 105.46339396241001}, "K52-nD220": {"K52-nD230": 154.76340605000001}, "K51-U200": {"K51-U210": 86.03891455244914}, "K53-U050": {"K53-U060": 149.94871827760008}, "K51-U180": {"K51-U190": 114.6052548571658}, "K52A-U150": {"K52A-U160": 34.357609819938226}, "K51A-U010": {"K51A-U020": 46.442158856785404}, "K51A-D060": {"K51A-D070": 89.23421610969807}, "K53-D040": {"K53-D050": 76.64685913970925}, "K51-U160": {"K51-U170": 124.78150061200002}, "K53-D150": {"K53-D160": 203.64861673167513}, "K52A-U130": {"K52A-U140": 81.7313911517617}, "K53-U140": {"K53-D010": 77.5758191769375}, "K54-D040": {"K54-D050": 184.37719416978206}, "K58-D170": {"K58-D180": 153.16840000000002}, "K58-U160": {"K58-U170": 118.42246900000002}, "K58-U110": {"K58-U120": 163.8417}, "K51A-D240": {"K51A-D250": 64.88100132324756}, "K58-U200": {"K58-U210": 68.57290000000002}, "K52-nD210": {"K52-nD220": 248.3222068079837}, "K52A-D050": {"K52A-D060": 32.783953263896045}, "K52-nU230": {"K52-nU240": 79.47536336535403}, "K52A-D180": {"K52A-D190": 138.3242147141489}, "K51A-D120": {"K51A-D140": 157.16941405955868}, "K51A-U200": {"K51A-U210": 60.82262112011106}, "K54-D050": {"K54-D060": 98.51639314212785}, "K52A-U100": {"K52A-U110": 88.05000733341922}, "K58-D140": {"K58-D150": 33.80300000000001}, "K52-nD260": {"K52-nD270": 69.56036543382174}, "K58-U130": {"K58-U140": 91.66952812270002}, "K52A-D160": {"K52A-D170": 141.22595163901394}, "K58-U170": {"K58-U180": 233.84631600000003}, "K52A-U140": {"K52A-U150": 165.12256879424828}, "K58-U020": {"K58-U023": 102.06216900000003}, "K58-U180": {"K58-U190": 149.403111}, "K51-U150": {"K51-U160": 88.9690704544273}, "K52A-U060": {"K52A-U070": 136.7328438992899}, "K52-nU120": {"K52-nU140": 126.16318141262609}, "K51-D060": {"K51-D070": 65.47110890078001}, "K54-U070": {"K54-D010": 181.86783183264947}, "K51-U070": {"K51-U080": 224.4220688089684}, "K51-D100": {"K51-D110": 185.0505933183733}, "K52-nU160": {"K52-nU170": 47.104065979813704}, "K52-nD230": {"K52-nD240": 173.83488100386302}, "K52-nU190": {"K52-nU200": 142.36103582423408}, "K51A-U150": {"K51A-U160": 127.79276039339568}, "K58-U150": {"K58-U160": 190.69830999999996}, "K52-nD080": {"K52-nD090": 51.94136024078008}, "K52-nU020": {"K52-nU030": 100.97022858996188}, "K51-D150": {"K51-D160": 189.24297045126}, "K58-U080": {"K58-U090": 69.43965599999999}, "K51-U020": {"K51-U030": 104.75150384712204}, "K58-U090": {"K58-U100": 154.71137000000004}, "K52A-D010": {"K52A-D020": 277.22448091413315}, "K51-D160": {"K51-D170": 116.9553455063719}, "K52A-U030": {"K52A-U040": 31.692047693093816}, "K53-U040": {"K53-U050": 146.97472379965697}, "K52-nU110": {"K52-nU120": 195.79727791066998}, "K52A-U015": {"K52A-U020": 143.75667392148256}, "K52-nU200": {"K52-nU210": 83.231051178}, "K53-D140": {"K53-D150": 159.59565471269755}, "K52-nD150": {"K52-nD160": 101.29938399552863}, "K52A-D070": {"K52A-D080": 103.78950474399308}, "K51A-D110": {"K51A-D120": 59.5940969770535}, "K58-D193": {"K58-D196": 40.26}, "K52A-U070": {"K52A-U080": 101.93475103427393}, "K53-D070": {"K53-D080": 46.997565374951805}, "K52A-D110": {"K52A-D120": 185.9777364687646}, "K52-nD270": {"K52-nD280": 102.73309881507103}, "K58-D040": {"K58-D050": 94.820891}, "K52-nD020": {"K52-nD030": 22.204823886001652}, "K51-D090": {"K51-D100": 96.46070356398285}, "K52-nD130": {"K52-nD140": 97.863625117}, "K51A-U030": {"K51A-U040": 76.4603015942849}, "K52-nU270": {"K52-nU280": 166.07017618706888}, "K52-nD250": {"K52-nD260": 196.22737504175652}, "K51-U010": {"K51-U020": 35.893195433633565}, "K58-U010": {"K58-U020": 69.388},