{"K74-U040": {"K74-U050": 198.58300000000003}, "K75A-D060": {"K75A-D070": 50.890851000000005}, "K75P-D010": {"K75P-D020": 157.4030909}, "K76-D010": {"K76-D020": 170.44484043472676}, "K75A-D050": {"K75A-D060": 75.5777}, "K73-U050": {"K73-U060": 114.98130270889901}, "K75P-D020": {"K75P-D030": 36.795767360000006}, "K75P-U080": {"K75P-U090": 40.76232237000001}, "K75P-U100": {"K75P-U110": 64.656592}, "K75P-U050": {"K75P-U060": 159.83}, "K73-U080": {"K73-U110": 151.4927344974101, "K73-U090": 284.90263999999996}, "K74-U020": {"K74-U030": 140.61124}, "K73-D150": {"K73-D160": 59.620000000000005}, "K73-U030": {"K73-U040": 97.50941811147406}, "K73-D070": {"K73-D080": 167.72252640000002}, "K74-U030": {"K74-U040": 260.57790000000006}, "K76-U030": {"K76-U040": 163.0896074946182}, "K75P-U010": {"K75P-U020": 107.888}, "K75P-D060": {"K75P-D070": 168.466364}, "K73-D130": {"K73-D140": 148.83451}, "K73-D040": {"K73-D050": 87.32520815700003}, "K76-U020": {"K76-U030": 88.93610000000001}, "K74-D090": {"K74-U011": 73.0818}, "K76-D020": {"K76-D030": 120.51649131500001}, "K76-D030": {"K76-D040": 62.48265136982002}, "K73-U060": {"K73-U070": 131.14234163877}, "K73-D080": {"K73-D090": 286.86570000000006}, "K73-U100": {"K73-U110": 242.3631870000001}, "K75P-D080": {"K75P-U011": 146.336256}, "K75A-U030": {"K75A-D010": 227.36320420000007}, "K74-U010": {"K74-U020": 118.25}, "K73-U070": {"K73-U080": 175.6715728935471}, "K75A-D110": {"K75A-U011": 167.55657600000004}, "K73-U040": {"K73-U050": 125.77344943789998, "K73-U060": 267.63}, "K75A-D080": {"K75A-D090": 125.90633000000003}, "K74-D010": {"K74-D020": 158.389}, "K74-D020": {"K74-D030": 145.03112256127426}, "K74-U050": {"K74-U060": 209.96800000000002}, "K75P-U040": {"K75P-U050": 116.28184700000001}, "K76-U040": {"K76-U050": 176.0064625}, "K75P-D030": {"K75P-D040": 130.9}, "K73-U110": {"K73-U120": 225.448526137142}, "K75A-D040": {"K75A-D050": 44.35970000000001}, "K75P-U070": {"K75P-U080": 108.03540000000001}, "K75P-U130": {"K75P-U140": 29.935070000000003}, "K75P-D070": {"K75P-D080": 98.45}, "K75P-U110": {"K75P-U120": 88.19800000000001}, "K73-D090": {"K73-D100": 83.40516800000002}, "K73-D120": {"K73-D130": 125.57600000000002}, "K75A-D010": {"K75A-D020": 226.61100000000002}, "K74-U060": {"K74-U070": 145.21210000000002}, "K74-D040": {"K74-D050": 75.9}, "K73-U090": {"K73-U100": 182.798}, "K76-U010": {"K76-U020": 8.414309896806}, "K74-D050": {"K74-D060": 90.2}, "K73-D030": {"K73-D040": 119.93960000000004}, "K73-D140": {"K73-D150": 209.77000000000004}, "K73-D020": {"K73-D030": 140.8}, "K73-D050": {"K73-D070": 109.60180000000003}, "K75P-D040": {"K75P-D050": 166.1}, "K75P-U060": {"K75P-U070": 27.778190000000002}, "K74-U090": {"K74-U100": 188.10000000000002}, "K75A-D020": {"K75A-D030": 18.9893}, "K75A-D030": {"K75A-D040": 48.18}, "K73-U020": {"K73-U030": 201.00344}, "K73-U010": {"K73-U020": 81.4}, "K75P-U090": {"K75P-U100": 44.132}, "K74-D080": {"K74-D090": 192.80800000000002}, "K74-U080": {"K74-U090": 236.17}, "K75A-U010": {"K75A-U020": 50.264500000000005}, "K74-U100": {"K74-D010": 113.30000000000001}, "K74-U001": {"K74-U004": 168.053116}, "K75P-U140": {"K75P-D010": 157.74}, "K74-U004": {"K74-U007": 88.96799999999999}, "K75P-U020": {"K75P-U030": 107.03}, "K75A-U020": {"K75A-U030": 145.046902}, "K75P-D050": {"K75P-D060": 90.31000000000002}, "K74-U070": {"K74-U080": 169.96242999999998}, "K74-D060": {"K74-D070": 152.48639999999997}, "K75A-D070": {"K75A-D080": 80.08000000000001}, "K73-D110": {"K73-D120": 111.10000000000001}, "K75A-D100": {"K75A-D110": 112.5894}, "K74-D110": {"K74-U002": 206.8}, "K74-U007": {"K74-U010": 283.8}, "K75P-U030": {"K75P-U040": 171.60000000000002}, "K75P-U120": {"K75P-U130": 69.30000000000001}, "K74-D030": {"K74-D040": 144.43}, "K74-D100": {"K74-D110": 101.2}}