{"LCK": {"CSW": 58.54182083002087, "MEF": 76.12581801250799}}