{"LCK": {"CSW": 70.33698738508522, "MEF": 80.5132362112572}}