{"MEF": {"LCK": 81.99735975961197, "LAK": 126.00406956189457, "TWW": 351.82771904869134, "NAC": 173.16339269228945}}