{"NOP": {"FOH": 110.71684799999998, "QUB": 80.19729806}}