{"OLY": {"KOW": 127.58873454701538, "NAC": 133.7390377688951}}