{"PRE": {"SSP": 110.80079999999998, "MOK": 132.0, "SKM": 134.23730099999997}}