{"QUB": {"YAT": 229.67853542347788, "TAK": 116.94201292, "NOP": 115.0929769281081}}