{"SHS": {"LOW": 261.7536264530134, "FAN": 125.74497258402437, "LMC": 525.2492693770793}, "SHW": {"CEN": 102.56261730000001, "SYP": 192.06000000000003}, "SHT": {"FOT": 155.96858734975226, "TAW": 124.46552612999999}, "SHM": {"TSH": 216.4154482528414, "CIO": 66.0}}