{"SUN": {"TUC": 823.8732149873198, "DIS": 198.57938038523093}, "SUW": {"TKW": 123.20000000000002}}