{"TAW": {"HIK": 137.94, "SHT": 56.03846028, "KOT": 320.61962553603695}, "TAK": {"SWH": 126.15899999999999, "QUB": 120.81300000000002}, "TAP": {"UNI": 430.1233820084075, "TWO": 140.54606213999998}}