{"TAW": {"HIK": 151.2498743977116, "SHT": 100.31742557563423, "KOT": 245.27719276354247, "CKT": 134.00290562999996}, "TAK": {"SWH": 111.8016087896148, "QUB": 108.63721405103061}, "TAP": {"UNI": 330.3033704275148, "TWO": 120.86691326404373}}