{"TKO": {"LHP": 128.5917556559454, "TIK": 65.3416224897717, "HAH": 93.877212}, "TKW": {"HOM": 59.4}}