{"TWO": {"TAP": 138.32214000000002, "FAN": 412.6368614616164}, "TWW": {"KSR": 712.0295036219525, "MEF": 351.82771904869134}, "TWH": {"KWH": 91.08000000000001, "TSW": 86.18408746678561}}