{"WCH": {"OCP": 124.48096386000002, "LET": 185.96152434077462}}