{"YAT": {"QUB": 230.6785555769552, "TIK": 145.28005063006123, "LAT": 74.17337638554574}}