{"YAT": {"QUB": 249.64654585415101, "TIK": 141.42205096320816, "LAT": 30.77217}}