{"1": {"2": 198.20299389352584, "6": 222.16295301887968}}