{"AIR": {"TSY": 1467.4433858613336, "AWE": 102.68203839284124}}