{"DIS": {"SUN": 198.58233353192423}, "DIH": {"HIK": 333.0259456863267, "CHH": 126.06000000000002, "KAT": 186.5985, "WTS": 132.0}}