{"HUH": {"MKK": 188.35304295031156, "EXC": 199.67649251092718, "ETS": 198.00000000000003, "HOM": 142.89000000000001}}