{"K18-D010": {"K18-D020": 222.3827926177001}, "K18-U020": {"K18-U030": 55.76259840516415}, "K12-U010": {"K12-U020": 213.52702800000003}, "K12-D030": {"K12-D040": 14.068250886223804}, "K17-D020": {"K17-D030": 58.95749041292}, "K12-U020": {"K12-U030": 188.3371934095689}, "K17-U020": {"K17-U030": 126.47638835185244}, "K17-U030": {"K17-U040": 32.32961218658601}, "K17-U010": {"K17-U020": 235.394379}, "K14-D020": {"K14-D030": 12.472402061125015}, "K14-D010": {"K14-D020": 228.9267293243826}, "K18-D020": {"K18-D030": 82.22078158291482}, "K12-D010": {"K12-D020": 147.00778125000002}, "K18-U010": {"K18-U020": 189.95670704256753}, "K12-D020": {"K12-D030": 302.39944014499997}, "K17-D010": {"K17-D020": 182.358}}