{"KOW": {"TSY": 498.56454021812107, "OLY": 138.24208819073482, "HOK": 177.742100194661}, "KOT": {"LOF": 111.87817666894652, "TAW": 282.63733784503904, "MKK": 139.66810092362073, "SKM": 135.167390743178}, "KOB": {"NTK": 108.82428600000003, "CHH": 169.272403635861}}