{"LCK": {"CSW": 119.37832458327318, "MEF": 125.09736936048803}}