{"NAC": {"AUS": 223.92850142135927, "OLY": 126.06000000000002, "MEF": 173.17784829852272, "LAK": 297.3209870239808}}