{"NAC": {"AUS": 219.54853654167346, "OLY": 103.21660838398373, "MEF": 173.83483479881943, "LAK": 280.48526054351873}}