{"QUB": {"YAT": 249.64984240499115, "NOP": 126.40812815811653, "TAK": 98.119494}}