{"SHS": {"FAN": 125.73258127283043, "LOW": 261.7529418919195, "LMC": 525.2461667274772}, "SHT": {"FOT": 155.9764643191458, "TAW": 136.95}, "SHM": {"TSH": 216.41829374487838}, "SHW": {"CEN": 132.98999999999998, "SYP": 198.00000000000003}}