{"SUN": {"DIS": 198.5821218444181, "TSY": 690.6339937724717, "TUC": 823.8769488442643}, "SUW": {"TKW": 154.0}}