{"TIK": {"TKO": 78.6468067754849, "YAT": 141.42185030209822}, "TIS": {"SIH": 389.450832853173, "LOP": 173.91642029044186}, "TIH": {"FOH": 124.93222940000001, "CAB": 132.792}}