{"TKO": {"TIK": 67.2375151866, "LHP": 128.59823683960403, "HAH": 125.4}, "TKW": {"SUW": 113.30000000000001, "HOM": 79.2}}