{"WCH": {"OCP": 124.08905688195789, "LET": 158.17776413999997}}