{"AIR": {"TSY": 760.6209225942251, "AWE": 236.04642334115653}}