{"CIO": {"STW": 124.91607116999998, "SHM": 139.51180527801003}}