{"DIS": {"SUN": 198.58223246134807}, "DIH": {"CHH": 132.0, "HIK": 333.01866721492985, "KAT": 133.20999999999998}}