{"DIS": {"SUN": 198.58233387484285}, "DIH": {"CHH": 127.51088704999998, "HIK": 333.0816197933092, "KAT": 142.98547461, "WTS": 83.37120000000002}}