{"HOK": {"KOW": 182.6690139526892}, "HOM": {"TKW": 109.3770619804, "HUH": 122.82389198699998, "YMT": 135.6992612174657, "WHA": 78.79219831723205}}