{"HUH": {"EXC": 199.68836189928396, "MKK": 188.3314436115314, "HOM": 66.0}}