{"LAK": {"NAC": 297.3185821296115, "MEF": 126.00247096719697, "TSY": 180.95776369700064, "KWF": 181.96200000000002}, "LAT": {"KWT": 132.0}}