{"LAK": {"NAC": 297.3193955454477, "MEF": 126.00069475086632, "TSY": 180.9530951044739, "KWF": 181.96200000000002}, "LAT": {"KWT": 132.0}}