{"OCP": {"ADM": 287.6469593947878, "WCH": 127.81230000000001}}