{"OLY": {"KOW": 121.7922451430541, "NAC": 115.69397769534001}}