{"OLY": {"KOW": 121.80248403036558, "NAC": 115.56276600000001}}