{"OLY": {"KOW": 130.46940866274252, "NAC": 137.36825463915392}}