{"SHT": {"TAW": 105.63012900000004, "FOT": 155.96646841591908}, "SHS": {"LMC": 525.2480401950227, "FAN": 125.74341099939, "LOW": 261.75348133959744}, "SHM": {"TSH": 216.4154482528414, "CIO": 132.0}, "SHW": {"CEN": 140.91000000000003, "SYP": 130.97700000000003}}