{"SHT": {"TAW": 105.63012900000004, "FOT": 155.98328234194557}, "SHS": {"LMC": 525.2467114984995, "FAN": 125.72964287584118, "LOW": 261.7529418919195}, "SHM": {"TSH": 216.4154482528414, "CIO": 132.0}, "SHW": {"CEN": 141.9}}