{"SUN": {"DIS": 198.58226733744897, "TSY": 690.6282878464866, "TUC": 823.879670825977}, "SUW": {"KAT": 126.06000000000002, "TKW": 132.0}}