{"TAW": {"HIK": 145.36499999999998, "KOT": 320.61962553603695, "SHT": 135.4501005, "CKT": 66.0}, "TAP": {"UNI": 430.1237770009094, "TWO": 144.54}, "TAK": {"QUB": 139.70000000000002, "SWH": 132.0}}