{"TKW": {"HOM": 145.53000000000003}, "TKO": {"TIK": 128.91048466270502, "LHP": 128.59370602364874, "HAH": 133.91400000000002}}