{"YAT": {"QUB": 249.66522649801655, "TIK": 141.42138318606155, "LAT": 206.91000000000003}}