{"YAT": {"QUB": 249.67048541689928, "TIK": 141.42091387207415, "LAT": 206.91000000000003}}