{"AIR": {"TSY": 1467.4426355060111, "AWE": 94.54257818965554}}