{"AIR": {"TSY": 1467.4431600586308, "AWE": 97.63728950640127}}