{"HOK": {"KOW": 184.17110117646294}, "HOM": {"WHA": 83.93254603153305, "TKW": 68.47137, "YMT": 60.419658618000014, "HUH": 119.51939999999998}}