{"K76-D020": {"K76-D030": 97.08915164370839}, "K74-U050": {"K74-U060": 249.11150000000004}, "K75P-U140": {"K75P-D010": 157.82833000000002}, "K74-U080": {"K74-U090": 238.59}, "K73-U090": {"K73-U100": 160.6011}, "K75A-D050": {"K75A-D060": 98.93081000000002}, "K75P-U120": {"K75P-U130": 71.11600243000001}, "K76-D030": {"K76-D040": 43.4291}, "K73-D100": {"K73-D110": 204.72100000000003}, "K76-U030": {"K76-U040": 163.08542665805479}, "K73-U110": {"K73-U120": 208.85389382}, "K73-U080": {"K73-U110": 151.48186865393546, "K73-U090": 272.21792400000004}, "K75P-U040": {"K75P-U050": 122.40800000000002}, "K73-D040": {"K73-D050": 95.623}, "K75P-U060": {"K75P-U070": 59.66950000000001}, "K74-U100": {"K74-D010": 124.89400000000003}, "K76-U040": {"K76-U050": 69.71129000000002}, "K74-U070": {"K74-U080": 148.94}, "K75P-U100": {"K75P-U110": 73.04}, "K75P-U050": {"K75P-U060": 180.4}, "K74-U007": {"K74-U010": 267.3}, "K73-D110": {"K73-D120": 48.906000000000006}, "K75P-U020": {"K75P-U030": 126.50000000000001}, "K73-U030": {"K73-U040": 80.02408700000001}, "K73-D120": {"K73-D130": 96.80000000000001}, "K75A-D010": {"K75A-D020": 207.00834000000003}, "K74-U004": {"K74-U007": 114.51000000000002}, "K75P-U030": {"K75P-U040": 119.9}, "K73-D050": {"K73-D070": 114.4}, "K75P-D070": {"K75P-D080": 102.476}, "K73-U010": {"K73-U020": 74.80000000000001}, "K76-U020": {"K76-U030": 141.38278}, "K73-D150": {"K73-D160": 44.56099999999999}, "K73-U060": {"K73-U070": 145.21099999999998}, "K73-U100": {"K73-U110": 261.6900369600001}, "K74-U001": {"K74-U004": 127.60000000000001}, "K73-U070": {"K73-U080": 172.28368976500002}, "K76-D010": {"K76-D020": 170.46999712774624}, "K73-D030": {"K73-D040": 123.20000000000002}, "K75P-D020": {"K75P-D030": 45.38270000000001}, "K73-D070": {"K73-D080": 165.88000000000002}, "K74-D070": {"K74-D080": 240.12999999999997}, "K73-D080": {"K73-D090": 251.00900000000007}, "K74-U040": {"K74-U050": 177.10000000000002}, "K75P-U110": {"K75P-U120": 92.95330000000001}, "K75A-D080": {"K75A-D090": 158.455}, "K74-U020": {"K74-U030": 164.571}, "K73-D130": {"K73-D140": 157.74}, "K75A-D100": {"K75A-D110": 112.42594000000001}, "K75A-D070": {"K75A-D080": 47.923204999999996}, "K76-U010": {"K76-U020": 23.7556}, "K75P-U130": {"K75P-U140": 49.28000000000001}, "K75P-D040": {"K75P-D050": 184.36}, "K75P-D010": {"K75P-D020": 166.98000000000002}, "K74-D100": {"K74-D110": 89.10000000000001}, "K74-D050": {"K74-D060": 120.34}, "K73-U040": {"K73-U050": 126.56050000000002, "K73-U060": 236.50000000000003}, "K74-D090": {"K74-U011": 85.80000000000001}, "K75A-D110": {"K75A-U011": 264.0}, "K73-U020": {"K73-U030": 230.846}, "K73-U050": {"K73-U060": 43.885929999999995}, "K75A-U030": {"K75A-D010": 267.19}, "K74-U010": {"K74-U020": 218.13000000000002}, "K74-D040": {"K74-D050": 81.4}, "K74-U011": {"K74-D100": 185.9}, "K75A-D090": {"K75A-D100": 52.800000000000004}, "K75A-D040": {"K75A-D050": 72.60000000000001}, "K73-D090": {"K73-D100": 77.99}, "K75P-U010": {"K75P-U020": 91.751}, "K75P-U080": {"K75P-U090": 34.331}, "K73-D010": {"K73-D020": 68.2}, "K75A-U010": {"K75A-U020": 63.75600000000001}, "K74-U060": {"K74-U070": 144.10000000000002}, "K75A-D020": {"K75A-D030": 33.440000000000005}, "K73-D020": {"K73-D030": 77.0}, "K75P-D050": {"K75P-D060": 92.4}, "K75P-D030": {"K75P-D040": 96.096}, "K74-D030": {"K74-D040": 113.30000000000001}, "K75P-U070": {"K75P-U080": 123.20000000000002}, "K75A-D060": {"K75A-D070": 53.900000000000006}, "K75P-D060": {"K75P-D070": 236.50000000000003}}