{"K76-D020": {"K76-D030": 132.92126411680067}, "K74-U050": {"K74-U060": 259.73035000000004}, "K75P-U140": {"K75P-D010": 162.53024272353005}, "K74-U080": {"K74-U090": 244.32331}, "K73-U090": {"K73-U100": 174.7804700896732}, "K75A-D050": {"K75A-D060": 102.85236049000002}, "K75P-U120": {"K75P-U130": 72.63493659539533}, "K76-D030": {"K76-D040": 55.48321446038575}, "K73-D100": {"K73-D110": 168.23792810000003}, "K76-U030": {"K76-U040": 163.09828123684878}, "K73-U110": {"K73-U120": 210.35996553178975}, "K73-U080": {"K73-U110": 151.4960976711133, "K73-U090": 268.6520822484841}, "K75P-U040": {"K75P-U050": 121.16720000000001}, "K73-D040": {"K73-D050": 95.094967}, "K75P-U060": {"K75P-U070": 52.03852009455003}, "K74-U100": {"K74-D010": 126.70460000000003}, "K76-U040": {"K76-U050": 130.17787755592082}, "K74-U070": {"K74-U080": 150.216}, "K75P-U100": {"K75P-U110": 75.03526359999998}, "K75P-U050": {"K75P-U060": 186.56000000000003}, "K74-U007": {"K74-U010": 268.40000000000003}, "K73-D110": {"K73-D120": 57.38469660000002}, "K75P-U020": {"K75P-U030": 126.50000000000001}, "K73-U030": {"K73-U040": 104.57308924826887}, "K73-D120": {"K73-D130": 100.58741}, "K75A-D010": {"K75A-D020": 221.19137986}, "K74-U004": {"K74-U007": 116.48010000000002}, "K75P-U030": {"K75P-U040": 131.78176}, "K73-D050": {"K73-D070": 120.94814479000004}, "K75P-D070": {"K75P-D080": 102.4111836}, "K73-U010": {"K73-U020": 71.25883116000003}, "K76-U020": {"K76-U030": 135.0987892232794}, "K73-D150": {"K73-D160": 43.78746899999999}, "K73-U060": {"K73-U070": 149.83156842953298}, "K73-U100": {"K73-U110": 293.35278913205946}, "K74-U001": {"K74-U004": 136.27900000000002}, "K73-U070": {"K73-U080": 178.45805618098058}, "K76-D010": {"K76-D020": 170.42159482389252}, "K73-D030": {"K73-D040": 123.44200000000001}, "K75P-D020": {"K75P-D030": 44.10733352300001}, "K73-D070": {"K73-D080": 169.05423128}, "K74-D070": {"K74-D080": 243.61699999999996}, "K73-D080": {"K73-D090": 256.26029000000005}, "K74-U040": {"K74-U050": 177.10000000000002}, "K75P-U110": {"K75P-U120": 88.7509379053}, "K75A-D080": {"K75A-D090": 147.053995}, "K74-U020": {"K74-U030": 162.11435899999998}, "K73-D130": {"K73-D140": 154.56606000000005}, "K75A-D100": {"K75A-D110": 113.43173923399999}, "K75A-D070": {"K75A-D080": 51.515216445}, "K76-U010": {"K76-U020": 38.79417753222185}, "K75P-U130": {"K75P-U140": 49.11280000000001}, "K75P-D040": {"K75P-D050": 188.0598104}, "K75P-D010": {"K75P-D020": 169.94256818}, "K74-D100": {"K74-D110": 91.52000000000001}, "K74-D050": {"K74-D060": 121.176}, "K73-U040": {"K73-U050": 131.28857012630374, "K73-U060": 249.56456800000007}, "K74-D090": {"K74-U011": 85.80000000000001}, "K75A-D110": {"K75A-U011": 248.38644918999998}, "K73-U020": {"K73-U030": 227.39172060000004}, "K73-U050": {"K73-U060": 117.84921588450723}, "K75A-U030": {"K75A-D010": 265.4619}, "K74-U010": {"K74-U020": 218.53700000000003}, "K74-D040": {"K74-D050": 80.41}, "K74-U011": {"K74-D100": 181.06}, "K75A-D090": {"K75A-D100": 54.39205199999999}, "K75A-D040": {"K75A-D050": 72.71000000000001}, "K73-D090": {"K73-D100": 80.1229}, "K75P-U010": {"K75P-U020": 94.80218110000001}, "K75P-U080": {"K75P-U090": 39.59957419000001}, "K73-D010": {"K73-D020": 72.90197028400001}, "K75A-U010": {"K75A-U020": 61.37467160000001}, "K74-U060": {"K74-U070": 143.88000000000002}, "K75A-D020": {"K75A-D030": 35.37336660000001}, "K73-D020": {"K73-D030": 79.64770000000001}, "K75P-D050": {"K75P-D060": 93.99610000000001}, "K75P-D030": {"K75P-D040": 136.08322979416}, "K74-D030": {"K74-D040": 128.21325000000002}, "K75P-U070": {"K75P-U080": 123.60260000000001}, "K75A-D060": {"K75A-D070": 48.415510000000005}, "K75P-D060": {"K75P-D070": 226.74211670000005}, "K74-U030": {"K74-U040": 304.8518}, "K75A-U020": {"K75A-U030": 144.74900000000002}, "K74-D020": {"K74-D030": 145.02339764528094}, "K75P-U090": {"K75P-U100": 39.07761000000001}, "K74-D080": {"K74-D090": 200.20000000000002}, "K73-D140": {"K73-D150": 258.5}, "K74-D060": {"K74-D070": 188.21}, "K75A-D030": {"K75A-D040": 56.298}, "K74-U090": {"K74-U100": 269.83000000000004}, "K74-D110": {"K74-U002": 141.71300000000002}, "K74-D010": {"K74-D020": 183.37000000000003}, "K75P-D080": {"K75P-U011": 189.20000000000002}}