{"LAK": {"NAC": 297.3185821296115, "TSY": 180.95036493340567, "MEF": 126.00247096719697, "KWF": 23.147234}, "LAT": {"YAT": 0.0, "KWT": 132.0}}