{"NTK": {"KOB": 2.2152246930000006, "KWT": 11.216140365199003}}