{"SHW": {"SYP": 40.43533999999999, "CEN": 0.792}, "SHT": {"FOT": 155.9764643191458, "TAW": 14.091}, "SHS": {"LOW": 261.7529418919195, "LMC": 525.2476430569475, "FAN": 125.73522583012075}, "SHM": {"TSH": 216.4154482528414, "CIO": 89.43}}