{"SUN": {"DIS": 198.58231508271766, "TUC": 823.879670825977, "TSY": 690.6313463989347}, "SUW": {"KAT": 120.56000000000002, "TKW": 0.0}}