{"SWH": {"SKW": 55.21178786155838, "TAK": 51.188283416452954}}