{"TAW": {"SHT": 16.7574, "KOT": 320.63346078934666}, "TAP": {"UNI": 430.12725955667185}}