{"TIK": {"TKO": 48.022998683880004, "YAT": 141.4205937615855}, "TIS": {"LOP": 173.90155338871207}, "TIH": {"FOH": 132.0}}