{"TSY": {"SUN": 690.6355419441308, "KOW": 661.6628994172299, "AIR": 1467.4406215650697, "LAK": 180.93143095731529}, "TST": {"ADM": 176.36866840760382, "JOR": 0.0}, "TSH": {"HEO": 119.46000000000001, "SHM": 216.38983882450867}}