{"TWO": {"FAN": 412.63461740643214, "TAP": 12.5928}, "TWW": {"KSR": 712.0324774026626, "MEF": 351.83917255131456}, "TWH": {"KWH": 6.6, "TSW": 83.24528647077429}}