{"TWO": {"FAN": 412.63537642106814, "TAP": 13.991999999999999}, "TWW": {"KSR": 712.0324774026626, "MEF": 351.83917255131456}, "TWH": {"KWH": 0.0, "TSW": 82.86759964105144}}