{"WAC": {"ADM": 54.571843112892, "CAB": 50.756706157598344}}