{"WCH": {"OCP": 127.40469752274001, "LET": 72.12553299540602}}