{"WCH": {"OCP": 128.414227770466, "LET": 72.12553299540602}}