{"AIR": {"TSY": 1467.4431160064014, "AWE": 103.61301444153621}}