{"DIS": {"SUN": 198.58216213019884}, "DIH": {"CHH": 132.0, "HIK": 333.010580024489, "WTS": 118.965}}