{"FOT": {"SHT": 155.9586588945729, "UNI": 186.44497772945095}, "FOH": {"NOP": 132.66, "TIH": 13.2}}