{"HOK": {"KOW": 177.7341195007032}, "HOM": {"HUH": 198.00000000000003, "YMT": 1.1}}