{"K17-U020": {"K17-U030": 129.90348074000002}, "K12-D030": {"K12-D040": 8.793619999999999}, "K17-D020": {"K17-D030": 25.4191999911828}, "K17-U010": {"K17-U020": 243.87000000000003}, "K18-D010": {"K18-D020": 223.223}, "K18-U020": {"K18-U030": 69.80959413119999}, "K12-U010": {"K12-U020": 217.78096999999997}, "K18-D020": {"K18-D030": 42.803963446617665}, "K18-U010": {"K18-U020": 265.97614999999996}, "K12-D010": {"K12-D020": 179.85}, "K17-U030": {"K17-U040": 27.739927600000005}, "K12-D020": {"K12-D030": 309.0604}, "K17-D010": {"K17-D020": 286.0}, "K12-U020": {"K12-U030": 237.7199}}