{"K53-D100": {"K53-D110": 70.67326775374973}, "K53-D150": {"K53-D160": 145.55360568241957}, "K52-nD030": {"K52-nD040": 21.69803154049}, "K51-D090": {"K51-D100": 88.93663900000001}, "K53-D015": {"K53-D020": 48.588255000531944}, "K52-nD270": {"K52-nD280": 109.70172113999999}, "K51-U140": {"K51-U150": 53.59177875986531}, "K53-D020": {"K53-D030": 100.77012681713697}, "K52-nU260": {"K52-nU270": 64.49741720179999}, "K51-U130": {"K51-U140": 76.12957765372302}, "K54-U030": {"K54-U040": 112.00877432495656}, "K58-U190": {"K58-U200": 132.51040000000003}, "K52-nD220": {"K52-nD230": 136.16902757920005}, "K53-U040": {"K53-U050": 139.4809025496451}, "K53-D010": {"K53-D015": 99.26501745837533}, "K53-U110": {"K53-U120": 93.82038790264552}, "K51A-D220": {"K51A-D230": 125.72670000000001}, "K52-nD050": {"K52-nD060": 29.079969612539998}, "K52-nD110": {"K52-nD120": 143.0052490772961}, "K53-D060": {"K53-D070": 146.987773643673}, "K53-D030": {"K53-D040": 73.39654748289115}, "K53-U050": {"K53-U060": 156.13358972718274}, "K52-nU210": {"K52-nU220": 78.67312387}, "K53-D050": {"K53-D060": 75.31479172380381}, "K51-D140": {"K51-D150": 69.16203675804168}, "K51-U080": {"K51-U090": 153.9638443695}, "K51-D060": {"K51-D070": 48.03919294644773}, "K53-U140": {"K53-D010": 86.05551246877886}, "K52-nD200": {"K52-nD210": 135.90612504067502}, "K52-nD130": {"K52-nD140": 82.21848384860002}, "K53-U060": {"K53-U070": 69.36020495741519}, "K52-nD280": {"K52-nD290": 99.40845342481913}, "K53-D140": {"K53-D150": 137.88713684467444}, "K54-U040": {"K54-U050": 148.2647143765948}, "K53-U100": {"K53-U110": 80.11915127721959}, "K53-U030": {"K53-U040": 226.60925685835664}, "K52A-U140": {"K52A-U150": 160.35980424379807}, "K58-U120": {"K58-U130": 99.09922000000002}, "K51-U100": {"K51-U110": 201.89830077080404}, "K51-U160": {"K51-U170": 94.344778028011}, "K51A-U180": {"K51A-U190": 103.33041319883435}, "K52-nD230": {"K52-nD240": 156.52040610391597}, "K53-U120": {"K53-U130": 71.35975274452558}, "K51-U040": {"K51-U050": 120.06219615631903}, "K51-U180": {"K51-U190": 103.50302410112423}, "K54-D010": {"K54-D020": 179.0558430264795}, "K51-D020": {"K51-D030": 55.508934323183}, "K54-D060": {"K54-D070": 130.76332203190145}, "K51-U220": {"K51-U230": 60.225104379000015}, "K52-nU040": {"K52-nU050": 67.15229459808273}, "K52-nD210": {"K52-nD220": 225.39302170000005}, "K51-D280": {"K51-D290": 81.91839341152243}, "K51-D100": {"K51-D110": 136.1315824}, "K53-D070": {"K53-D080": 52.127644397216024}, "K53-D080": {"K53-D090": 38.97700211718993}, "K51-U230": {"K51-U240": 42.723184408421}, "K54-D040": {"K54-D050": 164.18354031115433}, "K52-nD060": {"K52-nD070": 129.34768316859828}, "K53-U010": {"K53-U020": 245.99604168493912}, "K51A-D160": {"K51A-D170": 165.281006}, "K54-D030": {"K54-D040": 71.32116495231176}, "K52-nU240": {"K52-nU250": 45.403545734800005}, "K53-U080": {"K53-U090": 84.61659957048435}, "K53-U070": {"K53-U080": 54.54468367819315}, "K53-U020": {"K53-U030": 159.24138648510748}, "K58-D160": {"K58-D170": 174.68}, "K52A-U170": {"K52A-U180": 275.33849859845316}, "K54-U010": {"K54-U020": 58.791872024176904}, "K51A-U230": {"K51A-U240": 43.055994624499995}, "K52-nD240": {"K52-nD250": 152.22779638921185}, "K54-D020": {"K54-D030": 132.85585672135215}, "K58-U140": {"K58-U150": 103.17999999999999}, "K52-nD250": {"K52-nD260": 184.40182607000003}, "K52-nD180": {"K52-nD190": 122.74462200000002}, "K52A-D010": {"K52A-D020": 277.22448091413315}, "K53-U130": {"K53-U140": 55.33683919813245}, "K52-nD160": {"K52-nD170": 132.81697000000003}, "K51-D150": {"K51-D160": 152.83177767709844}, "K53-D110": {"K53-D120": 140.07786753632234}, "K52-nU180": {"K52-nU190": 84.34709409511694}, "K53-D120": {"K53-D130": 57.314851100156986}, "K52-nD150": {"K52-nD160": 91.27939996999999}, "K52-nU190": {"K52-nU200": 133.605861664}, "K51-D250": {"K51-D260": 164.81767284395602}, "K51-D110": {"K51-D120": 51.06576453209001}, "K58-U150": {"K58-U160": 161.69340000000003}, "K52-nD120": {"K52-nD130": 34.21887741}, "K51-U020": {"K51-U030": 93.92919428969321}, "K52-nU050": {"K52-nU060": 248.3194035740001}, "K51A-D250": {"K51A-D260": 94.58807758842399}, "K51-D240": {"K51-D250": 120.27565000000004}, "K52-nU110": {"K52-nU120": 152.68343222000004}, "K52-nU270": {"K52-nU280": 160.3634036208333}, "K52-nU010": {"K52-nU020": 37.960833174}, "K52-nU120": {"K52-nU140": 115.05573148279647}, "K51-D260": {"K51-D270": 58.484783500000006}, "K52-nD040": {"K52-nD050": 15.815505945690006}, "K52-nU300": {"K52-nU310": 52.293044819070005}, "K58-U060": {"K58-U070": 139.70000000000002}, "K51A-U190": {"K51A-U200": 79.022758089}, "K51-D210": {"K51-D220": 160.34439428517618}, "K52-nU170": {"K52-nU180": 126.52898252555003}, "K51-D040": {"K51-D050": 53.443133734646}, "K51A-D210": {"K51A-D220": 77.8992064}, "K53-D040": {"K53-D050": 56.027231523227805}, "K51A-U130": {"K51A-U140": 70.924651008794}, "K54-D050": {"K54-D060": 91.44295420788778}, "K51-D010": {"K51-D020": 99.54421334330002}, "K51-D070": {"K51-D080": 59.69848636510001}, "K52-nU020": {"K52-nU030": 85.58484}, "K52A-D060": {"K52A-D070": 129.34768316859828}, "K51-U070": {"K51-U080": 134.334593019}, "K52-nU250": {"K52-nU260": 65.45298392600003}, "K52-nU200": {"K52-nU210": 81.62914817530002}, "K52-nU280": {"K52-nU290": 51.78890174317202}, "K52-nU080": {"K52-nU090": 73.62461700000001}, "K54-U020": {"K54-U030": 97.89461107925149}, "K51A-D110": {"K51A-D120": 54.516}, "K51-U240": {"K51-U250": 110.57073829999999}, "K51-D220": {"K51-D230": 275.49244830437}, "K51A-D240": {"K51A-D250": 61.16243511399999}, "K52-nD290": {"K52-nD300": 106.15815557716}, "K51A-U200": {"K51A-U210": 53.27823640480001}, "K51A-D230": {"K51A-D240": 157.71357481869006}, "K52-nD100": {"K52-nD110": 62.148104436000004}, "K58-D196": {"K58-D200": 100.86999999999999}, "K51-D130": {"K51-D140": 47.94357491000474}, "K58-D200": {"K58-D210": 70.80021300000001}, "K52-nU150": {"K52-nU160": 90.28733229999999}, "K51-U170": {"K51-U180": 85.83497254312071}, "K52-nD260": {"K52-nD270": 63.10701196469999}, "K52-nD090": {"K52-nD100": 60.381184828466544}, "K52-nD080": {"K52-nD090": 42.163000000000004}, "K51-D230": {"K51-D240": 72.81439554488}, "K51-D120": {"K51-D130": 39.469967087099995}, "K51-D180": {"K51-D190": 161.55967334999997}, "K51A-D120": {"K51A-D140": 109.61181000000002}, "K51A-U100": {"K51A-U110": 240.58254000000002}, "K53-D130": {"K53-D140": 84.81690092963838}, "K58-D180": {"K58-D190": 300.19}, "K58-U170": {"K58-U180": 219.406}, "K51-U120": {"K51-U130": 155.01590626431803}, "K54-U050": {"K54-U060": 301.1143545763442}, "K58-U180": {"K58-U190": 150.70000000000002}, "K51A-D150": {"K51A-D160": 94.91485300000002}, "K51-D170": {"K51-D180": 88.11276111407003}, "K52-nU100": {"K52-nU110": 148.79343513525905}, "K51A-U110": {"K51A-U120": 125.48894889300001}, "K51-D030": {"K51-D040": 36.28630804821}, "K51-U050": {"K51-U060": 269.8354550122}, "K52-nU060": {"K52-nU070": 127.37919920000002}, "K52-nD140": {"K52-nD150": 111.0655834400475}, "K51-U190": {"K51-U200": 76.64855000000001}, "K51-D190": {"K51-D200": 126.00716700000001}, "K58-U040": {"K58-U050": 91.30000000000001}, "K51-U200": {"K51-U210": 90.447801081}, "K54-U060": {"K54-U070": 199.82191471000004}, "K58-D193": {"K58-D196": 57.31}, "K51-U110": {"K51-U120": 140.046594098037}, "K58-D120": {"K58-D130": 137.72}, "K53-D090": {"K53-D100": 37.90589542136235}, "K52-nD010": {"K52-nD020": 18.4142442}, "K51-U010": {"K51-U020": 30.77768285718391}, "K51A-U150": {"K51A-U160": 113.48059249999999}, "K51A-U220": {"K51A-U230": 94.23139}, "K51-D270": {"K51-D280": 94.00617930000001}, "K52-nU160": {"K52-nU170": 37.74203486900001}, "K53-U090": {"K53-U100": 111.82348661826708}, "K51A-U140": {"K51A-U150": 52.72600488100001}, "K52-nD020": {"K52-nD030": 16.879417696900003}, "K58-U130": {"K58-U140": 75.7625}, "K52-nD190": {"K52-nD200": 127.90283804100002}, "K51A-U210": {"K51A-U220": 84.07691600000001}, "K51-U030": {"K51-U040": 63.46053093046925}, "K54-U070": {"K54-D010": 140.49909349236958}, "K58-D140": {"K58-D150": 35.2}, "K58-D070": {"K58-D080": 87.89},