{"LAT": {"KWT": 132.98999999999998, "YAT": 132.0}, "LAK": {"MEF": 125.99872117716559, "KWF": 131.33999999999997, "TSY": 180.9473314099965, "NAC": 297.3209870239808}}