{"LET": {"WCH": 161.62852983236112, "SOH": 103.74775795264377}}