{"MOK": {"PRE": 116.6636502094082, "YMT": 119.39204200000002}, "MOS": {"HEO": 141.0503028, "WKS": 158.7167949802801}}