{"NAC": {"OLY": 80.96880000000002, "MEF": 173.1817704944895, "LAK": 297.3231701221058, "AUS": 223.9326778869337}}