{"NAC": {"OLY": 96.60472800000001, "MEF": 173.1817704944895, "LAK": 297.32163953670454, "AUS": 223.9326778869337}}