{"SUN": {"TUC": 823.8732149873198, "DIS": 198.58118963245323, "TSY": 690.6326004179786}, "SUW": {"KAT": 132.0}}