{"SUN": {"TUC": 823.8758328206019, "DIS": 198.58197479945662, "TSY": 690.6302177817952}, "SUW": {"KAT": 132.0}}