{"AIR": {"TSY": 1467.443012674011, "AWE": 119.2517623900601}}