{"EXC": {"HUH": 199.6932283971752, "ADM": 58.84448287437168}}