{"EXC": {"HUH": 199.67649251092718, "ADM": 71.0226983324003}}