{"HOK": {"KOW": 177.73628227505145}, "HOM": {"YMT": 162.8, "TKW": 154.0, "WHA": 89.55659007410078}}