{"KF1": {"KF5": 767.8871516604192, "KF3": 686.7722729966556}, "KF4": {"KF6": 250.9580358461629, "KF2": 1022.6260781230852}, "KF2": {"KF4": 1022.6260836802642}, "KF6": {"KF4": 250.95800649117723}, "KF5": {"KF1": 767.887151701377}, "KF3": {"KF1": 686.7722593532238}}