{"MOK": {"YMT": 114.40000000000002, "PRE": 83.00640158622016}, "MOS": {"WKS": 125.5666767948701, "HEO": 158.4}}