{"NOP": {"FOH": 102.69500000000002, "QUB": 113.50500000000002}}