{"OCP": {"ADM": 287.6319565601101, "WCH": 108.0291730856}}