{"SIH": {"TIS": 389.39081043024225, "TUM": 154.4541258037571}}