{"TAP": {"TWO": 146.3, "UNI": 430.1242158814671}, "TAW": {"SHT": 17.6, "KOT": 320.6218421631514, "CKT": 143.0, "HIK": 172.70000000000002}, "TAK": {"QUB": 117.7, "SWH": 107.8}}