{"TIH": {"FOH": 97.29, "CAB": 102.0}, "TIK": {"YAT": 145.37284101587434}, "TIS": {"SIH": 377.76025040569976, "LOP": 176.94074731237757}}