{"TSY": {"KOW": 661.6546210633462, "SUN": 690.6254583683307, "LAK": 180.94396082843076, "AIR": 1467.4425331701573}, "TST": {"ADM": 176.37166539437624, "JOR": 133.1}, "TSH": {"SHM": 216.4154482528414}, "TSW": {"TWH": 114.40000000000002}}