{"DIS": {"SUN": 198.58201070699528}, "DIH": {"HIK": 333.0259456863266, "WTS": 132.0}}