{"DIS": {"SUN": 198.58118963245323}, "DIH": {"HIK": 333.01866721492985}}