{"DIS": {"SUN": 198.58232659438863}, "DIH": {"HIK": 333.04369787806337, "WTS": 126.5, "KAT": 191.40000000000003, "CHH": 132.0}}