{"EXC": {"HUH": 199.65458310586428, "ADM": 76.22866939881034}}