{"HAH": {"TKO": 129.26166, "POA": 124.68484896473383}}