{"HOM": {"TKW": 134.83107, "YMT": 198.00000000000003}, "HOK": {"KOW": 177.73686406933186}}