{"K18-D010": {"K18-D020": 233.02450786353592}, "K17-D010": {"K17-D020": 232.9467786322607}, "K17-U020": {"K17-U030": 145.80403758994453}, "K17-D020": {"K17-D030": 15.758918287858373}, "K18-U020": {"K18-U030": 60.87988925975975}, "K12-D020": {"K12-D030": 276.78752207048217}, "K12-D030": {"K12-D040": 12.32563959763106}, "K17-U010": {"K17-U020": 246.98776300000003}, "K18-U010": {"K18-U020": 238.49982758612822}, "K18-D020": {"K18-D030": 33.997906929269874}, "K12-D010": {"K12-D020": 160.8985837438224}, "K12-U010": {"K12-U020": 253.1149590243768}, "K12-U020": {"K12-U030": 196.10984367311906}, "K17-U030": {"K17-U040": 27.553670241377507}}