{"K68-D170": {"K68-D180": 16.5}, "K65-U170": {"K65-U180": 66.0}, "K65-D090": {"K65-D100": 114.51000000000002}, "K68-D120": {"K68-D130": 191.4}, "K65-U030": {"K65-U040": 127.60000000000001}, "K65-D020": {"K65-D030": 84.7}, "K65-U100": {"K65-U110": 147.4}, "K65-D160": {"K65-D170": 158.4}, "K66-D120": {"K66-D130": 79.2}, "K65-D110": {"K65-D120": 118.8}, "K66-D100": {"K66-D110": 52.800000000000004}, "K68-U030": {"K68-U040": 31.900000000000002}, "K66-D230": {"K66-D240": 99.00000000000001}, "K66-D160": {"K66-D170": 150.70000000000002}, "K65-U140": {"K65-U150": 108.46000000000001}, "K66-U090": {"K66-U100": 53.900000000000006}, "K66-D060": {"K66-D070": 47.300000000000004}, "K68-D130": {"K68-D140": 57.2}, "K66-U180": {"K66-U190": 64.9}, "K66-U130": {"K66-U140": 56.1}, "K65-U160": {"K65-U170": 61.60000000000001}, "K65-U220": {"K65-U230": 88.0}, "K66-D070": {"K66-D080": 58.300000000000004}, "K68-U090": {"K68-U100": 157.3}, "K66-U110": {"K66-U120": 39.6}, "K66-U080": {"K66-U090": 102.30000000000001}, "K65-D170": {"K65-D180": 125.84000000000003}, "K65-U070": {"K65-U080": 73.7}, "K65A-U010": {"K65A-U020": 63.800000000000004}, "K65A-U080": {"K65A-U090": 70.4}, "K65A-U020": {"K65A-U030": 147.4}, "K66-D040": {"K66-D050": 41.800000000000004}, "K65A-D010": {"K65A-D020": 63.800000000000004}, "K68-U070": {"K68-U080": 38.5}, "K66-D190": {"K66-D200": 103.4}, "K65-U080": {"K65-U090": 140.8}}