{"K73-U110": {"K73-U120": 183.5691667301754}, "K73-U060": {"K73-U070": 132.48805852674445}, "K75A-U030": {"K75A-D010": 237.58075}, "K74-D080": {"K74-D090": 180.96301696}, "K75A-U010": {"K75A-U020": 47.165141320000004}, "K73-U090": {"K73-U100": 168.6229789445356}, "K73-D120": {"K73-D130": 105.15582000000003}, "K74-D050": {"K74-D060": 110.99000000000001}, "K76-U010": {"K76-U020": 58.05411555869007}, "K73-U040": {"K73-U060": 224.03260000000006, "K73-U050": 103.76090385296887}, "K74-U004": {"K74-U007": 87.46759999999999}, "K75A-D030": {"K75A-D040": 45.44433872000001}, "K74-U080": {"K74-U090": 214.5913}, "K73-D150": {"K73-D160": 50.44468}, "K73-D010": {"K73-D020": 85.91}, "K73-U070": {"K73-U080": 164.24271379479669}, "K75A-U020": {"K75A-U030": 142.507409}, "K76-U020": {"K76-U030": 138.62181960903104}, "K75P-U090": {"K75P-U100": 42.2344835}, "K73-U080": {"K73-U110": 151.48968149919992, "K73-U090": 291.5987971307951}, "K75A-D100": {"K75A-D110": 103.17041900000001}, "K74-D040": {"K74-D050": 86.1311}, "K73-D050": {"K73-D070": 105.925281}, "K74-D100": {"K74-D110": 91.20100000000002}, "K75P-U070": {"K75P-U080": 108.30094000000001}, "K73-U030": {"K73-U040": 75.543603413949}, "K76-D010": {"K76-D020": 170.42995478689812}, "K73-D090": {"K73-D100": 80.53331}, "K75P-U020": {"K75P-U030": 113.3}, "K76-D030": {"K76-D040": 50.77416017551921}, "K74-U100": {"K74-D010": 135.95999999999998}, "K74-U001": {"K74-U004": 155.23200000000003}, "K73-U010": {"K73-U020": 70.9214}, "K74-U030": {"K74-U040": 298.0516}, "K75P-D020": {"K75P-D030": 39.77919000000001}, "K75P-U110": {"K75P-U120": 85.38440899999999}, "K74-D070": {"K74-D080": 267.73999999999995}, "K75A-D020": {"K75A-D030": 23.635455800000003}, "K75P-U080": {"K75P-U090": 45.45936404833999}, "K74-D060": {"K74-D070": 125.46600000000004}, "K75A-D110": {"K75A-U011": 181.37680000000003}, "K75P-D040": {"K75P-D050": 165.53305125500003}, "K75P-D050": {"K75P-D060": 89.17810000000001}, "K74-D020": {"K74-D030": 145.02965482723556}, "K76-D020": {"K76-D030": 128.6229821448946}, "K74-U007": {"K74-U010": 246.83230000000003}, "K73-D030": {"K73-D040": 129.954}, "K75P-D010": {"K75P-D020": 142.07214018140002}, "K74-U010": {"K74-U020": 144.0516}, "K75A-D050": {"K75A-D060": 72.36320694790001}, "K74-D090": {"K74-U011": 60.000578}, "K73-D020": {"K73-D030": 51.370000000000005}, "K73-D080": {"K73-D090": 266.20000000000005}, "K74-U040": {"K74-U050": 185.13000000000002}, "K73-D040": {"K73-D050": 91.82111400000001}, "K73-U100": {"K73-U110": 234.9291035993001}, "K75A-D010": {"K75A-D020": 206.44111620000007}, "K75A-D080": {"K75A-D090": 119.53515859999997}, "K75A-D060": {"K75A-D070": 41.93272417400001}, "K74-U090": {"K74-U100": 208.72522000000004}, "K73-U020": {"K73-U030": 182.94764026000001}, "K75P-U040": {"K75P-U050": 105.26450000000003}, "K75P-U100": {"K75P-U110": 57.63932471000002}, "K75P-U060": {"K75P-U070": 27.908100000000008}, "K76-U030": {"K76-U040": 163.09421309168022}, "K75P-U030": {"K75P-U040": 97.9}, "K75A-D090": {"K75A-D100": 44.87538}, "K76-U040": {"K76-U050": 194.10831849200005}, "K73-U050": {"K73-U060": 100.18066056809144}, "K75A-D070": {"K75A-D080": 43.810893500000006}, "K75P-D080": {"K75P-U011": 154.19404000000003}, "K73-D110": {"K73-D120": 84.09060000000001}, "K75P-U140": {"K75P-D010": 159.17000000000002}, "K75P-D070": {"K75P-D080": 101.47137000000002}, "K74-D010": {"K74-D020": 152.02}, "K73-D140": {"K73-D150": 139.81}, "K75P-U120": {"K75P-U130": 64.05992999999998}, "K75P-U050": {"K75P-U060": 117.4547}, "K73-D100": {"K73-D110": 178.20000000000002}, "K74-D110": {"K74-U002": 210.99099999999999}, "K74-D030": {"K74-D040": 136.76470500000002}, "K75P-D060": {"K75P-D070": 181.989665}, "K75P-U130": {"K75P-U140": 40.7670439}, "K74-U050": {"K74-U060": 231.44}, "K75A-D040": {"K75A-D050": 57.86}, "K75P-D030": {"K75P-D040": 126.83572}, "K74-U020": {"K74-U030": 122.595}, "K73-D070": {"K73-D080": 157.44299999999998}, "K74-U060": {"K74-U070": 163.51500000000004}, "K75P-U010": {"K75P-U020": 90.86000000000001}, "K74-U070": {"K74-U080": 136.4}, "K73-D130": {"K73-D140": 145.20000000000002}, "K74-U011": {"K74-D100": 191.4}}