{"KAT": {"DIH": 135.20846846253002, "SUW": 106.95638934969402}}