{"KF2": {"KF4": 1022.6259924303929}, "KF4": {"KF2": 1022.625941297301, "KF6": 250.95769967018504}, "KF6": {"KF4": 250.95798137338028}, "KF1": {"KF3": 686.7717464032078, "KF5": 767.8871377854122}, "KF5": {"KF1": 767.8871435292577}, "KF3": {"KF1": 686.77193645015}}