{"KOW": {"TSY": 661.6643116491516, "HOK": 177.7235605545155, "OLY": 121.81652914327564}, "KOT": {"TAW": 320.627041658852, "LOF": 132.0, "MKK": 137.99267530918365, "SKM": 140.01900000000003}, "KOB": {"CHH": 191.40000000000003, "NTK": 132.0}}