{"NTK": {"KOB": 97.34384070558302, "KWT": 119.26694471628703}}