{"OCP": {"WCH": 132.06282508781737, "ADM": 287.63776789846656}}