{"OLY": {"KOW": 121.78478099420406, "NAC": 93.4589106}}