{"SHS": {"LOW": 261.75375705508776, "FAN": 125.74341099939, "LMC": 525.2472017924194}, "SHT": {"FOT": 155.96456137546923, "TAW": 139.26}, "SHW": {"CEN": 138.93, "SYP": 198.00000000000003}, "SHM": {"TSH": 216.38983882450867, "CIO": 139.70000000000002}}