{"TSY": {"KOW": 519.8718787822418, "LAK": 186.87981689367408, "AIR": 644.1328980110611, "SUN": 628.1022713191585}, "TST": {"ADM": 150.61576232297426, "JOR": 104.7281747444919}, "TSH": {"HEO": 128.21167556999998, "SHM": 212.75469877986362}, "TSW": {"TWH": 44.6860266382653}}