{"TWO": {"TAP": 114.62536800000001, "FAN": 412.6342938265084}, "TWW": {"MEF": 351.83917255131456, "KSR": 712.0168259252408}, "TWH": {"KWH": 77.63580000000002}}