{"1": {"6": 89.24300000000001, "2": 40.74400000000001}}