{"CHH": {"DIH": 108.32083273755966, "KOB": 63.134263032}, "CHW": {"HFC": 74.76230400000001}}