{"K51-U070": {"K51-U080": 192.09300000000002}, "K58-U100": {"K58-U110": 114.37800000000001}, "K53-U050": {"K53-U060": 129.56887229000003}, "K51-U100": {"K51-U110": 214.83}, "K54-U020": {"K54-U030": 161.83096897000001}, "K54-D030": {"K54-D040": 75.2708}, "K53-U110": {"K53-U120": 94.28567296719999}, "K54-U040": {"K54-U050": 170.72}, "K53-D120": {"K53-D130": 78.53248520700001}, "K52-nU220": {"K52-nU230": 95.73300000000003}, "K53-U140": {"K53-D010": 90.4315248804}, "K51A-D020": {"K51A-D030": 86.757}, "K58-U120": {"K58-U130": 98.56}, "K52-nU190": {"K52-nU200": 144.32}, "K51-D220": {"K51-D230": 276.111}, "K53-D020": {"K53-D030": 109.739762}, "K58-D130": {"K58-D140": 110.04950000000001}, "K52-nU230": {"K52-nU240": 82.05956}, "K51-D260": {"K51-D270": 62.282000000000004}, "K53-U120": {"K53-U130": 54.4159}, "K53-U100": {"K53-U110": 86.12417602022018}, "K52-nD080": {"K52-nD090": 110.33000000000001}, "K53-U130": {"K53-U140": 61.49858000000002}, "K52-nD120": {"K52-nD130": 34.870000000000005}, "K52-nD270": {"K52-nD280": 103.17999999999999}, "K53-D100": {"K53-D110": 70.83340000000001}, "K51-U130": {"K51-U140": 90.6224}, "K53-U030": {"K53-U040": 233.9964}, "K51A-D210": {"K51A-D220": 78.54191400000002}, "K58-D120": {"K58-D130": 131.18820000000002}, "K51-U040": {"K51-U050": 116.067215}, "K58-D090": {"K58-D100": 115.39089100000001}, "K58-D020": {"K58-D030": 90.67300000000002}, "K53-D160": {"K53-D170": 211.2}, "K53-D070": {"K53-D080": 88.200574}, "K58-U200": {"K58-U210": 80.839}, "K51-D020": {"K51-D030": 57.750000000000014}, "K58-U130": {"K58-U140": 67.21000000000001}, "K52-nU120": {"K52-nU140": 126.50000000000001}, "K58-U070": {"K58-U080": 109.60400000000001}, "K51A-U120": {"K51A-U130": 183.26000000000002}, "K51-D060": {"K51-D070": 52.415}, "K52-nD250": {"K52-nD260": 215.49}, "K52A-U140": {"K52A-U150": 160.36558789242366}, "K54-D060": {"K54-D070": 181.83}, "K52-nU150": {"K52-nU160": 92.10300000000001}, "K53-D150": {"K53-D160": 157.41000000000003}, "K52-nU280": {"K52-nU290": 50.160000000000004}, "K51A-D140": {"K51A-D150": 43.39566}, "K53-D050": {"K53-D060": 94.1864}, "K52-nD240": {"K52-nD250": 162.39300000000003}, "K52-nD220": {"K52-nD230": 146.036}, "K52-nU020": {"K52-nU030": 105.60000000000001}, "K58-D196": {"K58-D200": 78.57068999999998}, "K51-U010": {"K51-U020": 34.441}, "K53-D030": {"K53-D040": 88.52481000000002}, "K53-U070": {"K53-U080": 60.061516790000006}, "K51A-D010": {"K51A-D020": 57.2}, "K52-nU050": {"K52-nU060": 240.22900000000004}, "K51-D010": {"K51-D020": 52.09534}, "K54-U070": {"K54-D010": 188.49600000000004}, "K52-nU180": {"K52-nU190": 68.59600000000002}, "K52A-D010": {"K52A-D020": 277.218239332859}, "K51A-U020": {"K51A-U030": 82.5}, "K52-nU090": {"K52-nU100": 119.35}, "K51-U240": {"K51-U250": 111.98000000000002}, "K58-U160": {"K58-U170": 121.26330700000001}, "K51A-D190": {"K51A-D200": 198.66000000000003}, "K53-U010": {"K53-U020": 253.5115}, "K51-U080": {"K51-U090": 119.35}, "K51A-U190": {"K51A-U200": 73.898}, "K51-U200": {"K51-U210": 83.88600000000001}, "K53-U060": {"K53-U070": 76.274231}, "K52-nU300": {"K52-nU310": 39.3195}, "K51-U090": {"K51-U100": 161.21600000000004}, "K52-nD140": {"K52-nD150": 102.0151}, "K53-U090": {"K53-U100": 104.40078660000002}, "K51-D270": {"K51-D280": 96.305}, "K51A-D170": {"K51A-D180": 172.19136000000006}, "K52-nD100": {"K52-nD110": 62.64071}, "K58-U023": {"K58-U026": 53.911000000000016}, "K52-nU170": {"K52-nU180": 134.20000000000002}, "K53-U080": {"K53-U090": 86.99801}, "K53-U040": {"K53-U050": 148.44606591749002}, "K51A-U100": {"K51A-U110": 220.55}, "K58-D200": {"K58-D210": 70.62989999999999}, "K51A-U050": {"K51A-U060": 277.11199999999997}, "K51-U050": {"K51-U060": 276.881}, "K52-nD180": {"K52-nD190": 139.7}, "K53-D140": {"K53-D150": 185.13000000000002}, "K51-U230": {"K51-U240": 58.30000000000001}, "K51-U150": {"K51-U160": 94.60000000000001}, "K58-D150": {"K58-D160": 76.55779999999999}, "K53-U020": {"K53-U030": 126.6242758}, "K51-D080": {"K51-D090": 123.03390000000002}, "K51A-D100": {"K51A-D110": 62.36021000000001}, "K51A-D250": {"K51A-D260": 87.8889}, "K54-D040": {"K54-D050": 107.801078}, "K51A-U150": {"K51A-U160": 129.723}, "K51-U030": {"K51-U040": 75.3665}, "K52A-U170": {"K52A-U180": 275.37054778116794}, "K53-D080": {"K53-D090": 46.31}, "K51-D200": {"K51-D210": 144.62800000000001}, "K58-D140": {"K58-D150": 41.349000000000004}, "K52-nD170": {"K52-nD180": 112.992}, "K54-D020": {"K54-D030": 132.84831096646386}, "K51A-U170": {"K51A-U180": 79.53}, "K52-nD060": {"K52-nD070": 129.34768316859828}, "K53-D180": {"K53-D190": 69.30000000000001}, "K52-nD090": {"K52-nD100": 55.847}, "K51A-D150": {"K51A-D160": 120.28500000000001}, "K58-U010": {"K58-U020": 45.43330000000001}, "K58-U026": {"K58-U030": 130.911}, "K51-D160": {"K51-D170": 62.15000000000001}, "K51-D280": {"K51-D290": 74.80000000000001}, "K58-U040": {"K58-U050": 51.589999999999996}, "K58-U030": {"K58-U040": 281.6}, "K51A-D260": {"K51A-D270": 90.86}, "K53-D060": {"K53-D070": 147.73000000000002}, "K52-nU040": {"K52-nU050": 64.46000000000001}, "K51A-D040": {"K51A-D050": 98.46100000000001}, "K53-D015": {"K53-D020": 55.00000000000001}, "K51A-D120": {"K51A-D140": 133.69992900000003}, "K51A-U240": {"K51A-U250": 79.64}, "K51A-D110": {"K51A-D120": 42.79}, "K54-D050": {"K54-D060": 106.36351440000001}, "K51-U110": {"K51-U120": 143.11}, "K51A-U060": {"K51A-U070": 315.6604000000001}, "K51A-D220": {"K51A-D230": 135.71800000000002}, "K51A-U180": {"K51A-U190": 100.66100000000002}, "K52-nU060": {"K52-nU070": 181.72000000000003}, "K58-D160": {"K58-D170": 150.37000000000003}, "K51-U190": {"K51-U200": 88.09900000000002}, "K51-D250": {"K51-D260": 164.219}, "K51A-U220": {"K51A-U230": 75.06950000000002}, "K51A-U080": {"K51A-U090": 198.06599999999997}, "K51-U180": {"K51-U190": 115.70680000000002}, "K51-D130": {"K51-D140": 51.7}, "K51A-D160": {"K51A-D170": 175.604}, "K54-U060": {"K54-U070": 188.661}, "K52-nU070": {"K52-nU080": 108.9}, "K51-D230": {"K51-D240": 84.43160000000002}, "K51A-D060": {"K51A-D070": 68.64000000000001}, "K58-D030": {"K58-D040": 45.364000000000004}, "K51-D100": {"K51-D110": 156.64000000000001}, "K52-nU270": {"K52-nU280": 160.3664834527313}, "K53-D090": {"K53-D100": 56.531420000000004}, "K58-U060": {"K58-U070": 157.71470000000002}, "K51A-D090": {"K51A-D100": 51.260000000000005}, "K58-D050": {"K58-D060": 171.38000000000002}, "K52-nD150": {"K52-nD160": 92.4}, "K58-D100": {"K58-D110": 157.08}, "K58-D070": {"K58-D080": 109.6403}, "K51A-U070": {"K51A-U080": 180.16603}, "K51A-D030": {"K51A-D040": 44.63639400000001}, "K52-nU010": {"K52-nU020": 36.410000000000004}, "K51-D150": {"K51-D160": 222.20000000000002}, "K52-nD190": {"K52-nD200": 165.407}, "K51A-U160": {"K51A-U170": 71.148}, "K51-D240": {"K51-D250": 118.8}, "K58-U150": {"K58-U160": 179.52000000000004}, "K51-U060": {"K51-U070": 303.9696}, "K53-D130": {"K53-D140": 86.71982}, "K54-U010": {"K54-U020": 78.1}, "K51A-U090": {"K51A-U100": 169.58700000000002}, "K54-U050": {"K54-U060": 304.8463}, "K52A-D130": {"K52A-D140": 55.00000000000001}, "K52-nD130": {"K52-nD140": 90.97}, "K52A-D030": {"K52A-D040": 26.400000000000002}, "K51A-D180": {"K51A-D190": 134.288}, "K52-nU110": {"K52-nU120": 164.175}, "K51-D180": {"K51-D190": 185.317}, "K51A-D230": {"K51A-D240": 191.4495}, "K51-U120": {"K51-U130": 170.14437000000004}, "K51A-D200": {"K51A-D210": 282.59000000000003}, "K52-nU290": {"K52-nU300": 41.800000000000004}, "K51-U220": {"K51-U230": 67.10000000000001}, "K52A-D060": {"K52A-D070": 129.34768316859828}, "K58-U170": {"K58-U180": 225.04900000000004}, "K52A-D070": {"K52A-D080": 78.10000000000001}, "K58-D060": {"K58-D070": 152.24}, "K58-D190": {"K58-D193": 214.50000000000003}, "K52-nD040": {"K52-nD050": 23.661}, "K51A-U110": {"K51A-U120": 141.9}, "K52-nD010": {"K52-nD020": 11.605}, "K52A-D150": {"K52A-D160": 90.2}, "K53-D170": {"K53-D180": 321.97}, "K51A-U010": {"K51A-U020": 49.73100000000001}, "K51A-U200": {"K51A-U210": 56.968999999999994}, "K51-D190": {"K51-D200": 164.89000000000001}, "K58-U110": {"K58-U120": 164.142},