{"K51-U070": {"K51-U080": 191.4}, "K58-U100": {"K58-U110": 121.00000000000001}, "K53-U050": {"K53-U060": 97.9}, "K51-U100": {"K51-U110": 213.4}, "K54-U020": {"K54-U030": 158.4}, "K54-D030": {"K54-D040": 78.10000000000001}, "K53-U110": {"K53-U120": 95.92}, "K54-U040": {"K54-U050": 167.20000000000002}, "K53-D120": {"K53-D130": 68.2}, "K52-nU220": {"K52-nU230": 99.00000000000001}, "K53-U140": {"K53-D010": 93.50000000000001}, "K51A-D020": {"K51A-D030": 86.13000000000001}, "K58-U120": {"K58-U130": 97.9}, "K52-nU190": {"K52-nU200": 144.10000000000002}, "K51-D220": {"K51-D230": 276.1}, "K53-D020": {"K53-D030": 112.42}, "K58-D130": {"K58-D140": 115.50000000000001}, "K52-nU230": {"K52-nU240": 82.5}, "K51-D260": {"K51-D270": 62.7}, "K53-U120": {"K53-U130": 48.400000000000006}, "K53-U100": {"K53-U110": 84.7}, "K52-nD080": {"K52-nD090": 114.4}, "K53-U130": {"K53-U140": 62.01800000000001}, "K52-nD120": {"K52-nD130": 34.1}, "K52-nD270": {"K52-nD280": 102.30000000000001}, "K53-D100": {"K53-D110": 67.54}, "K51-U130": {"K51-U140": 95.7}, "K53-U030": {"K53-U040": 232.1}, "K51A-D210": {"K51A-D220": 75.9}, "K58-D120": {"K58-D130": 128.70000000000002}, "K51-U040": {"K51-U050": 117.15}, "K58-D090": {"K58-D100": 118.67900000000002}, "K58-D020": {"K58-D030": 80.30000000000001}, "K53-D160": {"K53-D170": 211.20000000000002}, "K53-D070": {"K53-D080": 96.14000000000001}, "K58-U200": {"K58-U210": 82.5}, "K51-D020": {"K51-D030": 57.2}, "K58-U130": {"K58-U140": 66.0}, "K52-nU120": {"K52-nU140": 126.50000000000001}, "K58-U070": {"K58-U080": 107.80000000000001}, "K51A-U120": {"K51A-U130": 185.9}, "K51-D060": {"K51-D070": 49.50000000000001}, "K52-nD250": {"K52-nD260": 216.70000000000002}, "K52A-U140": {"K52A-U150": 160.36747851973982}, "K54-D060": {"K54-D070": 181.83}, "K52-nU150": {"K52-nU160": 92.4}, "K53-D150": {"K53-D160": 158.4}, "K52-nU280": {"K52-nU290": 50.6}, "K51A-D140": {"K51A-D150": 18.700000000000003}, "K53-D050": {"K53-D060": 97.24000000000001}, "K52-nD240": {"K52-nD250": 161.70000000000002}, "K52-nD220": {"K52-nD230": 145.20000000000002}, "K52-nU020": {"K52-nU030": 105.60000000000001}, "K58-D196": {"K58-D200": 73.7}, "K51-U010": {"K51-U020": 36.300000000000004}, "K53-D030": {"K53-D040": 93.50000000000001}, "K53-U070": {"K53-U080": 65.89}, "K51A-D010": {"K51A-D020": 57.2}, "K52-nU050": {"K52-nU060": 238.70000000000002}, "K51-D010": {"K51-D020": 48.400000000000006}, "K54-U070": {"K54-D010": 187.00000000000003}, "K52-nU180": {"K52-nU190": 67.10000000000001}, "K52A-D010": {"K52A-D020": 277.21644225633025}, "K51A-U020": {"K51A-U030": 82.5}, "K52-nU090": {"K52-nU100": 122.10000000000001}, "K51-U240": {"K51-U250": 111.10000000000001}, "K58-U160": {"K58-U170": 108.57000000000001}, "K51A-D190": {"K51A-D200": 200.20000000000002}, "K53-U010": {"K53-U020": 247.50000000000003}, "K51-U080": {"K51-U090": 111.10000000000001}, "K51A-U190": {"K51A-U200": 72.60000000000001}, "K51-U200": {"K51-U210": 80.30000000000001}, "K53-U060": {"K53-U070": 77.0}, "K52-nU300": {"K52-nU310": 37.400000000000006}, "K51-U090": {"K51-U100": 158.4}, "K52-nD140": {"K52-nD150": 103.4}}