{"K65-D040": {"K65-D050": 74.31151054437692}, "K65A-U010": {"K65A-U020": 59.131581000000025}, "K65A-U100": {"K65A-U110": 47.10127432529484}, "K65A-U020": {"K65A-U030": 170.83800518899284}, "K66-U160": {"K66-U170": 49.57249899481}, "K65-U030": {"K65-U040": 104.45234757221901}, "K66-D040": {"K66-D050": 34.9776619172982}, "K68-D160": {"K68-D170": 78.261194209}, "K65A-U110": {"K65A-U120": 74.12400239349685}, "K65-D110": {"K65-D120": 125.85530121276724}, "K68-U160": {"K68-U170": 70.571567}, "K65-U100": {"K65-U110": 163.69863633476706}, "K66-D200": {"K66-D210": 125.23534376210004}, "K68-D190": {"K68-D200": 25.426245790000003}, "K65-D060": {"K65-D070": 79.99709330435999}, "K65A-U070": {"K65A-U080": 50.70616261910404}, "K66-D180": {"K66-D190": 78.25997246139666}, "K65-D100": {"K65-D110": 213.9623606803725}, "K66-D160": {"K66-D170": 160.63549057599997}, "K65-D020": {"K65-D030": 67.45265619793118}, "K66-U180": {"K66-U190": 69.11347693126217}, "K66-D150": {"K66-D160": 129.8347884836442}, "K66-U040": {"K66-U050": 139.71092896364354}, "K65-D010": {"K65-D020": 43.988008362895286}, "K66-D080": {"K66-D090": 55.16812251680999}, "K66-U120": {"K66-U130": 57.7476726789635}, "K65-D050": {"K65-D060": 67.584468128861}, "K66-U070": {"K66-U080": 203.5562181116633}, "K66-D010": {"K66-D020": 98.7533034565651}, "K68-U020": {"K68-U030": 32.56448262870957}, "K68-D140": {"K68-D150": 28.559767100240002}, "K66-D120": {"K66-D130": 65.20513879974973}, "K65-U010": {"K65-U020": 290.31382027999996}, "K66-U210": {"K66-U220": 46.39941566666174}, "K68-U130": {"K68-U140": 180.96890151719}, "K66-D070": {"K66-D080": 45.38494934835556}, "K66-U200": {"K66-U210": 62.64156188523424}, "K68-U150": {"K68-U160": 91.11371170000001}, "K66-U020": {"K66-U030": 196.17841463000002}, "K65-U180": {"K65-U190": 77.47135277894863}, "K66-D020": {"K66-D030": 69.22011644089345}, "K66-U060": {"K66-U070": 202.17836061199998}, "K65-U200": {"K65-U210": 57.79780821540722}, "K66-D130": {"K66-D140": 35.96739922270002}, "K65-U220": {"K65-U230": 79.73828858466904}, "K66-D110": {"K66-D120": 33.874333225712846}, "K65-U150": {"K65-U160": 58.1526217448}, "K66-U140": {"K66-U150": 54.21574469217412}, "K66-D100": {"K66-D110": 41.201347714278484}, "K65-U190": {"K65-U200": 38.749246313980606}, "K65-D030": {"K65-D040": 56.88326343984636}, "K65-U110": {"K65-U120": 110.94639845253798}, "K66-D060": {"K66-D070": 37.81129567843781}, "K66-U030": {"K66-U040": 192.60530566810002}, "K68-U140": {"K68-U150": 44.899442964262704}, "K65-U170": {"K65-U180": 56.87779578580002}, "K65-D130": {"K65-D140": 94.4776231842077}, "K68-D060": {"K68-D070": 95.06758628103402}, "K65-D120": {"K65-D130": 64.81946910028256}, "K68-U090": {"K68-U100": 128.342354375}, "K66-D140": {"K66-D150": 67.61037425637001}, "K65-U090": {"K65-U100": 60.995273882812114}, "K68-D030": {"K68-D040": 88.9393060133}, "K66-D230": {"K66-D240": 100.55202497131691}, "K68-D120": {"K68-D130": 168.33768739508372}, "K65-D070": {"K65-D080": 98.0167233902287}, "K66-D170": {"K66-D180": 206.94844188105225}, "K65A-U120": {"K65A-U130": 80.74729600269893}, "K65A-U090": {"K65A-U100": 47.33177379510052}, "K66-U010": {"K66-U020": 133.50378610255}, "K65-U130": {"K65-U140": 31.533034032931074}, "K65-U080": {"K65-U090": 149.31775375572064}, "K68-U010": {"K68-U020": 98.80292555730003}, "K65-D160": {"K65-D170": 157.69985816836044}, "K65-U140": {"K65-U150": 105.68227251496364}, "K66-D030": {"K66-D040": 74.66538765350417}, "K66-U050": {"K66-U060": 46.763127466000014}, "K65-U160": {"K65-U170": 56.871813237718655}, "K66-D090": {"K66-D100": 37.198453917581006}, "K66-D210": {"K66-D220": 143.97900969012446}, "K68-U050": {"K68-U060": 48.64774046700001}, "K65A-U030": {"K65A-U040": 28.904261010155988}, "K68-D110": {"K68-D120": 100.53387300000001}, "K65-U070": {"K65-U080": 67.65842321457035}, "K65-U120": {"K65-U130": 199.64086129108006}, "K68-U060": {"K68-U070": 72.10034700000001}, "K65A-U080": {"K65A-U090": 65.46462501601869}, "K65-D180": {"K65-D190": 123.53014313284898}, "K65-U210": {"K65-U220": 76.52733924265547}, "K68-D130": {"K68-D140": 55.050663157920006}, "K68-D070": {"K68-D080": 216.04312555000007}, "K68-U040": {"K68-U050": 47.946311956399995}, "K68-U110": {"K68-U120": 186.49005406}, "K66-D220": {"K66-D230": 83.63138681834755}, "K66-D050": {"K66-D060": 37.09837544349285}, "K65-D090": {"K65-D100": 96.05216375214555}, "K68-D180": {"K68-D190": 27.71135}, "K66-U190": {"K66-U200": 72.036873370853}, "K68-D150": {"K68-D160": 48.42656929000001}, "K66-U150": {"K66-U160": 51.896192084000006}, "K65-D080": {"K65-D090": 55.24972654522401}, "K65-D150": {"K65-D160": 101.15516005974827}, "K68-U100": {"K68-U110": 203.202813}, "K65-U040": {"K65-U050": 99.67267474302739}, "K68-D010": {"K68-D020": 50.89058081658}, "K66-U110": {"K66-U120": 43.38274807254287}, "K68-D100": {"K68-D110": 89.37137}, "K65-D170": {"K65-D180": 104.70414063162177}, "K65A-U040": {"K65A-U050": 89.41907747787309}, "K68-U080": {"K68-U090": 50.95112}, "K68-D040": {"K68-D050": 128.57372124}, "K65-U060": {"K65-U070": 40.5430606324178}, "K66-U080": {"K66-U090": 180.91238153162004}, "K65A-U050": {"K65A-U060": 52.71334778504165}, "K68-U120": {"K68-U130": 161.51815988}, "K65-U020": {"K65-U030": 136.88479646305203}, "K66-U100": {"K66-U110": 82.77790206339829}, "K68-D170": {"K68-D180": 37.5501}, "K68-U030": {"K68-U040": 33.85855000000001}, "K66-U130": {"K66-U140": 59.567638028}, "K65-D140": {"K65-D150": 113.07615977240002}, "K66-U090": {"K66-U100": 51.031287303270695}, "K65A-U060": {"K65A-U070": 43.693319965141775}, "K68-D020": {"K68-D030": 85.659684}, "K68-D080": {"K68-D090": 86.97579}, "K68-U170": {"K68-D010": 140.3589}, "K68-D200": {"K68-U011": 67.96595507790002}, "K66-U170": {"K66-U180": 36.80058629420999}, "K68-U070": {"K68-U080": 38.549389444300004}, "K65-U050": {"K65-U060": 114.87243394263373}, "K66-D190": {"K66-D200": 77.18580150000001}, "K68-D050": {"K68-D060": 54.780066999999995}, "K68-D090": {"K68-D100": 133.10000000000002}}