{"K73-U070": {"K73-U080": 144.811038595916}, "K73-U040": {"K73-U050": 102.89075626907001, "K73-U060": 201.751}, "K73-D110": {"K73-D120": 107.316}, "K76-U020": {"K76-U030": 164.9318}, "K76-D010": {"K76-D020": 170.44801074533035}, "K76-U010": {"K76-U020": 60.767321527549996}, "K73-D010": {"K73-D020": 79.22146100000002}, "K75P-U090": {"K75P-U100": 47.885998736939}, "K74-D090": {"K74-U011": 65.34}, "K76-U030": {"K76-U040": 163.08696940217413}, "K73-U060": {"K73-U070": 134.9481266782365}, "K75P-U070": {"K75P-U080": 97.297079}, "K76-U040": {"K76-U050": 188.29250000000005}, "K75A-U030": {"K75A-D010": 244.20000000000005}, "K73-U090": {"K73-U100": 117.73179}, "K76-D020": {"K76-D030": 99.78540000000001}, "K73-U110": {"K73-U120": 238.9458093}, "K75P-U040": {"K75P-U050": 110.143}, "K75A-D090": {"K75A-D100": 33.38720000000001}, "K73-U050": {"K73-U060": 106.79717983000003}, "K75A-D070": {"K75A-D080": 42.73720000000001}, "K73-D150": {"K73-D160": 57.43839639999999}, "K75P-U080": {"K75P-U090": 45.43000000000001}, "K76-D030": {"K76-D040": 66.58106274162203}, "K73-U020": {"K73-U030": 189.31000000000003}, "K73-U080": {"K73-U090": 297.95884360000014, "K73-U110": 151.48186865393546}, "K75P-D020": {"K75P-D030": 24.294356020000002}, "K75A-D100": {"K75A-D110": 88.76021}, "K75P-U010": {"K75P-U020": 90.2}, "K75A-D040": {"K75A-D050": 63.932000000000016}, "K75P-D030": {"K75P-D040": 105.2557}, "K75P-D010": {"K75P-D020": 151.01022200000003}, "K75A-D110": {"K75A-U011": 181.3262}, "K75A-D050": {"K75A-D060": 72.19300000000001}, "K75P-D070": {"K75P-D080": 96.60816000000001}, "K75P-U110": {"K75P-U120": 89.11100000000002}, "K74-U030": {"K74-U040": 277.2}, "K75P-D050": {"K75P-D060": 83.18827}, "K75P-D080": {"K75P-U011": 142.71799300000004}, "K75P-D060": {"K75P-D070": 161.92000000000002}, "K75P-D040": {"K75P-D050": 161.30400000000003}, "K75A-D030": {"K75A-D040": 49.58019}, "K75A-U010": {"K75A-U020": 48.400000000000006}, "K75P-U120": {"K75P-U130": 66.57551999999998}, "K73-D040": {"K73-D050": 90.3947}, "K75A-D060": {"K75A-D070": 44.8899}, "K75A-D020": {"K75A-D030": 17.610999999999997}, "K73-U030": {"K73-U040": 95.243181}, "K73-D090": {"K73-D100": 88.01870000000002}, "K73-D020": {"K73-D030": 126.59900000000002}, "K73-D070": {"K73-D080": 170.72}, "K75P-U140": {"K75P-D010": 140.91044000000002}, "K74-U004": {"K74-U007": 84.7}, "K75P-U130": {"K75P-U140": 36.16352300000001}, "K74-U050": {"K74-U060": 231.00000000000003}, "K75P-U060": {"K75P-U070": 27.940000000000005}, "K75A-D010": {"K75A-D020": 208.91200000000003}, "K73-D120": {"K73-D130": 106.7}, "K73-D030": {"K73-D040": 103.4}, "K73-D140": {"K73-D150": 196.41600000000003}, "K75P-U030": {"K75P-U040": 58.300000000000004}, "K74-D020": {"K74-D030": 145.03112256127426}, "K74-U020": {"K74-U030": 147.4}, "K73-D050": {"K73-D070": 112.2}, "K75P-U050": {"K75P-U060": 82.83}, "K75P-U020": {"K75P-U030": 103.4}, "K74-D110": {"K74-U002": 222.75000000000006}, "K73-U100": {"K73-U110": 263.53457405}, "K73-D100": {"K73-D110": 214.50000000000003}, "K74-D040": {"K74-D050": 78.10000000000001}, "K74-U070": {"K74-U080": 152.9}, "K75P-U100": {"K75P-U110": 67.98}, "K74-D100": {"K74-D110": 72.60000000000001}, "K74-U080": {"K74-U090": 246.40000000000003}, "K75A-U020": {"K75A-U030": 148.5}, "K74-U100": {"K74-D010": 115.50000000000001}, "K74-D010": {"K74-D020": 175.61500000000004}, "K74-U090": {"K74-U100": 200.97000000000003}, "K74-D080": {"K74-D090": 224.4}, "K73-D080": {"K73-D090": 286.0}, "K75A-D080": {"K75A-D090": 67.10000000000001}, "K73-D130": {"K73-D140": 167.09}, "K73-U010": {"K73-U020": 83.60000000000001}}