{"OCP": {"WCH": 129.05233361252826, "ADM": 287.6469593947878}}