{"TAW": {"KOT": 320.60826355961274, "SHT": 33.027863, "HIK": 132.0, "CKT": 132.0}, "TAP": {"TWO": 174.768, "UNI": 430.1233820084075}, "TAK": {"QUB": 132.0}}