{"TIK": {"YAT": 151.8202402074787, "TKO": 90.50418224218258}, "TIH": {"CAB": 75.567722504812, "FOH": 117.991832828}, "TIS": {"SIH": 374.47115699937694, "LOP": 170.9142862281459}}