{"TKO": {"LHP": 258.66127533726063, "HAH": 104.222409936662, "TIK": 119.12620888895692}, "TKW": {"SUW": 134.1758, "HOM": 98.4277497}}