{"TKO": {"LHP": 128.59042668769112, "HAH": 72.24183391823829, "TIK": 75.25024868659563}, "TKW": {"SUW": 132.0}}