{"WCH": {"LET": 192.77091702000004, "OCP": 84.38489399999999}}