{"WCH": {"LET": 192.77091702000004, "OCP": 86.42765999999999}}