{"YAT": {"TIK": 138.0389905705184, "QUB": 226.1499376090282, "LAT": 153.08229653360482}}