{"AIR": {"TSY": 1467.4435565066792, "AWE": 114.34187652471942}}