{"DIS": {"SUN": 198.58227997955385}, "DIH": {"HIK": 333.010580024489, "CHH": 121.011, "WTS": 125.4, "KAT": 190.3}}