{"FOH": {"TIH": 132.0, "NOP": 84.777}, "FOT": {"UNI": 186.43206667162605, "SHT": 155.95651932677396}}