{"FOH": {"TIH": 121.03552340000002, "NOP": 105.7077940231577}, "FOT": {"UNI": 186.45680541840017, "SHT": 155.9474050672506}}