{"HFC": {"SKW": 17.820000000000004, "CHW": 102.76007442023818}}