{"HUH": {"EXC": 199.65693340295604, "ETS": 197.34000000000003, "MKK": 188.36232147417815, "HOM": 132.0}}