{"K75A-U010": {"K75A-U020": 40.7}, "K75A-D040": {"K75A-D050": 55.11}, "K75P-U090": {"K75P-U100": 32.021}, "K73-D100": {"K73-D110": 74.80000000000001}, "K76-U030": {"K76-U040": 163.08542665805479}, "K75P-U080": {"K75P-U090": 51.7}, "K75P-U060": {"K75P-U070": 26.95}, "K74-D040": {"K74-D050": 51.7}, "K76-D020": {"K76-D030": 145.20000000000002}, "K75P-D070": {"K75P-D080": 104.50000000000003}, "K73-D070": {"K73-D080": 154.77}, "K73-D010": {"K73-D020": 63.800000000000004}, "K75P-U040": {"K75P-U050": 121.11000000000001}, "K75P-U130": {"K75P-U140": 39.6}, "K73-U110": {"K73-U120": 188.30900000000003}, "K75P-D020": {"K75P-D030": 22.0}, "K73-U010": {"K73-U020": 80.30000000000001}, "K75P-U120": {"K75P-U130": 75.9}, "K73-U060": {"K73-U070": 128.70000000000002}, "K73-U040": {"K73-U050": 114.4}, "K75P-D040": {"K75P-D050": 150.81}, "K75P-U030": {"K75P-U040": 104.50000000000001}, "K73-U050": {"K73-U060": 121.00000000000001}, "K73-U080": {"K73-U110": 151.48186865393546}, "K75A-D090": {"K75A-D100": 47.300000000000004}, "K76-D030": {"K76-D040": 85.80000000000001}, "K74-D020": {"K74-D030": 145.03112256127426}, "K73-D130": {"K73-D140": 159.39000000000001}, "K75P-D010": {"K75P-D020": 149.60000000000002}, "K74-U011": {"K74-D100": 180.4}, "K73-D030": {"K73-D040": 82.5}, "K75A-D020": {"K75A-D030": 17.6}, "K75P-U050": {"K75P-U060": 186.56}, "K75P-D060": {"K75P-D070": 169.4}, "K73-U070": {"K73-U080": 176.9966}, "K75P-D080": {"K75P-U011": 149.60000000000002}, "K76-U010": {"K76-U020": 6.6000000000000005}, "K76-D010": {"K76-D020": 170.46999712774627}, "K76-U020": {"K76-U030": 169.4}, "K73-U090": {"K73-U100": 113.3}, "K73-U030": {"K73-U040": 93.50000000000001}, "K73-D080": {"K73-D090": 292.6}, "K73-U100": {"K73-U110": 201.3}}