{"KWH": {"KWF": 132.0, "TWH": 204.93}, "KWT": {"NTK": 140.91000000000003, "LAT": 118.8}, "KWF": {"KWH": 66.0, "LAK": 198.00000000000003}}