{"NAC": {"OLY": 123.291366, "LAK": 297.317389580654, "AUS": 223.9326778869337, "MEF": 173.14254853482151}}