{"OCP": {"WCH": 129.99498213872002, "ADM": 287.64545893710743}}