{"OLY": {"NAC": 90.16637379045677, "KOW": 121.77248111076588}}