{"SIH": {"TUM": 154.45279484480142, "TIS": 389.3852197900164}}