{"SKM": {"PRE": 128.13900000000004, "KOT": 198.00000000000003}, "SKW": {"SWH": 138.116, "HFC": 32.25420000000001}}