{"SKM": {"PRE": 128.13900000000004}, "SKW": {"SWH": 138.116, "HFC": 24.420000000000005}}