{"TAP": {"UNI": 430.12120432958454, "TWO": 133.544248167}, "TAW": {"KOT": 320.60663190276756, "SHT": 74.0581249149146, "HIK": 132.3564, "CKT": 89.3574}, "TAK": {"SWH": 125.4, "QUB": 0.0}}