{"TIK": {"TKO": 115.12833801327217, "YAT": 141.4216911029687}, "TIS": {"SIH": 389.4590189027987, "LOP": 173.9447836932477}, "TIH": {"FOH": 137.61330000000004, "CAB": 132.0}}