{"TKO": {"LHP": 128.59055467952874, "TIK": 117.93011430901929, "HAH": 81.30729631068}, "TKW": {"SUW": 132.0, "HOM": 135.96}}