{"TKO": {"LHP": 128.59823683960403, "TIK": 168.77228940000003, "HAH": 118.8}}