{"TWH": {"KWH": 95.07261059157169, "TSW": 74.21775973668593}, "TWO": {"FAN": 412.6313843883785, "TAP": 111.52032550941695}, "TWW": {"MEF": 351.88516130084565, "KSR": 712.0194361505689}}