{"WCH": {"LET": 197.40600000000003, "OCP": 116.02462245000001}}