{"FOT": {"SHT": 155.98726948978168, "UNI": 186.42931690460236}, "FOH": {"NOP": 121.93170000000002, "TIH": 132.0}}