{"HOK": {"KOW": 177.7341195007032}, "HOM": {"HUH": 20.46, "TKW": 19.14, "YMT": 19.800000000000004}}