{"K17-U020": {"K17-U030": 158.4410071976079}, "K17-D020": {"K17-D030": 42.69389242352975}, "K12-U020": {"K12-U030": 180.00337123999998}, "K12-D020": {"K12-D030": 166.39970372531008}, "K18-D010": {"K18-D020": 239.30965389766388}, "K17-U030": {"K17-U040": 30.748164123809005}, "K18-U020": {"K18-U030": 62.66247992615771}, "K18-D020": {"K18-D030": 50.462128792575626}, "K18-U010": {"K18-U020": 210.39730448000006}, "K12-U010": {"K12-U020": 284.60289313757755}, "K12-D030": {"K12-D040": 11.885426356920554}, "K17-D010": {"K17-D020": 89.79111965407542}, "K12-D010": {"K12-D020": 169.96906619000004}, "K17-U010": {"K17-U020": 342.694}}