{"K75P-U080": {"K75P-U090": 49.10081}, "K74-D060": {"K74-D070": 161.007}, "K73-U100": {"K73-U110": 201.57527720000002}, "K73-D120": {"K73-D130": 120.208}, "K73-D030": {"K73-D040": 116.61320000000005}, "K76-U030": {"K76-U040": 163.09073215508118}, "K75P-U060": {"K75P-U070": 27.70900000000001}, "K73-U090": {"K73-U100": 129.810781591953}, "K75P-U130": {"K75P-U140": 36.79258000000001}, "K73-D110": {"K73-D120": 105.71752510000003}, "K74-D050": {"K74-D060": 107.53600000000002}, "K74-D040": {"K74-D050": 102.97100000000003}, "K73-U050": {"K73-U060": 101.14674917256363}, "K76-D020": {"K76-D030": 60.718306}, "K73-U060": {"K73-U070": 133.04657017791823}, "K73-U070": {"K73-U080": 184.89827779514138}, "K73-U030": {"K73-U040": 100.23902473199999}, "K75A-D010": {"K75A-D020": 232.804}, "K75A-D090": {"K75A-D100": 44.643170000000005}, "K73-U040": {"K73-U050": 116.75528044289999, "K73-U060": 219.31327000000002}, "K76-D030": {"K76-D040": 68.42538764353523}, "K73-U080": {"K73-U110": 151.48377650606716, "K73-U090": 283.10469}, "K75A-D040": {"K75A-D050": 58.437049000000016}, "K75P-D010": {"K75P-D020": 135.85385484}, "K76-U020": {"K76-U030": 157.15946622015198}, "K75A-D070": {"K75A-D080": 41.074}, "K75A-D050": {"K75A-D060": 61.7672}, "K75P-D080": {"K75P-U011": 155.65582999999998}, "K75P-D030": {"K75P-D040": 123.91161200000003}, "K75A-D030": {"K75A-D040": 51.9200561}, "K75P-D040": {"K75P-D050": 168.344}, "K75A-U010": {"K75A-U020": 49.9532}, "K76-D010": {"K76-D020": 170.4554472763758}, "K73-D080": {"K73-D090": 292.71}, "K73-D020": {"K73-D030": 132.473}, "K75P-D070": {"K75P-D080": 107.89900000000003}, "K75P-U020": {"K75P-U030": 97.98800000000001}, "K75A-D020": {"K75A-D030": 27.610000000000003}, "K76-U010": {"K76-U020": 11.10904751}, "K73-U110": {"K73-U120": 234.15158579999996}, "K74-U011": {"K74-D100": 172.15}, "K75A-D110": {"K75A-U011": 172.931}, "K76-U040": {"K76-U050": 183.2941}, "K74-U090": {"K74-U100": 152.9}, "K75A-D060": {"K75A-D070": 47.300000000000004}, "K75P-U100": {"K75P-U110": 66.83600000000001}, "K75P-D020": {"K75P-D030": 36.748799999999996}, "K75P-U030": {"K75P-U040": 111.74900000000002}, "K73-U010": {"K73-U020": 71.97257100000002}, "K75P-U090": {"K75P-U100": 49.28000000000001}, "K73-D150": {"K73-D160": 61.91053000000001}, "K75P-U040": {"K75P-U050": 117.03999999999999}, "K75A-D080": {"K75A-D090": 71.53751}, "K75P-U050": {"K75P-U060": 196.9}, "K75P-D050": {"K75P-D060": 93.17}, "K75P-U010": {"K75P-U020": 89.10000000000001}, "K75P-U070": {"K75P-U080": 108.9}, "K73-D140": {"K73-D150": 204.62420000000003}, "K75A-U030": {"K75A-D010": 259.05000000000007}, "K73-U020": {"K73-U030": 225.94}, "K75A-D100": {"K75A-D110": 98.6766}, "K74-D010": {"K74-D020": 156.20000000000002}, "K75P-U110": {"K75P-U120": 83.87907000000001}, "K74-D070": {"K74-D080": 275.99}, "K73-D010": {"K73-D020": 104.50000000000001}, "K75A-U020": {"K75A-U030": 170.52981}, "K74-U100": {"K74-D010": 118.80000000000001}, "K73-D130": {"K73-D140": 166.32}, "K73-D040": {"K73-D050": 95.7}, "K74-D110": {"K74-U002": 194.70000000000002}, "K74-D020": {"K74-D030": 145.03112256127426}, "K73-D050": {"K73-D070": 102.30000000000001}, "K75P-U120": {"K75P-U130": 72.7012}, "K74-D090": {"K74-U011": 72.60000000000001}, "K75P-U140": {"K75P-D010": 151.8}, "K75P-D060": {"K75P-D070": 1.1}, "K74-D030": {"K74-D040": 124.74000000000001}, "K74-U080": {"K74-U090": 234.96000000000004}, "K74-D100": {"K74-D110": 91.41000000000001}, "K74-U050": {"K74-U060": 310.20000000000005}, "K73-D070": {"K73-D080": 179.3}}