{"LAK": {"KWF": 0.7700000000000001, "MEF": 125.99409180675646, "TSY": 180.9205855493068}, "LAT": {"KWT": 132.0}}