{"MOK": {"PRE": 70.16042361664108, "YMT": 69.70411363903568}, "MOS": {"HEO": 111.21490000000001, "WKS": 171.0125533281554}}