{"NAC": {"AUS": 223.93606082404898, "OLY": 90.93999353999999, "MEF": 173.17784829852272, "LAK": 297.3198712272233}}