{"QUB": {"NOP": 0.0, "YAT": 249.65915078599573, "TAK": 25.080000000000002}}