{"QUB": {"NOP": 19.833, "YAT": 249.6524577997935, "TAK": 22.572000000000003}}