{"SHS": {"FAN": 117.66966518322688, "LMC": 525.2506049659971, "LOW": 261.7547560497205}, "SHW": {"SYP": 33.069706712, "CEN": 35.836528301468526}, "SHT": {"FOT": 151.852971407408, "TAW": 76.57941234749951}, "SHM": {"CIO": 79.882617, "TSH": 205.82819250306676}}