{"SKW": {"HFC": 57.87144936756518, "SWH": 39.5236560023492}, "SKM": {"PRE": 97.55701560000001, "KOT": 104.06108160130279}}