{"SKW": {"HFC": 56.78430443080866, "SWH": 40.07129040211428}, "SKM": {"PRE": 97.55701560000001, "KOT": 104.06108160130279}}