{"TKO": {"TIK": 63.72093092225119, "LHP": 128.59098659411615, "HAH": 31.301925341939988}, "TKW": {"SUW": 130.65030000000002}}