{"1": {"6": 407.40700000000004, "2": 45.11798351280001}}