{"1": {"6": 407.40700000000004, "2": 43.96788088000001}}