{"DIS": {"SUN": 198.5822086729974}, "DIH": {"HIK": 333.01866721492985, "CHH": 132.0}}