{"HFC": {"SKW": 142.08274358600002, "CHW": 119.41039877049381}}