{"HOK": {"KOW": 177.72150059192217}, "HOM": {"HUH": 124.08000000000001}}