{"K12-U020": {"K12-U030": 194.70000000000002}, "K17-D020": {"K17-D030": 29.68584113000001}, "K17-D010": {"K17-D020": 73.97681181000002}, "K18-U010": {"K18-U020": 271.92731060000006}, "K18-D010": {"K18-D020": 222.44895669415104}, "K18-D020": {"K18-D030": 33.11988015473493}, "K17-U010": {"K17-U020": 206.8}, "K18-U020": {"K18-U030": 57.25394658329385}, "K12-D010": {"K12-D020": 198.00000000000003}, "K17-U030": {"K17-U040": 22.9905280033}, "K12-D020": {"K12-D030": 300.96}, "K17-U020": {"K17-U030": 132.79566300000002}, "K12-D030": {"K12-D040": 1.1}}