{"KF6": {"KF4": 250.95801128320585}, "KF4": {"KF6": 250.95795422204887, "KF2": 1022.6260624314291}, "KF1": {"KF5": 767.8871474100025, "KF3": 686.7721852457846}, "KF3": {"KF1": 686.7718514015183}, "KF5": {"KF1": 767.8871469209412}, "KF2": {"KF4": 1022.6259561658942}}