{"NAC": {"AUS": 223.92850142135924, "OLY": 146.05283346060003, "LAK": 297.31823535759713, "MEF": 173.1657087097859}}