{"OCP": {"WCH": 135.42888507387573, "ADM": 287.6504789868776}}