{"PRE": {"MOK": 113.22109286145636, "SKM": 125.20167422479535, "SSP": 133.65609788887815}}