{"SHS": {"FAN": 125.75297694690703, "LMC": 525.2467114984995, "LOW": 261.7536264530134}, "SHT": {"TAW": 17.255699999999997, "FOT": 155.96456137546923}, "SHM": {"TSH": 216.4066411704378, "CIO": 132.0}, "SHW": {"SYP": 186.26190000000003, "CEN": 132.0}}