{"SHS": {"FAN": 125.73974802308719, "LMC": 525.2467114984995, "LOW": 261.7529418919195}, "SHT": {"TAW": 20.57, "FOT": 155.9735576883733}, "SHM": {"TSH": 216.4154482528414}}