{"SUN": {"DIS": 198.58233387484285, "TUC": 823.8866826593621, "TSY": 579.0910975301503}, "SUW": {"TKW": 131.6, "KAT": 75.82256000000001}}