{"TAK": {"QUB": 133.45203968781334, "SWH": 129.08370000000002}, "TAW": {"KOT": 239.35897673723716, "SHT": 132.6425182906996, "CKT": 75.66793294124999, "HIK": 154.69176297545997}, "TAP": {"UNI": 294.0669735660796, "TWO": 114.998912836441}}