{"TAK": {"QUB": 137.05197000000004, "SWH": 132.0}, "TAW": {"KOT": 320.63346078934666, "SHT": 198.00000000000003, "CKT": 13.2}, "TAP": {"UNI": 430.12470352653116}}