{"TWW": {"KSR": 712.0324774026626, "MEF": 351.8880006414452}, "TWO": {"TAP": 113.01016386, "FAN": 412.6342938265084}, "TWH": {"KWH": 132.0, "TSW": 76.16825712378176}}