{"YMT": {"HOM": 178.20000000000002, "JOR": 126.258, "MOK": 96.75398772599999}}