{"AIR": {"TSY": 1467.4432964046864, "AWE": 124.03248268410695}}