{"K12-U010": {"K12-U020": 249.325233685}, "K18-U020": {"K18-U030": 59.69060964965396}, "K17-D010": {"K17-D020": 265.16177600000003}, "K18-U010": {"K18-U020": 206.97587959400002}, "K12-D030": {"K12-D040": 11.039823960000003}, "K18-D010": {"K18-D020": 234.737013489}, "K12-U020": {"K12-U030": 226.1400206606035}, "K17-D020": {"K17-D030": 30.6258491}, "K18-D020": {"K18-D030": 31.379232300713}, "K12-D020": {"K12-D030": 356.42024000000004}, "K17-U030": {"K17-U040": 31.490250000000003}, "K12-D010": {"K12-D020": 156.77981}, "K17-U010": {"K17-U020": 239.80000000000004}, "K17-U020": {"K17-U030": 159.77169537999998}}