{"K52-nD270": {"K52-nD280": 101.19745900000001}, "K52-nU220": {"K52-nU230": 102.50680000000003}, "K52A-D100": {"K52A-D110": 60.52790589999999}, "K52-nD160": {"K52-nD170": 135.22926999999999}, "K51A-U020": {"K51A-U030": 97.4347}, "K52A-D080": {"K52A-D090": 55.95579}, "K51A-D140": {"K51A-D150": 68.27293}, "K52-nD240": {"K52-nD250": 174.9}, "K51-D140": {"K51-D150": 69.36930000000001}, "K52A-U080": {"K52A-U090": 76.84049999999999}, "K51A-U240": {"K51A-U250": 71.40650000000001}, "K53-D130": {"K53-D140": 110.00000000000001}, "K53-U010": {"K53-U020": 260.5595718}, "K52-nD040": {"K52-nD050": 36.300000000000004}, "K53-U100": {"K53-U110": 77.1832545}, "K51-U130": {"K51-U140": 89.96900000000001}, "K51A-U190": {"K51A-U200": 62.87600000000002}, "K51A-D150": {"K51A-D160": 136.235}, "K51A-D060": {"K51A-D070": 63.107000000000006}, "K52-nD100": {"K52-nD110": 71.85530000000001}, "K51-U020": {"K51-U030": 119.0068}, "K51-D210": {"K51-D220": 191.818}, "K53-U140": {"K53-D010": 87.44213300900002}, "K54-D040": {"K54-D050": 158.887619}, "K54-U020": {"K54-U030": 173.55085000000003}, "K52A-U090": {"K52A-U100": 83.93}, "K53-D180": {"K53-D190": 76.87900000000002}, "K51A-D120": {"K51A-D140": 103.73000000000002}, "K53-U120": {"K53-U130": 70.241785201711}, "K51-U220": {"K51-U230": 88.0}, "K51A-U200": {"K51A-U210": 49.720000000000006}, "K53-U030": {"K53-U040": 212.932027}, "K51-D060": {"K51-D070": 45.6763131}, "K53-D160": {"K53-D170": 198.31987461}, "K52A-U150": {"K52A-U160": 37.6464}, "K53-D050": {"K53-D060": 93.13700000000001}, "K51-D080": {"K51-D090": 103.4}, "K51A-D070": {"K51A-D080": 87.35360700000004}, "K52A-D020": {"K52A-D030": 31.471000000000004}, "K53-D120": {"K53-D130": 72.58900000000001}, "K54-U060": {"K54-U070": 206.87563600000007}, "K51A-D090": {"K51A-D100": 77.22}, "K51-D160": {"K51-D170": 80.498}, "K52A-U140": {"K52A-U150": 160.3664834527313}, "K53-U070": {"K53-U080": 60.43455}, "K52A-D130": {"K52A-D140": 87.23283799999999}, "K52-nD050": {"K52-nD060": 41.019000000000005}, "K52-nD290": {"K52-nD300": 93.94000000000001}, "K51-D220": {"K51-D230": 271.843}, "K52-nD130": {"K52-nD140": 77.23551}, "K51A-D080": {"K51A-D090": 116.446}, "K51-D280": {"K51-D290": 64.9}, "K53-D030": {"K53-D040": 83.27594000000003}, "K52-nU240": {"K52-nU250": 81.04800000000002}, "K51A-D160": {"K51A-D170": 200.442}, "K53-D015": {"K53-D020": 50.05462000000001}, "K54-D060": {"K54-D070": 146.43200000000002}, "K53-U060": {"K53-U070": 77.12863049119801}, "K52A-D050": {"K52A-D060": 29.734956899999997}, "K52-nU160": {"K52-nU170": 48.95}, "K51-U180": {"K51-U190": 111.39700000000002}, "K58-U026": {"K58-U030": 118.80000000000001}, "K52-nU250": {"K52-nU260": 55.77}, "K51-D090": {"K51-D100": 105.38000000000002}, "K58-D010": {"K58-D020": 39.6}, "K52A-D110": {"K52A-D120": 180.07000000000002}, "K51-U120": {"K51-U130": 156.29900000000004}, "K52-nU230": {"K52-nU240": 88.54012420000001}, "K53-U050": {"K53-U060": 153.60011641821}, "K52-nU070": {"K52-nU080": 94.578}, "K51-D100": {"K51-D110": 144.5473733}, "K53-U110": {"K53-U120": 90.61660784}, "K52-nU260": {"K52-nU270": 81.4}, "K51A-U120": {"K51A-U130": 126.28000000000002}, "K53-U090": {"K53-U100": 126.93285759110002}, "K51-U210": {"K51-U220": 53.51500000000001}, "K51-D270": {"K51-D280": 88.429}, "K51A-U170": {"K51A-U180": 77.605}, "K51A-D210": {"K51A-D220": 75.29169999999999}, "K53-D040": {"K53-D050": 73.1057349}, "K52A-U015": {"K52A-U020": 158.06010000000003}, "K51A-D250": {"K51A-D260": 83.01700000000001}, "K53-U040": {"K53-U050": 135.36107870670003}, "K52-nD060": {"K52-nD070": 129.34768316859828}, "K52-nU060": {"K52-nU070": 184.21040000000002}, "K51A-U130": {"K51A-U140": 42.900000000000006}, "K52-nU030": {"K52-nU040": 114.50999999999999}, "K51A-U040": {"K51A-U050": 125.78151300000002}, "K51-D240": {"K51-D250": 121.33000000000001}, "K51A-U050": {"K51A-U060": 261.228}, "K51A-U010": {"K51A-U020": 58.98860000000002}, "K51A-U140": {"K51A-U150": 55.576422000000015}, "K51A-U160": {"K51A-U170": 69.30000000000001}, "K52A-D170": {"K52A-D180": 121.0}, "K52A-D090": {"K52A-D100": 59.27900000000001}, "K53-U130": {"K53-U140": 61.934325310000006}, "K51-U160": {"K51-U170": 121.253}, "K54-U030": {"K54-U040": 119.09700000000002}, "K51A-U070": {"K51A-U080": 234.67070000000004}, "K51-D120": {"K51-D130": 24.200000000000003}, "K51-D230": {"K51-D240": 84.1192}, "K51A-U150": {"K51A-U160": 120.58310000000002}, "K54-D020": {"K54-D030": 132.84152565833193}, "K52A-U050": {"K52A-U060": 58.2857}, "K52-nD230": {"K52-nD240": 128.45877000000002}, "K52-nU120": {"K52-nU140": 127.22269999999999}, "K52-nD010": {"K52-nD020": 17.6}, "K52-nD020": {"K52-nD030": 23.79289}, "K51A-D110": {"K51A-D120": 50.760239200000015}, "K53-D080": {"K53-D090": 43.534369999999996}, "K52A-U010": {"K52A-U015": 289.058}, "K52A-D160": {"K52A-D170": 148.48878000000005}, "K52-nD280": {"K52-nD290": 94.71000000000001}, "K53-D170": {"K53-D180": 327.25000000000006}, "K51-D200": {"K51-D210": 119.91951400000002}, "K53-D090": {"K53-D100": 54.14200000000001}, "K51A-U100": {"K51A-U110": 212.74}, "K51A-D170": {"K51A-D180": 164.76735000000002}, "K52-nD120": {"K52-nD130": 52.811}, "K51-U010": {"K51-U020": 39.6}, "K52A-U120": {"K52A-U130": 54.41590000000001}, "K52A-D070": {"K52A-D080": 97.02000000000001}, "K51-D010": {"K51-D020": 89.43}, "K54-D050": {"K54-D060": 87.36717000000002}, "K51A-D200": {"K51A-D210": 260.58646899999997}, "K53-D150": {"K53-D160": 173.734}, "K53-U080": {"K53-U090": 81.299870399}, "K51-U200": {"K51-U210": 86.70200000000001}, "K51-U100": {"K51-U110": 188.54000000000002}, "K51-D040": {"K51-D050": 42.900000000000006}, "K51A-D190": {"K51A-D200": 183.81}, "K51-D250": {"K51-D260": 175.36200000000002}, "K52-nU200": {"K52-nU210": 78.672}, "K52A-U170": {"K52A-U180": 275.36287963267864}, "K52A-D120": {"K52A-D130": 42.218}, "K51-U190": {"K51-U200": 83.38000000000001}, "K51A-D100": {"K51A-D110": 53.157500000000006}, "K51-D110": {"K51-D120": 81.56500000000001}, "K51-D260": {"K51-D270": 60.907000000000004}, "K54-U050": {"K54-U060": 354.3111}, "K53-D100": {"K53-D110": 86.273}, "K53-U020": {"K53-U030": 164.9459405}, "K51-U070": {"K51-U080": 225.06143000000006}, "K51-U240": {"K51-U250": 124.63000000000002}, "K51A-U230": {"K51A-U240": 36.762572000000006}, "K51-D180": {"K51-D190": 212.3}, "K52-nD260": {"K52-nD270": 65.274}, "K52-nU010": {"K52-nU020": 40.38099999999999}, "K54-D030": {"K54-D040": 102.01124999999999}, "K51A-D030": {"K51A-D040": 37.4847}, "K52-nD140": {"K52-nD150": 121.77000000000001}, "K51-U110": {"K51-U120": 138.05}, "K51A-U110": {"K51A-U120": 130.57000000000002}, "K52-nU110": {"K52-nU120": 183.59}, "K51A-D260": {"K51A-D270": 70.7465}, "K51A-U060": {"K51A-U070": 288.2}, "K51-U170": {"K51-U180": 83.60000000000001}, "K52A-D030": {"K52A-D040": 8.25}, "K52A-D140": {"K52A-D150": 109.978}, "K51-U080": {"K51-U090": 174.9}, "K52-nU270": {"K52-nU280": 160.36558789242366}, "K52-nU210": {"K52-nU220": 81.21300000000001}, "K54-D010": {"K54-D020": 160.55952}, "K53-D060": {"K53-D070": 132.77990000000003}, "K51A-D180": {"K51A-D190": 129.404}, "K51A-U090": {"K51A-U100": 177.10000000000002}, "K52-nD220": {"K52-nD230": 133.089}, "K51-U060": {"K51-U070": 333.08000000000004}, "K53-D020": {"K53-D030": 96.8}, "K58-D050": {"K58-D060": 257.40000000000003}, "K52-nD110": {"K52-nD120": 162.074}, "K54-U010": {"K54-U020": 57.53000000000001}, "K52-nU100": {"K52-nU110": 218.9}, "K52-nU050": {"K52-nU060": 234.95999999999998}, "K51-D050": {"K51-D060": 53.900000000000006}, "K52-nU140": {"K52-nU150": 172.70000000000002}, "K52A-D010": {"K52A-D020": 277.21823933285896}, "K51-D020": {"K51-D030": 72.82000000000001}, "K53-D190": {"K53-U011": 423.39000000000004}, "K52-nD090": {"K52-nD100": 51.81}, "K52-nU280": {"K52-nU290": 42.9}, "K52A-U100": {"K52A-U110": 66.0}, "K52-nU020": {"K52-nU030": 114.40000000000002}, "K51A-D240": {"K51A-D250": 45.65}, "K52-nD080": {"K52-nD090": 66.0}, "K54-U070": {"K54-D010": 138.98499999999999}, "K51A-D020": {"K51A-D030": 103.4}, "K51A-D230": {"K51A-D240": 132.66}, "K52A-U160": {"K52A-U170": 22.62128},