{"K52-nD270": {"K52-nD280": 98.4607720442537}, "K52-nU220": {"K52-nU230": 98.41437240755701}, "K52A-D100": {"K52A-D110": 60.72622313224159}, "K52-nD160": {"K52-nD170": 146.772725340263}, "K51A-U020": {"K51A-U030": 101.05613367277333}, "K52A-D080": {"K52A-D090": 61.54923012482899}, "K51A-D140": {"K51A-D150": 83.05238676805845}, "K52-nD240": {"K52-nD250": 162.20064574999998}, "K51-D140": {"K51-D150": 78.6751477190877}, "K52A-U080": {"K52A-U090": 70.59084563211701}, "K51A-U240": {"K51A-U250": 72.07235321868161}, "K53-D130": {"K53-D140": 120.35582350470672}, "K53-U010": {"K53-U020": 259.9756370079268, "K53-D180": 293.1469671697284}, "K52-nD040": {"K52-nD050": 31.529632674287008}, "K53-U100": {"K53-U110": 69.29041302427353}, "K51-U130": {"K51-U140": 78.66888754395498}, "K51A-U190": {"K51A-U200": 78.38474520852475}, "K51A-D150": {"K51A-D160": 125.6780585684241}, "K51A-D060": {"K51A-D070": 71.61962878019072}, "K52-nD100": {"K52-nD110": 69.79005907424946}, "K51-U020": {"K51-U030": 104.14443701306132}, "K51-D210": {"K51-D220": 199.0607776542}, "K53-U140": {"K53-D010": 77.00161849984548}, "K54-D040": {"K54-D050": 162.61164915906198}, "K54-U020": {"K54-U030": 144.93368785521233}, "K52A-U090": {"K52A-U100": 81.68638723275288}, "K53-D180": {"K53-D190": 79.8075783489877}, "K51A-D120": {"K51A-D140": 137.5139816524234}, "K53-U120": {"K53-U130": 72.51196064350584}, "K51-U220": {"K51-U230": 71.81585077922638}, "K51A-U200": {"K51A-U210": 55.6920527396144}, "K53-U030": {"K53-U040": 222.00185536408338}, "K51-D060": {"K51-D070": 53.2194848791594}, "K53-D160": {"K53-D170": 204.500661888901}, "K52A-U150": {"K52A-U160": 33.12794986292458}, "K53-D050": {"K53-D060": 86.31002606666125}, "K51-D080": {"K51-D090": 101.93829287172409}, "K51A-D070": {"K51A-D080": 88.04493117539258}, "K52A-D020": {"K52A-D030": 25.8312318038004}, "K53-D120": {"K53-D130": 73.21497139584581}, "K54-U060": {"K54-U070": 209.53420480644772}, "K51A-D090": {"K51A-D100": 57.53864906625063}, "K51-D160": {"K51-D170": 79.243483809622}, "K52A-U140": {"K52A-U150": 160.35832157921377}, "K53-U070": {"K53-U080": 46.80950477949029}, "K52A-D130": {"K52A-D140": 89.62303879726265}, "K52-nD050": {"K52-nD060": 39.05224387900002}, "K52-nD290": {"K52-nD300": 98.38084431300399}, "K51-D220": {"K51-D230": 276.078778063}, "K52-nD130": {"K52-nD140": 87.13581841656439}, "K51A-D080": {"K51A-D090": 149.82912142066}, "K51-D280": {"K51-D290": 67.442393107188}, "K53-D030": {"K53-D040": 71.54882255775607}, "K52-nU240": {"K52-nU250": 72.44786199158071}, "K51A-D160": {"K51A-D170": 176.52820791933803}, "K53-D015": {"K53-D020": 48.64810689932092}, "K54-D060": {"K54-D070": 145.19477854340207}, "K53-U060": {"K53-U070": 71.30474197441066}, "K52A-D050": {"K52A-D060": 31.507335963556507}, "K52-nU160": {"K52-nU170": 53.97824642961912}, "K51-U180": {"K51-U190": 112.29447708897347}, "K58-U026": {"K58-U030": 118.80000000000001}, "K52-nU250": {"K52-nU260": 55.3116450227}, "K51-D090": {"K51-D100": 99.999281492}, "K58-D010": {"K58-D020": 37.400000000000006}, "K52A-D110": {"K52A-D120": 177.53995400039238}, "K51-U120": {"K51-U130": 145.77264620485008}, "K52-nU230": {"K52-nU240": 91.55531958490887}, "K53-U050": {"K53-U060": 168.91157634274478}, "K52-nU070": {"K52-nU080": 115.15483612781327}, "K51-D100": {"K51-D110": 160.80787845316084}, "K53-U110": {"K53-U120": 96.73847957177566}, "K52-nU260": {"K52-nU270": 57.02422835819631}, "K51A-U120": {"K51A-U130": 147.16774823244762}, "K53-U090": {"K53-U100": 132.058057805258}, "K51-U210": {"K51-U220": 52.81682151798842}, "K51-D270": {"K51-D280": 91.58879094059266}, "K51A-U170": {"K51A-U180": 76.81142442094011}, "K51A-D210": {"K51A-D220": 76.4068569716859}, "K53-D040": {"K53-D050": 78.39799123009269}, "K52A-U015": {"K52A-U020": 160.53674608301327}, "K51A-D250": {"K51A-D260": 88.0815540442599}, "K53-U040": {"K53-U050": 125.4623152299065}, "K52-nD060": {"K52-nD070": 129.34768316859828}, "K52-nU060": {"K52-nU070": 186.04888772382705}, "K51A-U130": {"K51A-U140": 61.33958766087428}, "K52-nU030": {"K52-nU040": 129.6056493549833}, "K51A-U040": {"K51A-U050": 122.88833415520972}, "K51-D240": {"K51-D250": 131.55362583000004}, "K51A-U050": {"K51A-U060": 278.68483539001477}, "K51A-U010": {"K51A-U020": 53.59948046002287}, "K51A-U140": {"K51A-U150": 51.20553199089005}, "K51A-U160": {"K51A-U170": 83.57519556288015}, "K52A-D170": {"K52A-D180": 137.81874034285062}, "K52A-D090": {"K52A-D100": 57.58619785416924}, "K53-U130": {"K53-U140": 66.54332608145975}, "K51-U160": {"K51-U170": 124.91979449838797}, "K54-U030": {"K54-U040": 118.26929291665513}, "K51A-U070": {"K51A-U080": 220.3441488733744}, "K51-D120": {"K51-D130": 44.87597966982891}, "K51-D230": {"K51-D240": 82.61256922510661}, "K51A-U150": {"K51A-U160": 118.26129940337837}, "K54-D020": {"K54-D030": 132.85502466161952}, "K52A-U050": {"K52A-U060": 59.751569110712374}, "K52-nD230": {"K52-nD240": 138.0883080973}, "K52-nU120": {"K52-nU140": 124.11535612770028}, "K52-nD010": {"K52-nD020": 16.953548056731}, "K52-nD020": {"K52-nD030": 29.003977245230892}, "K51A-D110": {"K51A-D120": 55.34921737266403}, "K53-D080": {"K53-D090": 45.83719143167483}, "K52A-U010": {"K52A-U015": 281.00317346269327}, "K52A-D160": {"K52A-D170": 145.91211000746196}, "K52-nD280": {"K52-nD290": 94.43601413176162}, "K53-D170": {"K53-D180": 329.1485007250001}, "K51-D200": {"K51-D210": 121.2950944598241}, "K53-D090": {"K53-D100": 49.1093244244817}, "K51A-U100": {"K51A-U110": 216.48412341599996}, "K51A-D170": {"K51A-D180": 171.0603820649848}, "K52-nD120": {"K52-nD130": 43.675349519836}, "K51-U010": {"K51-U020": 35.59310960898}, "K52A-U120": {"K52A-U130": 67.65573762237511}, "K52A-D070": {"K52A-D080": 100.59535332000002}, "K51-D010": {"K51-D020": 88.04361930928303}, "K54-D050": {"K54-D060": 96.0943006795449}, "K51A-D200": {"K51A-D210": 270.48098802156335}, "K53-D150": {"K53-D160": 159.9541187058045}, "K53-U080": {"K53-U090": 83.54782753960046}, "K51-U200": {"K51-U210": 90.42760681648807}, "K51-U100": {"K51-U110": 199.3046066}, "K51-D040": {"K51-D050": 45.96469253200001}, "K51A-D190": {"K51A-D200": 179.35373778281695}, "K51-D250": {"K51-D260": 165.39681744523642}, "K52-nU200": {"K52-nU210": 80.05437862650801}, "K52A-U170": {"K52A-U180": 275.33376606941096}, "K52A-D120": {"K52A-D130": 43.9903969298618}, "K51-U190": {"K51-U200": 83.68232077039607}, "K51A-D100": {"K51A-D110": 48.65851506205892}, "K51-D110": {"K51-D120": 65.16271753365}, "K51-D260": {"K51-D270": 55.663784317469}, "K54-U050": {"K54-U060": 357.7751708129389}, "K53-D100": {"K53-D110": 84.18124304716238}, "K53-U020": {"K53-U030": 149.36001698211282}, "K51-U070": {"K51-U080": 194.1267434738707}, "K51-U240": {"K51-U250": 118.38357393155763}, "K51A-U230": {"K51A-U240": 35.40588748912737}, "K51-D180": {"K51-D190": 177.99462789899997}, "K52-nD260": {"K52-nD270": 64.529656064786}, "K52-nU010": {"K52-nU020": 39.21373700101}, "K54-D030": {"K54-D040": 72.01084173284079}, "K51A-D030": {"K51A-D040": 38.29459614482002}, "K52-nD140": {"K52-nD150": 115.35945683237871}, "K51-U110": {"K51-U120": 135.96361147859164}, "K51A-U110": {"K51A-U120": 136.1352898838089}, "K52-nU110": {"K52-nU120": 184.99332286603504}, "K51A-D260": {"K51A-D270": 63.79181984326267}, "K51A-U060": {"K51A-U070": 293.4130881}, "K51-U170": {"K51-U180": 79.52292934769613}, "K52A-D030": {"K52A-D040": 17.551230057988167}, "K52A-D140": {"K52A-D150": 99.16781382651303}, "K51-U080": {"K51-U090": 184.44349532198706}, "K52-nU270": {"K52-nU280": 160.36005717648064}, "K52-nU210": {"K52-nU220": 77.54246963973921}, "K54-D010": {"K54-D020": 135.15795414955068}, "K53-D060": {"K53-D070": 166.17950348076474}, "K51A-D180": {"K51A-D190": 127.036777214556}, "K51A-U090": {"K51A-U100": 153.81885574966526}, "K52-nD220": {"K52-nD230": 136.15783590587117}, "K51-U060": {"K51-U070": 328.516916222}, "K53-D020": {"K53-D030": 98.82794828098922}, "K58-D050": {"K58-D060": 257.40000000000003}, "K52-nD110": {"K52-nD120": 165.90984012430908}, "K54-U010": {"K54-U020": 63.474152008394114}, "K52-nU100": {"K52-nU110": 186.44006656000005},