{"KOW": {"HOK": 177.74210021676302, "OLY": 121.76481713815232, "TSY": 661.6501905252688}, "KOT": {"SKM": 125.68648091999998, "TAW": 320.5996913241337, "MKK": 138.00840312125177, "LOF": 130.461352900791}, "KOB": {"NTK": 33.922900000000006, "CHH": 174.10595655444115}}