{"KWT": {"NTK": 123.68499000000001, "LAT": 0.0}, "KWH": {"KWF": 132.56133000000003, "TWH": 198.00000000000003}, "KWF": {"KWH": 132.0, "LAK": 191.40000000000003}}