{"KWT": {"NTK": 125.93835771000002, "LAT": 13.2}, "KWH": {"KWF": 132.56133000000003, "TWH": 198.55}, "KWF": {"KWH": 126.05999999999999, "LAK": 192.06000000000003}}