{"KWT": {"NTK": 114.3863230376295, "LAT": 102.17462714079612}, "KWH": {"KWF": 128.55265398454156, "TWH": 194.55485499999998}, "KWF": {"KWH": 127.513412060406, "LAK": 182.84656181400004}}