{"NTK": {"KWT": 107.16713375248794, "KOB": 132.841148}}