{"SHS": {"FAN": 125.72964287584118}, "SHT": {"FOT": 155.98726948978165, "TAW": 198.00000000000003}}