{"SKM": {"PRE": 132.0, "KOT": 198.00000000000003}, "SKW": {"SWH": 132.0, "HFC": 185.46000000000004}}