{"SKM": {"PRE": 128.6302463655, "KOT": 178.38756790800002}, "SKW": {"SWH": 124.7972186790931, "HFC": 152.16528382372852}}