{"SUN": {"DIS": 198.58233387484285, "TSY": 690.6201320378981, "TUC": 823.8869730021657}, "SUW": {"KAT": 133.04417039430004, "TKW": 133.49765358599998}}