{"TIK": {"TKO": 93.51315379351988, "YAT": 141.42185030209822}, "TIH": {"FOH": 46.1868, "CAB": 132.0}, "TIS": {"SIH": 389.4308670781357, "LOP": 173.9447836932477}}