{"TSY": {"LAK": 180.9530951044739, "SUN": 690.6223839501454, "KOW": 661.6530969902259, "AIR": 1467.4429522457126}, "TST": {"ADM": 176.37166539437624, "JOR": 132.0}, "TSH": {"SHM": 216.41288731000813, "HEO": 126.65400000000002}, "TSW": {"TWH": 60.06}}