{"TWO": {"TAP": 135.5511691236042, "FAN": 401.3683244435619}, "TWW": {"MEF": 347.3821752750008, "KSR": 712.0194361505689}, "TWH": {"KWH": 162.17163748983998, "TSW": 68.40020185890867}}