{"TWO": {"TAP": 137.52419999999998, "FAN": 412.6363134761742}, "TWW": {"MEF": 351.82771904869134, "KSR": 712.0324774026626}, "TWH": {"KWH": 148.10399999999998}}