{"UNI": {"FOT": 186.41909486258012, "TAP": 430.12215946711484}}