{"YAT": {"QUB": 249.64526002660236, "TIK": 141.42193166988946, "LAT": 132.0}}