{"YAT": {"QUB": 249.65062412816087, "TIK": 141.42128370077606, "LAT": 132.0}}