{"AIR": {"TSY": 1356.6992008126822, "AWE": 103.15755556007628}}