{"FOT": {"UNI": 186.4367687732366, "SHT": 155.9586588945729}, "FOH": {"TIH": 63.36, "NOP": 36.464999999999996}}