{"K12-D020": {"K12-D030": 174.52500851505468}, "K18-U020": {"K18-U030": 61.99484305795232}, "K17-D020": {"K17-D030": 73.04210704771613}, "K12-U020": {"K12-U030": 186.37480196854642}, "K14-D010": {"K14-D020": 286.2574053274771}, "K12-D030": {"K12-D040": 12.947885125890005}, "K17-D010": {"K17-D020": 131.46941499999997}, "K17-U020": {"K17-U030": 117.046370177}, "K14-D020": {"K14-D030": 12.784963011355488}, "K18-U010": {"K18-U020": 229.16655676926}, "K18-D020": {"K18-D030": 77.62492751414604}, "K17-U030": {"K17-U040": 57.44904545882821}, "K17-U010": {"K17-U020": 260.4340717}, "K12-U010": {"K12-U020": 186.63152658631694}, "K12-D010": {"K12-D020": 163.81728220000008}, "K18-D010": {"K18-D020": 237.86500302400003}}