{"OCP": {"ADM": 287.64289315447394, "WCH": 130.31107062659663}}