{"SHT": {"FOT": 155.97969390889307, "TAW": 50.7562}, "SHS": {"LMC": 525.2480401950227, "LOW": 261.75348133959744, "FAN": 125.74764289374912}, "SHM": {"TSH": 216.41288731000813}, "SHW": {"CEN": 132.0, "SYP": 178.86}}