{"SSP": {"PRE": 26.93443474829748, "CSW": 120.10509787172134}}