{"SWH": {"TAK": 66.4700220932, "SKW": 120.56650075500447}}