{"TAW": {"SHT": 65.45237827792982, "KOT": 240.75358838975612, "CKT": 71.112064452, "HIK": 25.080000000000002}, "TAP": {"TWO": 125.418706330361, "UNI": 405.107860857492}, "TAK": {"QUB": 37.90712234946, "SWH": 129.92710488274003}}