{"TIK": {"TKO": 21.948554989730717, "YAT": 141.4218931272515}, "TIS": {"SIH": 389.4508328531729, "LOP": 173.91326880124123}, "TIH": {"FOH": 83.886}}