{"TKO": {"TIK": 52.77386373107454, "HAH": 31.232520000000005, "LHP": 128.59550100483844}, "TKW": {"HOM": 139.70000000000002}}