{"YMT": {"JOR": 139.70000000000002, "MOK": 13.2, "HOM": 166.93380000000002}}