{"AIR": {"TSY": 1467.4419967686915, "AWE": 112.1986599130483}}