{"EXC": {"HUH": 199.66551209595985, "ADM": 63.9968056162509}}