{"HUH": {"EXC": 193.54952140762288, "MKK": 175.53519933140169, "ETS": 198.00000000000003, "HOM": 130.939436}}