{"JOR": {"YMT": 99.80722177712883, "TST": 110.38776306000003}}