{"K14-D010": {"K14-D020": 198.07404535426167}, "K14-D020": {"K14-D030": 98.38487725394084}, "K17-U030": {"K17-U040": 57.112444613976166}, "K17-U020": {"K17-U030": 134.95962896612733}, "K18-U010": {"K18-U020": 186.4255113570961}, "K18-D020": {"K18-D030": 62.747005588581544}, "K17-D020": {"K17-D030": 68.5112948458356}, "K18-U020": {"K18-U030": 52.24115895326431}, "K12-U020": {"K12-U030": 172.13163163037066}, "K17-D010": {"K17-D020": 231.10604175923294}, "K18-D010": {"K18-D020": 223.41262440430154}, "K17-U010": {"K17-U020": 221.96013746417856}, "K12-U010": {"K12-U020": 205.72932317850183}, "K12-D030": {"K12-D040": 30.253869982494535}, "K12-D010": {"K12-D020": 139.40335112917342}, "K12-D020": {"K12-D030": 266.06361332299906}}