{"K14-D010": {"K14-D020": 241.53646423419758}, "K14-D020": {"K14-D030": 12.473935430367678}, "K17-U030": {"K17-U040": 59.020311635999995}, "K17-U020": {"K17-U030": 152.15911286244244}, "K18-U010": {"K18-U020": 209.1316634499476}, "K18-D020": {"K18-D030": 70.54059721676673}, "K17-D020": {"K17-D030": 74.58683497213723}, "K18-U020": {"K18-U030": 51.27726602211438}, "K12-U020": {"K12-U030": 198.95826441184758}, "K17-D010": {"K17-D020": 28.05}, "K18-D010": {"K18-D020": 239.46001761670382}, "K17-U010": {"K17-U020": 231.76925200000005}, "K12-U010": {"K12-U020": 235.5517110512391}, "K12-D030": {"K12-D040": 14.247546341981252}, "K12-D010": {"K12-D020": 156.29361}, "K12-D020": {"K12-D030": 223.19832720684454}}