{"KF2": {"KF4": 1022.6256635561443}, "KF4": {"KF2": 1022.6260021856767, "KF6": 250.95769967018504}, "KF3": {"KF1": 686.7717464032078}, "KF1": {"KF3": 686.7721063382787, "KF5": 767.8871494723893}, "KF5": {"KF1": 767.8871478501577}, "KF6": {"KF4": 250.95800649117723}}