{"MOK": {"PRE": 93.476724, "YMT": 119.42370000000001}, "MOS": {"HEO": 142.7514}}