{"NAC": {"AUS": 223.92850142135927, "LAK": 297.31764237745244, "OLY": 143.77883586000002, "MEF": 173.18177049448954}}