{"NAC": {"AUS": 223.92850142135927, "LAK": 297.3250597337123, "OLY": 180.11400000000003, "MEF": 173.18177049448954}}