{"SHS": {"FAN": 125.73258127283043, "LOW": 261.7527207161598, "LMC": 525.2467114984995}, "SHT": {"FOT": 155.97969390889307, "TAW": 132.0}, "SHW": {"SYP": 150.77700000000002, "CEN": 118.8}, "SHM": {"TSH": 216.38983882450867}}