{"SHS": {"FAN": 140.09218089346274, "LOW": 261.7548387147906, "LMC": 482.45362063739213}, "SHT": {"FOT": 147.42521712922297, "TAW": 138.97039630736566}, "SHW": {"SYP": 155.25616325575768, "CEN": 117.81998241379083}, "SHM": {"TSH": 208.77576944785196, "CIO": 113.6031}}