{"STW": {"CIO": 123.20000000000002, "CKT": 145.53000000000003}}