{"SUN": {"DIS": 198.58233387484285, "TUC": 823.8868280990746, "TSY": 564.8238639185874}, "SUW": {"TKW": 170.92767, "KAT": 86.38579899999999}}