{"UNI": {"TAP": 231.213338149672, "FOT": 189.19423999566956}}