{"WAC": {"ADM": 126.84414222953399, "CAB": 168.59059497000004}}