{"WTS": {"DIH": 113.51400000000001, "LOF": 109.49580060000002}}