{"AIR": {"TSY": 1467.4424194636529, "AWE": 112.48935825358731}}