{"CIO": {"STW": 127.77710000000002, "SHM": 127.77240299999998}}