{"DIS": {"SUN": 198.58232578544926}, "DIH": {"CHH": 121.30799999999999, "KAT": 66.0, "WTS": 72.60000000000001, "HIK": 333.0914519288978}}