{"HAH": {"TKO": 10.691999999999998, "POA": 128.1934801506533}}