{"HAH": {"TKO": 10.691999999999998, "POA": 129.7355573810975}}