{"HFC": {"SKW": 198.00000000000003, "CHW": 135.28182068555662}}