{"HUH": {"MKK": 188.35084269997748, "EXC": 199.65983500430391, "ETS": 0.0, "HOM": 132.0}}