{"JOR": {"TST": 69.63248760208329, "YMT": 101.15888667695296}}