{"K18-U010": {"K18-U020": 181.98548286029205}, "K12-D020": {"K12-D030": 201.70914551781703}, "K18-U020": {"K18-U030": 58.511521533061014}, "K12-D030": {"K12-D040": 11.79102152591}, "K14-D010": {"K14-D020": 270.96303537947796}, "K14-D020": {"K14-D030": 14.146550003539478}, "K12-U010": {"K12-U020": 229.02259493088468}, "K18-D020": {"K18-D030": 74.80468543284795}, "K12-U020": {"K12-U030": 201.2799437682}, "K17-D020": {"K17-D030": 81.93458593475044}, "K18-D010": {"K18-D020": 208.34546699999996}, "K17-D010": {"K17-D020": 70.6861353}, "K17-U010": {"K17-U020": 174.75233600000004}, "K12-D010": {"K12-D020": 141.61831849000006}, "K17-U030": {"K17-U040": 64.0152219446904}, "K17-U020": {"K17-U030": 102.40062162413601}}