{"K74-D110": {"K74-U002": 186.39280000000002}, "K76-U010": {"K76-U020": 36.31659479552499}, "K73-D110": {"K73-D120": 34.964259000000006}, "K75A-D090": {"K75A-D100": 58.201}, "K75P-U140": {"K75P-D010": 161.21534000000003}, "K73-U040": {"K73-U050": 106.81440465711509, "K73-U060": 219.22340000000008}, "K73-U090": {"K73-U100": 121.84087519999999}, "K75P-U120": {"K75P-U130": 32.64279667}, "K74-U001": {"K74-U004": 147.4}, "K76-D020": {"K76-D030": 135.94472438113348}, "K75P-D050": {"K75P-D060": 99.95156710000003}, "K74-U011": {"K74-D100": 171.729107}, "K75P-U060": {"K75P-U070": 29.370000000000005}, "K75P-D040": {"K75P-D050": 158.61285000000004}, "K73-U050": {"K73-U060": 119.9538631714953}, "K75P-U080": {"K75P-U090": 41.1994936958}, "K73-D140": {"K73-D150": 166.089}, "K75P-U130": {"K75P-U140": 49.337266220000004}, "K73-U070": {"K73-U080": 163.9584956083115}, "K76-U040": {"K76-U050": 130.700429948}, "K76-D030": {"K76-D040": 47.54911259999999}, "K73-U060": {"K73-U070": 139.58561602130985}, "K75A-D030": {"K75A-D040": 53.43353400000001}, "K75P-U070": {"K75P-U080": 110.13497951727659}, "K75P-U090": {"K75P-U100": 35.50350100000001}, "K76-U030": {"K76-U040": 163.09601280473115}, "K75P-U040": {"K75P-U050": 91.41}, "K73-U110": {"K73-U120": 202.8615100476707}, "K75A-D020": {"K75A-D030": 25.978332391000002}, "K74-U080": {"K74-U090": 216.7}, "K75A-D080": {"K75A-D090": 100.27379999999998}, "K73-U030": {"K73-U040": 111.13685017600002}, "K73-D010": {"K73-D020": 83.03592}, "K75P-D020": {"K75P-D030": 31.152000000000005}, "K75P-U020": {"K75P-U030": 119.66900000000001}, "K74-D060": {"K74-D070": 158.95}, "K73-D090": {"K73-D100": 121.07039999999999}, "K75A-D040": {"K75A-D050": 50.307895}, "K75A-U020": {"K75A-U030": 149.402}, "K73-U020": {"K73-U030": 201.19}, "K73-D120": {"K73-D130": 90.398}, "K73-D020": {"K73-D030": 75.71300000000001}, "K75P-D060": {"K75P-D070": 188.52900000000002}, "K75P-U010": {"K75P-U020": 97.23127645000002}, "K76-D010": {"K76-D020": 170.4235602930641}, "K75P-D080": {"K75P-U011": 164.18868400000002}, "K74-D080": {"K74-D090": 177.86999999999998}, "K75A-U010": {"K75A-U020": 52.62068705630001}, "K75A-D110": {"K75A-U011": 214.478}, "K73-U080": {"K73-U090": 296.65502899999996, "K73-U110": 151.4854935729857}, "K73-D080": {"K73-D090": 94.04648000000002}, "K75P-U110": {"K75P-U120": 93.88632}, "K75P-D030": {"K75P-D040": 146.55707}, "K73-D030": {"K73-D040": 112.18042000000003}, "K74-U100": {"K74-D010": 118.37210000000005}, "K75P-U050": {"K75P-U060": 152.13000000000002}, "K73-D130": {"K73-D140": 161.15}, "K73-D040": {"K73-D050": 82.12929999999999}, "K75A-D060": {"K75A-D070": 48.227784000000014}, "K75A-D100": {"K75A-D110": 109.50500000000002}, "K74-U004": {"K74-U007": 120.12}, "K73-U100": {"K73-U110": 83.72485}, "K74-D070": {"K74-D080": 255.093003}, "K73-D100": {"K73-D110": 41.789}, "K75A-U030": {"K75A-D010": 249.54018100000002}, "K74-D040": {"K74-D050": 66.946}, "K75P-D010": {"K75P-D020": 171.6891}, "K75P-D070": {"K75P-D080": 93.89804589}, "K75A-D070": {"K75A-D080": 56.15500000000001}, "K74-D100": {"K74-D110": 82.98400000000001}, "K76-U020": {"K76-U030": 124.99074060000002}, "K74-D010": {"K74-D020": 187.11}, "K74-U050": {"K74-U060": 234.3}, "K74-U090": {"K74-U100": 206.83959999999996}, "K75P-U100": {"K75P-U110": 73.7185032981364}, "K74-D030": {"K74-D040": 118.03000000000002}, "K74-D020": {"K74-D030": 145.03035006967494}, "K75A-D010": {"K75A-D020": 242.33}, "K74-U030": {"K74-U040": 313.71999999999997}, "K73-D050": {"K73-D070": 127.633}, "K74-D050": {"K74-D060": 120.80048288000003}, "K73-D150": {"K73-D160": 44.60610000000001}, "K73-D070": {"K73-D080": 99.00000000000001}, "K74-U010": {"K74-U020": 240.80100000000002}, "K75P-U030": {"K75P-U040": 139.37000000000003}, "K74-U070": {"K74-U080": 165.58300000000003}, "K74-U040": {"K74-U050": 179.3}, "K74-U007": {"K74-U010": 354.20000000000005}, "K75A-D050": {"K75A-D060": 141.9}, "K74-D090": {"K74-U011": 95.7}, "K74-U060": {"K74-U070": 100.10000000000001}}