{"KOW": {"OLY": 121.78478099420406, "HOK": 177.74090235502513, "TSY": 661.6528062241968}, "KOT": {"MKK": 138.0008851872174, "TAW": 320.61421918250466, "SKM": 49.0941, "LOF": 118.8}, "KOB": {"CHH": 19.800000000000004, "NTK": 73.1346}}