{"LAK": {"MEF": 125.99872117716559, "TSY": 180.93143095731529, "NAC": 297.3193955454477, "KWF": 143.286}, "LAT": {"KWT": 8.91, "YAT": 6.6}}