{"SYP": {"HKU": 34.851299999999995, "SHW": 198.00000000000003}}