{"TIK": {"TKO": 13.415852809109513, "YAT": 141.42076224079005}, "TIH": {"CAB": 118.8}}