{"TIK": {"TKO": 33.77547648842962, "YAT": 141.42193166988946}, "TIH": {"CAB": 110.08800000000001, "FOH": 126.95100000000002}, "TIS": {"SIH": 389.3771584065412, "LOP": 173.9447836932477}}