{"TSY": {"KOW": 661.6546210633462, "LAK": 180.95555225843535, "SUN": 690.6254583683307, "AIR": 1467.442152744692}, "TST": {"JOR": 72.6, "ADM": 176.36866840760382}, "TSW": {"TWH": 59.4}, "TSH": {"SHM": 216.40850809776325, "HEO": 133.09076000000002}}