{"UNI": {"TAP": 393.1078563889213, "FOT": 173.76969058934554}}