{"YMT": {"JOR": 132.0, "MOK": 67.10000000000001, "HOM": 178.20000000000002}}