{"CKT": {"TAW": 115.49835820000001, "STW": 116.66086170000001}}