{"CSW": {"LCK": 24.36648278897632, "SSP": 31.85099149011715}}