{"HUH": {"MKK": 188.3393099139709, "EXC": 199.70464363914232, "ETS": 0.0, "HOM": 80.52000000000001}}