{"K17-U030": {"K17-U040": 26.251191659}, "K17-D020": {"K17-D030": 32.14982222723086}, "K18-U010": {"K18-U020": 256.91008455419995}, "K12-D020": {"K12-D030": 224.27285323384277}, "K18-U020": {"K18-U030": 65.55200006079602}, "K17-D010": {"K17-D020": 106.56652348086882}, "K18-D020": {"K18-D030": 44.52490566191025}, "K12-D030": {"K12-D040": 10.4846379473}, "K12-D010": {"K12-D020": 168.53499862099997}, "K18-D010": {"K18-D020": 244.460931}, "K17-U020": {"K17-U030": 172.81713498911688}, "K12-U020": {"K12-U030": 186.07540490000002}, "K12-U010": {"K12-U020": 151.48870000000002}}