{"K17-U030": {"K17-U040": 30.770189999999996}, "K17-D020": {"K17-D030": 34.41579404770759}, "K18-U010": {"K18-U020": 203.32620000000003}, "K12-D020": {"K12-D030": 235.76721067900007}, "K18-U020": {"K18-U030": 67.73410668310001}, "K17-D010": {"K17-D020": 92.75717549999999}, "K18-D020": {"K18-D030": 45.1450282448}, "K12-D030": {"K12-D040": 10.157253700000002}, "K12-D010": {"K12-D020": 172.310149}, "K18-D010": {"K18-D020": 242.65658999999997}, "K17-U020": {"K17-U030": 183.06129446}, "K12-U020": {"K12-U030": 176.56156100000004}, "K12-U010": {"K12-U020": 140.47}}