{"K76-U040": {"K76-U050": 211.167}, "K73-U050": {"K73-U060": 96.549886334}, "K75A-U030": {"K75A-D010": 238.26}, "K74-U030": {"K74-U040": 278.52000000000004}, "K76-D010": {"K76-D020": 170.44801074533035}, "K75A-D050": {"K75A-D060": 76.7019}, "K76-U020": {"K76-U030": 174.00306}, "K76-D020": {"K76-D030": 117.69889999999998}, "K73-U060": {"K73-U070": 118.20607397859342}, "K75P-D020": {"K75P-D030": 37.4}, "K73-D120": {"K73-D130": 111.49050000000003}, "K73-U080": {"K73-U110": 151.48377650606716, "K73-U090": 268.62}, "K75P-D030": {"K75P-D040": 125.26855}, "K73-D050": {"K73-D070": 116.93000000000002}, "K74-U007": {"K74-U010": 247.28000000000006}, "K73-U070": {"K73-U080": 172.95708539999998}, "K74-U090": {"K74-U100": 228.8}, "K73-U090": {"K73-U100": 153.62864534600004}, "K74-U004": {"K74-U007": 71.5}, "K76-D030": {"K76-D040": 62.807426686696985}, "K75P-D060": {"K75P-D070": 168.3}, "K75A-D020": {"K75A-D030": 18.381000000000004}, "K73-D030": {"K73-D040": 111.76000000000002}, "K73-D040": {"K73-D050": 96.62807000000001}, "K73-U110": {"K73-U120": 241.07409370000005}, "K75P-U130": {"K75P-U140": 36.344}, "K75P-U040": {"K75P-U050": 104.929}, "K75P-D080": {"K75P-U011": 160.3767}, "K74-U100": {"K74-D010": 156.97}, "K73-U040": {"K73-U050": 114.64592040000002, "K73-U060": 79.20000000000002}, "K73-U020": {"K73-U030": 195.151}, "K75A-D010": {"K75A-D020": 203.22347100000002}, "K74-D040": {"K74-D050": 84.37}, "K75P-D050": {"K75P-D060": 93.39000000000001}, "K73-U030": {"K73-U040": 93.26899999999999}, "K75P-U110": {"K75P-U120": 62.480000000000004}, "K75A-D110": {"K75A-U011": 180.84000000000003}, "K75P-D040": {"K75P-D050": 183.63400000000001}, "K73-U010": {"K73-U020": 65.94446100000002}, "K73-D020": {"K73-D030": 144.77100000000002}, "K75P-U100": {"K75P-U110": 56.91400000000001}, "K75A-D030": {"K75A-D040": 54.231100000000005}, "K75P-U120": {"K75P-U130": 58.54783000000001}, "K75A-U020": {"K75A-U030": 142.142}, "K73-D070": {"K73-D080": 193.19520000000003}, "K74-D060": {"K74-D070": 157.07999999999998}, "K75P-U060": {"K75P-U070": 26.2009}, "K74-D080": {"K74-D090": 171.60000000000002}, "K73-D140": {"K73-D150": 258.06}, "K75P-U010": {"K75P-U020": 100.012}, "K73-D150": {"K73-D160": 61.061000000000014}, "K76-U010": {"K76-U020": 11.0702700526}, "K75P-U140": {"K75P-D010": 163.9}, "K75P-D070": {"K75P-D080": 87.7415}, "K75P-D010": {"K75P-D020": 144.10000000000002}, "K74-U040": {"K74-U050": 236.50000000000003}, "K74-D030": {"K74-D040": 126.76400000000001}, "K75P-U030": {"K75P-U040": 123.20000000000002}, "K73-D100": {"K73-D110": 199.32000000000002}, "K73-U100": {"K73-U110": 218.13000000000002}, "K74-D020": {"K74-D030": 145.03035006967494}, "K74-D100": {"K74-D110": 95.59}, "K75A-U010": {"K75A-U020": 55.10999999999999}, "K74-D050": {"K74-D060": 114.4}, "K76-U030": {"K76-U040": 163.08696940217413}, "K75A-D040": {"K75A-D050": 65.56014300000002}, "K74-U001": {"K74-U004": 126.17}, "K75P-U070": {"K75P-U080": 99.77000000000001}, "K75P-U080": {"K75P-U090": 48.708000000000006}, "K74-U070": {"K74-U080": 178.20000000000002}, "K74-D010": {"K74-D020": 159.5}, "K74-U050": {"K74-U060": 224.4}, "K73-D090": {"K73-D100": 94.60000000000001}, "K75A-D070": {"K75A-D080": 90.31000000000002}, "K74-D110": {"K74-U002": 185.9}, "K75P-U090": {"K75P-U100": 47.85000000000001}, "K75A-D090": {"K75A-D100": 79.2}, "K73-D130": {"K73-D140": 168.19}, "K74-D070": {"K74-D080": 254.10000000000002}, "K73-D010": {"K73-D020": 105.60000000000001}, "K75A-D060": {"K75A-D070": 84.48}, "K75P-U050": {"K75P-U060": 168.3}}