{"K76-U040": {"K76-U050": 209.33}, "K73-U050": {"K73-U060": 97.03694000000002}, "K75A-U030": {"K75A-D010": 238.26}, "K74-U030": {"K74-U040": 278.3}, "K76-D010": {"K76-D020": 170.46999712774624}, "K75A-D050": {"K75A-D060": 76.7019}, "K76-U020": {"K76-U030": 177.10000000000002}, "K76-D020": {"K76-D030": 145.20000000000002}, "K73-U060": {"K73-U070": 133.866592112}, "K75P-D020": {"K75P-D030": 37.400000000000006}, "K73-D120": {"K73-D130": 108.35}, "K73-U080": {"K73-U110": 151.48186865393546, "K73-U090": 265.1}, "K75P-D030": {"K75P-D040": 125.45500000000001}, "K73-D050": {"K73-D070": 116.93000000000002}, "K74-U007": {"K74-U010": 247.28000000000006}, "K73-U070": {"K73-U080": 164.714}, "K74-U090": {"K74-U100": 228.8}, "K73-U090": {"K73-U100": 155.606}, "K74-U004": {"K74-U007": 71.5}, "K76-D030": {"K76-D040": 33.44913000000001}, "K75P-D060": {"K75P-D070": 168.3}, "K75A-D020": {"K75A-D030": 17.490000000000002}, "K73-D030": {"K73-D040": 111.76000000000002}, "K73-D040": {"K73-D050": 95.44700000000002}, "K73-U110": {"K73-U120": 254.10000000000005}, "K75P-U130": {"K75P-U140": 38.5}, "K75P-U040": {"K75P-U050": 102.41000000000001}, "K75P-D080": {"K75P-U011": 158.4}, "K74-U100": {"K74-D010": 156.97}, "K73-U040": {"K73-U050": 129.36}, "K73-U020": {"K73-U030": 206.69}, "K75A-D010": {"K75A-D020": 202.33719000000002}, "K74-D040": {"K74-D050": 82.5}, "K75P-D050": {"K75P-D060": 93.50000000000001}, "K73-U030": {"K73-U040": 96.91}, "K75P-U110": {"K75P-U120": 62.480000000000004}, "K75A-D110": {"K75A-U011": 180.84000000000003}, "K75P-D040": {"K75P-D050": 184.36}, "K73-U010": {"K73-U020": 65.10900000000001}, "K73-D020": {"K73-D030": 144.77100000000002}, "K75P-U100": {"K75P-U110": 53.900000000000006}, "K75A-D030": {"K75A-D040": 55.10999999999999}, "K75P-U120": {"K75P-U130": 53.57000000000001}, "K75A-U020": {"K75A-U030": 142.142}, "K73-D070": {"K73-D080": 193.19520000000003}, "K74-D060": {"K74-D070": 170.5}, "K75P-U060": {"K75P-U070": 27.500000000000004}, "K74-D080": {"K74-D090": 171.60000000000002}, "K73-D140": {"K73-D150": 259.6}, "K75P-U010": {"K75P-U020": 98.78}, "K73-D150": {"K73-D160": 61.49000000000001}, "K76-U010": {"K76-U020": 11.154000000000002}, "K75P-U140": {"K75P-D010": 163.9}, "K75P-D070": {"K75P-D080": 84.15}, "K75P-D010": {"K75P-D020": 143.00000000000003}, "K74-U040": {"K74-U050": 236.50000000000003}, "K74-D030": {"K74-D040": 129.8}, "K75P-U030": {"K75P-U040": 123.20000000000002}, "K73-D100": {"K73-D110": 198.00000000000003}, "K73-U100": {"K73-U110": 209.0}, "K74-D020": {"K74-D030": 145.03112256127426}, "K74-D100": {"K74-D110": 92.4}, "K75A-U010": {"K75A-U020": 53.900000000000006}, "K74-D050": {"K74-D060": 114.4}, "K76-U030": {"K76-U040": 163.08542665805479}, "K75A-D040": {"K75A-D050": 73.7}, "K74-U001": {"K74-U004": 124.30000000000001}}