{"KOW": {"OLY": 121.81652914327564, "TSY": 661.6676242919309, "HOK": 177.7235605545155}, "KOT": {"TAW": 320.627041658852, "LOF": 132.0, "SKM": 0.0, "MKK": 137.99267530918365}, "KOB": {"NTK": 0.0, "CHH": 0.0}}