{"SSP": {"PRE": 9.573014299087433, "CSW": 21.875680024799998}}