{"TIK": {"TKO": 11.65281547786729, "YAT": 141.42105034022984}, "TIS": {"LOP": 173.90155338871207, "SIH": 389.4508328531729}, "TIH": {"FOH": 126.50000000000003}}