{"UNI": {"FOT": 155.57469003937905, "TAP": 365.4574064833654}}