{"YAT": {"TIK": 117.49804063977993, "QUB": 192.85692141422925, "LAT": 73.84613672879999}}