{"HOK": {"KOW": 177.73959578424873}, "HOM": {"HUH": 132.0, "TKW": 136.8114, "WHA": 94.09474008721703}}