{"K75P-U050": {"K75P-U060": 194.26000000000002}, "K75P-U060": {"K75P-U070": 27.74365000000001}, "K73-U110": {"K73-U120": 231.81944499824}, "K73-D030": {"K73-D040": 119.84500000000003}, "K76-D010": {"K76-D020": 170.46999712774624}, "K73-U080": {"K73-U090": 268.6117796230001, "K73-U110": 151.48186865393546}, "K75A-D020": {"K75A-D030": 22.661099999999998}, "K75P-U080": {"K75P-U090": 53.30011499999999}, "K75P-D040": {"K75P-D050": 178.64000000000001}, "K75P-U120": {"K75P-U130": 62.680256099999994}, "K73-U090": {"K73-U100": 92.28559999999999}, "K75P-U010": {"K75P-U020": 84.92}, "K76-U030": {"K76-U040": 163.08542665805479}, "K76-D020": {"K76-D030": 134.0117383}, "K73-U060": {"K73-U070": 107.10827416587101}, "K73-D080": {"K73-D090": 303.38}, "K73-U030": {"K73-U040": 95.37483999999999}, "K73-U040": {"K73-U060": 190.7136, "K73-U050": 97.71591159844581}, "K75A-D060": {"K75A-D070": 44.0}, "K75A-U020": {"K75A-U030": 150.249}, "K75P-U140": {"K75P-D010": 153.23000000000002}, "K73-D100": {"K73-D110": 195.40714599999998}, "K73-D140": {"K73-D150": 191.77400000000003}, "K73-D150": {"K73-D160": 54.659000000000006}, "K76-D030": {"K76-D040": 80.507584066162}, "K75P-U020": {"K75P-U030": 96.80000000000001}, "K73-U100": {"K73-U110": 241.56000000000003}, "K73-D110": {"K73-D120": 89.57300000000001}, "K75A-D100": {"K75A-D110": 98.65977000000001}, "K73-D020": {"K73-D030": 104.39000000000003}, "K75P-U090": {"K75P-U100": 31.35}, "K73-U070": {"K73-U080": 168.530021}, "K76-U010": {"K76-U020": 314.40288000000004}, "K75P-U130": {"K75P-U140": 45.60116000000001}, "K73-U020": {"K73-U030": 177.76000000000002}, "K75P-D050": {"K75P-D060": 56.96900000000001}, "K75P-U070": {"K75P-U080": 118.64358}, "K75P-D030": {"K75P-D040": 116.52751}, "K74-D020": {"K74-D030": 145.03112256127426}, "K75P-D010": {"K75P-D020": 113.74000000000001}, "K75A-D090": {"K75A-D100": 39.6}, "K76-U020": {"K76-U030": 70.241501}, "K75P-D020": {"K75P-D030": 32.853145160000004}, "K73-U050": {"K73-U060": 100.53769000000001}, "K73-D130": {"K73-D140": 137.5}, "K75A-D030": {"K75A-D040": 37.817340000000016}, "K75P-U110": {"K75P-U120": 63.247800000000005}, "K75P-U040": {"K75P-U050": 101.64000000000001}, "K75A-D010": {"K75A-D020": 199.23200000000003}, "K75A-D050": {"K75A-D060": 71.94000000000001}, "K75P-D080": {"K75P-U011": 142.34}, "K75A-D040": {"K75A-D050": 42.35000000000001}, "K75P-U100": {"K75P-U110": 61.699}, "K75A-D080": {"K75A-D090": 86.13000000000001}, "K75P-D060": {"K75P-D070": 183.70000000000002}, "K75P-U030": {"K75P-U040": 123.20000000000002}, "K75A-D070": {"K75A-D080": 41.03}, "K73-U010": {"K73-U020": 63.800000000000004}, "K75A-U010": {"K75A-U020": 75.46000000000001}, "K73-D070": {"K73-D080": 160.60000000000002}, "K73-D090": {"K73-D100": 82.50000000000001}, "K73-D050": {"K73-D070": 88.0}, "K76-U040": {"K76-U050": 177.10000000000002}, "K73-D010": {"K73-D020": 88.0}}