{"K75P-U050": {"K75P-U060": 194.26000000000002}, "K75P-U060": {"K75P-U070": 26.92735650000001}, "K73-U110": {"K73-U120": 229.85496786334528}, "K73-D030": {"K73-D040": 119.74050000000003}, "K76-D010": {"K76-D020": 170.4554472763758}, "K73-U080": {"K73-U090": 270.46060166070004, "K73-U110": 151.48842975741633}, "K75A-D020": {"K75A-D030": 22.661099999999998}, "K75P-U080": {"K75P-U090": 52.81010349999999}, "K75P-D040": {"K75P-D050": 175.27395534000004}, "K75P-U120": {"K75P-U130": 62.46223048999999}, "K73-U090": {"K73-U100": 94.49703999999998}, "K75P-U010": {"K75P-U020": 85.118}, "K76-U030": {"K76-U040": 163.09265532447293}, "K76-D020": {"K76-D030": 137.22056447}, "K73-U060": {"K73-U070": 113.28963186691995}, "K73-D080": {"K73-D090": 303.38}, "K73-U030": {"K73-U040": 91.460442524}, "K73-U040": {"K73-U060": 190.7136, "K73-U050": 93.07781959974031}, "K75A-D060": {"K75A-D070": 42.965999999999994}, "K75A-U020": {"K75A-U030": 150.4041}, "K75P-U140": {"K75P-D010": 150.55700000000002}, "K73-D100": {"K73-D110": 195.40714599999998}, "K73-D140": {"K73-D150": 196.35660000000001}, "K73-D150": {"K73-D160": 54.659000000000006}, "K76-D030": {"K76-D040": 85.9403287842321}, "K75P-U020": {"K75P-U030": 96.80000000000001}, "K73-U100": {"K73-U110": 240.35814000000005}, "K73-D110": {"K73-D120": 89.57300000000001}, "K75A-D100": {"K75A-D110": 98.583793}, "K73-D020": {"K73-D030": 104.39000000000003}, "K75P-U090": {"K75P-U100": 32.72500000000001}, "K73-U070": {"K73-U080": 166.15431701}, "K76-U010": {"K76-U020": 255.82133280000002}, "K75P-U130": {"K75P-U140": 45.60116000000001}, "K73-U020": {"K73-U030": 179.894}, "K75P-D050": {"K75P-D060": 58.202100000000016}, "K75P-U070": {"K75P-U080": 116.56922200000001}, "K75P-D030": {"K75P-D040": 112.7022831}, "K74-D020": {"K74-D030": 145.03112256127426}, "K75P-D010": {"K75P-D020": 116.11600000000001}, "K75A-D090": {"K75A-D100": 40.304}, "K76-U020": {"K76-U030": 96.694354229}, "K75P-D020": {"K75P-D030": 32.4630475796}, "K73-U050": {"K73-U060": 100.53769000000001}, "K73-D130": {"K73-D140": 137.5}, "K75A-D030": {"K75A-D040": 37.817340000000016}, "K75P-U110": {"K75P-U120": 63.247800000000005}, "K75P-U040": {"K75P-U050": 101.64000000000001}, "K75A-D010": {"K75A-D020": 200.3188}, "K75A-D050": {"K75A-D060": 71.95540000000001}, "K75P-D080": {"K75P-U011": 143.506}, "K75A-D040": {"K75A-D050": 43.15850000000001}, "K75P-U100": {"K75P-U110": 61.699}, "K75A-D080": {"K75A-D090": 86.13000000000001}, "K75P-D060": {"K75P-D070": 188.36400000000003}, "K75P-U030": {"K75P-U040": 124.85000000000002}, "K75A-D070": {"K75A-D080": 40.0873}, "K73-U010": {"K73-U020": 63.800000000000004}, "K75A-U010": {"K75A-U020": 71.46260000000001}, "K73-D070": {"K73-D080": 160.60000000000002}, "K73-D090": {"K73-D100": 82.61000000000001}, "K73-D050": {"K73-D070": 89.65}, "K76-U040": {"K76-U050": 180.4}, "K73-D010": {"K73-D020": 88.0}, "K73-D040": {"K73-D050": 113.30000000000001}, "K73-D120": {"K73-D130": 72.60000000000001}}