{"OLY": {"KOW": 121.00827343014105, "NAC": 129.37017368588607}}