{"SKW": {"SWH": 112.70538330090599, "HFC": 70.95641193920181}, "SKM": {"PRE": 128.70024046, "KOT": 185.97370000000004}}