{"SUN": {"DIS": 198.58018078091578, "TUC": 823.8758328206019, "TSY": 690.6313463989347}}