{"TAP": {"TWO": 79.99786806, "UNI": 430.12470352653116}, "TAK": {"SWH": 0.0, "QUB": 132.0}, "TAW": {"SHT": 97.29719999999999, "KOT": 320.627041658852}}