{"TAP": {"TWO": 66.66, "UNI": 430.12725955667185}, "TAK": {"SWH": 0.0, "QUB": 132.0}, "TAW": {"SHT": 120.12, "KOT": 320.63346078934666}}