{"TIK": {"TKO": 82.69069756633563, "YAT": 141.4205937615855}, "TIH": {"FOH": 132.0, "CAB": 138.60000000000002}, "TIS": {"SIH": 389.45901890279873, "LOP": 173.90155338871207}}