{"TIK": {"TKO": 113.22989217343373, "YAT": 141.42193166988946}, "TIH": {"FOH": 132.0, "CAB": 136.52093399999998}, "TIS": {"SIH": 389.4434654085098, "LOP": 173.90976714657384}}