{"TSY": {"KOW": 661.6525445347705, "LAK": 180.9473314099965, "SUN": 690.6267245988868, "AIR": 1467.4430670594797}, "TST": {"ADM": 176.36866840760382, "JOR": 18.48}, "TSH": {"SHM": 216.41829374487838}, "TSW": {"TWH": 66.0}}