{"WTS": {"DIH": 94.39860600404398, "LOF": 128.2773576}}