{"YUL": {"KSR": 252.158324859665, "LOP": 139.70000000000002}}