{"AIR": {"TSY": 1008.8087541262772, "AWE": 99.46207187661005}}