{"CSW": {"SSP": 102.88215661594663, "LCK": 122.26770126228}}