{"HUH": {"MKK": 188.35985294512056, "EXC": 199.6704259833209, "ETS": 475.38832, "HOM": 136.40000000000003}}