{"KWF": {"KWH": 114.33399999999999, "LAK": 111.1}, "KWT": {"NTK": 107.8, "LAT": 121.00000000000003}, "KWH": {"TWH": 162.8, "KWF": 111.1}}