{"MOS": {"HEO": 152.19638212875074, "WKS": 159.25743703505742}, "MOK": {"PRE": 75.284265486446, "YMT": 113.44555051029121}}