{"NAC": {"OLY": 143.05134294032098, "MEF": 177.99299532177383, "LAK": 255.27598968064072, "AUS": 222.71582877775518}}