{"OCP": {"WCH": 105.63960000000002, "ADM": 287.65482416229713}}