{"QUB": {"YAT": 249.65149270946054, "NOP": 123.0219778807212, "TAK": 90.20000000000002}}