{"SKW": {"SWH": 108.9, "HFC": 132.0}, "SKM": {"PRE": 109.23000000000002, "KOT": 117.15000000000002}}