{"SKW": {"SWH": 104.98616837696791, "HFC": 183.67122549574736}, "SKM": {"PRE": 102.98998374811318, "KOT": 113.32997974681379}}