{"TAP": {"UNI": 430.12725955667185, "TWO": 170.89050000000003}, "TAW": {"SHT": 19.800000000000004, "KOT": 320.63346078934666, "CKT": 143.0}, "TAK": {"QUB": 117.7, "SWH": 103.62}}