{"TIK": {"TKO": 111.52659974553899, "YAT": 141.42185030209822}, "TIS": {"LOP": 173.90976714657384, "SIH": 389.450832853173}, "TIH": {"FOH": 96.5943}}