{"TWH": {"KWH": 127.60000000000001}, "TWO": {"FAN": 412.6406617887754, "TAP": 160.65500000000003}, "TWW": {"KSR": 712.0309122549204}}