{"WAC": {"ADM": 121.23769999999999, "CAB": 128.6738786484358}}