{"WCH": {"OCP": 120.89567489856601, "LET": 172.70000000000002}}