{"FOT": {"UNI": 186.42931690460236, "SHT": 155.96858734975226}, "FOH": {"NOP": 132.0, "TIH": 131.35848000000001}}