{"HOK": {"KOW": 177.7407692591551}, "HOM": {"YMT": 144.54, "HUH": 123.20000000000002, "TKW": 191.40000000000003, "WHA": 80.29090014115529}}