{"K75P-U020": {"K75P-U030": 93.94000000000001}, "K75P-U100": {"K75P-U110": 49.33710925110001}, "K73-U110": {"K73-U120": 208.63813190000005}, "K73-U090": {"K73-U100": 86.18615234490801}, "K73-D030": {"K73-D040": 103.51000000000002}, "K73-U070": {"K73-U080": 121.50671146063999}, "K75P-U060": {"K75P-U070": 26.190999999999995}, "K73-U040": {"K73-U060": 163.52699, "K73-U050": 75.940519061}, "K73-U030": {"K73-U040": 58.106399999999994}, "K73-U050": {"K73-U060": 81.39925233989999}, "K75A-D100": {"K75A-D110": 90.11200000000001}, "K73-U100": {"K73-U110": 210.39260000000004}, "K73-D090": {"K73-D100": 86.86355699999999}, "K73-D150": {"K73-D160": 36.34400000000001}, "K75P-D070": {"K75P-D080": 87.10613670000001}, "K75A-D080": {"K75A-D090": 51.15}, "K75A-D060": {"K75A-D070": 30.49202200000001}, "K75P-D060": {"K75P-D070": 153.32982170000005}, "K73-U010": {"K73-U020": 63.03000000000001}, "K73-D050": {"K73-D070": 81.345}, "K75P-U110": {"K75P-U120": 73.84548757300001}, "K75P-U140": {"K75P-D010": 124.36600066000001}, "K75P-D010": {"K75P-D020": 100.65694979999999}, "K75P-D080": {"K75P-U011": 108.978235685}, "K75P-D040": {"K75P-D050": 149.41542}, "K73-D130": {"K73-D140": 120.90429999999999}, "K75P-U130": {"K75P-U140": 30.824124100000013}, "K75P-D020": {"K75P-D030": 36.091908600000004}, "K75P-D030": {"K75P-D040": 98.68527845000003}, "K76-D010": {"K76-D020": 170.44801074533035}, "K76-D020": {"K76-D030": 126.74577080000002}, "K75A-D050": {"K75A-D060": 57.25500000000001}, "K76-U030": {"K76-U040": 163.09265532447293}, "K73-U060": {"K73-U070": 128.9069529494036}, "K73-D020": {"K73-D030": 70.07000000000001}, "K75A-U010": {"K75A-U020": 44.0}, "K73-U080": {"K73-U110": 151.49429490620014, "K73-U090": 285.56000000000006}, "K75A-D070": {"K75A-D080": 25.3}, "K75P-U080": {"K75P-U090": 46.28995800000001}, "K73-U020": {"K73-U030": 162.14758999999998}, "K73-D120": {"K73-D130": 101.2}, "K73-D070": {"K73-D080": 104.86300000000001}, "K75P-U090": {"K75P-U100": 43.49400000000001}, "K75P-U040": {"K75P-U050": 105.16000000000001}, "K73-D140": {"K73-D150": 175.78000000000003}, "K73-D040": {"K73-D050": 77.52162000000001}, "K75P-D050": {"K75P-D060": 79.18592}, "K73-D110": {"K73-D120": 62.26000000000001}, "K73-D100": {"K73-D110": 174.35}, "K73-D010": {"K73-D020": 75.0552}, "K75A-D010": {"K75A-D020": 152.9}, "K75A-D030": {"K75A-D040": 51.315}, "K75A-D020": {"K75A-D030": 29.975000000000005}, "K75P-U030": {"K75P-U040": 107.03}, "K75P-U120": {"K75P-U130": 60.08200000000001}, "K75A-U030": {"K75A-D010": 184.8}, "K75P-U070": {"K75P-U080": 82.55500000000002}, "K75A-D110": {"K75A-U011": 132.0}, "K73-D080": {"K73-D090": 279.40000000000003}, "K75A-D090": {"K75A-D100": 27.500000000000004}, "K74-D020": {"K74-D030": 145.02339764528094}}