{"K75P-U020": {"K75P-U030": 93.94000000000001}, "K75P-U100": {"K75P-U110": 51.17315264405191}, "K73-U110": {"K73-U120": 199.49331833959}, "K73-U090": {"K73-U100": 85.7937833993755}, "K73-D030": {"K73-D040": 103.27900000000002}, "K73-U070": {"K73-U080": 130.39218399373675}, "K75P-U060": {"K75P-U070": 26.357638999999995}, "K73-U040": {"K73-U060": 163.50986190000003, "K73-U050": 78.4603245559221}, "K73-U030": {"K73-U040": 64.45903904000001}, "K73-U050": {"K73-U060": 80.03539439531899}, "K75A-D100": {"K75A-D110": 90.11200000000001}, "K73-U100": {"K73-U110": 207.28334000000004}, "K73-D090": {"K73-D100": 86.02348117}, "K73-D150": {"K73-D160": 37.21960000000001}, "K75P-D070": {"K75P-D080": 87.10613670000001}, "K75A-D080": {"K75A-D090": 51.15}, "K75A-D060": {"K75A-D070": 30.49202200000001}, "K75P-D060": {"K75P-D070": 153.10423601737006}, "K73-U010": {"K73-U020": 62.33700000000001}, "K73-D050": {"K73-D070": 81.345}, "K75P-U110": {"K75P-U120": 70.68113439664529}, "K75P-U140": {"K75P-D010": 124.16771448114002}, "K75P-D010": {"K75P-D020": 91.1582164042}, "K75P-D080": {"K75P-U011": 106.16774038963565}, "K75P-D040": {"K75P-D050": 146.38764118}, "K73-D130": {"K73-D140": 121.13387}, "K75P-U130": {"K75P-U140": 28.35028646890001}, "K75P-D020": {"K75P-D030": 34.427901369400004}, "K75P-D030": {"K75P-D040": 98.82675060500003}, "K76-D010": {"K76-D020": 170.42995478689812}, "K76-D020": {"K76-D030": 126.74577080000002}, "K75A-D050": {"K75A-D060": 57.25500000000001}, "K76-U030": {"K76-U040": 163.09601280473115}, "K73-U060": {"K73-U070": 131.29883164709332}, "K73-D020": {"K73-D030": 71.72770000000001}, "K75A-U010": {"K75A-U020": 41.745}, "K73-U080": {"K73-U110": 151.49555883732006, "K73-U090": 279.3344400000001}, "K75A-D070": {"K75A-D080": 24.53}, "K75P-U080": {"K75P-U090": 45.00524144380002}, "K73-U020": {"K73-U030": 162.14758999999998}, "K73-D120": {"K73-D130": 101.20000000000002}, "K73-D070": {"K73-D080": 109.79673430000003}, "K75P-U090": {"K75P-U100": 42.054313400000005}, "K75P-U040": {"K75P-U050": 105.49659999999999}, "K73-D140": {"K73-D150": 179.3418}, "K73-D040": {"K73-D050": 77.48072488200002}, "K75P-D050": {"K75P-D060": 79.51732799999999}, "K73-D110": {"K73-D120": 62.26000000000001}, "K73-D100": {"K73-D110": 172.5985415}, "K73-D010": {"K73-D020": 75.0552}, "K75A-D010": {"K75A-D020": 152.90000000000003}, "K75A-D030": {"K75A-D040": 51.315}, "K75A-D020": {"K75A-D030": 29.975000000000005}, "K75P-U030": {"K75P-U040": 107.327}, "K75P-U120": {"K75P-U130": 59.53442000000001}, "K75A-U030": {"K75A-D010": 187.22}, "K75P-U070": {"K75P-U080": 83.31950000000003}, "K75A-D110": {"K75A-U011": 132.0}, "K73-D080": {"K73-D090": 281.149}, "K75A-D090": {"K75A-D100": 28.05}, "K74-D020": {"K74-D030": 145.02339764528094}, "K76-D030": {"K76-D040": 75.9}}