{"KF5": {"KF1": 767.8871325713043}, "KF3": {"KF1": 686.7713631545215}, "KF1": {"KF3": 686.7714567416589, "KF5": 767.8871254188929}, "KF4": {"KF2": 1022.6258633623944, "KF6": 250.95795422204887}, "KF2": {"KF4": 1022.6259924303929}, "KF6": {"KF4": 250.95782166571075}}