{"KOT": {"MKK": 137.99808715560704, "LOF": 142.69200000000004, "TAW": 320.6243050821675, "SKM": 132.0}, "KOW": {"HOK": 177.73115273204988, "TSY": 661.6643116491516, "OLY": 121.80668201614313}, "KOB": {"CHH": 198.00000000000003, "NTK": 132.0}}