{"NAC": {"LAK": 297.32163953670454, "OLY": 113.45400000000002, "MEF": 173.1817704944895}}