{"OCP": {"WCH": 132.44549999999998, "ADM": 287.6797689357697}}