{"QUB": {"YAT": 249.6535301223857, "NOP": 129.52928683287774, "TAK": 132.0}}