{"SSP": {"CSW": 119.03682770459488, "PRE": 111.32994563266402}}