{"SYP": {"SHW": 154.623648947746, "HKU": 114.990714288197}}