{"TIK": {"YAT": 141.4205937615855, "TKO": 14280.4469313}, "TIH": {"FOH": 132.0}, "TIS": {"LOP": 173.90155338871207, "SIH": 389.45901890279873}}