{"TWO": {"FAN": 412.6406617887754, "TAP": 138.00599999999997}, "TWH": {"KWH": 138.6}}