{"TWO": {"FAN": 412.63814685956714, "TAP": 135.54485999999997}, "TWH": {"KWH": 136.8114}, "TWW": {"KSR": 712.0168259252407, "MEF": 351.8880006414452}}