{"YMT": {"MOK": 115.85393143203001, "HOM": 198.00000000000003}}