{"CHW": {"HFC": 176.58}, "CHH": {"KOB": 128.63900000000004, "DIH": 136.40000000000003}}