{"FOH": {"NOP": 147.52569149999994, "TIH": 119.13813999999995}, "FOT": {"SHT": 155.9735576883733, "UNI": 186.42286683380604}}