{"KF2": {"KF4": 1022.6260781230852}, "KF5": {"KF1": 767.8871474100025}, "KF3": {"KF1": 686.7721063382787}, "KF6": {"KF4": 250.95802611501375}, "KF4": {"KF2": 1022.6260676662718, "KF6": 250.95779580507156}, "KF1": {"KF3": 686.772034708177, "KF5": 767.8871492124821}}