{"KOT": {"SKM": 143.0, "MKK": 137.9909267884821, "LOF": 104.50000000000003, "TAW": 320.63346078934666}, "KOW": {"HOK": 177.72150059192217, "TSY": 661.6695615099304, "OLY": 121.82868609035285}, "KOB": {"NTK": 132.66}}