{"KOT": {"SKM": 143.0, "MKK": 138.0008851872174, "LOF": 104.50000000000003, "TAW": 320.61145595731}, "KOW": {"HOK": 177.73959578424873, "TSY": 661.65190627426, "OLY": 121.78949084458546}, "KOB": {"NTK": 132.66}}