{"KOT": {"SKM": 143.0, "MKK": 138.00840312125177, "LOF": 104.50000000000003, "TAW": 320.5996794223821}, "KOW": {"HOK": 177.74210021785422, "TSY": 661.6501894157475, "OLY": 121.76477005278066}, "KOB": {"NTK": 132.66}}