{"LR425": {"LR380": 122.95275789975616}, "LR380": {"LR425": 122.94404259435994}, "LR500": {"LR455": 120.0}, "LR250": {"LR240": 120.0}, "LR001": {"LR010": 120.0, "LR240": 120.0}, "LR040": {"LR030": 120.0, "LR050": 120.0}, "LR400": {"LR390": 120.0}, "LR330": {"LR340": 120.0}, "LR300": {"LR280": 120.0}, "LR120": {"LR130": 120.0}, "LR050": {"LR200": 120.0}, "LR360": {"LR350": 120.0}, "LR170": {"LR212": 120.0, "LR160": 120.0, "LR200": 120.0}, "LR230": {"LR080": 120.0}, "LR450": {"LR435": 120.0}, "LR015": {"LR020": 120.0, "LR010": 120.0}, "LR020": {"LR030": 120.0, "LR015": 120.0}, "LR265": {"LR260": 120.0}, "LR180": {"LR170": 120.0}, "LR010": {"LR015": 120.0}, "LR140": {"LR150": 120.0}, "LR280": {"LR295": 120.0}, "LR240": {"LR250": 120.0}, "LR075": {"LR070": 120.0}, "LR070": {"LR295": 120.0}, "LR080": {"LR230": 120.0}, "LR390": {"LR380": 120.0}, "LR130": {"LR120": 120.0}}