{"OCP": {"ADM": 287.64545893710743, "WCH": 114.92845390570965}}