{"TSY": {"SUN": 690.6355419441308, "AIR": 1467.438586142023, "KOW": 661.6695615099304, "LAK": 180.92058554930682}, "TSH": {"HEO": 126.50000000000003, "SHM": 216.41829374487838}, "TST": {"JOR": 133.10000000000002}}