{"UNI": {"FOT": 186.4149037834402, "TAP": 430.12470352653116}}