{"AIR": {"TSY": 1467.4399331168115, "AWE": 117.31623475228464}}