{"EXC": {"HUH": 199.68398205118183, "ADM": 57.32084305477987}}