{"HAH": {"TKO": 126.06000000000002, "POA": 105.13250710504767}}