{"HAH": {"TKO": 126.06000000000002, "POA": 102.47679075658121}}