{"HUH": {"EXC": 199.66551209595985, "MKK": 188.35502317561225, "HOM": 135.32200000000003, "ETS": 198.00000000000003}}