{"K12-D030": {"K12-D040": 14.267075949712298}, "K17-D010": {"K17-D020": 191.46023979676002}, "K17-D020": {"K17-D030": 41.15196889572987}, "K18-D020": {"K18-D030": 60.704263046004904}, "K18-U020": {"K18-U030": 59.528316964334046}, "K18-D010": {"K18-D020": 231.75194442497622}, "K17-U020": {"K17-U030": 146.66630500726706}, "K12-D020": {"K12-D030": 318.24304825662585}, "K17-U030": {"K17-U040": 27.9590296502}, "K12-D010": {"K12-D020": 162.04082389}, "K12-U010": {"K12-U020": 230.8488575151649}, "K17-U010": {"K17-U020": 236.45342600000004}, "K18-U010": {"K18-U020": 204.37073855269892}, "K12-U020": {"K12-U030": 234.66649976959874}}