{"KOB": {"NTK": 132.98999999999998}, "KOT": {"MKK": 138.003473656585, "TAW": 320.61145595731, "LOF": 132.0, "SKM": 132.0}, "KOW": {"OLY": 121.78096601539512, "HOK": 177.7407692591551, "TSY": 661.6530969902259}}