{"KOB": {"NTK": 133.1}, "KOT": {"MKK": 137.99808715560704, "TAW": 320.61276485345485, "LOF": 132.0, "SKM": 132.0}, "KOW": {"OLY": 121.79870584316578, "HOK": 177.7382830655818, "TSY": 661.658528418209}}