{"LAK": {"KWF": 132.0, "MEF": 125.99409180675646, "TSY": 180.93143095731529, "NAC": 297.3151144094674}, "LAT": {"KWT": 128.139}}