{"OCP": {"WCH": 131.51886, "ADM": 287.690984593028}}