{"SHS": {"FAN": 125.72964287584118, "LMC": 525.2472017924194, "LOW": 261.7529418919195}, "SHT": {"FOT": 155.9735576883733}, "SHM": {"CIO": 132.0, "TSH": 216.41829374487838}, "SHW": {"SYP": 191.40000000000003, "CEN": 126.06000000000002}}