{"SHS": {"FAN": 125.72964287584118}, "SHT": {"FOT": 155.98726948978168}, "SHM": {"CIO": 132.0}}