{"SUN": {"DIS": 198.58233220930856, "TUC": 823.8804030491019, "TSY": 690.6302177817952}, "SUW": {"KAT": 121.86933000000002, "TKW": 132.80190000000002}}