{"TAK": {"SWH": 94.16904057000002, "QUB": 132.0}, "TAP": {"TWO": 133.21395417, "UNI": 430.12215946711484}, "TAW": {"KOT": 320.6092177449023, "CKT": 124.45026, "SHT": 77.28599999999999, "HIK": 148.246857}}