{"TKO": {"LHP": 128.59550100483844, "TIK": 118.045508631248, "HAH": 108.768}, "TKW": {"HOM": 132.99}}