{"TKO": {"LHP": 128.59098659411615, "TIK": 92.20888953030536, "HAH": 127.30934641920001}, "TKW": {"HOM": 134.16590000000002, "SUW": 139.70000000000002}}