{"TSY": {"SUN": 690.6302177817952, "AIR": 1467.4418234620243, "KOW": 661.6546210633462, "LAK": 180.9530951044739}, "TST": {"ADM": 176.36977430678184, "JOR": 132.594}, "TSH": {"SHM": 216.4154482528414, "HEO": 191.40000000000003}}