{"TSY": {"SUN": 690.6274650845919, "AIR": 1467.4431160064014, "KOW": 661.6520970458517, "LAK": 180.96315739566143}, "TST": {"ADM": 176.372471594877, "JOR": 119.893026}, "TSH": {"SHM": 216.41288731000813, "HEO": 185.46000000000004}, "TSW": {"TWH": 66.0}}