{"TSY": {"SUN": 690.6274650845919, "AIR": 1467.443012674011, "KOW": 661.6530969902259, "LAK": 180.95975399170942}, "TST": {"ADM": 176.372471594877, "JOR": 132.594}, "TSH": {"SHM": 216.41288731000813, "HEO": 185.46000000000004}, "TSW": {"TWH": 66.0}}