{"AIR": {"TSY": 1467.4418234620243, "AWE": 113.01323063880463}}