{"EXC": {"HUH": 199.66551209595985, "ADM": 65.88839673077543}}