{"HFC": {"SKW": 122.74521509459532, "CHW": 137.73724054901498}}