{"KF6": {"KF4": 250.9579732580377}, "KF2": {"KF4": 1022.6260381396539}, "KF3": {"KF1": 686.7721063382787}, "KF1": {"KF3": 686.7722160801948, "KF5": 767.8871426090025}, "KF4": {"KF6": 250.95802611501375, "KF2": 1022.6260624314291}, "KF5": {"KF1": 767.8871510774998}}