{"KF6": {"KF4": 250.95405188686112}, "KF2": {"KF4": 1022.6179419175478}, "KF3": {"KF1": 686.7660638172091}, "KF1": {"KF3": 686.7646012373939, "KF5": 767.8868838034143}, "KF4": {"KF6": 250.95405188686112, "KF2": 1022.6244123687651}, "KF5": {"KF1": 767.8870583628943}}