{"KOW": {"OLY": 121.77655851014065, "TSY": 661.6546210633462, "HOK": 177.7411299489629}, "KOT": {"MKK": 138.0044119409784, "TAW": 320.60826355961274, "SKM": 143.0, "LOF": 104.50000000000003}}