{"LET": {"WCH": 146.15661342461462, "SOH": 102.87151059048358}}