{"LOF": {"WTS": 109.08204700000002, "KOT": 128.748}, "LOW": {"SHS": 261.75481672194667}, "LOP": {"YUL": 130.8, "TIS": 173.9447836932477}}