{"MOK": {"YMT": 114.40000000000002, "PRE": 82.7048456699325}, "MOS": {"HEO": 158.40000000000003, "WKS": 125.5666767948701}}