{"NAC": {"LAK": 297.31823535759713, "OLY": 198.00000000000003, "MEF": 173.16828206255974, "AUS": 223.93069956113527}}