{"NAC": {"LAK": 297.3189674318497, "OLY": 198.00000000000003, "MEF": 173.16828206255974, "AUS": 223.92850142135927}}