{"NOP": {"QUB": 98.20873502564892, "FOH": 99.54382055000002}}