{"TAK": {"QUB": 117.7, "SWH": 107.80000000000001}, "TAW": {"SHT": 17.6, "CKT": 143.0, "KOT": 320.6334607893466}, "TAP": {"UNI": 430.12725955667185, "TWO": 146.3}}