{"TUC": {"SUN": 390.7773538807006}, "TUM": {"SIH": 154.45979989193663}}