{"CIO": {"SHM": 135.66888624000003, "STW": 148.78406400000003}}