{"HAH": {"TKO": 83.82481243557788, "POA": 124.94094159507688}}