{"HIK": {"DIH": 333.07646620173966, "TAW": 164.77929286808003}}