{"K18-D020": {"K18-D030": 19.377245893133086}, "K17-U030": {"K17-U040": 29.350723434742218}, "K17-U010": {"K17-U020": 202.93145488263644}, "K18-U010": {"K18-U020": 254.44073019491367}, "K17-D010": {"K17-D020": 248.11020304349978}, "K18-U020": {"K18-U030": 54.4120106317318}, "K17-D020": {"K17-D030": 16.182370905698015}, "K17-U020": {"K17-U030": 112.05874066394838}, "K18-D010": {"K18-D020": 218.81500740000007}}