{"K18-D020": {"K18-D030": 34.129810000000006}, "K17-U030": {"K17-U040": 27.500000000000007}, "K17-U010": {"K17-U020": 222.99200000000002}, "K18-U010": {"K18-U020": 267.16305000000006}, "K17-D010": {"K17-D020": 261.8}, "K18-U020": {"K18-U030": 52.800000000000004}, "K17-D020": {"K17-D030": 29.264400000000002}}