{"MOK": {"YMT": 116.89020187032732, "PRE": 104.24928062076813}, "MOS": {"HEO": 137.53927957000002, "WKS": 152.57717801659751}}