{"MOK": {"YMT": 126.81953899999999, "PRE": 137.43688200000003}, "MOS": {"HEO": 139.2237}}