{"NAC": {"LAK": 273.01728392965043, "OLY": 90.86558410775089, "AUS": 223.94196677525028, "MEF": 175.46932677766628}}