{"OLY": {"KOW": 121.82228769715432, "NAC": 121.30799999999999}}