{"PRE": {"SSP": 132.0, "MOK": 128.38254, "SKM": 126.06000000000002}}