{"SUN": {"TUC": 823.8816551506455, "DIS": 198.58233278208587, "TSY": 690.6232477756955}, "SUW": {"KAT": 132.793881, "TKW": 132.0}}