{"SWH": {"TAK": 79.13400000000001, "SKW": 128.29080957000002}}