{"TAW": {"KOT": 320.6102779507796, "CKT": 66.0, "SHT": 154.44}, "TAP": {"UNI": 430.1237770009094, "TWO": 224.13600000000002}, "TAK": {"QUB": 132.0, "SWH": 132.0}}