{"TIK": {"YAT": 141.4205937615855, "TKO": 19.800000000000004}, "TIH": {"CAB": 132.0}}