{"TSY": {"SUN": 690.6355419441308, "LAK": 180.9205855493068, "AIR": 1467.438586142023}, "TSH": {"SHM": 216.41829374487838}, "TST": {"ADM": 176.36607432311223}}