{"TWO": {"FAN": 412.63497693968077, "TAP": 207.24323400000003}, "TWH": {"KWH": 133.8363873, "TSW": 72.2911295405041}, "TWW": {"KSR": 712.0282358522812, "MEF": 351.8880006414452}}