{"TWO": {"FAN": 355.03438821313586, "TAP": 183.45532826015818}, "TWH": {"KWH": 142.42973835278943, "TSW": 69.27945905570786}, "TWW": {"KSR": 677.2191217282787, "MEF": 351.8880006414452}}