{"AIR": {"TSY": 1467.4422931230924, "AWE": 107.99434847474338}}