{"EXC": {"HUH": 199.6932283971752, "ADM": 54.97346621935113}}