{"K12-D020": {"K12-D030": 328.01479256758137}, "K18-D010": {"K18-D020": 237.0384226880949}, "K12-U010": {"K12-U020": 236.82819810465793}, "K12-U020": {"K12-U030": 224.8809246948794}, "K12-D030": {"K12-D040": 14.422299353413717}, "K18-D020": {"K18-D030": 51.73000226816985}, "K17-D020": {"K17-D030": 29.57645260287553}, "K17-D010": {"K17-D020": 274.82904046400006}, "K17-U010": {"K17-U020": 237.36820683769275}, "K17-U030": {"K17-U040": 30.28571870719416}, "K18-U020": {"K18-U030": 61.11874312672793}, "K17-U020": {"K17-U030": 147.81437993040393}, "K12-D010": {"K12-D020": 163.02968457326784}, "K18-U010": {"K18-U020": 198.64291050092484}}