{"K75A-U010": {"K75A-U020": 59.95000000000001}, "K73-U050": {"K73-U060": 111.53644141596001}, "K75A-D040": {"K75A-D050": 50.38000000000001}, "K75P-U110": {"K75P-U120": 90.13400000000001}, "K73-U020": {"K73-U030": 150.70000000000002}, "K75P-U070": {"K75P-U080": 115.17}, "K76-U010": {"K76-U020": 16.632857751429704}, "K75P-D070": {"K75P-D080": 100.518}, "K75P-D080": {"K75P-U011": 148.05439}, "K76-U020": {"K76-U030": 115.41020700000001}, "K75P-D060": {"K75P-D070": 169.906}, "K75P-U100": {"K75P-U110": 63.88084999999999}, "K75A-D110": {"K75A-U011": 142.6678}, "K76-U040": {"K76-U050": 200.55253899999997}, "K75P-U090": {"K75P-U100": 34.980000000000004}, "K73-D150": {"K73-D160": 46.2}, "K75P-D050": {"K75P-D060": 77.22}, "K73-U110": {"K73-U120": 244.12303430900002}, "K73-U090": {"K73-U100": 153.87148049900003}, "K76-D010": {"K76-D020": 170.46999712774624}, "K73-U100": {"K73-U110": 230.05620000000005}, "K73-U070": {"K73-U080": 167.73832824012004}, "K76-D030": {"K76-D040": 42.68759154}, "K75P-U120": {"K75P-U130": 61.60000000000001}, "K75A-D020": {"K75A-D030": 10.56}, "K76-D020": {"K76-D030": 130.30878328600002}, "K73-U010": {"K73-U020": 66.0}, "K75P-U140": {"K75P-D010": 118.5228}, "K73-U080": {"K73-U110": 151.48186865393546, "K73-U090": 278.3}, "K76-U030": {"K76-U040": 163.08542665805479}, "K74-U080": {"K74-U090": 220.00000000000003}, "K75P-U080": {"K75P-U090": 40.07299999999999}, "K73-U040": {"K73-U050": 115.02920000000002, "K73-U060": 199.32000000000002}, "K75A-D010": {"K75A-D020": 210.51800000000003}, "K73-D070": {"K73-D080": 134.64000000000001}, "K75A-D070": {"K75A-D080": 56.85639300000001}, "K73-D120": {"K73-D130": 113.30000000000001}, "K75P-U130": {"K75P-U140": 38.97520000000001}, "K75A-D090": {"K75A-D100": 56.1}, "K74-D070": {"K74-D080": 269.5}, "K73-D130": {"K73-D140": 146.2615}, "K74-U020": {"K74-U030": 91.08000000000001}, "K74-D020": {"K74-D030": 145.03112256127426}, "K73-D040": {"K73-D050": 68.14500000000001}, "K75P-D040": {"K75P-D050": 163.24}, "K73-U060": {"K73-U070": 138.61203136}, "K73-D030": {"K73-D040": 120.01000000000002}, "K75A-D030": {"K75A-D040": 50.60000000000001}, "K75A-D050": {"K75A-D060": 73.33700000000002}, "K73-D100": {"K73-D110": 189.46509999999998}, "K75P-D020": {"K75P-D030": 34.1}, "K74-U040": {"K74-U050": 178.2}, "K75P-D010": {"K75P-D020": 145.85452640000005}, "K73-U030": {"K73-U040": 96.03}, "K75A-D060": {"K75A-D070": 39.6}, "K74-U007": {"K74-U010": 249.70000000000002}, "K74-D050": {"K74-D060": 89.32000000000001}, "K75A-D100": {"K75A-D110": 94.60000000000001}, "K74-U001": {"K74-U004": 133.10000000000002}, "K74-U030": {"K74-U040": 290.40000000000003}, "K73-D110": {"K73-D120": 88.05170000000001}, "K73-D010": {"K73-D020": 77.0}, "K73-D080": {"K73-D090": 275.0}, "K75P-U020": {"K75P-U030": 99.11000000000001}, "K75P-U060": {"K75P-U070": 26.400000000000002}, "K73-D050": {"K73-D070": 101.2}, "K74-U011": {"K74-D100": 173.8}, "K75A-D080": {"K75A-D090": 148.5}, "K73-D090": {"K73-D100": 82.5}, "K74-U060": {"K74-U070": 117.7}, "K75P-U030": {"K75P-U040": 93.50000000000001}, "K74-U100": {"K74-D010": 133.10000000000002}, "K74-U010": {"K74-U020": 181.50000000000003}, "K74-D090": {"K74-U011": 16.5}, "K74-U090": {"K74-U100": 201.3}, "K74-D080": {"K74-D090": 167.20000000000002}}