{"MKK": {"HUH": 188.34839797738405, "KOT": 138.00517195133708}}