{"OLY": {"NAC": 126.06000000000002, "KOW": 121.79530547468596}}