{"QUB": {"YAT": 249.6428362666016, "TAK": 131.54532269999999, "NOP": 102.34537409474105}}