{"TAW": {"SHT": 100.1193701706, "KOT": 320.61145595731, "HIK": 151.668, "CKT": 205.70000000000002}, "TAP": {"TWO": 98.37188459999999, "UNI": 430.1198270758903}, "TAK": {"QUB": 132.0, "SWH": 132.339471}}