{"TAW": {"SHT": 49.43994, "KOT": 320.6243050821675, "HIK": 151.668}, "TAP": {"TWO": 66.0, "UNI": 430.11982707589027}, "TAK": {"QUB": 132.0, "SWH": 132.41910000000001}}