{"TAW": {"SHT": 49.43994, "KOT": 320.6218421631514, "HIK": 151.668}, "TAP": {"TWO": 72.6, "UNI": 430.11982707589027}, "TAK": {"QUB": 132.0, "SWH": 132.41910000000001}}