{"TIK": {"TKO": 92.34492803442194, "YAT": 141.4216258306729}, "TIH": {"CAB": 132.693, "FOH": 66.66}, "TIS": {"LOP": 173.91925663072246, "SIH": 389.4308670781357}}