{"TIK": {"TKO": 109.99907081651986, "YAT": 141.42117316156995}, "TIH": {"CAB": 132.0, "FOH": 59.400000000000006}, "TIS": {"LOP": 173.91326880124123, "SIH": 389.4508328531729}}