{"CSW": {"LCK": 126.28626558620002, "SSP": 115.50314478828402}}