{"KAT": {"SUW": 125.84796641400001, "DIH": 145.53715598606}}