{"LAK": {"KWF": 140.8, "NAC": 297.3250597337123, "TSY": 180.92629365878497, "MEF": 125.99409180675647}, "LAT": {"YAT": 132.0}}