{"LAK": {"KWF": 146.52, "NAC": 297.3198712272233, "TSY": 180.9473314099965, "MEF": 126.00069475086632}, "LAT": {"YAT": 132.0, "KWT": 198.00000000000003}}