{"NTK": {"KWT": 89.38356249747517, "KOB": 112.0115451}}