{"OLY": {"NAC": 116.39984809200003, "KOW": 121.81134644478485}}