{"UNI": {"FOT": 186.41051363885384, "TAP": 371.2970764206619}}