{"WCH": {"LET": 172.269295853094, "OCP": 122.24939123269462}}