{"YAT": {"LAT": 198.00000000000003, "QUB": 249.66522649801655, "TIK": 141.42091387207415}}