{"YUL": {"KSR": 252.12613249616817, "LOP": 127.81646669999998}}