{"HOK": {"KOW": 182.3580627553574}, "HOM": {"HUH": 125.64960281399999, "YMT": 154.9305016878, "TKW": 144.82977579755396, "WHA": 79.12459041743534}}