{"K51-U030": {"K51-U040": 73.7}, "K51A-D050": {"K51A-D060": 88.0}, "K53-D100": {"K53-D110": 60.50000000000001}, "K51A-U040": {"K51A-U050": 143.95700000000002}, "K54-D050": {"K54-D060": 55.00000000000001}, "K51-U230": {"K51-U240": 52.14}, "K51A-U050": {"K51A-U060": 262.90000000000003}, "K51A-D070": {"K51A-D080": 83.60000000000001}, "K52A-U120": {"K52A-U130": 69.30000000000001}, "K52-nU290": {"K52-nU300": 14.3}, "K52-nU060": {"K52-nU070": 192.50000000000003}, "K51-D280": {"K51-D290": 72.49000000000001}, "K51A-D120": {"K51A-D140": 102.30000000000001}, "K51A-D170": {"K51A-D180": 150.70000000000002}, "K53-U010": {"K53-U020": 268.03700000000003}, "K53-U090": {"K53-U100": 107.91000000000001}, "K52-nU160": {"K52-nU170": 45.1}, "K54-D030": {"K54-D040": 58.300000000000004}, "K52A-D170": {"K52A-D180": 95.37}, "K51-D080": {"K51-D090": 115.50000000000001}, "K51A-D190": {"K51A-D200": 205.70000000000002}, "K54-D020": {"K54-D030": 132.83763902433583}, "K53-U120": {"K53-U130": 74.69000000000001}, "K52A-D050": {"K52A-D060": 21.229999999999997}, "K52A-U130": {"K52A-U140": 46.53}, "K52-nD140": {"K52-nD150": 99.00000000000001}, "K53-D020": {"K53-D030": 101.2}, "K51-U170": {"K51-U180": 82.5}, "K54-D010": {"K54-D020": 128.70000000000002}, "K52-nD200": {"K52-nD210": 136.4}, "K53-D080": {"K53-D090": 55.00000000000001}, "K51A-D230": {"K51A-D240": 161.70000000000002}, "K51-U080": {"K51-U090": 171.60000000000002}, "K51-U010": {"K51-U020": 31.900000000000002}, "K51-U090": {"K51-U100": 134.20000000000002}, "K51A-D250": {"K51A-D260": 83.60000000000001}, "K51-D090": {"K51-D100": 110.00000000000001}, "K51-D130": {"K51-D140": 51.7}, "K52-nU250": {"K52-nU260": 52.800000000000004}, "K51-U040": {"K51-U050": 115.50000000000001}, "K51-U200": {"K51-U210": 79.2}, "K53-U080": {"K53-U090": 81.4}, "K52A-D060": {"K52A-D070": 129.3476831685983}, "K51-D220": {"K51-D230": 266.20000000000005}, "K54-U040": {"K54-U050": 133.10000000000002}, "K52A-U015": {"K52A-U020": 134.20000000000002}, "K52-nD220": {"K52-nD230": 135.3}, "K53-D150": {"K53-D160": 160.60000000000002}, "K51-D020": {"K51-D030": 68.2}, "K52A-U170": {"K52A-U180": 275.3750320785301}, "K51A-D030": {"K51A-D040": 37.400000000000006}, "K53-U100": {"K53-U110": 81.4}, "K51A-U200": {"K51A-U210": 46.2}, "K51A-U120": {"K51A-U130": 129.8}, "K52A-U010": {"K52A-U015": 222.20000000000002}, "K51A-U180": {"K51A-U190": 83.60000000000001}, "K51-D110": {"K51-D120": 89.10000000000001}, "K52-nD280": {"K52-nD290": 81.4}, "K53-U050": {"K53-U060": 168.3}, "K53-U020": {"K53-U030": 155.10000000000002}, "K53-U030": {"K53-U040": 210.10000000000002}, "K51A-D110": {"K51A-D120": 45.1}, "K53-D140": {"K53-D150": 192.50000000000003}, "K52A-U140": {"K52A-U150": 160.36747851973982}, "K52A-U030": {"K52A-U040": 37.400000000000006}, "K51A-U060": {"K51A-U070": 290.40000000000003}}