{"K51-U030": {"K51-U040": 73.59}, "K51A-D050": {"K51A-D060": 84.47999999999999}, "K53-D100": {"K53-D110": 69.5266}, "K51A-U040": {"K51A-U050": 139.83024770000003}, "K54-D050": {"K54-D060": 67.04599}, "K51-U230": {"K51-U240": 52.10039999999999}, "K51A-U050": {"K51A-U060": 262.90000000000003}, "K51A-D070": {"K51A-D080": 83.38000000000001}, "K52A-U120": {"K52A-U130": 69.30000000000001}, "K52-nU290": {"K52-nU300": 15.840000000000003}, "K52-nU060": {"K52-nU070": 192.50000000000003}, "K51-D280": {"K51-D290": 72.49000000000001}, "K51A-D120": {"K51A-D140": 107.91000000000001}, "K51A-D170": {"K51A-D180": 152.02000000000004}, "K53-U010": {"K53-U020": 268.4913957000001}, "K53-U090": {"K53-U100": 112.46279}, "K52-nU160": {"K52-nU170": 45.870000000000005}, "K54-D030": {"K54-D040": 58.300000000000004}, "K52A-D170": {"K52A-D180": 93.76070000000001}, "K51-D080": {"K51-D090": 113.41000000000001}, "K51A-D190": {"K51A-D200": 204.10500000000002}, "K54-D020": {"K54-D030": 132.83968462117588}, "K53-U120": {"K53-U130": 74.2389131}, "K52A-D050": {"K52A-D060": 24.022569999999998}, "K52A-U130": {"K52A-U140": 49.577}, "K52-nD140": {"K52-nD150": 102.08000000000001}, "K53-D020": {"K53-D030": 100.76000000000002}, "K51-U170": {"K51-U180": 82.96530000000001}, "K54-D010": {"K54-D020": 128.42940000000002}, "K52-nD200": {"K52-nD210": 136.4}, "K53-D080": {"K53-D090": 55.00000000000001}, "K51A-D230": {"K51A-D240": 160.27000000000004}, "K51-U080": {"K51-U090": 171.60000000000002}, "K51-U010": {"K51-U020": 33.11}, "K51-U090": {"K51-U100": 137.39000000000001}, "K51A-D250": {"K51A-D260": 83.60000000000001}, "K51-D090": {"K51-D100": 110.00000000000001}, "K51-D130": {"K51-D140": 51.7}, "K52-nU250": {"K52-nU260": 52.8}, "K51-U040": {"K51-U050": 117.10600000000002}, "K51-U200": {"K51-U210": 79.2}, "K53-U080": {"K53-U090": 82.15637100000001}, "K52A-D060": {"K52A-D070": 129.34768316859828}, "K51-D220": {"K51-D230": 266.42}, "K54-U040": {"K54-U050": 147.05900000000003}, "K52A-U015": {"K52A-U020": 134.42000000000002}, "K52-nD220": {"K52-nD230": 135.3}, "K53-D150": {"K53-D160": 152.92200000000003}, "K51-D020": {"K51-D030": 66.77000000000001}, "K52A-U170": {"K52A-U180": 275.3750320785301}, "K51A-D030": {"K51A-D040": 37.18}, "K53-U100": {"K53-U110": 81.9410955}, "K51A-U200": {"K51A-U210": 46.2}, "K51A-U120": {"K51A-U130": 136.411}, "K52A-U010": {"K52A-U015": 224.84}, "K51A-U180": {"K51A-U190": 88.319}, "K51-D110": {"K51-D120": 89.10000000000001}, "K52-nD280": {"K52-nD290": 80.96000000000001}, "K53-U050": {"K53-U060": 168.3}, "K53-U020": {"K53-U030": 149.26007855000003}, "K53-U030": {"K53-U040": 207.00671728000003}, "K51A-D110": {"K51A-D120": 46.64}, "K53-D140": {"K53-D150": 194.69098000000002}, "K52A-U140": {"K52A-U150": 160.36558789242366}, "K52A-U030": {"K52A-U040": 41.31600000000001}, "K51A-U060": {"K51A-U070": 297.25872}, "K52A-U160": {"K52A-U170": 24.200000000000003}, "K52A-U060": {"K52A-U070": 153.89000000000001}, "K51-U140": {"K51-U150": 56.540000000000006}, "K51A-U080": {"K51A-U090": 194.70000000000002}, "K53-D090": {"K53-D100": 57.53000000000001}, "K52-nU120": {"K52-nU140": 120.89000000000003}, "K52-nD210": {"K52-nD220": 210.43}, "K53-U110": {"K53-U120": 96.28190000000002}, "K52-nD070": {"K52-nD080": 117.85729999999998}, "K51-D030": {"K51-D040": 38.6903}, "K52-nD250": {"K52-nD260": 185.57000000000002}, "K52-nU230": {"K52-nU240": 94.60000000000001}, "K53-D130": {"K53-D140": 131.02562000000003}, "K52A-U150": {"K52A-U160": 32.868}, "K52-nD040": {"K52-nD050": 28.6}, "K52-nU260": {"K52-nU270": 46.09}, "K52A-D080": {"K52A-D090": 72.9553}, "K51A-U130": {"K51A-U140": 84.81}, "K54-U060": {"K54-U070": 216.19400000000002}, "K53-U040": {"K53-U050": 136.73}, "K52-nU020": {"K52-nU030": 99.00000000000001}, "K52A-D040": {"K52A-D050": 18.48}, "K52-nU110": {"K52-nU120": 152.9}, "K52A-D010": {"K52A-D020": 277.21738808608217}, "K51A-U190": {"K51A-U200": 59.92800000000001}, "K51-D240": {"K51-D250": 113.90500000000002}, "K52-nU200": {"K52-nU210": 82.5}, "K51A-D040": {"K51A-D050": 87.89}, "K53-U060": {"K53-U070": 82.6008755}, "K52A-U020": {"K52A-U030": 108.35}, "K53-D120": {"K53-D130": 88.84458}, "K51-U020": {"K51-U030": 94.60000000000001}, "K51A-D210": {"K51A-D220": 78.10000000000001}, "K51A-U100": {"K51A-U110": 201.53672}, "K53-D050": {"K53-D060": 91.21200000000002}, "K52-nU270": {"K52-nU280": 160.3664834527313}, "K51A-U090": {"K51A-U100": 130.79000000000002}, "K51-D200": {"K51-D210": 129.8}, "K52A-U100": {"K52A-U110": 83.60000000000001}, "K51-U110": {"K51-U120": 89.10000000000001}, "K52-nU170": {"K52-nU180": 130.87800000000001}, "K52A-D140": {"K52A-D150": 119.68000000000002}, "K51-D190": {"K51-D200": 151.25000000000003}, "K51-U160": {"K51-U170": 109.25200000000002}, "K51-D260": {"K51-D270": 54.75272}, "K52-nD030": {"K52-nD040": 39.05}, "K51-D180": {"K51-D190": 200.20000000000002}, "K52A-D030": {"K52A-D040": 18.1049}, "K51A-U230": {"K51A-U240": 22.583000000000006}, "K53-D070": {"K53-D080": 70.64200000000001}, "K53-U070": {"K53-U080": 60.0138}, "K52A-U110": {"K52A-U120": 49.94000000000001}, "K51A-D100": {"K51A-D110": 66.858}, "K52-nD160": {"K52-nD170": 160.60880000000003}, "K51A-D020": {"K51A-D030": 87.31800000000001}, "K52-nU150": {"K52-nU160": 94.20400000000002}, "K51A-D150": {"K51A-D160": 123.42000000000003}, "K51A-U160": {"K51A-U170": 113.74000000000001}, "K53-D110": {"K53-D120": 163.9}, "K51A-U110": {"K51A-U120": 146.52}, "K51A-D260": {"K51A-D270": 57.750000000000014}, "K51-U220": {"K51-U230": 68.20000000000002}, "K51-U120": {"K51-U130": 174.9}, "K51-D140": {"K51-D150": 95.92}, "K53-U140": {"K53-D010": 81.9467}, "K51A-D180": {"K51A-D190": 134.20000000000002}, "K52A-D180": {"K52A-D190": 118.173}, "K51A-D010": {"K51A-D020": 61.05000000000001}, "K52-nU240": {"K52-nU250": 57.2}, "K51A-U220": {"K51A-U230": 79.2}, "K52-nU090": {"K52-nU100": 143.66000000000003}, "K52-nD080": {"K52-nD090": 64.537}, "K51-D100": {"K51-D110": 134.20000000000002}, "K51-U070": {"K51-U080": 174.9}, "K52-nD290": {"K52-nD300": 110.88000000000002}, "K51A-D140": {"K51A-D150": 68.2}, "K51-D250": {"K51-D260": 158.4}, "K52-nD060": {"K52-nD070": 129.3476831685983}, "K51-U100": {"K51-U110": 209.33}, "K52-nU080": {"K52-nU090": 71.5}, "K51-U130": {"K51-U140": 74.80000000000001}, "K51A-U150": {"K51A-U160": 115.522}, "K51-D010": {"K51-D020": 59.400000000000006}, "K51-D270": {"K51-D280": 96.14000000000001}, "K52A-D160": {"K52A-D170": 131.83390000000003}, "K52-nU210": {"K52-nU220": 81.81800000000001}, "K52A-D130": {"K52A-D140": 74.69000000000001}, "K54-U070": {"K54-D010": 154.0}, "K51A-U140": {"K51A-U150": 46.2}, "K51-D170": {"K51-D180": 127.60000000000001}, "K52A-D100": {"K52A-D110": 61.60000000000001}, "K51A-D060": {"K51A-D070": 84.7}, "K51-D050": {"K51-D060": 75.88900000000001}, "K51A-D200": {"K51A-D210": 277.20000000000005}, "K51A-D220": {"K51A-D230": 138.60000000000002}, "K52-nD260": {"K52-nD270": 86.9}, "K54-U020": {"K54-U030": 199.59500000000003}, "K51-D210": {"K51-D220": 207.9}, "K51A-D160": {"K51A-D170": 191.4}, "K52-nD190": {"K52-nD200": 189.20000000000002}, "K52A-D150": {"K52A-D160": 122.54}, "K52-nD150": {"K52-nD160": 101.2}, "K52A-D020": {"K52A-D030": 14.3}, "K51-U240": {"K51-U250": 115.50000000000001}, "K51A-D090": {"K51A-D100": 73.436}, "K52A-D090": {"K52A-D100": 79.2}, "K52A-D070": {"K52A-D080": 115.50000000000001}, "K51-U050": {"K51-U060": 245.3}, "K52-nU280": {"K52-nU290": 38.5}, "K52-nD020": {"K52-nD030": 22.0}, "K52-nD120": {"K52-nD130": 40.7}, "K52A-U040": {"K52A-U050": 161.15000000000003}, "K52-nU300": {"K52-nU310": 42.900000000000006}, "K51A-U010": {"K51A-U020": 60.39000000000001}, "K51A-U210": {"K51A-U220": 72.60000000000001}, "K53-U130": {"K53-U140": 67.10000000000001}, "K51A-U030": {"K51A-U040": 71.5}, "K54-D060": {"K54-D070": 144.10000000000002}, "K53-D160": {"K53-D170": 181.50000000000003}, "K52A-U070": {"K52A-U080": 80.30000000000001}, "K51A-D080": {"K51A-D090": 154.0}, "K53-D010": {"K53-D015": 97.9}, "K52-nD240": {"K52-nD250": 148.5}, "K51A-U240": {"K51A-U250": 72.60000000000001}, "K51-D040": {"K51-D050": 50.6},