{"KOW": {"HOK": 177.7398462276094, "TSY": 661.6520970458517, "OLY": 121.78701197596368}, "KOT": {"MKK": 138.0044119409784, "TAW": 320.61145595731, "SKM": 132.0, "LOF": 132.0}, "KOB": {"NTK": 134.0801}}