{"KOW": {"HOK": 177.74210020094668, "TSY": 606.4229896612126, "OLY": 121.37389652434176}, "KOT": {"MKK": 153.25187721027228, "TAW": 219.22088567905985, "SKM": 128.6358556935, "LOF": 128.25031560000002}, "KOB": {"NTK": 112.25542049722678, "CHH": 144.52266875540002}}