{"KSR": {"TWW": 655.9972095554508, "YUL": 249.82399970167475}}