{"KWF": {"LAK": 132.0, "KWH": 132.0}, "KWH": {"TWH": 138.60000000000002, "KWF": 132.0}, "KWT": {"NTK": 121.00000000000001}}