{"NAC": {"OLY": 121.89248940000002, "AUS": 223.93750302355602, "MEF": 173.1633926922895, "LAK": 297.31823535759713}}