{"SHM": {"TSH": 216.41829374487838, "CIO": 136.4}, "SHT": {"TAW": 138.6, "FOT": 155.9735576883733}, "SHW": {"SYP": 139.37, "CEN": 132.0}, "SHS": {"LMC": 525.2472017924194, "LOW": 261.7531409501032, "FAN": 125.73522583012075}}