{"SKM": {"PRE": 93.6034872456552, "KOT": 155.79182095200002}, "SKW": {"HFC": 129.59901451752197, "SWH": 106.01908085153582}}