{"TAP": {"TWO": 149.42777182740005, "UNI": 430.1210666042151}, "TAW": {"KOT": 320.61421918250466, "SHT": 122.89569897000001, "CKT": 125.4, "HIK": 138.6}, "TAK": {"SWH": 122.1077, "QUB": 131.975943}}