{"TKO": {"TIK": 95.4990204531077, "LHP": 128.59041217081915, "HAH": 114.07000000000001}, "TKW": {"HOM": 127.16000000000001, "SUW": 132.0}}