{"TUM": {"SIH": 154.44171864085644}, "TUC": {"SUN": 823.8821889413035}}