{"FOT": {"SHT": 148.10497565702923, "UNI": 206.20103970448963}, "FOH": {"TIH": 112.08135979309472, "NOP": 132.16828861300002}}