{"HAH": {"TKO": 120.57317325390154, "POA": 123.64491575851437}}