{"HOK": {"KOW": 177.73686406933186}, "HOM": {"HUH": 191.40000000000003, "TKW": 185.92200000000003, "YMT": 137.94}}