{"HUH": {"EXC": 187.1961985640336, "MKK": 186.11456244522168, "ETS": 189.62800075738815, "HOM": 126.15403088999999}}