{"K18-D020": {"K18-D030": 37.056799999999996}, "K17-U030": {"K17-U040": 37.400000000000006}, "K18-U010": {"K18-U020": 274.637}, "K18-D010": {"K18-D020": 234.51999999999998}, "K17-U010": {"K17-U020": 232.10000000000002}, "K18-U020": {"K18-U030": 70.4}, "K17-U020": {"K17-U030": 45.1}, "K17-D020": {"K17-D030": 25.3}}