{"KAT": {"SUW": 119.578339465806, "DIH": 142.75182660267615}}