{"KF3": {"KF1": 686.770714119506}, "KF1": {"KF5": 767.8871254188929, "KF3": 686.7713631545215}, "KF4": {"KF6": 250.9572303271421, "KF2": 1022.6255050352374}, "KF2": {"KF4": 1022.6253678252139}, "KF6": {"KF4": 250.95756779791265}, "KF5": {"KF1": 767.8870836874813}}