{"KF3": {"KF1": 686.7720053395416}, "KF1": {"KF5": 767.8871391880264, "KF3": 686.7721063382787}, "KF4": {"KF6": 250.95790170697524, "KF2": 1022.6259064203539}, "KF2": {"KF4": 1022.6258633623944}, "KF6": {"KF4": 250.95794308989167}, "KF5": {"KF1": 767.8871224863749}}