{"KOB": {"NTK": 133.7919, "CHH": 192.06000000000003}, "KOW": {"HOK": 177.73323275435294, "TSY": 661.6628994172299, "OLY": 121.81134644478485}, "KOT": {"TAW": 320.63008229961264, "LOF": 72.6, "SKM": 141.669, "MKK": 137.99424897781506}}