{"KWF": {"KWH": 116.79401714539138, "LAK": 157.6783601450033}, "KWH": {"KWF": 122.7134809331822, "TWH": 141.15928488346455}, "KWT": {"LAT": 128.92526246433755, "NTK": 113.37321799297733}}