{"MOK": {"PRE": 118.69000000000001, "YMT": 136.25808899999998}}