{"MOK": {"PRE": 118.69000000000001, "YMT": 136.73121}}