{"QUB": {"NOP": 130.11565278650136, "YAT": 249.66298453786126, "TAK": 132.0}}