{"SKM": {"KOT": 163.43348000400005, "PRE": 125.22973071437534}, "SKW": {"SWH": 100.47329807929518, "HFC": 165.53522737512353}}