{"STW": {"CIO": 161.9012570389158, "CKT": 133.48348408600003}}