{"SUN": {"DIS": 198.58140703850728, "TUC": 823.8769488442643, "TSY": 690.6339937724717}, "SUW": {"KAT": 132.0, "TKW": 198.00000000000003}}