{"YAT": {"TIK": 141.42138318606155, "QUB": 249.65915078599573, "LAT": 138.6}}