{"YAT": {"TIK": 141.42076224079005, "QUB": 249.66522649801655, "LAT": 132.0}}