{"1": {"2": 1408.7897999999998, "6": 58.300000000000004}}