{"DIH": {"WTS": 0.0, "HIK": 333.01866721492985, "CHH": 0.0}, "DIS": {"SUN": 198.58201070699528}}