{"DIH": {"WTS": 0.0, "HIK": 333.0324963105837, "CHH": 14.3}, "DIS": {"SUN": 198.58233278208587}}