{"FOH": {"TIH": 111.97197000000001, "NOP": 67.32000000000001}, "FOT": {"UNI": 186.4149037834402, "SHT": 155.98328234194557}}