{"HOK": {"KOW": 177.73224748063043}, "HOM": {"TKW": 124.91600000000001, "YMT": 198.00000000000003}}