{"HUH": {"MKK": 188.3393099139709, "ETS": 8.8, "EXC": 199.68004018788986, "HOM": 59.4}}