{"K54-D010": {"K54-D020": 185.486521}, "K52-nD020": {"K52-nD030": 25.240600000000004}, "K51-U230": {"K51-U240": 58.39790000000003}, "K51A-D150": {"K51A-D160": 97.18610000000001}, "K51-D130": {"K51-D140": 40.260000000000005}, "K58-D120": {"K58-D130": 129.76612000000006}, "K53-U040": {"K53-U050": 149.75759166673146}, "K52A-D060": {"K52A-D070": 129.34768316859828}, "K51-U090": {"K51-U100": 171.16}, "K51A-D240": {"K51A-D250": 59.87519999999999}, "K52A-D100": {"K52A-D110": 107.74184319800001}, "K54-D030": {"K54-D040": 108.28599207800002}, "K58-D170": {"K58-D180": 165.60500000000002}, "K52A-D010": {"K52A-D020": 277.21823933285896}, "K52A-U150": {"K52A-U160": 29.755000000000003}, "K58-D050": {"K58-D060": 187.87802000000002}, "K53-D030": {"K53-D040": 110.3608}, "K54-D060": {"K54-D070": 162.42402}, "K51A-U040": {"K51A-U050": 133.10000000000002}, "K51A-U070": {"K51A-U080": 206.06300000000002}, "K53-D140": {"K53-D150": 188.84833}, "K51-D230": {"K51-D240": 85.80000000000001}, "K51A-U020": {"K51A-U030": 93.06000000000002}, "K51-D150": {"K51-D160": 192.00403200000005}, "K58-U080": {"K58-U090": 82.54928000000001}, "K52-nU140": {"K52-nU150": 174.449}, "K58-D196": {"K58-D200": 102.28507300000003}, "K53-U020": {"K53-U030": 187.4762013069}, "K51A-D140": {"K51A-D150": 99.23100000000002}, "K51A-U170": {"K51A-U180": 88.0}, "K53-D100": {"K53-D110": 68.22354000000001}, "K52-nD100": {"K52-nD110": 74.55799999999999}, "K53-D180": {"K53-D190": 83.73529999999998}, "K58-U060": {"K58-U070": 204.16269500000004}, "K51A-D170": {"K51A-D180": 167.981}, "K53-U030": {"K53-U040": 219.60539699999998}, "K53-U130": {"K53-U140": 69.28909493000002}, "K51A-U030": {"K51A-U040": 84.00150000000002}, "K53-U100": {"K53-U110": 76.471691428}, "K58-U140": {"K58-U150": 182.71}, "K58-D130": {"K58-D140": 98.59190000000002}, "K52-nD150": {"K52-nD160": 101.70600000000002}, "K52A-D140": {"K52A-D150": 135.5772}, "K51-U140": {"K51-U150": 52.998000000000005}, "K53-D010": {"K53-D015": 108.1421}, "K58-U090": {"K58-U100": 177.13299999999998}, "K53-U110": {"K53-U120": 110.4270002}, "K52-nU190": {"K52-nU200": 141.29500000000002}, "K53-U120": {"K53-U130": 77.18539504973003}, "K58-U130": {"K58-U140": 98.516}, "K54-U030": {"K54-U040": 143.451}, "K51-D280": {"K51-D290": 71.5}, "K53-U010": {"K53-U020": 282.46343581516845}, "K58-U150": {"K58-U160": 175.31689999999998}, "K58-U070": {"K58-U080": 123.50800000000004}, "K53-D020": {"K53-D030": 102.12166800000001}, "K51A-D180": {"K51A-D190": 124.25490000000002}, "K51-D200": {"K51-D210": 135.74}, "K53-U080": {"K53-U090": 84.02634633415}, "K51A-U010": {"K51A-U020": 43.39500000000001}, "K52-nU100": {"K52-nU110": 188.23200000000003}, "K51A-U050": {"K51A-U060": 282.81000000000006}, "K53-U050": {"K53-U060": 155.96379103139998}, "K52-nD080": {"K52-nD090": 95.74180000000001}, "K53-D080": {"K53-D090": 54.485200000000006}, "K53-D170": {"K53-D180": 330.0}, "K51-D070": {"K51-D080": 67.98}, "K52-nD140": {"K52-nD150": 114.4}, "K51-U190": {"K51-U200": 85.47}, "K53-D190": {"K53-U011": 482.57000000000005}, "K52-nD270": {"K52-nD280": 98.02837000000001}, "K52A-D110": {"K52A-D120": 225.39000000000001}, "K51A-D160": {"K51A-D170": 190.53794903000005}, "K54-U020": {"K54-U030": 156.85637000000003}, "K53-U140": {"K53-D010": 88.07148602785962}, "K51-U240": {"K51-U250": 118.80000000000001}, "K51A-D260": {"K51A-D270": 71.5}, "K51A-U210": {"K51A-U220": 75.76579999999998}, "K53-D070": {"K53-D080": 91.78315300000001}, "K53-D015": {"K53-D020": 55.0405933}, "K53-U090": {"K53-U100": 131.09251710307495}, "K52-nD190": {"K52-nD200": 234.96000000000004}, "K52-nD060": {"K52-nD070": 129.34768316859828}, "K52-nU050": {"K52-nU060": 292.15999999999997}, "K58-U160": {"K58-U170": 101.2}, "K58-U023": {"K58-U026": 78.80730000000003}, "K58-U026": {"K58-U030": 126.13700000000001}, "K58-D100": {"K58-D110": 185.042}, "K52-nU070": {"K52-nU080": 101.68202}, "K51A-U100": {"K51A-U110": 249.26000000000005}, "K52A-D040": {"K52A-D050": 27.731088}, "K51A-D220": {"K51A-D230": 142.46650000000002}, "K51A-D070": {"K51A-D080": 104.19969999999998}, "K51A-U180": {"K51A-U190": 104.67055500000001}, "K52-nD240": {"K52-nD250": 151.8}, "K58-U180": {"K58-U190": 147.4}, "K51A-D090": {"K51A-D100": 75.939897}, "K52-nD220": {"K52-nD230": 116.23062000000004}, "K58-D040": {"K58-D050": 89.84019}, "K53-D050": {"K53-D060": 88.63646000000001}, "K58-D090": {"K58-D100": 133.89200000000002}, "K58-D193": {"K58-D196": 62.995900000000006}, "K53-D150": {"K53-D160": 168.43200000000002}, "K52A-D180": {"K52A-D190": 250.00799999999998}, "K52-nU270": {"K52-nU280": 160.36747851973982}, "K51-D270": {"K51-D280": 106.15}, "K58-U030": {"K58-U040": 312.40000000000003}, "K51A-D010": {"K51A-D020": 62.30400000000001}, "K54-D020": {"K54-D030": 132.8472238524336}, "K52-nU120": {"K52-nU140": 135.3}, "K58-D010": {"K58-D020": 19.372099999999996}, "K58-U200": {"K58-U210": 72.60000000000001}, "K51A-U160": {"K51A-U170": 80.41}, "K51-U180": {"K51-U190": 115.35473290000004}, "K52-nU300": {"K52-nU310": 48.158}, "K52-nU220": {"K52-nU230": 85.67900000000002}, "K53-U060": {"K53-U070": 80.43941216850001}, "K52-nD250": {"K52-nD260": 61.60000000000001}, "K51-D240": {"K51-D250": 134.97}, "K58-D080": {"K58-D090": 187.55}, "K58-D110": {"K58-D120": 222.33200000000002}, "K51-D260": {"K51-D270": 66.22}, "K52A-D030": {"K52A-D040": 15.62}, "K51A-U200": {"K51A-U210": 57.970000000000006}, "K52-nU020": {"K52-nU030": 93.50000000000001}, "K52-nU230": {"K52-nU240": 83.63509000000002}, "K51A-D030": {"K51A-D040": 49.22709}, "K51-U150": {"K51-U160": 87.26960000000003}, "K51-U100": {"K51-U110": 228.55800000000005}, "K53-U070": {"K53-U080": 58.953950000000006}, "K51-D060": {"K51-D070": 70.7014}, "K51A-D080": {"K51A-D090": 178.24378000000004}, "K52-nU080": {"K52-nU090": 100.45296800000001}, "K52A-D070": {"K52A-D080": 135.41000000000003}, "K51A-U090": {"K51A-U100": 181.17000000000002}, "K51A-U230": {"K51A-U240": 34.540000000000006}, "K51-D210": {"K51-D220": 278.74000000000007}, "K53-D090": {"K53-D100": 46.201100000000004}, "K52A-D120": {"K52A-D130": 43.12}, "K51-D050": {"K51-D060": 74.261}, "K51A-U150": {"K51A-U160": 113.76123000000003}, "K58-U170": {"K58-U180": 219.63590000000005}, "K51A-U220": {"K51A-U230": 79.00750000000001}, "K52A-U130": {"K52A-U140": 80.19000000000001}, "K52A-D050": {"K52A-D060": 36.401970000000006}, "K54-U040": {"K54-U050": 164.83964310000002}, "K58-D190": {"K58-D193": 181.62793000000002}, "K51A-U190": {"K51A-U200": 82.44177700000003}, "K52-nU240": {"K52-nU250": 50.6}, "K58-D200": {"K58-D210": 75.57000000000001}, "K54-U010": {"K54-U020": 73.227}, "K52-nU090": {"K52-nU100": 95.49100000000001}, "K51-D120": {"K51-D130": 57.20000000000001}, "K54-D040": {"K54-D050": 157.73302600000005}, "K52-nU030": {"K52-nU040": 128.81}, "K51-U120": {"K51-U130": 140.316}, "K52-nD010": {"K52-nD020": 10.56}, "K51A-D250": {"K51A-D260": 113.30000000000003}, "K53-D160": {"K53-D170": 203.61}, "K52-nD120": {"K52-nD130": 41.83300000000001}, "K51-D040": {"K51-D050": 61.034710000000004}, "K51A-U140": {"K51A-U150": 57.30709600000002}, "K52A-D150": {"K52A-D160": 75.0255}, "K52A-D090": {"K52A-D100": 99.00000000000001}, "K51A-U240": {"K51A-U250": 65.48300000000002}, "K51A-D210": {"K51A-D220": 88.99000000000001}, "K52-nD030": {"K52-nD040": 33.0}, "K52-nD090": {"K52-nD100": 102.498}, "K53-D060": {"K53-D070": 168.3}, "K51-D190": {"K51-D200": 18.04}, "K58-D180": {"K58-D190": 338.47}, "K51-U050": {"K51-U060": 90.57576}, "K51A-U120": {"K51A-U130": 144.65}, "K52-nU200": {"K52-nU210": 102.19660000000002}, "K52-nD040": {"K52-nD050": 35.563}, "K51A-U080": {"K51A-U090": 158.5892}, "K52-nD260": {"K52-nD270": 73.08400000000002}, "K52-nU280": {"K52-nU290": 46.035000000000004}, "K51-U160": {"K51-U170": 120.36200000000001}, "K52-nU250": {"K52-nU260": 72.60000000000001}, "K52A-U120": {"K52A-U130": 66.0}, "K52-nD130": {"K52-nD140": 111.98000000000002}, "K53-D120": {"K53-D130": 113.74688269999999}, "K53-D110": {"K53-D120": 216.656}, "K51-U210": {"K51-U220": 58.20100000000001}, "K58-U040": {"K58-U050": 73.5383},