{"KOW": {"HOK": 177.72150059192217, "TSY": 661.6695615099304}, "KOT": {"SKM": 11.879999999999999, "TAW": 320.6334607893466}}