{"LAK": {"TSY": 180.96315739566143, "NAC": 297.31764237745244, "KWF": 54.153, "MEF": 126.00247096719697}, "LAT": {"KWT": 52.1692512, "YAT": 21.5028}}