{"LAK": {"TSY": 180.9530951044739, "NAC": 297.3189674318497, "KWF": 60.17, "MEF": 126.00069475086632}, "LAT": {"KWT": 43.299167999999995, "YAT": 21.5028}}