{"LOF": {"WTS": 56.96937333374926, "KOT": 23.1117770466}, "LOW": {"SHS": 261.7545226306089}, "LOP": {"TIS": 173.92803538752486, "YUL": 121.32560000000004}}