{"MOK": {"PRE": 11.879999999999999, "YMT": 22.8096}, "MOS": {"HEO": 124.30000000000001}}