{"NTK": {"KWT": 75.42569966309313, "KOB": 34.1451379171}}