{"OCP": {"ADM": 287.63199180478654, "WCH": 124.66717745418569}}