{"QUB": {"YAT": 236.67863019784537, "TAK": 73.81502819539031, "NOP": 101.44524666781739}}