{"SKW": {"HFC": 178.20000000000002, "SWH": 130.9}, "SKM": {"PRE": 118.8, "KOT": 198.00000000000003}}