{"TAW": {"KOT": 320.63346078934666, "SHT": 59.400000000000006}, "TAP": {"UNI": 430.12725955667185, "TWO": 132.0}, "TAK": {"QUB": 0.0}}