{"TAW": {"KOT": 320.60083595856014, "SHT": 53.6256541686795, "HIK": 64.29469200000001, "CKT": 54.992388000000005}, "TAP": {"UNI": 430.1198743664275, "TWO": 97.33860810798481}, "TAK": {"QUB": 4.142299868387999, "SWH": 75.72302027396847}}