{"YMT": {"JOR": 0.0, "HOM": 19.800000000000004, "MOK": 11.385000000000002}}