{"DIS": {"SUN": 198.58233382337278}, "DIH": {"WTS": 117.765912, "HIK": 333.0324963105837, "KAT": 139.007, "CHH": 132.0}}