{"HOK": {"KOW": 177.74158457718494}, "HOM": {"HUH": 133.68300000000002, "TKW": 132.0, "YMT": 80.3, "WHA": 93.04124486582654}}