{"K12-D030": {"K12-D040": 9.353760995700002}, "K12-D020": {"K12-D030": 297.85338000000013}, "K12-U020": {"K12-U030": 239.22960350086595}, "K12-U010": {"K12-U020": 335.6471690000001}, "K12-D010": {"K12-D020": 202.38756391369998}}