{"K68-D180": {"K68-D190": 40.7}, "K66-D230": {"K66-D240": 92.95}, "K66-D100": {"K66-D110": 45.760000000000005}, "K66-U170": {"K66-U180": 25.3}, "K65-U010": {"K65-U020": 257.40000000000003}, "K66-D130": {"K66-D140": 38.5}, "K65A-U120": {"K65A-U130": 83.589}, "K65-U150": {"K65-U160": 65.30700000000002}, "K68-D040": {"K68-D050": 100.18800000000002}, "K65A-U100": {"K65A-U110": 32.120000000000005}, "K65A-U110": {"K65A-U120": 83.60000000000001}, "K68-U060": {"K68-U070": 78.10000000000001}, "K65-D140": {"K65-D150": 85.80000000000001}, "K65-D050": {"K65-D060": 52.36}, "K65-D170": {"K65-D180": 101.2}, "K65-U100": {"K65-U110": 159.79700000000003}, "K66-D060": {"K66-D070": 47.88520000000001}, "K65-U030": {"K65-U040": 117.21600000000001}, "K66-U090": {"K66-U100": 68.2}, "K65-U070": {"K65-U080": 75.98140000000001}, "K66-D170": {"K66-D180": 150.70000000000002}, "K66-D200": {"K66-D210": 133.1}, "K66-U180": {"K66-U190": 70.07000000000001}, "K66-U190": {"K66-U200": 78.82600000000001}, "K68-U010": {"K68-U020": 96.80000000000001}, "K68-D090": {"K68-D100": 129.8}, "K66-D140": {"K66-D150": 103.4}, "K66-U050": {"K66-U060": 36.9831}, "K65-U210": {"K65-U220": 82.39}, "K66-D080": {"K66-D090": 58.4089}, "K68-D150": {"K68-D160": 38.5}, "K68-U070": {"K68-U080": 14.3}, "K65-D130": {"K65-D140": 93.86080000000001}, "K65-D180": {"K65-D190": 126.97300000000003}, "K65A-U050": {"K65A-U060": 42.900000000000006}, "K68-U170": {"K68-D010": 162.8}, "K65A-U010": {"K65A-U020": 60.50000000000001}, "K66-U100": {"K66-U110": 81.96551000000001}, "K65A-U090": {"K65A-U100": 40.92}, "K66-U010": {"K66-U020": 127.60000000000001}, "K68-D120": {"K68-D130": 158.4}, "K68-U100": {"K68-U110": 191.4}, "K66-U150": {"K66-U160": 63.31921199999998}, "K68-D020": {"K68-D030": 90.92600000000002}, "K68-D170": {"K68-D180": 50.42620000000001}, "K66-D150": {"K66-D160": 72.93}, "K65-U110": {"K65-U120": 113.30000000000001}, "K66-U020": {"K66-U030": 196.35000000000002}, "K66-U210": {"K66-U220": 54.34000000000001}, "K65A-U040": {"K65A-U050": 79.90510000000002}, "K68-D030": {"K68-D040": 93.06}, "K65-U140": {"K65-U150": 98.45000000000002}, "K66-D030": {"K66-D040": 82.5}, "K68-D100": {"K68-D110": 89.10000000000001}, "K65-U180": {"K65-U190": 78.10000000000001}, "K66-D160": {"K66-D170": 192.61000000000004}, "K66-U110": {"K66-U120": 9.229000000000001}, "K65A-U030": {"K65A-U040": 27.610000000000003}, "K65-D110": {"K65-D120": 116.60000000000001}, "K65-D070": {"K65-D080": 101.20000000000002}, "K66-D040": {"K66-D050": 0.0}, "K65-D100": {"K65-D110": 191.752}, "K66-U080": {"K66-U090": 146.38800000000003}, "K68-D060": {"K68-D070": 100.10000000000001}, "K66-D020": {"K66-D030": 63.4513}, "K65-D090": {"K65-D100": 106.92}, "K65-D010": {"K65-D020": 36.410000000000004}, "K68-U030": {"K68-U040": 29.700000000000003}, "K65-D150": {"K65-D160": 102.30000000000001}, "K65-D030": {"K65-D040": 59.18000000000001}, "K68-U110": {"K68-U120": 193.49}, "K68-U090": {"K68-U100": 136.4}, "K65-U050": {"K65-U060": 123.20000000000002}, "K65-D040": {"K65-D050": 45.1}, "K66-U140": {"K66-U150": 53.57000000000001}, "K65-D060": {"K65-D070": 77.0}, "K68-D140": {"K68-D150": 50.49}, "K68-D050": {"K68-D060": 53.108000000000004}, "K65-U090": {"K65-U100": 60.9356}, "K65-U160": {"K65-U170": 65.89000000000001}, "K68-U020": {"K68-U030": 41.800000000000004}, "K66-D190": {"K66-D200": 93.50000000000001}, "K65-D080": {"K65-D090": 73.7}, "K66-D070": {"K66-D080": 49.61}, "K65-U080": {"K65-U090": 146.3}, "K68-D160": {"K68-D170": 81.4}, "K68-D110": {"K68-D120": 104.412}, "K66-D220": {"K66-D230": 95.92}, "K66-D090": {"K66-D100": 44.0}, "K65-U120": {"K65-U130": 227.37000000000003}, "K66-U120": {"K66-U130": 61.60000000000001}, "K65A-U080": {"K65A-U090": 75.57000000000001}, "K65-U130": {"K65-U140": 30.019}, "K65-U040": {"K65-U050": 88.0}, "K68-U140": {"K68-U150": 48.400000000000006}, "K66-D050": {"K66-D060": 44.0}, "K65-U190": {"K65-U200": 84.7}, "K66-D110": {"K66-D120": 41.800000000000004}, "K68-U130": {"K68-U140": 195.8}, "K65-D020": {"K65-D030": 78.595}, "K68-D130": {"K68-D140": 65.01}, "K68-U080": {"K68-U090": 41.690000000000005}, "K66-D120": {"K66-D130": 58.300000000000004}, "K68-D010": {"K68-D020": 49.50000000000001}, "K66-U060": {"K66-U070": 191.51000000000002}, "K65-U170": {"K65-U180": 46.31}, "K66-U030": {"K66-U040": 184.8}, "K65-D120": {"K65-D130": 72.60000000000001}, "K65A-U060": {"K65A-U070": 29.700000000000003}, "K66-U130": {"K66-U140": 63.800000000000004}, "K65-U200": {"K65-U210": 61.60000000000001}}