{"K76-U040": {"K76-U050": 175.39188202342294}, "K76-D010": {"K76-D020": 170.44198715518354}, "K75A-D090": {"K75A-D100": 45.07250000000001}, "K75A-D040": {"K75A-D050": 51.81}, "K76-U030": {"K76-U040": 163.0896074946182}, "K75P-D080": {"K75P-U011": 165.6875}, "K73-D030": {"K73-D040": 124.01632650000002}, "K73-D120": {"K73-D130": 91.212}, "K73-U080": {"K73-U090": 283.20180558999994, "K73-U110": 151.4854935729857}, "K73-U050": {"K73-U060": 103.30527251000001}, "K73-U060": {"K73-U070": 117.40106293289003}, "K75A-D110": {"K75A-U011": 136.81800000000004}, "K75A-U020": {"K75A-U030": 131.96328327600003}, "K73-U010": {"K73-U020": 68.70357999999999}, "K73-U030": {"K73-U040": 93.7104927735398}, "K75P-U120": {"K75P-U130": 60.68700000000001}, "K73-U090": {"K73-U100": 126.25175970000001}, "K75P-U090": {"K75P-U100": 45.86592560000001}, "K75A-D100": {"K75A-D110": 87.34}, "K73-D140": {"K73-D150": 240.73412}, "K75A-D050": {"K75A-D060": 65.78064613780002}, "K73-U040": {"K73-U050": 109.82474518420902, "K73-U060": 213.72999999999996}, "K75P-U140": {"K75P-D010": 165.407}, "K75P-U080": {"K75P-U090": 21.372120000000002}, "K75P-D020": {"K75P-D030": 26.425300000000004}, "K75P-U050": {"K75P-U060": 172.48000000000002}, "K75P-U110": {"K75P-U120": 72.24939700000002}, "K73-U020": {"K73-U030": 213.10471600000005}, "K76-D030": {"K76-D040": 75.2194627823507}, "K76-U010": {"K76-U020": 56.90277634800001}, "K75P-D010": {"K75P-D020": 150.61605903300003}, "K75P-D050": {"K75P-D060": 84.27067000000002}, "K76-U020": {"K76-U030": 128.3512565302}, "K75P-U100": {"K75P-U110": 56.765401}, "K73-D040": {"K73-D050": 91.52000000000001}, "K73-D070": {"K73-D080": 165.48399999999998}, "K73-D150": {"K73-D160": 58.300000000000004}, "K73-D090": {"K73-D100": 81.14699999999999}, "K75A-D060": {"K75A-D070": 47.311}, "K74-D020": {"K74-D030": 145.03035006967494}, "K73-U070": {"K73-U080": 172.55357968541}, "K73-D130": {"K73-D140": 165.11}, "K75P-D040": {"K75P-D050": 165.92689299999998}, "K75P-U130": {"K75P-U140": 41.283748}, "K73-D100": {"K73-D110": 198.44}, "K75P-U030": {"K75P-U040": 114.4}, "K75A-D070": {"K75A-D080": 38.908045}, "K73-U110": {"K73-U120": 263.3199580000001}, "K73-U100": {"K73-U110": 224.91953000000004}, "K76-D020": {"K76-D030": 141.1821827971383}, "K75P-U060": {"K75P-U070": 35.6367}, "K75A-D030": {"K75A-D040": 48.510000000000005}, "K75P-D070": {"K75P-D080": 105.9728384}, "K75A-U010": {"K75A-U020": 35.970000000000006}, "K75A-D010": {"K75A-D020": 184.316}, "K75P-D060": {"K75P-D070": 163.9}, "K73-D110": {"K73-D120": 107.327}, "K73-D020": {"K73-D030": 149.96300000000002}, "K73-D050": {"K73-D070": 107.80000000000001}, "K75P-D030": {"K75P-D040": 117.56425999999999}, "K73-D080": {"K73-D090": 258.47019000000006}, "K75P-U040": {"K75P-U050": 116.17540000000001}, "K75A-D080": {"K75A-D090": 94.23370000000001}, "K75P-U070": {"K75P-U080": 106.59}, "K75A-D020": {"K75A-D030": 17.6}, "K75P-U020": {"K75P-U030": 113.96000000000001}}