{"LAK": {"TSY": 180.95975399170942, "NAC": 297.317389580654, "MEF": 126.01845691417293, "KWF": 17.820000000000004}, "LAT": {"KWT": 132.0, "YAT": 14.190000000000001}}