{"MOK": {"YMT": 117.55208751000002, "PRE": 117.590583}, "MOS": {"HEO": 139.89800000000002}}