{"NAC": {"MEF": 173.1484355405536, "LAK": 297.31512743804615, "OLY": 106.32584611624688, "AUS": 223.94545418037515}}