{"OCP": {"ADM": 287.6797689357697, "WCH": 137.18989729499998}}