{"OCP": {"ADM": 287.6319554929193, "WCH": 130.4110854770882}}