{"OLY": {"KOW": 121.78096601539512, "NAC": 81.72365520000001}}