{"QUB": {"YAT": 249.64793578218018, "NOP": 131.2163656647417}}