{"SKM": {"KOT": 160.2003473334, "PRE": 120.90550720789773}, "SKW": {"HFC": 146.88773620345802, "SWH": 117.45206990000001}}