{"SUN": {"DIS": 198.58232578544926, "TSY": 690.6249185542516, "TUC": 823.8810620499144}, "SUW": {"TKW": 138.6, "KAT": 132.0}}