{"TIK": {"TKO": 106.67275411973768, "YAT": 155.11515693261262}, "TIS": {"LOP": 168.5438166871299, "SIH": 367.0344554020486}, "TIH": {"FOH": 122.55147916539109, "CAB": 109.15690513057716}}