{"1": {"2": 62.691877710000014, "6": 171.0416763}}