{"ETS": {"AUS": 183.97746213000005, "HUH": 181.18980000000002}}