{"HUH": {"MKK": 188.37260812054353, "ETS": 181.11106373517003, "EXC": 195.91227920808845, "HOM": 135.28833049644}}