{"K68-D120": {"K68-D130": 181.22962}, "K65-D010": {"K65-D020": 43.161523739399996}, "K65-U080": {"K65-U090": 146.6421}, "K68-D150": {"K68-D160": 37.952200000000005}, "K66-D080": {"K66-D090": 64.02000000000001}, "K66-U130": {"K66-U140": 48.5653663}, "K65-D090": {"K65-D100": 106.36469415000002}, "K68-D100": {"K68-D110": 79.013}, "K65-D030": {"K65-D040": 76.44934}, "K66-D010": {"K66-D020": 11.550000000000002}, "K65-U100": {"K65-U110": 160.60000000000002}, "K68-U140": {"K68-U150": 41.8319}, "K66-U140": {"K66-U150": 44.44}, "K66-D170": {"K66-D180": 246.40000000000003}, "K65-D100": {"K65-D110": 218.61827900000003}, "K65-D020": {"K65-D030": 86.7692551}, "K65-U060": {"K65-U070": 27.738480000000003}, "K65-D080": {"K65-D090": 71.4351}, "K68-D200": {"K68-U011": 76.67}, "K66-D030": {"K66-D040": 81.574603}, "K68-D010": {"K68-D020": 36.300000000000004}, "K66-U170": {"K66-U180": 29.7803}, "K66-D150": {"K66-D160": 109.0353}, "K65-D070": {"K65-D080": 144.87}, "K66-D130": {"K66-D140": 57.583625000000005}, "K65-U010": {"K65-U020": 287.3244000000001}, "K65-D040": {"K65-D050": 76.4168735}, "K66-U110": {"K66-U120": 42.8956}, "K66-D090": {"K66-D100": 48.939}, "K65-U090": {"K65-U100": 61.030200000000015}, "K65-D110": {"K65-D120": 118.15746140000002}, "K65-U070": {"K65-U080": 62.47433500000001}, "K68-U030": {"K68-U040": 23.32}, "K68-D140": {"K68-D150": 53.63600000000001}, "K68-U040": {"K68-U050": 52.14}, "K68-D050": {"K68-D060": 60.093}, "K68-D030": {"K68-D040": 102.30000000000001}, "K66-U210": {"K66-U220": 51.92}, "K68-D070": {"K68-D080": 226.16000000000003}, "K68-U070": {"K68-U080": 52.800000000000004}, "K68-D060": {"K68-D070": 81.07000000000001}, "K66-D110": {"K66-D120": 47.800425090000005}, "K65-U150": {"K65-U160": 54.67}, "K68-D110": {"K68-D120": 104.34819999999999}, "K66-U090": {"K66-U100": 76.12}, "K66-D160": {"K66-D170": 162.8}, "K66-D190": {"K66-D200": 95.03670000000001}, "K68-U090": {"K68-U100": 162.151}, "K65-D050": {"K65-D060": 75.25419000000001}, "K65-U110": {"K65-U120": 90.48600000000002}, "K68-D170": {"K68-D180": 43.67}, "K65-U200": {"K65-U210": 74.75270000000002}, "K65-D160": {"K65-D170": 153.2949}, "K65-U170": {"K65-U180": 54.279620009999995}, "K68-D180": {"K68-D190": 36.85000000000001}, "K66-D100": {"K66-D110": 55.383900000000004}, "K68-D020": {"K68-D030": 85.393}, "K65-D180": {"K65-D190": 119.02000000000001}, "K65-D150": {"K65-D160": 72.215}, "K65-U220": {"K65-U230": 106.381}, "K66-D120": {"K66-D130": 66.79860000000001}, "K65-D060": {"K65-D070": 98.67}, "K66-U150": {"K66-U160": 57.98100000000001}, "K65-D140": {"K65-D150": 103.46181999999999}, "K65-D120": {"K65-D130": 62.876}, "K65-U180": {"K65-U190": 81.29}, "K68-U100": {"K68-U110": 200.86}, "K65-U160": {"K65-U170": 50.787000000000006}, "K66-U050": {"K66-U060": 55.55}, "K65-U140": {"K65-U150": 103.4}, "K68-U170": {"K68-D010": 179.3}, "K66-U020": {"K66-U030": 202.8873}, "K66-U010": {"K66-U020": 142.58200000000002}, "K66-D200": {"K66-D210": 132.517}, "K65A-U090": {"K65A-U100": 62.7}, "K66-D230": {"K66-D240": 96.8}, "K68-D130": {"K68-D140": 69.5519}, "K68-D090": {"K68-D100": 139.6714}, "K65-D130": {"K65-D140": 85.80000000000001}, "K66-D220": {"K66-D230": 90.07020000000001}, "K66-U100": {"K66-U110": 92.73000000000002}, "K65-D170": {"K65-D180": 102.179}, "K66-U160": {"K66-U170": 57.970000000000006}, "K66-U040": {"K66-U050": 136.33934600000006}, "K66-D020": {"K66-D030": 82.5}, "K65-U190": {"K65-U200": 62.48616}, "K66-D210": {"K66-D220": 140.36}, "K68-U020": {"K68-U030": 37.114000000000004}, "K66-U060": {"K66-U070": 184.8}, "K66-D050": {"K66-D060": 54.472000000000016}, "K66-U120": {"K66-U130": 53.35}, "K68-U150": {"K68-U160": 97.9}, "K65-U030": {"K65-U040": 123.18432500000003}, "K66-D040": {"K66-D050": 49.73100000000001}, "K68-U080": {"K68-U090": 62.7}, "K66-U190": {"K66-U200": 74.20600000000002}, "K68-U160": {"K68-U170": 77.44000000000001}, "K66-U070": {"K66-U080": 231.00000000000003}, "K66-U030": {"K66-U040": 168.74}, "K68-U010": {"K68-U020": 108.9}, "K65-U050": {"K65-U060": 110.3278}, "K68-D080": {"K68-D090": 52.25}, "K68-U060": {"K68-U070": 77.0}, "K66-D140": {"K66-D150": 108.35}, "K66-D070": {"K66-D080": 55.55000000000001}, "K68-U130": {"K68-U140": 154.0}, "K66-U200": {"K66-U210": 56.1}, "K68-D190": {"K68-D200": 62.70000000000001}, "K68-D160": {"K68-D170": 86.02000000000001}, "K68-U120": {"K68-U130": 201.3}, "K66-U080": {"K66-U090": 118.096}, "K65-U210": {"K65-U220": 82.5}, "K66-D180": {"K66-D190": 90.2}, "K65-U120": {"K65-U130": 177.10000000000002}, "K66-U180": {"K66-U190": 63.800000000000004}, "K68-U110": {"K68-U120": 193.60000000000002}, "K66-D060": {"K66-D070": 51.7}, "K65-U020": {"K65-U030": 154.0}}