{"K73-D110": {"K73-D120": 75.84703535375999}, "K75P-U070": {"K75P-U080": 121.76778685830001}, "K73-U070": {"K73-U080": 155.8488114288469}, "K76-D010": {"K76-D020": 170.42436614348296}, "K73-U050": {"K73-U060": 112.82025582253925}, "K73-U010": {"K73-U020": 70.92605905000002}, "K76-U030": {"K76-U040": 163.09347520195044}, "K75P-U120": {"K75P-U130": 67.1509807848}, "K75P-D010": {"K75P-D020": 145.94533800000005}, "K73-U040": {"K73-U050": 112.36921627177703, "K73-U060": 227.89379030000003}, "K73-U080": {"K73-U110": 151.49701907689973, "K73-U090": 278.99025}, "K76-U010": {"K76-U020": 7.7889462181532085}, "K75A-U020": {"K75A-U030": 120.98943687599998}, "K75A-D040": {"K75A-D050": 56.3729067}, "K74-U050": {"K74-U060": 239.86600000000004}, "K74-U080": {"K74-U090": 222.84636}, "K75P-D080": {"K75P-U011": 142.48745500000004}, "K73-D050": {"K73-D070": 113.1603}, "K73-D090": {"K73-D100": 90.43915456399999}, "K75P-D030": {"K75P-D040": 119.11512579999999}, "K75P-U130": {"K75P-U140": 39.943140184859985}, "K73-D040": {"K73-D050": 79.34712094320004}, "K73-U030": {"K73-U040": 94.80516103853905}, "K75A-D010": {"K75A-D020": 209.00000000000006}, "K75P-U080": {"K75P-U090": 50.858887970000005}, "K73-U090": {"K73-U100": 134.59099723099476}, "K75P-D070": {"K75P-D080": 103.11949999999999}, "K73-U100": {"K73-U110": 199.874792128583}, "K74-U011": {"K74-D100": 157.42980000000003}, "K76-D020": {"K76-D030": 127.37899307717507}, "K76-D030": {"K76-D040": 43.29492151176389}, "K73-D120": {"K73-D130": 111.63130000000001}, "K73-D140": {"K73-D150": 187.00000000000003}, "K73-D150": {"K73-D160": 54.063350000000014}, "K75P-U060": {"K75P-U070": 29.149649099999998}, "K75P-D020": {"K75P-D030": 34.63088739}, "K75A-D090": {"K75A-D100": 53.18830000000001}, "K74-U100": {"K74-D010": 119.10298400000002}, "K73-D020": {"K73-D030": 112.56300000000002}, "K74-U040": {"K74-U050": 149.74300000000002}, "K75P-D040": {"K75P-D050": 175.5852901}, "K74-U070": {"K74-U080": 169.73000000000002}, "K73-D100": {"K73-D110": 211.10100000000003}, "K74-U004": {"K74-U007": 116.4614}, "K75A-D060": {"K75A-D070": 39.72738}, "K75A-D080": {"K75A-D090": 155.672}, "K75A-D030": {"K75A-D040": 37.114}, "K74-D090": {"K74-U011": 70.73}, "K75A-U010": {"K75A-U020": 43.098869000000015}, "K76-U040": {"K76-U050": 186.749903092758}, "K75P-D050": {"K75P-D060": 94.13285917199998}, "K75P-U100": {"K75P-U110": 64.70398102376998}, "K74-D050": {"K74-D060": 103.76047000000001}, "K73-U110": {"K73-U120": 217.79076014386752}, "K73-U060": {"K73-U070": 123.75663823320974}, "K75P-U010": {"K75P-U020": 98.96887000000001}, "K73-D080": {"K73-D090": 225.82018799999997}, "K75P-D060": {"K75P-D070": 181.34787}, "K75P-U050": {"K75P-U060": 137.41332000000006}, "K73-D130": {"K73-D140": 154.81400000000002}, "K75A-D100": {"K75A-D110": 114.37139999999997}, "K74-D010": {"K74-D020": 164.80200000000002}, "K73-D070": {"K73-D080": 151.06106061199998}, "K74-D080": {"K74-D090": 182.75363700000003}, "K75P-U040": {"K75P-U050": 103.103}, "K75P-U030": {"K75P-U040": 110.00000000000001}, "K74-D110": {"K74-U002": 170.5}, "K74-D100": {"K74-D110": 92.17912}, "K73-D010": {"K73-D020": 78.6737336}, "K74-D060": {"K74-D070": 147.26579999999998}, "K75A-D050": {"K75A-D060": 73.26000000000002}, "K75P-U090": {"K75P-U100": 45.09042999999999}, "K74-D070": {"K74-D080": 256.3957000000001}, "K75A-D110": {"K75A-U011": 159.60230000000004}, "K76-U020": {"K76-U030": 157.021683346}, "K75A-D020": {"K75A-D030": 15.591240500000001}, "K75A-D070": {"K75A-D080": 94.27071968380001}, "K73-D030": {"K73-D040": 115.11755199999998}, "K74-D020": {"K74-D030": 145.02965482723556}, "K75P-U140": {"K75P-D010": 141.70200000000003}, "K74-U007": {"K74-U010": 250.90890000000005}, "K74-U020": {"K74-U030": 104.83}, "K74-U010": {"K74-U020": 160.435}, "K75P-U110": {"K75P-U120": 88.67986985}, "K74-D040": {"K74-D050": 62.98600000000001}, "K75P-U020": {"K75P-U030": 117.7}, "K74-U030": {"K74-U040": 281.04142}, "K74-U090": {"K74-U100": 230.89000000000001}, "K75A-U030": {"K75A-D010": 242.60500000000002}, "K73-U020": {"K73-U030": 79.53}, "K74-D030": {"K74-D040": 116.60000000000001}, "K74-U060": {"K74-U070": 150.70000000000002}, "K74-U001": {"K74-U004": 116.60000000000001}}