{"LAT": {"KWT": 132.0, "YAT": 132.0}, "LAK": {"TSY": 180.93605452599257, "MEF": 125.9965283174981, "NAC": 297.3231701221058, "KWF": 198.00000000000003}}