{"OCP": {"ADM": 287.63913146055506, "WCH": 129.5843382246432}}