{"OLY": {"KOW": 121.78478099420406, "NAC": 97.616162688}}