{"OLY": {"KOW": 121.5883157627939, "NAC": 120.00061678389156}}