{"PRE": {"SKM": 138.87484908000005, "SSP": 126.86684677653, "MOK": 126.48288838278977}}