{"SHS": {"FAN": 125.74167590535183, "LOW": 261.7533201024686, "LMC": 525.2483976192904}, "SHT": {"FOT": 155.95651932677396, "TAW": 137.346}, "SHM": {"TSH": 216.4154482528414, "CIO": 131.89000000000001}, "SHW": {"CEN": 102.10213200000001, "SYP": 113.3946}}