{"STW": {"CKT": 127.27037135223513, "CIO": 132.929313}}