{"TSW": {"TWH": 60.06}, "TSY": {"AIR": 1467.4409150614324, "KOW": 661.6576945093816, "LAK": 180.94396082843076, "SUN": 690.6339937724717}, "TST": {"JOR": 132.0, "ADM": 176.37972739938394}, "TSH": {"SHM": 216.41288731000813}}