{"TSW": {"TWH": 62.08399999999999}, "TSY": {"AIR": 1467.4422931230924, "KOW": 661.6520970458517, "LAK": 180.96591415286252, "SUN": 690.6274650845919}, "TST": {"JOR": 132.0, "ADM": 176.37972739938394}, "TSH": {"SHM": 216.40850809776325, "HEO": 132.0}}