{"YAT": {"QUB": 246.3266548214304, "TIK": 134.08005061406212, "LAT": 175.60231527448082}}