{"5": {"305": 70.70761499999999, "6": 154.14190000000002}}