{"DIS": {"SUN": 198.58201070699528}, "DIH": {"KAT": 140.8, "HIK": 333.01058002448895, "CHH": 59.73, "WTS": 132.0}}