{"FOT": {"UNI": 186.4367687732366, "SHT": 155.96130033629998}, "FOH": {"TIH": 132.0, "NOP": 79.53}}