{"HAH": {"TKO": 92.44998274509285, "POA": 128.6950184940195}}