{"K52-nD060": {"K52-nD070": 129.34768316859828}, "K51-D100": {"K51-D110": 109.99529262799999}, "K53-U110": {"K53-U120": 71.4380261036861}, "K51-D050": {"K51-D060": 41.48997340212493}, "K52-nD270": {"K52-nD280": 71.96079048430002}, "K54-D050": {"K54-D060": 72.70419594566195}, "K52-nU290": {"K52-nU300": 40.383876757024005}, "K51-U140": {"K51-U150": 45.63837303673173}, "K52-nD230": {"K52-nD240": 150.43226551606003}, "K52-nU260": {"K52-nU270": 52.9556826916514}, "K51-D200": {"K51-D210": 108.32976500887176}, "K51-U170": {"K51-U180": 65.08867788305038}, "K53-D080": {"K53-D090": 27.188510121608466}, "K53-U140": {"K53-D010": 65.73829252737283}, "K51-D180": {"K51-D190": 117.51578468540004}, "K53-D120": {"K53-D130": 41.394711916790335}, "K53-U090": {"K53-U100": 76.40153202327915}, "K51-U150": {"K51-U160": 72.09186335407473}, "K53-U060": {"K53-U070": 49.94296267096395}, "K53-U050": {"K53-U060": 120.24993404058459}, "K52-nU270": {"K52-nU280": 161.12605850187842}, "K53-U100": {"K53-U110": 51.3283628818718}, "K51-U220": {"K51-U230": 50.51486362551835}, "K54-U040": {"K54-U050": 96.02510000000001}, "K53-D090": {"K53-D100": 27.790178260908817}, "K52-nU070": {"K52-nU080": 76.28762985549723}, "K52-nU250": {"K52-nU260": 55.73066446827322}, "K52-nD090": {"K52-nD100": 47.521305551000005}, "K53-D015": {"K53-D020": 41.29815860421412}, "K53-D060": {"K53-D070": 108.65644496585517}, "K52A-U140": {"K52A-U150": 160.35980424379807}, "K53-U040": {"K53-U050": 104.60341044520268}, "K52-nD030": {"K52-nD040": 20.908702}, "K52-nU200": {"K52-nU210": 72.8209709225024}, "K51-U060": {"K51-U070": 263.69087}, "K52A-D060": {"K52A-D070": 129.34768316859828}, "K52-nD190": {"K52-nD200": 111.45133336372287}, "K54-D040": {"K54-D050": 145.67525853823764}, "K53-D050": {"K53-D060": 56.9868061141789}, "K52-nD200": {"K52-nD210": 103.05126673306094}, "K53-U070": {"K53-U080": 44.27828654534757}, "K51-U200": {"K51-U210": 77.20674260523245}, "K51-D030": {"K51-D040": 38.8401483927732}, "K52A-D010": {"K52A-D020": 277.22448091413315}, "K53-D040": {"K53-D050": 55.506814250351205}, "K51-D140": {"K51-D150": 67.0285821712672}, "K53-D010": {"K53-D015": 79.82711654044678}, "K52-nU060": {"K52-nU070": 85.27822282665001}, "K52-nD260": {"K52-nD270": 53.820328122528096}, "K53-U010": {"K53-U020": 236.39519070488603}, "K51-U180": {"K51-U190": 84.22870199221916}, "K52-nU100": {"K52-nU110": 115.14546127668004}, "K53-D150": {"K53-D160": 106.11877679796734}, "K52-nD120": {"K52-nD130": 38.674898729940004}, "K51-U040": {"K51-U050": 105.08098312711022}, "K53-D140": {"K53-D150": 104.05801351476256}, "K53-D130": {"K53-D140": 54.48497975381633}, "K53-U080": {"K53-U090": 67.70674761039179}, "K53-U120": {"K53-U130": 53.586226722151494}, "K53-U030": {"K53-U040": 165.21889303587335}, "K51-U120": {"K51-U130": 117.06462067708203}, "K53-U020": {"K53-U030": 118.08949178846163}, "K52-nU300": {"K52-nU310": 40.558344618069825}, "K51-U050": {"K51-U060": 255.0173122072331}, "K53-D110": {"K53-D120": 131.7156200788063}, "K51-U110": {"K51-U120": 106.57399267991559}, "K52-nD170": {"K52-nD180": 87.8207653246}, "K51-D270": {"K51-D280": 65.61848268101001}, "K52-nD240": {"K52-nD250": 128.09302685486773}, "K52-nU240": {"K52-nU250": 44.08243565968}, "K54-U060": {"K54-U070": 178.7134583}, "K52-nD110": {"K52-nD120": 144.43511529339943}, "K52-nU190": {"K52-nU200": 122.73067943965707}, "K54-U020": {"K54-U030": 67.46849999999999}, "K52-nU180": {"K52-nU190": 55.76127028591882}, "K52-nU140": {"K52-nU150": 99.26389793518757}, "K51-D230": {"K51-D240": 62.345792830580535}, "K52-nU220": {"K52-nU230": 80.1393760231877}, "K51-D090": {"K51-D100": 65.68161756241417}, "K53-D030": {"K53-D040": 54.76050139040287}, "K52-nD220": {"K52-nD230": 99.96927922658338}, "K51-D210": {"K51-D220": 110.80593333826}, "K51-U240": {"K51-U250": 95.71100392299999}, "K52-nU210": {"K52-nU220": 66.59752862979325}, "K52-nU110": {"K52-nU120": 122.03648781193002}, "K51-D120": {"K51-D130": 33.139970483457944}, "K54-D020": {"K54-D030": 154.57228549346266}, "K52-nU280": {"K52-nU290": 40.14644119104621}, "K52-nU120": {"K52-nU140": 78.0206775678552}, "K51-U080": {"K51-U090": 137.1386552046419}, "K52-nD070": {"K52-nD080": 100.03182871351001}, "K51-U030": {"K51-U040": 54.957466117619994}, "K52-nU090": {"K52-nU100": 96.56310493943913}, "K52-nD040": {"K52-nD050": 12.288194768246946}, "K52-nD160": {"K52-nD170": 125.39470106569998}, "K52-nU230": {"K52-nU240": 60.34887166000002}, "K54-U050": {"K54-U060": 277.38018}, "K54-U010": {"K54-U020": 66.15419}, "K52-nD080": {"K52-nD090": 42.017912640000006}, "K54-U030": {"K54-U040": 87.27001299999999}, "K53-D070": {"K53-D080": 40.52533538019473}, "K51-D110": {"K51-D120": 44.17685769685179}, "K53-D020": {"K53-D030": 84.12408913411355}, "K54-D030": {"K54-D040": 69.42182478960001}, "K52-nU040": {"K52-nU050": 40.44207}, "K52-nD280": {"K52-nD290": 74.68869141434999}, "K51-D060": {"K51-D070": 38.27320674}, "K53-D100": {"K53-D110": 54.752241899827666}, "K54-D010": {"K54-D020": 107.27569630000002}, "K51-D070": {"K51-D080": 42.80582251337419}, "K51-U130": {"K51-U140": 49.90798685903163}, "K51-D250": {"K51-D260": 164.69061708189997}, "K52-nD100": {"K52-nD110": 50.49376090000001}, "K52-nD180": {"K52-nD190": 115.4550300898944}, "K52-nU050": {"K52-nU060": 204.54750784600006}, "K52-nU010": {"K52-nU020": 33.30921541000001}, "K51-U090": {"K51-U100": 113.14440184710652}, "K51-U070": {"K51-U080": 182.87355950922503}, "K51-U100": {"K51-U110": 163.04723626100002}, "K53-U130": {"K53-U140": 47.075904709192834}, "K51-D020": {"K51-D030": 53.83779010226601}, "K51-D010": {"K51-D020": 78.13241200000002}, "K51-D190": {"K51-D200": 119.13619400544731}, "K52-nU160": {"K52-nU170": 30.990317421400004}, "K52-nD210": {"K52-nD220": 160.22562606732}, "K52-nD050": {"K52-nD060": 28.850077999999996}, "K51-U230": {"K51-U240": 37.194256662830995}, "K51-U020": {"K51-U030": 79.09799146}, "K52-nD150": {"K52-nD160": 27.46232}, "K51-U190": {"K51-U200": 67.6944227446042}, "K52-nU150": {"K52-nU160": 67.8553060447297}, "K51-U160": {"K51-U170": 84.93445323098817}, "K52-nU030": {"K52-nU040": 93.82033010196997}, "K52-nU080": {"K52-nU090": 61.531050440685945}, "K52-nD140": {"K52-nD150": 100.90122632507422}, "K52A-U170": {"K52A-U180": 275.3301891049081}, "K51-D240": {"K51-D250": 110.66760611499998}, "K52-nU170": {"K52-nU180": 113.93473510000001}, "K52-nD250": {"K52-nD260": 139.14163349017358}, "K52-nD010": {"K52-nD020": 14.96636146869}, "K51-D040": {"K51-D050": 35.0845228}, "K51-D260": {"K51-D270": 48.818182724520014}, "K54-D060": {"K54-D070": 134.56500957962209}, "K54-U070": {"K54-D010": 118.17324746388817}, "K51-D170": {"K51-D180": 72.18516012085105}, "K51-D130": {"K51-D140": 35.734657100000014}, "K51-D220": {"K51-D230": 200.53101420000002}, "K51-D280": {"K51-D290": 72.24864427}, "K52-nD130": {"K52-nD140": 74.08092280000001}, "K54A-U020": {"K54A-U030": 59.52146052779814}, "K52-nD290": {"K52-nD300": 90.299465923147}, "K51-U010": {"K51-U020": 32.11296274991}, "K54A-D030": {"K54A-D040": 70.1713259045049}, "K54A-D020": {"K54A-D030": 139.3582676229336}, "K54A-U010": {"K54A-U020": 63.02748097358398}, "K51-U210": {"K51-U220": 36.4080551225134}, "K54A-D040": {"K54A-D050": 125.5156532176098}, "K54A-U030": {"K54A-U040": 93.8504229122442}, "K54A-D010": {"K54A-D020": 229.47081151603712}, "K54A-U040": {"K54A-U050": 106.99441866392954}, "K51-D160": {"K51-D170": 44.89462870700001}, "K51-D080": {"K51-D090": 82.2639}, "K52-nU020": {"K52-nU030": 63.61366487}, "K52-nD020": {"K52-nD030": 20.900000000000002}, "K51-D150": {"K51-D160": 152.496}}