{"K65-U060": {"K65-U070": 29.102397236138508}, "K65-U020": {"K65-U030": 99.00707509559301}, "K68-D150": {"K68-D160": 64.10122362145701}, "K68-D140": {"K68-D150": 17.032411000000003}, "K66-D220": {"K66-D230": 81.14243282147632}, "K68-D200": {"K68-U011": 67.13225}, "K66-D110": {"K66-D120": 20.852205413349008}, "K66-U100": {"K66-U110": 66.177577027413}, "K66-U140": {"K66-U150": 35.837329541200006}, "K66-U130": {"K66-U140": 53.58671003888263}, "K65-U090": {"K65-U100": 45.275781847500596}, "K65-U190": {"K65-U200": 24.14834115788623}, "K65-U220": {"K65-U230": 73.25477603713696}, "K65-U030": {"K65-U040": 66.80863856360921}, "K65-U080": {"K65-U090": 103.39512658228372}, "K65-D120": {"K65-D130": 51.04440000000001}, "K65-U180": {"K65-U190": 77.61432188969358}, "K65-D040": {"K65-D050": 57.536500000000004}, "K65-D030": {"K65-D040": 39.85353637000001}, "K65-U160": {"K65-U170": 54.282611564259945}, "K66-D030": {"K66-D040": 65.970696}, "K65-U070": {"K65-U080": 53.8201130067745}, "K66-D200": {"K66-D210": 106.28021510609798}, "K68-D180": {"K68-D190": 19.200650763000002}, "K66-D170": {"K66-D180": 167.499484168}, "K65-U130": {"K65-U140": 30.40988375008326}, "K65-U210": {"K65-U220": 70.54065604395552}, "K65-U200": {"K65-U210": 51.79706779592423}, "K66-U200": {"K66-U210": 48.66962528000003}, "K66-U090": {"K66-U100": 47.61517166166764}, "K65-U140": {"K65-U150": 79.67694967879183}, "K68-D050": {"K68-D060": 29.891037}, "K66-D080": {"K66-D090": 33.8929779}, "K65-D170": {"K65-D180": 72.822068506}, "K66-D140": {"K66-D150": 69.74035488439999}, "K66-U160": {"K66-U170": 46.17963483074883}, "K68-D110": {"K68-D120": 89.54}, "K65-U150": {"K65-U160": 51.47380409715784}, "K65-D140": {"K65-D150": 91.2546918638}, "K65-U170": {"K65-U180": 48.26559943168429}, "K68-U160": {"K68-U170": 77.45100000000001}, "K66-U060": {"K66-U070": 154.37125672500002}, "K66-U180": {"K66-U190": 62.207213900012654}, "K66-D010": {"K66-D020": 8.527000000000001}, "K65-D010": {"K65-D020": 37.888060452000005}, "K65-D100": {"K65-D110": 163.63491539999998}, "K65-U120": {"K65-U130": 165.87966190501143}, "K66-U170": {"K66-U180": 29.26940851995257}, "K65-U100": {"K65-U110": 112.07702111364556}, "K66-U150": {"K66-U160": 59.17597051848893}, "K68-U060": {"K68-U070": 61.56700000000001}, "K65-D070": {"K65-D080": 108.09584830000001}, "K66-D060": {"K66-D070": 20.216320645200007}, "K66-U070": {"K66-U080": 156.51455316109303}, "K66-D190": {"K66-D200": 69.80911270000001}, "K66-U080": {"K66-U090": 148.44988400000003}, "K68-D120": {"K68-D130": 164.8826983947}, "K66-U120": {"K66-U130": 56.876682800000005}, "K68-D170": {"K68-D180": 41.305279678}, "K65-U040": {"K65-U050": 73.84174854385}, "K65-U110": {"K65-U120": 85.14510974149117}, "K66-D090": {"K66-D100": 29.519820000000003}, "K65-D150": {"K65-D160": 73.17535150000002}, "K65-D130": {"K65-D140": 74.00172571425625}, "K66-D100": {"K66-D110": 25.057663000000005}, "K68-U040": {"K68-U050": 59.400000000000006}, "K66-U050": {"K66-U060": 35.29710800000001}, "K65-D090": {"K65-D100": 77.65340000000002}, "K68-D090": {"K68-D100": 131.208}, "K66-D040": {"K66-D050": 20.549100000000003}, "K66-U010": {"K66-U020": 99.638}, "K66-D210": {"K66-D220": 118.32613879999994}, "K68-U110": {"K68-U120": 167.20000000000002}, "K65-D160": {"K65-D170": 116.57128970000001}, "K66-U190": {"K66-U200": 66.9221414031}, "K68-D100": {"K68-D110": 74.725536}, "K68-D190": {"K68-D200": 61.877478999999994}, "K66-D180": {"K66-D190": 46.091860000000004}, "K68-D040": {"K68-D050": 67.58400000000002}, "K66-D130": {"K66-D140": 28.15738698047}, "K65-D110": {"K65-D120": 97.19975320000002}, "K66-U210": {"K66-U220": 41.51730275281672}, "K66-D150": {"K66-D160": 89.73337000000001}, "K65-D180": {"K65-D190": 81.2633713850749}, "K66-U020": {"K66-U030": 163.885488}, "K66-D160": {"K66-D170": 107.68119999999999}, "K68-D070": {"K68-D080": 176.924}, "K65-D060": {"K65-D070": 49.118435300000016}, "K66-U110": {"K66-U120": 45.062478390298004}, "K66-U030": {"K66-U040": 153.77707000000004}, "K66-D230": {"K66-D240": 79.09202460000002}, "K68-U140": {"K68-U150": 17.501000000000005}, "K68-D080": {"K68-D090": 74.18411}, "K66-D020": {"K66-D030": 53.926010600000005}, "K68-U030": {"K68-U040": 26.400000000000002}, "K68-D030": {"K68-D040": 57.678}, "K68-D060": {"K68-D070": 77.55}, "K68-U120": {"K68-U130": 124.30000000000001}, "K65-U010": {"K65-U020": 215.01637968459}, "K68-U100": {"K68-U110": 184.8}, "K68-U130": {"K68-U140": 137.5}, "K65-D050": {"K65-D060": 53.46}, "K66-D050": {"K66-D060": 23.943000000000005}, "K65-D020": {"K65-D030": 58.080000000000005}, "K68-D010": {"K68-D020": 49.192}, "K66-U040": {"K66-U050": 113.36000000000001}, "K65-U050": {"K65-U060": 79.27441222803101}, "K68-D160": {"K68-D170": 83.38}, "K68-D130": {"K68-D140": 57.434400000000004}, "K65-D080": {"K65-D090": 36.310230000000004}, "K68-U080": {"K68-U090": 35.2}, "K66-D120": {"K66-D130": 55.00000000000001}, "K68-U070": {"K68-U080": 33.0}}