{"K75A-D110": {"K75A-U011": 114.40110000000001}, "K75P-U080": {"K75P-U090": 44.748000000000005}, "K75A-U020": {"K75A-U030": 136.4}, "K73-U070": {"K73-U080": 133.943800243}, "K73-U010": {"K73-U020": 84.2204}, "K75A-D040": {"K75A-D050": 29.700000000000003}, "K76-D010": {"K76-D020": 170.44484043472676}, "K75P-U090": {"K75P-U100": 43.89}, "K75P-U120": {"K75P-U130": 57.48600000000001}, "K75P-D070": {"K75P-D080": 81.7058}, "K75P-U040": {"K75P-U050": 106.14780000000003}, "K73-D020": {"K73-D030": 71.0358}, "K75P-D020": {"K75P-D030": 27.533000000000005}, "K76-U030": {"K76-U040": 163.0896074946182}, "K73-D010": {"K73-D020": 81.69755}, "K73-D070": {"K73-D080": 136.00378}, "K75P-D040": {"K75P-D050": 152.16275800000003}, "K75P-U130": {"K75P-U140": 20.592990000000004}, "K73-U040": {"K73-U050": 88.2570932199, "K73-U060": 189.20000000000002}, "K75A-D010": {"K75A-D020": 170.5}, "K73-U080": {"K73-U110": 151.48703893321235, "K73-U090": 263.5259}, "K73-U030": {"K73-U040": 74.40769929999999}, "K73-D140": {"K73-D150": 171.71769999999998}, "K73-U060": {"K73-U070": 128.08279000000005}, "K73-D030": {"K73-D040": 98.20800000000001}, "K75P-D030": {"K75P-D040": 105.52473348999999}, "K75P-D060": {"K75P-D070": 161.81}, "K75P-D080": {"K75P-U011": 99.06160000000003}, "K75P-U050": {"K75P-U060": 176.74426}, "K75A-D080": {"K75A-D090": 68.06800000000001}, "K75A-D090": {"K75A-D100": 34.1}, "K76-D020": {"K76-D030": 32.923}, "K73-U090": {"K73-U100": 89.13384172000004}, "K73-U110": {"K73-U120": 138.76555885392747}, "K75P-U140": {"K75P-D010": 108.63600000000001}, "K75P-U110": {"K75P-U120": 75.82068999999998}, "K73-D130": {"K73-D140": 133.10000000000002}, "K75P-D010": {"K75P-D020": 88.39776}, "K73-D100": {"K73-D110": 154.22}, "K75P-U070": {"K75P-U080": 104.44500000000001}, "K75P-D050": {"K75P-D060": 71.98180000000002}, "K73-D040": {"K73-D050": 82.5}, "K75A-D100": {"K75A-D110": 78.10000000000001}, "K75A-D070": {"K75A-D080": 20.570000000000004}, "K73-U050": {"K73-U060": 82.23698999999999}, "K75P-U010": {"K75P-U020": 86.3379}, "K73-U100": {"K73-U110": 220.38500000000005}, "K73-U020": {"K73-U030": 152.42700000000005}, "K75P-U060": {"K75P-U070": 13.281400000000001}, "K73-D080": {"K73-D090": 271.59000000000003}, "K73-D150": {"K73-D160": 52.800000000000004}, "K73-D090": {"K73-D100": 77.73700000000001}, "K75A-D050": {"K75A-D060": 63.117999999999995}, "K73-D050": {"K73-D070": 82.5}, "K76-D030": {"K76-D040": 76.07600000000001}, "K75A-D030": {"K75A-D040": 49.50000000000001}, "K74-D020": {"K74-D030": 145.02339764528094}, "K73-D110": {"K73-D120": 55.44000000000001}, "K73-D120": {"K73-D130": 106.7}, "K75A-U010": {"K75A-U020": 45.1}, "K75P-U030": {"K75P-U040": 109.34}}