{"KWH": {"KWF": 120.72147587126571, "TWH": 168.46396252333142}, "KWF": {"LAK": 167.0308202852696, "KWH": 123.47236817259218}, "KWT": {"LAT": 119.90139132262797, "NTK": 95.07964414}}