{"LET": {"WCH": 179.68407430934747, "SOH": 108.55641188126722}}