{"LET": {"WCH": 143.5907506908052, "SOH": 106.37059193907803}}