{"NOP": {"FOH": 128.12007355833003, "QUB": 112.15171461151435}}