{"OCP": {"WCH": 132.59528119511617, "ADM": 287.64179932082493}}