{"OLY": {"NAC": 132.59400000000002, "KOW": 121.82868609035286}}