{"SSP": {"PRE": 132.65452663192082, "CSW": 118.45007127039382}}