{"SUN": {"DIS": 198.5823303926243, "TUC": 823.8779532655604, "TSY": 690.6267245988868}, "SUW": {"TKW": 139.92000000000002, "KAT": 124.707}}