{"TUC": {"SUN": 823.8804030491019}, "TUM": {"SIH": 154.4257768280778}}