{"TWO": {"FAN": 412.6406617887754, "TAP": 19.800000000000004}, "TWW": {"MEF": 351.8210210939409}}