{"WCH": {"LET": 185.73203812076125, "OCP": 135.05450507984762}}