{"YMT": {"MOK": 109.9626, "JOR": 126.95100000000002, "HOM": 196.15200000000002}}