{"5": {"6": 161.07862137323724, "305": 85.3980268538936}}