{"5": {"6": 168.89385647906346, "305": 90.68892204184395}}