{"AIR": {"TSY": 1467.4424194636529, "AWE": 120.23103519834926}}