{"CHH": {"KOB": 109.5591846985038, "DIH": 128.46501}, "CHW": {"HFC": 75.34425354}}