{"CIO": {"STW": 121.91678215860001, "SHM": 120.13819339028893}}