{"FOT": {"UNI": 186.44057747554112, "SHT": 155.970941720678}, "FOH": {"NOP": 83.81868, "TIH": 66.0}}