{"HAH": {"TKO": 85.6977004095551, "POA": 129.0782352862298}}