{"HEO": {"MOS": 132.96228, "TSH": 198.00000000000003}}