{"K73-D070": {"K73-D080": 157.31413391100006}, "K76-D020": {"K76-D030": 137.4286807334057}, "K75A-D050": {"K75A-D060": 71.045084}, "K75P-D060": {"K75P-D070": 184.62737082284002}, "K75P-U130": {"K75P-U140": 36.42780372}, "K73-U070": {"K73-U080": 145.2636806348375}, "K73-U060": {"K73-U070": 128.40425855718408}, "K73-U010": {"K73-U020": 70.6218781279}, "K73-U020": {"K73-U030": 161.95113000000006}, "K73-U110": {"K73-U120": 219.0211802010559}, "K75A-D030": {"K75A-D040": 51.152805}, "K75P-U140": {"K75P-D010": 145.44679641635}, "K73-U040": {"K73-U050": 87.48765908992081, "K73-U060": 197.70769413020997}, "K76-U020": {"K76-U030": 158.2405424117294}, "K73-U050": {"K73-U060": 92.32995583828014}, "K75P-D020": {"K75P-D030": 22.21892343}, "K75P-U050": {"K75P-U060": 182.546914}, "K73-U080": {"K73-U090": 278.5126604365534, "K73-U110": 151.4960976711133}, "K75P-D070": {"K75P-D080": 91.86147080000003}, "K76-U040": {"K76-U050": 170.44902759082004}, "K76-D010": {"K76-D020": 170.4235602930641}, "K76-D030": {"K76-D040": 82.72868375037812}, "K75A-D090": {"K75A-D100": 33.69795431717}, "K75P-U080": {"K75P-U090": 48.01079287715599}, "K73-U100": {"K73-U110": 236.85536852999994}, "K75A-D080": {"K75A-D090": 75.6732307142735}, "K75A-D060": {"K75A-D070": 43.049567}, "K76-U030": {"K76-U040": 163.09732479554526}, "K73-U030": {"K73-U040": 85.95073725260002}, "K75A-U030": {"K75A-D010": 233.46070000000003}, "K75A-U010": {"K75A-U020": 48.27392900000001}, "K75P-D010": {"K75P-D020": 129.22183183910002}, "K73-D130": {"K73-D140": 142.03374900000006}, "K73-D100": {"K73-D110": 198.06599999999997}, "K75P-U020": {"K75P-U030": 109.79100000000001}, "K75P-U060": {"K75P-U070": 26.196392351336584}, "K75P-D080": {"K75P-U011": 131.6397903499954}, "K75P-D040": {"K75P-D050": 163.78850730000005}, "K75P-U090": {"K75P-U100": 44.683775862000005}, "K75P-U120": {"K75P-U130": 62.46582452}, "K75A-D010": {"K75A-D020": 194.040187}, "K75P-D050": {"K75P-D060": 74.12123399999999}, "K75A-D040": {"K75A-D050": 58.31539999999999}, "K73-D110": {"K73-D120": 103.37448812900001}, "K73-U090": {"K73-U100": 106.44699579204288}, "K73-D090": {"K73-D100": 48.22653}, "K73-D040": {"K73-D050": 75.37199999999999}, "K76-U010": {"K76-U020": 6.95551074009005}, "K75A-D020": {"K75A-D030": 28.042112999999993}, "K73-D140": {"K73-D150": 198.37026}, "K75P-U110": {"K75P-U120": 78.010822972115}, "K73-D020": {"K73-D030": 90.74141010000002}, "K73-D010": {"K73-D020": 72.75645872000001}, "K75A-D070": {"K75A-D080": 36.6332451001}, "K75P-U010": {"K75P-U020": 89.09670000000001}, "K73-D120": {"K73-D130": 95.89217}, "K75A-D100": {"K75A-D110": 93.96145}, "K73-D030": {"K73-D040": 116.91900000000003}, "K75P-U040": {"K75P-U050": 121.0}, "K75A-U020": {"K75A-U030": 169.98014000000003}, "K75P-D030": {"K75P-D040": 109.36148740614001}, "K75P-U070": {"K75P-U080": 127.63479519999999}, "K75A-D110": {"K75A-U011": 172.7352}, "K73-D080": {"K73-D090": 287.43}, "K75P-U100": {"K75P-U110": 63.40992900000002}, "K73-D150": {"K73-D160": 7.372200000000001}, "K74-D020": {"K74-D030": 145.02339764528094}, "K73-D050": {"K73-D070": 100.98}, "K75P-U030": {"K75P-U040": 134.20000000000002}}