{"KOW": {"OLY": 121.79530547468596, "HOK": 177.7411299489629, "TSY": 661.6520970458517}, "KOT": {"TAW": 320.605310260723, "SKM": 130.79000000000002, "LOF": 132.98999999999998, "MKK": 138.0008851872174}, "KOB": {"NTK": 132.0, "CHH": 186.12}}