{"NAC": {"LAK": 297.3193955454477, "OLY": 77.946, "AUS": 223.92850142135924, "MEF": 173.16570870978592}}