{"OLY": {"NAC": 43.89791999999999, "KOW": 121.78949084458546}}