{"SUN": {"TUC": 823.8745927943104, "DIS": 198.5810624944099, "TSY": 690.6355419441308}, "SUW": {"TKW": 132.0}}