{"TKO": {"HAH": 92.62091374799999, "LHP": 128.59408652416846, "TIK": 128.7968012035331}, "TKW": {"HOM": 132.0}}