{"TUM": {"SIH": 154.4257768280778}, "TUC": {"SUN": 823.8779532655604}}