{"WCH": {"OCP": 145.43379732369513, "LET": 188.07274978175315}}