{"WTS": {"DIH": 117.19448370776013, "LOF": 130.2066531938235}}