{"CHH": {"KOB": 158.9831170829306, "DIH": 120.16297808309999}, "CHW": {"HFC": 97.949545425364}}