{"FOT": {"UNI": 186.44722673007476, "SHT": 155.96456137546923}, "FOH": {"TIH": 125.4, "NOP": 126.258}}