{"K51-U160": {"K51-U170": 63.800000000000004}, "K52-nU270": {"K52-nU280": 160.36558789242366}, "K52-nU290": {"K52-nU300": 38.5}, "K52-nD240": {"K52-nD250": 149.60000000000002}, "K53-U040": {"K53-U050": 86.9}, "K51-U220": {"K51-U230": 31.317000000000007}, "K52A-D010": {"K52A-D020": 277.21900545495805}, "K53-D015": {"K53-D020": 37.499}, "K53-D020": {"K53-D030": 83.80900000000001}, "K52-nD060": {"K52-nD070": 129.34768316859828}, "K52A-U170": {"K52A-U180": 275.366511913542}, "K53-D010": {"K53-D015": 93.665}, "K51-U170": {"K51-U180": 64.9}, "K51-U180": {"K51-U190": 99.55000000000001}, "K53-U050": {"K53-U060": 108.44900000000003}, "K53-U110": {"K53-U120": 81.07000000000001}, "K53-U030": {"K53-U040": 130.9}, "K53-U100": {"K53-U110": 53.9462}, "K52-nD290": {"K52-nD300": 89.10000000000001}, "K53-U140": {"K53-D010": 48.730000000000004}, "K53-U080": {"K53-U090": 64.053}, "K52A-U140": {"K52A-U150": 160.36558789242366}, "K51-D200": {"K51-D210": 115.50000000000001}, "K52-nD260": {"K52-nD270": 34.1}, "K53-D090": {"K53-D100": 32.56}, "K54-D020": {"K54-D030": 132.83968462117588}, "K53-D130": {"K53-D140": 55.00000000000001}, "K53-U120": {"K53-U130": 61.60000000000001}, "K53-D040": {"K53-D050": 56.1}, "K53-D110": {"K53-D120": 149.60000000000002}, "K51-D250": {"K51-D260": 151.8}, "K51-U140": {"K51-U150": 44.0}, "K53-D080": {"K53-D090": 35.2}, "K52A-D060": {"K52A-D070": 129.3476831685983}, "K53-D030": {"K53-D040": 52.800000000000004}, "K53-D060": {"K53-D070": 99.00000000000001}}