{"KF5": {"KF1": 767.8871509959381}, "KF6": {"KF4": 250.95805353701422}, "KF3": {"KF1": 686.7722899500607}, "KF1": {"KF5": 767.8871494723893, "KF3": 686.7722729966556}, "KF4": {"KF6": 250.95803149133923, "KF2": 1022.6260676662718}, "KF2": {"KF4": 1022.6260768052911}}