{"NAC": {"OLY": 136.7615106, "LAK": 297.3240652012878, "MEF": 173.14254853482151, "AUS": 223.95048281911943}}