{"NAC": {"OLY": 120.74130951175648, "LAK": 247.6639288078016, "MEF": 173.14254853482151, "AUS": 215.95989108348675}}