{"SHS": {"LMC": 525.2515339157325, "LOW": 261.75478957028747, "FAN": 145.28829939072125}, "SHT": {"FOT": 208.99011604113758, "TAW": 178.43629872976774}, "SHM": {"TSH": 219.86380595782265, "CIO": 124.09703491259998}, "SHW": {"CEN": 93.87395169579214, "SYP": 150.9838995033783}}