{"TKO": {"LHP": 128.59823683960403, "TIK": 152.86763698800002, "HAH": 138.30300000000003}, "TKW": {"SUW": 132.0}}