{"TKO": {"LHP": 128.5945093025237, "TIK": 167.6803245683738, "HAH": 127.55520462300004}, "TKW": {"SUW": 132.0}}