{"TSW": {"TWH": 66.0}, "TSY": {"LAK": 180.9690990779847, "AIR": 1467.4419967686915, "SUN": 690.6274650845919, "KOW": 661.6534200635916}, "TST": {"JOR": 122.25180957000002, "ADM": 176.37319717532768}, "TSH": {"SHM": 216.41288731000813, "HEO": 179.08000000000004}}