{"TSW": {"TWH": 66.0}, "TSY": {"LAK": 180.93605452599257, "AIR": 1467.4399331168115, "SUN": 690.6339937724717, "KOW": 661.6695615099304}, "TST": {"JOR": 132.693, "ADM": 176.36743963073937}, "TSH": {"SHM": 216.41829374487838, "HEO": 191.40000000000003}}