{"TUC": {"SUN": 823.8869220481508}, "TUM": {"SIH": 154.45979989193663}}