{"WCH": {"OCP": 161.32787768836857, "LET": 189.86911969766484}}