{"WTS": {"DIH": 127.06760000000004, "LOF": 126.94000000000001}}