{"YUL": {"KSR": 252.12409651863646, "LOP": 130.33868042799998}}