{"CHW": {"HFC": 126.06000000000002}, "CHH": {"KOB": 152.88966000000002}}