{"DIS": {"SUN": 198.5803960903085}, "DIH": {"WTS": 126.17, "KAT": 198.00000000000003, "HIK": 333.0186672149299}}