{"JOR": {"TST": 121.9725246847953, "YMT": 129.5013701628588}}