{"K53-U050": {"K53-U060": 112.53082807706926}, "K51-U230": {"K51-U240": 38.375787731603864}, "K53-U120": {"K53-U130": 63.12507026809328}, "K53-D080": {"K53-D090": 28.888670866403498}, "K53-U080": {"K53-U090": 58.556362605272895}, "K53-U090": {"K53-U100": 83.90867821123359}, "K51-D120": {"K51-D130": 29.49117982594449}, "K53-U100": {"K53-U110": 57.55775847867956}, "K51-D130": {"K51-D140": 33.29229549204289}, "K52-nD280": {"K52-nD290": 65.34234682511581}, "K52-nU290": {"K52-nU300": 42.13804165782125}, "K53-U030": {"K53-U040": 164.7648170326703}, "K54-D060": {"K54-D070": 123.50212940844494}, "K51-U120": {"K51-U130": 104.29852381659362}, "K53-D150": {"K53-D160": 113.40935832238684}, "K52-nU030": {"K52-nU040": 101.0595151792151}, "K52-nD240": {"K52-nD250": 138.665802695589}, "K53-D060": {"K53-D070": 109.66463100912799}, "K53-U130": {"K53-U140": 47.74863060493731}, "K51-U190": {"K51-U200": 69.1880640072776}, "K52-nD180": {"K52-nD190": 101.7540849151147}, "K52-nD210": {"K52-nD220": 159.56971327568598}, "K52-nU150": {"K52-nU160": 70.00625529688031}, "K54-U060": {"K54-U070": 179.81557092361888}, "K53-D050": {"K53-D060": 52.337973994548655}, "K52A-D010": {"K52A-D020": 277.2241479122243}, "K53-D140": {"K53-D150": 109.54714687839632}, "K53-U040": {"K53-U050": 104.89852054876492}, "K52-nD190": {"K52-nD200": 119.23516434701926}, "K51-D230": {"K51-D240": 63.52633332434033}, "K52-nU270": {"K52-nU280": 160.36005717648064}, "K51-D140": {"K51-D150": 54.04465275}, "K53-U110": {"K53-U120": 80.57767578070303}, "K52-nU200": {"K52-nU210": 69.50129445767433}, "K52-nU260": {"K52-nU270": 53.600459156160014}, "K51-U200": {"K51-U210": 74.50739405086999}, "K51-U170": {"K51-U180": 64.12680881856595}, "K52-nD080": {"K52-nD090": 42.26681798900001}, "K53-U060": {"K53-U070": 47.556090941462}, "K53-D015": {"K53-D020": 43.080718524503716}, "K51-U130": {"K51-U140": 52.84720898204695}, "K52A-U140": {"K52A-U150": 160.35794967008536}, "K52-nD220": {"K52-nD230": 100.01720094629222}, "K51-U210": {"K51-U220": 37.8986849871636}, "K54-U070": {"K54-D010": 127.45217474965986}, "K53-D070": {"K53-D080": 34.44001704327119}, "K52-nD270": {"K52-nD280": 70.72178731980007}, "K53-D130": {"K53-D140": 62.5796392080671}, "K52-nD160": {"K52-nD170": 127.56664178299005}, "K51-U020": {"K51-U030": 76.1377079825273}, "K51-U220": {"K51-U230": 51.05031286791265}, "K53-U020": {"K53-U030": 122.28695632747979}, "K51-U070": {"K51-U080": 153.73968528983002}, "K51-U060": {"K51-U070": 248.5360948667}, "K51-U100": {"K51-U110": 166.1874517234365}, "K52-nD100": {"K52-nD110": 51.459234656060005}, "K51-D250": {"K51-D260": 162.183898335779}, "K51-D260": {"K51-D270": 51.92737792927113}, "K52-nU170": {"K52-nU180": 115.02924008637702}, "K52-nU180": {"K52-nU190": 51.80562405838418}, "K51-D280": {"K51-D290": 73.01713547320094}, "K53-D100": {"K53-D110": 55.23855913319687}, "K52-nD110": {"K52-nD120": 146.29402965310734}, "K53-D040": {"K53-D050": 55.04849952656864}, "K52-nD060": {"K52-nD070": 126.11162336656461}, "K51-D210": {"K51-D220": 109.0490776507}, "K53-D020": {"K53-D030": 84.76625006381971}, "K51-D020": {"K51-D030": 49.583635211000015}, "K54-D020": {"K54-D030": 148.77158310018538}, "K52-nU280": {"K52-nU290": 39.90783578553302}, "K52A-D060": {"K52A-D070": 129.34768316859828}, "K52-nU110": {"K52-nU120": 132.08187851153005}, "K54-D050": {"K54-D060": 67.72644889471839}, "K52-nD030": {"K52-nD040": 14.8743984725841}, "K52-nD120": {"K52-nD130": 34.26863706376}, "K54-U010": {"K54-U020": 59.85246762181502}, "K53-U140": {"K53-D010": 63.95380422714735}, "K52-nU060": {"K52-nU070": 83.73797379679543}, "K51-D150": {"K51-D160": 134.6509417}, "K52-nD140": {"K52-nD150": 98.64279106833699}, "K52-nU220": {"K52-nU230": 81.00168363729998}, "K52-nU250": {"K52-nU260": 60.13132271036012}, "K53-U010": {"K53-U020": 235.98403506331593}, "K51-D040": {"K51-D050": 39.734558435085866}, "K52-nU080": {"K52-nU090": 53.59978170679002}, "K51-U080": {"K51-U090": 138.66799070054628}, "K52-nU090": {"K52-nU100": 77.95924580525525}, "K53-D030": {"K53-D040": 58.171765311915784}, "K54-D030": {"K54-D040": 50.931439769850265}, "K53-U070": {"K53-U080": 38.25343895044408}, "K53-D120": {"K53-D130": 37.4267071806755}, "K51-D030": {"K51-D040": 39.232520095052266}, "K52-nU120": {"K52-nU140": 89.55603161490941}, "K52-nU210": {"K52-nU220": 66.074737454494}, "K52-nD230": {"K52-nD240": 141.85084161498665}, "K51-D240": {"K51-D250": 93.3556809403559}, "K54-U030": {"K54-U040": 100.649557315329}, "K53-D090": {"K53-D100": 31.754163966277655}, "K52-nD170": {"K52-nD180": 82.87338951178322}, "K52-nD130": {"K52-nD140": 74.30873703}, "K54-U050": {"K54-U060": 282.44447}, "K51-D200": {"K51-D210": 113.63990349895667}, "K51-U090": {"K51-U100": 127.21419552500461}, "K51-D180": {"K51-D190": 133.12709575}, "K52-nD070": {"K52-nD080": 85.8017168364}, "K51-U240": {"K51-U250": 96.370107501214}, "K52-nD150": {"K52-nD160": 68.46963246198898}, "K52-nU190": {"K52-nU200": 122.76179087230648}, "K51-D100": {"K51-D110": 126.7962403267064}, "K52-nD200": {"K52-nD210": 107.130066279211}, "K51-U040": {"K51-U050": 104.54733516332776}, "K51-D050": {"K51-D060": 40.44227087177233}, "K52-nU160": {"K52-nU170": 31.68573645473279}, "K54-U040": {"K54-U050": 105.7621158163259}, "K51-D110": {"K51-D120": 41.5039422}, "K51-U150": {"K51-U160": 67.02450540214384}, "K51-D090": {"K51-D100": 71.41622360669102}, "K52-nD260": {"K52-nD270": 48.326568870010746}, "K52A-U170": {"K52A-U180": 275.3301891049081}, "K51-U110": {"K51-U120": 100.05192489600002}, "K51-D170": {"K51-D180": 71.89000500000002}, "K53-D110": {"K53-D120": 127.29489038898996}, "K51-D070": {"K51-D080": 45.50722908473831}, "K51-D190": {"K51-D200": 101.1185643053641}, "K51-U050": {"K51-U060": 244.51498449590372}, "K52-nD050": {"K52-nD060": 28.664999907911408}, "K52-nU010": {"K52-nU020": 39.3936092}, "K52-nD020": {"K52-nD030": 14.140399480232716}, "K52-nD250": {"K52-nD260": 143.3619253341}, "K51-D270": {"K51-D280": 73.00283956189881}, "K51-D080": {"K51-D090": 96.69078287211707}, "K52-nU070": {"K52-nU080": 80.3504866813}, "K51-U030": {"K51-U040": 56.87088474877661}, "K54-D010": {"K54-D020": 93.77483631689772}, "K53-D010": {"K53-D015": 84.15164054592935}, "K54-U020": {"K54-U030": 84.38167023880703}, "K52-nU050": {"K52-nU060": 194.661209855985}, "K52-nD290": {"K52-nD300": 90.99853439612833}, "K51-D160": {"K51-D170": 49.257163802506}, "K51-U160": {"K51-U170": 84.67061573458109}, "K52-nD010": {"K52-nD020": 18.78358325210001}, "K51-U010": {"K51-U020": 33.740015132009994}, "K52-nU230": {"K52-nU240": 62.26278517597475}, "K51-D060": {"K51-D070": 42.297414753}, "K52-nU140": {"K52-nU150": 100.997562879}, "K51-U140": {"K51-U150": 46.11964060476738}, "K52-nD040": {"K52-nD050": 13.933078929137503}, "K51-U180": {"K51-U190": 90.7998058101213}, "K52-nD090": {"K52-nD100": 50.789538255500005}, "K52-nU300": {"K52-nU310": 41.02117281669}, "K52-nU240": {"K52-nU250": 43.72381453}, "K54-D040": {"K54-D050": 141.97794010161778}, "K51-D220": {"K51-D230": 237.71978271880002}, "K51-D010": {"K51-D020": 66.78677857067001}, "K52-nU100": {"K52-nU110": 120.89253041030004}, "K54A-D030": {"K54A-D040": 70.04015567519964}, "K54A-U020": {"K54A-U030": 66.19474712370571}, "K54A-U010": {"K54A-U020": 57.26123460839271}, "K54A-D020": {"K54A-D030": 152.61906267811904}, "K54A-U040": {"K54A-U050": 107.51405983978573}, "K54A-D040": {"K54A-D050": 127.58320152263164}, "K54A-U030": {"K54A-U040": 96.24061623413749}, "K52-nU020": {"K52-nU030": 56.69322882533419}, "K54A-D010": {"K54A-D020": 194.67054157544217}, "K52-nU040": {"K52-nU050": 42.231116}}