{"K76-D020": {"K76-D030": 110.83600000000001}, "K73-U080": {"K73-U110": 151.48186865393546, "K73-U090": 291.83000000000004}, "K75A-D060": {"K75A-D070": 19.910000000000004}, "K73-D130": {"K73-D140": 135.3}, "K73-U020": {"K73-U030": 159.5}, "K75P-U010": {"K75P-U020": 78.10000000000001}, "K73-U060": {"K73-U070": 129.76238000000004}, "K75P-D040": {"K75P-D050": 164.67000000000002}, "K75A-D070": {"K75A-D080": 31.130000000000003}, "K75A-D050": {"K75A-D060": 56.843600000000016}, "K75P-U140": {"K75P-D010": 122.54}, "K73-D150": {"K73-D160": 45.089000000000006}, "K73-U070": {"K73-U080": 127.87631999999999}, "K75P-U130": {"K75P-U140": 35.2}, "K73-U040": {"K73-U050": 76.59080000000002, "K73-U060": 158.4}, "K73-U030": {"K73-U040": 58.07736}, "K75P-U110": {"K75P-U120": 72.908}, "K76-U030": {"K76-U040": 163.08542665805479}, "K75P-U100": {"K75P-U110": 59.290000000000006}, "K73-D080": {"K73-D090": 272.8}, "K76-D010": {"K76-D020": 170.46999712774624}, "K75P-D030": {"K75P-D040": 100.10000000000001}, "K75P-U080": {"K75P-U090": 30.800000000000004}, "K73-U050": {"K73-U060": 78.66100000000002}, "K73-D050": {"K73-D070": 86.9}, "K73-U110": {"K73-U120": 164.57100000000003}, "K75P-U070": {"K75P-U080": 80.99300000000001}, "K75P-D070": {"K75P-D080": 88.20900000000002}, "K75P-U020": {"K75P-U030": 89.10000000000001}, "K75P-D050": {"K75P-D060": 77.77000000000001}, "K73-D030": {"K73-D040": 110.33000000000001}, "K73-D110": {"K73-D120": 77.0}, "K73-D090": {"K73-D100": 77.33}, "K73-U090": {"K73-U100": 78.10000000000001}, "K75A-D090": {"K75A-D100": 42.900000000000006}, "K76-D030": {"K76-D040": 77.0}, "K75A-D040": {"K75A-D050": 34.1}, "K75A-D100": {"K75A-D110": 90.2}, "K75P-U060": {"K75P-U070": 30.800000000000004}, "K75P-D060": {"K75P-D070": 163.02000000000004}, "K75P-U120": {"K75P-U130": 63.910000000000004}, "K73-U100": {"K73-U110": 207.9}, "K73-D040": {"K73-D050": 80.30000000000001}, "K75P-U090": {"K75P-U100": 16.5}, "K75P-D010": {"K75P-D020": 100.10000000000001}, "K73-D010": {"K73-D020": 67.10000000000001}}