{"KF1": {"KF5": 767.8864600356983, "KF3": 686.738650128146}, "KF4": {"KF6": 250.94055840711567, "KF2": 1022.616030642881}, "KF3": {"KF1": 686.7450434187183}, "KF6": {"KF4": 250.94055840711567}, "KF5": {"KF1": 767.8866475069555}, "KF2": {"KF4": 1022.60716155966}}