{"LAK": {"NAC": 297.32236455084194, "TSY": 180.92629365878497, "MEF": 125.9965283174981, "KWF": 150.77700000000002}, "LAT": {"KWT": 87.461}}