{"LET": {"WCH": 179.34841231067728, "SOH": 95.43061982366315}}