{"OLY": {"KOW": 137.87847547391192, "NAC": 137.58500073878585}}