{"QUB": {"YAT": 249.65149270946054, "NOP": 115.22559812774395, "TAK": 132.0}}