{"SHS": {"LMC": 525.2514917095071, "LOW": 261.75481672194667, "FAN": 125.75901803963193}, "SHT": {"FOT": 155.9474864675407, "TAW": 129.07305767011044}, "SHW": {"SYP": 166.77423387774598, "CEN": 119.90359898021268}, "SHM": {"CIO": 133.10678279832865, "TSH": 216.38983882450867}}