{"SKM": {"PRE": 121.21733093794498, "KOT": 166.52373226387814}, "SKW": {"SWH": 108.96296451833341, "HFC": 155.31003820843134}}