{"TIK": {"TKO": 87.519366, "YAT": 141.4205937615855}, "TIH": {"CAB": 132.0}, "TIS": {"SIH": 389.45901890279873, "LOP": 173.90155338871207}}