{"WCH": {"OCP": 153.80844236366397, "LET": 190.39061945169811}}