{"WCH": {"OCP": 146.9189106, "LET": 198.35075106000002}}