{"HFC": {"CHW": 127.32311617011524, "SKW": 47.7979135823676}}