{"K75P-U100": {"K75P-U110": 74.70136143074001}, "K73-D150": {"K73-D160": 43.46607099999999}, "K73-U030": {"K73-U040": 93.8223692441046}, "K73-U080": {"K73-U110": 151.4960976711133, "K73-U090": 256.52236869169354}, "K76-D010": {"K76-D020": 170.42283502768714}, "K73-U020": {"K73-U030": 173.55249999999998}, "K75P-D070": {"K75P-D080": 91.75499164040002}, "K75P-U120": {"K75P-U130": 71.38923587180001}, "K73-D080": {"K73-D090": 262.02000000000004}, "K75P-U140": {"K75P-D010": 157.64760000000007}, "K76-U020": {"K76-U030": 135.19604308292304}, "K73-U010": {"K73-U020": 69.35665000000002}, "K75P-U110": {"K75P-U120": 88.00252575367001}, "K75A-D070": {"K75A-D080": 44.55023980000001}, "K76-U030": {"K76-U040": 163.09799536324883}, "K75A-D050": {"K75A-D060": 82.98255900000001}, "K73-U040": {"K73-U060": 216.34227999999993, "K73-U050": 119.57629120605236}, "K75P-U050": {"K75P-U060": 147.40000000000003}, "K76-D020": {"K76-D030": 123.75447919068002}, "K75P-D040": {"K75P-D050": 180.102505}, "K73-D050": {"K73-D070": 101.57006295733}, "K74-D080": {"K74-D090": 156.20000000000002}, "K73-D110": {"K73-D120": 52.211590222000005}, "K75P-D060": {"K75P-D070": 188.08979756600004}, "K73-U090": {"K73-U100": 185.29137000000006}, "K73-U100": {"K73-U110": 263.28526697297}, "K75P-U080": {"K75P-U090": 45.321870000000004}, "K75A-D030": {"K75A-D040": 55.478324}, "K74-U100": {"K74-D010": 126.89600000000003}, "K76-U040": {"K76-U050": 265.854996}, "K73-U070": {"K73-U080": 163.54878743192654}, "K73-U050": {"K73-U060": 115.61765464116293}, "K75P-D030": {"K75P-D040": 131.14623643}, "K74-D040": {"K74-D050": 79.85010000000003}, "K74-D070": {"K74-D080": 258.544}, "K75P-D010": {"K75P-D020": 147.65721323342}, "K73-U060": {"K73-U070": 146.7590628108018}, "K75A-D110": {"K75A-U011": 177.402984}, "K74-D010": {"K74-D020": 159.20058}, "K73-U110": {"K73-U120": 196.1174431254925}, "K75A-U020": {"K75A-U030": 153.1046}, "K76-D030": {"K76-D040": 45.68933454329384}, "K73-D120": {"K73-D130": 118.173}, "K75P-D020": {"K75P-D030": 40.206260335879}, "K73-D030": {"K73-D040": 118.06850671000002}, "K73-D090": {"K73-D100": 81.49790000000003}, "K75P-U030": {"K75P-U040": 125.26733999999999}, "K74-D020": {"K74-D030": 145.03112256127426}, "K75P-U070": {"K75P-U080": 121.07832}, "K73-D140": {"K73-D150": 205.7759}, "K74-U070": {"K74-U080": 159.5198}, "K75P-D050": {"K75P-D060": 109.41641910100002}, "K75A-U010": {"K75A-U020": 53.214458}, "K75A-D080": {"K75A-D090": 145.3386}, "K75P-U130": {"K75P-U140": 24.832518700000005}, "K75A-D090": {"K75A-D100": 64.28670306080001}, "K75P-U010": {"K75P-U020": 102.69479000000001}, "K73-D100": {"K73-D110": 206.79670000000002}, "K76-U010": {"K76-U020": 6.006346469079331}, "K73-D020": {"K73-D030": 86.78999999999999}, "K75A-D060": {"K75A-D070": 55.15400000000001}, "K74-U010": {"K74-U020": 190.75540000000004}, "K74-U020": {"K74-U030": 106.10952}, "K75A-D100": {"K75A-D110": 118.48058640000002}, "K75A-D040": {"K75A-D050": 61.42147}, "K73-D010": {"K73-D020": 75.92618000000002}, "K75P-U090": {"K75P-U100": 41.381764908}, "K75P-D080": {"K75P-U011": 151.76655999999997}, "K75A-D020": {"K75A-D030": 27.3405}, "K75P-U060": {"K75P-U070": 56.758991905}, "K75A-D010": {"K75A-D020": 251.07995715000007}, "K75A-U030": {"K75A-D010": 232.74900000000002}, "K74-U030": {"K74-U040": 308.0}, "K75P-U040": {"K75P-U050": 116.34700000000002}, "K74-U090": {"K74-U100": 232.87000000000003}, "K74-U040": {"K74-U050": 316.8}, "K75P-U020": {"K75P-U030": 111.38600000000001}, "K74-D090": {"K74-U011": 68.31000000000002}, "K74-D050": {"K74-D060": 100.10000000000001}, "K73-D130": {"K73-D140": 148.5}, "K74-U001": {"K74-U004": 150.98489999999998}, "K73-D040": {"K73-D050": 83.25900000000001}, "K73-D070": {"K73-D080": 151.03000000000003}, "K74-D100": {"K74-D110": 80.36622000000003}, "K74-U004": {"K74-U007": 113.311}, "K74-D030": {"K74-D040": 168.3}, "K74-U011": {"K74-D100": 146.63000000000002}, "K74-U080": {"K74-U090": 250.8}}