{"KOW": {"OLY": 121.78096601539512, "HOK": 177.7398462276094, "TSY": 661.6520970458517}, "KOT": {"SKM": 50.98599, "TAW": 320.6092177449023, "MKK": 138.003473656585, "LOF": 52.17234}, "KOB": {"NTK": 44.193599999999996, "CHH": 91.08000000000001}}