{"LAT": {"KWT": 13.2, "YAT": 10.691999999999998}, "LAK": {"MEF": 126.00247096719697, "NAC": 297.3185821296115, "KWF": 78.86999999999999, "TSY": 180.9473314099965}}