{"LCK": {"MEF": 35.38891807931999, "CSW": 31.048054098175044}}