{"MOK": {"PRE": 93.66105100000001, "YMT": 21.82422}}