{"MOK": {"PRE": 126.81900000000003, "YMT": 11.879999999999999}}