{"OCP": {"ADM": 287.6573652005542, "WCH": 132.914166}}