{"OLY": {"KOW": 121.78478099420406, "NAC": 120.05400000000002}}