{"QUB": {"YAT": 249.65915078599573, "TAK": 107.25, "NOP": 26.55785521836617}}