{"SUN": {"TUC": 823.8816551506455, "DIS": 198.5823169619302, "TSY": 690.6274650845919}, "SUW": {"KAT": 0.0, "TKW": 118.8}}