{"TAP": {"UNI": 430.1233820084075, "TWO": 6.6}, "TAW": {"HIK": 20.374200000000002, "SHT": 80.22333660000001, "KOT": 320.6092177449023, "CKT": 11.286000000000001}, "TAK": {"SWH": 11.879999999999999, "QUB": 29.207199999999993}}