{"TIK": {"TKO": 43.265629959038634, "YAT": 141.42193166988946}, "TIH": {"FOH": 132.693, "CAB": 60.17}, "TIS": {"LOP": 173.90976714657384, "SIH": 389.4434654085098}}