{"TKO": {"LHP": 128.59823683960403, "HAH": 0.0, "TIK": 22.572000000000003}}