{"TWW": {"MEF": 351.82771904869134, "KSR": 712.0324774026626}, "TWH": {"KWH": 4.95}, "TWO": {"TAP": 118.8, "FAN": 412.6374703343299}}