{"1": {"2": 39.42605293083686, "6": 67.59926337095365}}