{"AUS": {"NAC": 223.94358482358538, "ETS": 126.15708930000002}}