{"HEO": {"TSH": 129.84061138700002, "MOS": 120.21738905999999}}