{"HIK": {"DIH": 333.010580024489, "TAW": 140.91000000000003}}