{"HUH": {"HOM": 139.92000000000002, "EXC": 199.69863561705438, "MKK": 188.3314436115314}}