{"K75A-D090": {"K75A-D100": 33.370373597000004}, "K73-D130": {"K73-D140": 158.30057539999999}, "K76-D010": {"K76-D020": 170.41977656110924}, "K73-D120": {"K73-D130": 116.63021919999997}, "K73-D020": {"K73-D030": 96.91367631}, "K73-U050": {"K73-U060": 95.18215770168969}, "K76-U030": {"K76-U040": 163.09916604422796}, "K75P-U130": {"K75P-U140": 39.756309112465}, "K75A-U010": {"K75A-U020": 47.970843789}, "K73-U090": {"K73-U100": 106.33573018488771}, "K73-U080": {"K73-U110": 151.49429490620014, "K73-U090": 282.755059312}, "K75P-U100": {"K75P-U110": 50.4669654619086}, "K73-U070": {"K73-U080": 158.23782767809251}, "K76-D030": {"K76-D040": 73.44672822050268}, "K75P-D080": {"K75P-U011": 145.28629685830705}, "K75A-D110": {"K75A-U011": 154.16919769207001}, "K76-U010": {"K76-U020": 15.044807306284468}, "K73-U110": {"K73-U120": 204.65770476394573}, "K75A-D020": {"K75A-D030": 31.592000000000006}, "K76-U020": {"K76-U030": 122.35889213408305}, "K75P-D040": {"K75P-D050": 160.90334700000002}, "K75A-U020": {"K75A-U030": 153.46991}, "K73-U010": {"K73-U020": 71.061246168}, "K75P-D060": {"K75P-D070": 187.506627}, "K73-U020": {"K73-U030": 203.08515700000004}, "K73-U030": {"K73-U040": 86.62523666590492}, "K73-D040": {"K73-D050": 86.3620241}, "K75P-U080": {"K75P-U090": 47.82332669409662}, "K73-U060": {"K73-U070": 132.45606279776507}, "K75P-U060": {"K75P-U070": 26.873442845637193}, "K73-U040": {"K73-U050": 99.57698594664478, "K73-U060": 206.42289139999997}, "K75A-U030": {"K75A-D010": 237.48551656848994}, "K75P-U110": {"K75P-U120": 82.20457959681002}, "K75A-D080": {"K75A-D090": 81.6188351}, "K75P-U090": {"K75P-U100": 39.78994546768472}, "K76-U040": {"K76-U050": 179.72669724383002}, "K73-D050": {"K73-D070": 107.4469}, "K73-D080": {"K73-D090": 275.92249300000003}, "K75A-D050": {"K75A-D060": 69.87587398000001}, "K75P-U120": {"K75P-U130": 62.94964988822575}, "K74-D020": {"K74-D030": 145.03112256127426}, "K73-D110": {"K73-D120": 107.9826}, "K75P-D020": {"K75P-D030": 32.590866958102175}, "K73-U100": {"K73-U110": 218.1977337401326}, "K73-D100": {"K73-D110": 203.17000000000002}, "K75P-D050": {"K75P-D060": 79.60067999831203}, "K75P-D070": {"K75P-D080": 97.22519690059}, "K73-D070": {"K73-D080": 162.22764800000002}, "K73-D030": {"K73-D040": 118.7139008}, "K75A-D010": {"K75A-D020": 193.750381}, "K75A-D030": {"K75A-D040": 52.082800000000006}, "K75P-U140": {"K75P-D010": 156.78202100000004}, "K75P-D030": {"K75P-D040": 114.99719}, "K73-D150": {"K73-D160": 51.254382848900015}, "K75A-D040": {"K75A-D050": 49.0501}, "K75P-U020": {"K75P-U030": 86.95500000000001}, "K76-D020": {"K76-D030": 136.04138632687668}, "K75P-U030": {"K75P-U040": 112.31803}, "K75P-U070": {"K75P-U080": 120.25442000000001}, "K73-D010": {"K73-D020": 74.72190000000002}, "K75A-D100": {"K75A-D110": 91.37863581}, "K75A-D060": {"K75A-D070": 39.93000000000001}, "K75P-D010": {"K75P-D020": 144.40706500000005}, "K75P-U010": {"K75P-U020": 100.87110000000001}, "K75A-D070": {"K75A-D080": 31.3302}, "K75P-U040": {"K75P-U050": 95.50420000000001}, "K73-D140": {"K73-D150": 219.70080000000002}, "K73-D090": {"K73-D100": 84.69459900000001}}