{"K75A-D090": {"K75A-D100": 26.917}, "K73-D130": {"K73-D140": 159.02259999999998}, "K76-D010": {"K76-D020": 170.46999712774624}, "K73-D120": {"K73-D130": 122.10000000000001}, "K73-D020": {"K73-D030": 94.71000000000001}, "K73-U050": {"K73-U060": 100.57888115000003}, "K76-U030": {"K76-U040": 163.08542665805479}, "K75P-U130": {"K75P-U140": 48.9665}, "K75A-U010": {"K75A-U020": 48.12610000000001}, "K73-U090": {"K73-U100": 109.80501444000001}, "K73-U080": {"K73-U110": 151.48186865393546, "K73-U090": 280.5}, "K75P-U100": {"K75P-U110": 33.05566}, "K73-U070": {"K73-U080": 168.44047740739998}, "K76-D030": {"K76-D040": 90.343}, "K75P-D080": {"K75P-U011": 156.563}, "K75A-D110": {"K75A-U011": 163.13000000000002}, "K76-U010": {"K76-U020": 11.583}, "K73-U110": {"K73-U120": 216.72420000000002}, "K75A-D020": {"K75A-D030": 31.680000000000007}, "K76-U020": {"K76-U030": 98.747}, "K75P-D040": {"K75P-D050": 155.87000000000003}, "K75A-U020": {"K75A-U030": 159.5}, "K73-U010": {"K73-U020": 75.548}, "K75P-D060": {"K75P-D070": 182.60000000000002}, "K73-U020": {"K73-U030": 205.70000000000002}, "K73-U030": {"K73-U040": 92.17559999999999}, "K73-D040": {"K73-D050": 88.0}, "K75P-U080": {"K75P-U090": 47.410000000000004}, "K73-U060": {"K73-U070": 113.13874000000003}, "K75P-U060": {"K75P-U070": 28.411900000000003}, "K73-U040": {"K73-U050": 87.169808, "K73-U060": 223.3}, "K75A-U030": {"K75A-D010": 247.53300000000004}, "K75P-U110": {"K75P-U120": 82.78490000000002}, "K75A-D080": {"K75A-D090": 83.391}, "K75P-U090": {"K75P-U100": 28.767199999999995}, "K76-U040": {"K76-U050": 186.67000000000002}, "K73-D050": {"K73-D070": 108.9}, "K73-D080": {"K73-D090": 272.217}, "K75A-D050": {"K75A-D060": 70.18}, "K75P-U120": {"K75P-U130": 62.81}, "K74-D020": {"K74-D030": 145.03112256127426}, "K73-D110": {"K73-D120": 114.4}, "K75P-D020": {"K75P-D030": 34.10000000000001}, "K73-U100": {"K73-U110": 231.99000000000007}, "K73-D100": {"K73-D110": 202.4}, "K75P-D050": {"K75P-D060": 72.82000000000001}, "K75P-D070": {"K75P-D080": 93.50000000000001}, "K73-D070": {"K73-D080": 168.3}, "K73-D030": {"K73-D040": 122.32000000000002}, "K75A-D010": {"K75A-D020": 191.4}, "K75A-D030": {"K75A-D040": 52.800000000000004}, "K75P-U140": {"K75P-D010": 160.60000000000002}, "K75P-D030": {"K75P-D040": 118.80000000000001}, "K73-D150": {"K73-D160": 52.800000000000004}, "K75A-D040": {"K75A-D050": 48.400000000000006}, "K75P-U020": {"K75P-U030": 89.10000000000001}}