{"KOW": {"TSY": 661.6576945093816, "HOK": 177.73785893755138, "OLY": 121.81134644478485}, "KOT": {"MKK": 138.00004887518625, "TAW": 320.61962553603695, "SKM": 126.06000000000002, "LOF": 118.8}, "KOB": {"CHH": 0.0, "NTK": 66.0}}