{"KWH": {"KWF": 126.06000000000002, "TWH": 19.800000000000004}, "KWF": {"KWH": 118.8, "LAK": 198.00000000000003}}