{"LAK": {"TSY": 180.95776369700064, "NAC": 297.3193955454477, "MEF": 126.00069475086632, "KWF": 0.0}, "LAT": {"KWT": 132.0, "YAT": 132.0}}