{"LAK": {"TSY": 180.8794515981353, "NAC": 280.48528880203764, "MEF": 129.78642222530715, "KWF": 93.439076234911}, "LAT": {"KWT": 126.70978173809996, "YAT": 96.24430738981772}}