{"OCP": {"ADM": 287.6601885763953, "WCH": 132.68872352274}}