{"TAW": {"KOT": 320.61276485345485, "SHT": 66.3342763446, "CKT": 118.47}, "TAP": {"TWO": 112.39498255920003, "UNI": 430.1227065712292}, "TAK": {"SWH": 126.06000000000002}}