{"TST": {"JOR": 132.0, "ADM": 176.36743963073937}, "TSY": {"LAK": 180.93605452599257, "AIR": 1467.4424194636529, "SUN": 690.6254583683307, "KOW": 661.6556606057515}, "TSH": {"HEO": 132.0, "SHM": 216.38983882450867}}