{"WCH": {"LET": 180.00400000000005, "OCP": 136.92425999999998}}