{"1": {"2": 67.10000000000001, "6": 79.31000000000002}}