{"CHH": {"DIH": 111.68519999999998, "KOB": 25.740000000000002}, "CHW": {"HFC": 60.58800000000001}}