{"FOH": {"TIH": 11.879999999999999, "NOP": 0.0}, "FOT": {"UNI": 186.42626160790937, "SHT": 155.96646841591908}}