{"JOR": {"YMT": 38.075366914900656, "TST": 35.989647827361686}}