{"K66-D210": {"K66-D220": 132.0}, "K68-U030": {"K68-U040": 51.7}, "K66-U190": {"K66-U200": 75.9}, "K66-U010": {"K66-U020": 144.10000000000002}, "K65A-D060": {"K65A-D070": 75.9}, "K66-D190": {"K66-D200": 92.4}, "K65A-U040": {"K65A-U050": 86.79}, "K65-U190": {"K65-U200": 60.50000000000001}, "K66-U170": {"K66-U180": 38.5}, "K66-U120": {"K66-U130": 61.710000000000015}, "K65A-U060": {"K65A-U070": 57.09000000000001}, "K65-U070": {"K65-U080": 74.8}, "K65A-U110": {"K65A-U120": 85.80000000000001}, "K65-D090": {"K65-D100": 134.20000000000002}, "K66-D120": {"K66-D130": 62.7}, "K68-D030": {"K68-D040": 96.80000000000001}, "K66-D060": {"K66-D070": 42.900000000000006}, "K66-D230": {"K66-D240": 107.80000000000001}, "K66-D140": {"K66-D150": 112.2}, "K66-D100": {"K66-D110": 42.02}, "K65A-U100": {"K65A-U110": 52.800000000000004}, "K65-D020": {"K65-D030": 93.94000000000001}, "K65A-U050": {"K65A-U060": 52.184000000000005}, "K66-U140": {"K66-U150": 60.50000000000001}, "K66-U050": {"K66-U060": 44.0}, "K66-D030": {"K66-D040": 70.4}, "K65-U050": {"K65-U060": 128.70000000000002}, "K66-D040": {"K66-D050": 35.2}, "K68-U060": {"K68-U070": 57.2}}