{"KF6": {"KF4": 250.95614001635417}, "KF4": {"KF2": 1022.62401885426, "KF6": 250.95569096071114}, "KF1": {"KF3": 686.7705380187961, "KF5": 767.8870761181398}, "KF2": {"KF4": 1022.6232489284}, "KF5": {"KF1": 767.8870904998887}, "KF3": {"KF1": 686.7672485068595}}