{"KWH": {"TWH": 118.54220400000004, "KWF": 0.0}, "KWF": {"KWH": 10.691999999999998, "LAK": 4.811399999999999}, "KWT": {"LAT": 78.53999999999999, "NTK": 30.76161}}