{"LET": {"WCH": 112.27474508387823, "SOH": 91.38183980575879}}