{"MOK": {"PRE": 40.72014724485022, "YMT": 53.18659087083429}, "MOS": {"HEO": 144.6412, "WKS": 157.65805693440143}}