{"TKO": {"LHP": 128.5917556559454, "TIK": 32.990167455574365, "HAH": 54.52722491886252}, "TKW": {"HOM": 132.0}}