{"TWO": {"FAN": 412.63138878591633, "TAP": 106.27967449164835}, "TWW": {"KSR": 712.0204064812466, "MEF": 351.85240496374}, "TWH": {"KWH": 6.692794480774599, "TSW": 74.49370969882287}}