{"WCH": {"LET": 35.08758, "OCP": 89.69166818889914}}