{"WCH": {"LET": 35.08758, "OCP": 92.3240757654435}}