{"YAT": {"TIK": 141.42199757780037, "LAT": 25.0272, "QUB": 249.6535301223857}}