{"DIS": {"SUN": 198.58233382337278}, "DIH": {"HIK": 333.0436978780634, "CHH": 132.0, "WTS": 127.5149981589, "KAT": 205.92000000000002}}