{"ETS": {"AUS": 198.00000000000003, "HUH": 179.78725328267547}}