{"HAH": {"TKO": 118.31000183018985, "POA": 155.3499425807932}}