{"HUH": {"MKK": 188.36232147417815, "EXC": 199.6556964044867, "ETS": 246.11399999999998, "HOM": 132.0}}