{"K53-U130": {"K53-U140": 59.18507783420539}, "K51-U110": {"K51-U120": 144.744578}, "K51-U120": {"K51-U130": 136.64408999999998}, "K51-D120": {"K51-D130": 39.22600000000001}, "K54-U010": {"K54-U020": 59.96413500000001}, "K51-D070": {"K51-D080": 49.21873000000001}, "K53-D090": {"K53-D100": 53.385749999999994}, "K51-U060": {"K51-U070": 262.68}, "K52-nD090": {"K52-nD100": 50.27000000000001}, "K51-D270": {"K51-D280": 91.28705063720002}, "K51-D160": {"K51-D170": 50.926700000000004}, "K52-nD280": {"K52-nD290": 94.22600000000001}, "K53-D100": {"K53-D110": 58.275030000000015}, "K51-U220": {"K51-U230": 67.97560000000001}, "K51-U210": {"K51-U220": 44.60005000000001}, "K53-U070": {"K53-U080": 50.494400000000006}, "K54-U020": {"K54-U030": 100.15874000000001}, "K51-D170": {"K51-D180": 89.14961}, "K53-U050": {"K53-U060": 121.285997019}, "K54-D030": {"K54-D040": 70.00092000000001}, "K52-nU100": {"K52-nU110": 160.27439999999999}, "K54-D010": {"K54-D020": 138.64452618683703}, "K54-D050": {"K54-D060": 79.75853941}, "K53-U030": {"K53-U040": 202.978114691869}, "K52-nD070": {"K52-nD080": 88.693}, "K52-nU060": {"K52-nU070": 120.12}, "K52-nU120": {"K52-nU140": 116.60000000000001}, "K53-D130": {"K53-D140": 93.522}, "K52-nU040": {"K52-nU050": 45.35420999999999}, "K52A-U170": {"K52A-U180": 275.37054778116794}, "K53-U060": {"K53-U070": 66.94580279552}, "K53-U010": {"K53-U020": 209.96002745935698}, "K51-D140": {"K51-D150": 68.21430000000001}, "K53-D060": {"K53-D070": 117.19491410000003}, "K52A-D010": {"K52A-D020": 277.21823933285896}, "K53-U110": {"K53-U120": 98.03923880300002}, "K53-U040": {"K53-U050": 142.75148029999997}, "K51-U140": {"K51-U150": 59.29}, "K52-nD120": {"K52-nD130": 39.85828}, "K53-D030": {"K53-D040": 65.12}, "K51-U180": {"K51-U190": 106.61200000000001}, "K51-U230": {"K51-U240": 50.53323000000001}, "K53-U080": {"K53-U090": 73.04090497032999}, "K51-D030": {"K51-D040": 39.105000000000004}, "K53-U120": {"K53-U130": 70.52261012500001}, "K53-D080": {"K53-D090": 37.8138312761}, "K53-D010": {"K53-D015": 95.02368381000001}, "K53-D040": {"K53-D050": 62.30099700000001}, "K51-U130": {"K51-U140": 65.79100000000001}, "K52-nU170": {"K52-nU180": 127.84199999999998}, "K52-nD200": {"K52-nD210": 102.63000000000002}, "K52-nU280": {"K52-nU290": 46.2}, "K54-U030": {"K54-U040": 99.88000000000001}, "K51-D250": {"K51-D260": 190.3}, "K53-D120": {"K53-D130": 47.78567090000001}, "K52-nD290": {"K52-nD300": 105.92594100000004}, "K52-nD260": {"K52-nD270": 43.6161}, "K52-nD050": {"K52-nD060": 29.470100000000002}, "K54-D040": {"K54-D050": 159.85713370000002}, "K52-nD130": {"K52-nD140": 78.364}, "K51-D020": {"K51-D030": 48.916010000000014}, "K52-nU070": {"K52-nU080": 81.73}, "K53-U140": {"K53-D010": 83.58457458345544}, "K51-D180": {"K51-D190": 163.5205}, "K52-nD110": {"K52-nD120": 124.80600000000001}, "K51-D200": {"K51-D210": 118.58}, "K53-D150": {"K53-D160": 143.44687438081004}, "K53-U090": {"K53-U100": 93.49056633400001}, "K52A-U140": {"K52A-U150": 160.3664834527313}, "K52-nD210": {"K52-nD220": 208.69321}, "K51-U030": {"K51-U040": 51.621999}, "K51-D040": {"K51-D050": 35.898979600000004}, "K51-U010": {"K51-U020": 34.10000000000001}, "K51-D150": {"K51-D160": 184.58}, "K51-U090": {"K51-U100": 142.86690000000004}, "K51-U070": {"K51-U080": 170.18099999999998}, "K51-U100": {"K51-U110": 180.40000000000003}, "K53-U100": {"K53-U110": 76.90637562196531}, "K52-nD240": {"K52-nD250": 142.12000000000003}, "K53-D070": {"K53-D080": 54.47489300000001}, "K51-D010": {"K51-D020": 82.42190000000001}, "K51-D090": {"K51-D100": 80.24082000000001}, "K51-D280": {"K51-D290": 74.39784}, "K53-D050": {"K53-D060": 77.14201}, "K52-nU200": {"K52-nU210": 76.11703000000001}, "K51-U050": {"K51-U060": 255.20000000000002}, "K53-U020": {"K53-U030": 153.60546300000001}, "K54-U070": {"K54-D010": 133.78601279999995}, "K52-nD040": {"K52-nD050": 12.100000000000001}, "K52-nU250": {"K52-nU260": 65.93840000000002}, "K51-D100": {"K51-D110": 123.398}, "K52-nU240": {"K52-nU250": 47.190000000000005}, "K52-nD100": {"K52-nD110": 52.9941632}, "K52-nD060": {"K52-nD070": 129.34768316859828}, "K52-nD190": {"K52-nD200": 164.274}, "K52-nD170": {"K52-nD180": 86.218}, "K53-D020": {"K53-D030": 99.12467400000003}, "K52A-D060": {"K52A-D070": 129.34768316859828}, "K52-nU270": {"K52-nU280": 160.36405648429758}, "K54-U060": {"K54-U070": 178.0944}, "K54-U040": {"K54-U050": 118.59113090000002}, "K54-D020": {"K54-D030": 132.84467383186876}, "K52-nU090": {"K52-nU100": 106.76685799999998}, "K52-nD010": {"K52-nD020": 17.1545}, "K51-U040": {"K51-U050": 112.46400000000001}, "K52-nD180": {"K52-nD190": 155.221}, "K51-U080": {"K51-U090": 154.858}, "K52-nU190": {"K52-nU200": 142.13760000000002}, "K51-U200": {"K51-U210": 81.4}, "K54-D060": {"K54-D070": 148.60972161200002}, "K51-D110": {"K51-D120": 61.479000000000006}, "K51-D190": {"K51-D200": 148.918}, "K54-U050": {"K54-U060": 311.67360399999995}, "K52-nU020": {"K52-nU030": 75.9}, "K52-nD030": {"K52-nD040": 15.400000000000002}, "K53-D110": {"K53-D120": 160.16000000000003}, "K52-nU140": {"K52-nU150": 157.25325}, "K52-nD020": {"K52-nD030": 18.700000000000003}, "K52-nD140": {"K52-nD150": 99.96470000000001}, "K51-D060": {"K51-D070": 45.1}, "K53-D140": {"K53-D150": 154.57649350000003}, "K52-nU220": {"K52-nU230": 86.71300000000001}, "K51-D260": {"K51-D270": 58.52000000000002}, "K52-nU260": {"K52-nU270": 59.224000000000004}, "K51-U170": {"K51-U180": 83.78029000000001}, "K51-D080": {"K51-D090": 101.42660000000001}, "K52-nU150": {"K52-nU160": 82.17}, "K52-nU290": {"K52-nU300": 43.89}, "K52-nU180": {"K52-nU190": 64.46000000000001}, "K51-U160": {"K51-U170": 97.79}, "K52-nU110": {"K52-nU120": 126.57700000000003}, "K52-nU080": {"K52-nU090": 73.70000000000002}, "K52-nD230": {"K52-nD240": 143.99}, "K52-nD250": {"K52-nD260": 160.60000000000002}, "K51-U190": {"K51-U200": 79.2}, "K53-D015": {"K53-D020": 50.82000000000001}, "K51-D210": {"K51-D220": 158.73}, "K52-nU230": {"K52-nU240": 70.4}, "K52-nU160": {"K52-nU170": 38.5}, "K52-nU030": {"K52-nU040": 106.67800000000003}, "K52-nD160": {"K52-nD170": 128.70000000000002}, "K52-nU300": {"K52-nU310": 40.150000000000006}, "K52-nD150": {"K52-nD160": 82.34600000000002}, "K51-D240": {"K51-D250": 112.2}, "K52-nD080": {"K52-nD090": 41.800000000000004}, "K51-D220": {"K51-D230": 279.40000000000003}, "K52-nD220": {"K52-nD230": 143.0}, "K51-U240": {"K51-U250": 96.80000000000001}, "K52-nU210": {"K52-nU220": 69.74}, "K51-D230": {"K51-D240": 61.60000000000001}}