{"K65-D150": {"K65-D160": 99.03127300000004}, "K68-D070": {"K68-D080": 195.13450000000006}, "K66-D100": {"K66-D110": 29.117836}, "K68-D080": {"K68-D090": 78.27049626000002}, "K65-U110": {"K65-U120": 90.07130000000001}, "K65-U200": {"K65-U210": 32.53151}, "K66-D040": {"K66-D050": 28.2165829}, "K66-U100": {"K66-U110": 44.221716}, "K66-D050": {"K66-D060": 25.3341}, "K65-D020": {"K65-D030": 54.881200000000014}, "K68-D150": {"K68-D160": 31.1140104}, "K68-D140": {"K68-D150": 17.798000000000002}, "K65-D110": {"K65-D120": 112.624114592}, "K65-U130": {"K65-U140": 21.540200000000006}, "K65-U160": {"K65-U170": 61.02789}, "K68-U080": {"K68-U090": 24.248840000000005}, "K65-U100": {"K65-U110": 137.1524}, "K68-U020": {"K68-U030": 18.601000000000006}, "K65-U060": {"K65-U070": 27.720000000000006}, "K68-D050": {"K68-D060": 37.620000000000005}, "K65-U150": {"K65-U160": 68.27810000000001}, "K66-U150": {"K66-U160": 54.07013700000001}, "K65-D070": {"K65-D080": 97.47980000000001}, "K66-U120": {"K66-U130": 58.19}, "K65-D140": {"K65-D150": 98.13837000000001}, "K65-D080": {"K65-D090": 47.611754850000004}, "K66-D150": {"K66-D160": 79.17228}, "K65-D060": {"K65-D070": 55.14833500000001}, "K66-D200": {"K66-D210": 100.136729}, "K66-D070": {"K66-D080": 26.16372}, "K66-U110": {"K66-U120": 44.42361000000001}, "K68-D180": {"K68-D190": 31.79}, "K65-D130": {"K65-D140": 71.5272731800728}, "K68-D190": {"K68-D200": 33.973609999999994}, "K66-U180": {"K66-U190": 66.11330000000001}, "K66-D170": {"K66-D180": 181.032797}, "K65-D050": {"K65-D060": 57.904556028}, "K68-U160": {"K68-U170": 80.19000000000001}, "K66-D220": {"K66-D230": 90.25001436}, "K65-U010": {"K65-U020": 284.05201000000005}, "K68-U030": {"K68-U040": 26.098599999999998}, "K66-U090": {"K66-U100": 56.43143}, "K66-D020": {"K66-D030": 55.0}, "K68-D110": {"K68-D120": 88.0}, "K66-D080": {"K66-D090": 37.76189999999999}, "K66-U130": {"K66-U140": 57.507999999999996}, "K66-D230": {"K66-D240": 86.78692000000002}, "K66-U160": {"K66-U170": 50.06540000000001}, "K65-D090": {"K65-D100": 61.59354299999999}, "K66-U080": {"K66-U090": 169.97200000000004}, "K65-D170": {"K65-D180": 74.90975470000002}, "K66-U040": {"K66-U050": 126.97300000000004}, "K65-U220": {"K65-U230": 79.80499999999999}, "K66-D120": {"K66-D130": 51.128572000000005}, "K65-U080": {"K65-U090": 118.01392900000003}, "K65-U090": {"K65-U100": 52.265310899999996}, "K65-U190": {"K65-U200": 28.256800000000005}, "K66-D110": {"K66-D120": 26.563174000000004}, "K66-U170": {"K66-U180": 33.792391600000016}, "K66-D060": {"K66-D070": 32.9760871}, "K65-U070": {"K65-U080": 55.236610000000006}, "K65-U140": {"K65-U150": 106.153377}, "K65-U180": {"K65-U190": 79.66162710000002}, "K65-D100": {"K65-D110": 186.76900000000003}, "K68-U120": {"K68-U130": 121.00000000000001}, "K66-D090": {"K66-D100": 29.8639}, "K65-U030": {"K65-U040": 79.75}, "K66-D010": {"K66-D020": 10.945000000000002}, "K68-U140": {"K68-U150": 19.8}, "K66-U210": {"K66-U220": 43.3059}, "K65-D040": {"K65-D050": 46.930400000000006}, "K68-D100": {"K68-D110": 83.78920000000001}, "K65-U210": {"K65-U220": 81.76246100000002}, "K65-U050": {"K65-U060": 111.32110000000003}, "K66-D140": {"K66-D150": 67.38831}, "K65-U120": {"K65-U130": 170.64256}, "K68-U170": {"K68-D010": 129.8}, "K68-D130": {"K68-D140": 62.07194400000001}, "K68-D030": {"K68-D040": 43.56}, "K68-U130": {"K68-U140": 124.30000000000001}, "K68-U150": {"K68-U160": 97.79}, "K66-U200": {"K66-U210": 65.45}, "K68-D060": {"K68-D070": 82.61000000000001}, "K66-D130": {"K66-D140": 29.4668}, "K68-D010": {"K68-D020": 47.190000000000005}, "K66-U190": {"K66-U200": 69.15775900000001}, "K65-D160": {"K65-D170": 132.96789000000004}, "K66-D210": {"K66-D220": 129.36}, "K65-U020": {"K65-U030": 128.58945638000003}, "K66-U140": {"K66-U150": 44.0}, "K66-D030": {"K66-D040": 70.52342000000002}, "K68-U070": {"K68-U080": 20.725869999999997}, "K65-D010": {"K65-D020": 51.49661}, "K65-U040": {"K65-U050": 83.34700000000001}, "K68-U110": {"K68-U120": 198.55}, "K66-D160": {"K66-D170": 121.00000000000001}, "K68-D020": {"K68-D030": 77.0}, "K68-U050": {"K68-U060": 76.54899999999999}, "K65-D120": {"K65-D130": 55.69542}, "K66-U010": {"K66-U020": 119.9}, "K66-U070": {"K66-U080": 162.745}, "K68-U010": {"K68-U020": 108.9}, "K68-U090": {"K68-U100": 106.59}, "K66-U060": {"K66-U070": 121.74800000000002}, "K65-D030": {"K65-D040": 42.900000000000006}, "K66-U050": {"K66-U060": 40.172000000000004}, "K66-D190": {"K66-D200": 71.61000000000001}, "K68-D090": {"K68-D100": 148.247}, "K68-U040": {"K68-U050": 41.59529}, "K65-D180": {"K65-D190": 99.77000000000001}, "K68-D170": {"K68-D180": 40.7}, "K68-D040": {"K68-D050": 86.57000000000001}, "K68-U100": {"K68-U110": 168.3}, "K66-D180": {"K66-D190": 60.830000000000005}, "K68-D160": {"K68-D170": 84.7}, "K66-U030": {"K66-U040": 128.70000000000002}, "K66-U020": {"K66-U030": 167.42000000000002}, "K68-D200": {"K68-U011": 66.0}}