{"K75P-U020": {"K75P-U030": 98.58354000000001}, "K75P-D030": {"K75P-D040": 106.63340051964602}, "K73-U110": {"K73-U120": 199.20301366141845}, "K75P-D070": {"K75P-D080": 87.77134508933999}, "K75P-D060": {"K75P-D070": 175.09201441671127}, "K75P-D080": {"K75P-U011": 113.83706774}, "K75A-D050": {"K75A-D060": 70.86834884932003}, "K73-U080": {"K73-U090": 283.9509588068519, "K73-U110": 151.497411886735}, "K75P-U130": {"K75P-U140": 29.869156984531987}, "K73-U040": {"K73-U060": 176.40972099554546, "K73-U050": 86.99216646246008}, "K73-D130": {"K73-D140": 139.28531935999996}, "K75A-D010": {"K75A-D020": 174.72937130000003}, "K76-D020": {"K76-D030": 135.9280017393551}, "K73-U010": {"K73-U020": 59.27018281540902}, "K75A-D070": {"K75A-D080": 29.39432892}, "K76-D030": {"K76-D040": 70.39446930620608}, "K76-U020": {"K76-U030": 146.38522808370172}, "K74-D020": {"K74-D030": 145.02846596266417}, "K73-U070": {"K73-U080": 148.9722411261725}, "K73-U100": {"K73-U110": 221.92496770807193}, "K73-D030": {"K73-D040": 97.01670000000001}, "K75P-U110": {"K75P-U120": 85.349}, "K75P-U100": {"K75P-U110": 52.817425099999994}, "K75P-U070": {"K75P-U080": 122.05490579158854}, "K73-U060": {"K73-U070": 120.2523356299032}, "K75P-U140": {"K75P-D010": 107.21852900000002}, "K75A-U020": {"K75A-U030": 142.81701610000002}, "K75A-D080": {"K75A-D090": 69.72331091}, "K75A-U010": {"K75A-U020": 41.49404547310001}, "K75P-D050": {"K75P-D060": 76.48895126620002}, "K75A-D030": {"K75A-D040": 50.48234607348901}, "K75P-D010": {"K75P-D020": 120.61290310361828}, "K73-D010": {"K73-D020": 80.95665177622001}, "K73-D150": {"K73-D160": 49.412000000000006}, "K73-D040": {"K73-D050": 87.806955192}, "K75P-D040": {"K75P-D050": 160.08112328889996}, "K75P-U090": {"K75P-U100": 44.01283676185001}, "K73-D070": {"K73-D080": 152.9373923}, "K73-U050": {"K73-U060": 87.73118324928068}, "K73-U030": {"K73-U040": 79.7728728994228}, "K73-U090": {"K73-U100": 99.44344117095342}, "K75A-D020": {"K75A-D030": 18.391999999999996}, "K76-U030": {"K76-U040": 163.09767772591556}, "K73-D120": {"K73-D130": 113.0074}, "K75A-D100": {"K75A-D110": 93.602992252}, "K76-D010": {"K76-D020": 170.41883648329744}, "K75P-U060": {"K75P-U070": 26.976492532}, "K75P-U030": {"K75P-U040": 104.81823000000001}, "K75P-U120": {"K75P-U130": 59.010784756990006}, "K76-U040": {"K76-U050": 148.68923265019998}, "K73-D050": {"K73-D070": 99.621803424}, "K75A-D110": {"K75A-U011": 142.82302947000002}, "K75P-U010": {"K75P-U020": 110.88}, "K75A-U030": {"K75A-D010": 220.78071720100007}, "K75A-D060": {"K75A-D070": 34.59621}, "K73-D020": {"K73-D030": 73.46455614300002}, "K73-D090": {"K73-D100": 87.5810206469}, "K73-D140": {"K73-D150": 197.398399}, "K75P-U080": {"K75P-U090": 44.58419867660001}, "K75P-U050": {"K75P-U060": 176.78503018}, "K76-U010": {"K76-U020": 41.4720952719495}, "K73-D080": {"K73-D090": 296.01363000000003}, "K75A-D090": {"K75A-D100": 32.36579389999999}, "K75P-D020": {"K75P-D030": 24.067016971024504}, "K75A-D040": {"K75A-D050": 50.24136124817589}, "K75P-U040": {"K75P-U050": 109.00912000000001}, "K73-D100": {"K73-D110": 186.6359}, "K73-U020": {"K73-U030": 175.310289}, "K73-D110": {"K73-D120": 82.35161000000002}}