{"K75P-U020": {"K75P-U030": 97.83400000000002}, "K75P-D030": {"K75P-D040": 106.63340051964602}, "K73-U110": {"K73-U120": 194.6004886514317}, "K75P-D070": {"K75P-D080": 88.553366}, "K75P-D060": {"K75P-D070": 177.5806727684}, "K75P-D080": {"K75P-U011": 113.27045400000002}, "K75A-D050": {"K75A-D060": 71.16483205480003}, "K73-U080": {"K73-U090": 284.11443778299997, "K73-U110": 151.49429490620014}, "K75P-U130": {"K75P-U140": 30.45878217426}, "K73-U040": {"K73-U060": 178.88740894200004, "K73-U050": 87.21676746170758}, "K73-D130": {"K73-D140": 140.69545599999998}, "K75A-D010": {"K75A-D020": 172.50970000000004}, "K76-D020": {"K76-D030": 142.58586892132817}, "K73-U010": {"K73-U020": 58.87306520420865}, "K75A-D070": {"K75A-D080": 28.993698799999997}, "K76-D030": {"K76-D040": 77.28571367743771}, "K76-U020": {"K76-U030": 144.4272874236181}, "K74-D020": {"K74-D030": 145.0290291090401}, "K73-U070": {"K73-U080": 153.64324723027158}, "K73-U100": {"K73-U110": 226.62511268056454}, "K73-D030": {"K73-D040": 96.06300000000002}, "K75P-U110": {"K75P-U120": 85.349}, "K75P-U100": {"K75P-U110": 52.817425099999994}, "K75P-U070": {"K75P-U080": 124.135686162455}, "K73-U060": {"K73-U070": 126.96257213143694}, "K75P-U140": {"K75P-D010": 104.0809}, "K75A-U020": {"K75A-U030": 146.20100000000002}, "K75A-D080": {"K75A-D090": 66.79421099999999}, "K75A-U010": {"K75A-U020": 39.944971}, "K75P-D050": {"K75P-D060": 73.93902780000003}, "K75A-D030": {"K75A-D040": 50.07832049}, "K75P-D010": {"K75P-D020": 127.77217360709999}, "K73-D010": {"K73-D020": 79.82445020000003}, "K73-D150": {"K73-D160": 51.480000000000004}, "K73-D040": {"K73-D050": 88.31846320000001}, "K75P-D040": {"K75P-D050": 160.02347032099996}, "K75P-U090": {"K75P-U100": 43.88004538500001}, "K73-D070": {"K73-D080": 152.9373923}, "K73-U050": {"K73-U060": 89.81656971207074}, "K73-U030": {"K73-U040": 81.26904877217312}, "K73-U090": {"K73-U100": 99.90730726240001}, "K75A-D020": {"K75A-D030": 18.391999999999996}, "K76-U030": {"K76-U040": 163.09547488311813}, "K73-D120": {"K73-D130": 113.0074}, "K75A-D100": {"K75A-D110": 92.4320892}, "K76-D010": {"K76-D020": 170.42283502768714}, "K75P-U060": {"K75P-U070": 27.192308000000004}, "K75P-U030": {"K75P-U040": 100.683}, "K75P-U120": {"K75P-U130": 58.50093930999999}, "K76-U040": {"K76-U050": 149.95397999999997}, "K73-D050": {"K73-D070": 101.799456}, "K75A-D110": {"K75A-U011": 140.72558830000003}, "K75P-U010": {"K75P-U020": 110.88}, "K75A-U030": {"K75A-D010": 214.08616900000007}, "K75A-D060": {"K75A-D070": 35.5069}, "K73-D020": {"K73-D030": 75.70439030000003}, "K73-D090": {"K73-D100": 86.0778061}, "K73-D140": {"K73-D150": 197.08711000000002}, "K75P-U080": {"K75P-U090": 44.91906540000001}, "K75P-U050": {"K75P-U060": 177.240778}, "K76-U010": {"K76-U020": 15.312993860614998}, "K73-D080": {"K73-D090": 301.32300000000004}, "K75A-D090": {"K75A-D100": 31.439770999999997}, "K75P-D020": {"K75P-D030": 27.119913540500004}, "K75A-D040": {"K75A-D050": 49.28810030638999}, "K75P-U040": {"K75P-U050": 110.88}, "K73-D100": {"K73-D110": 190.19}, "K73-U020": {"K73-U030": 176.99}, "K73-D110": {"K73-D120": 84.38100000000001}}