{"LAT": {"KWT": 132.0, "YAT": 132.0}, "LAK": {"TSY": 180.9205855493068, "NAC": 297.3250597337123}}