{"LOW": {"SHS": 223.29488177347486}, "LOP": {"YUL": 121.887204541806, "TIS": 181.72527479153064}, "LOF": {"WTS": 125.64322526732387, "KOT": 122.51740357199999}}