{"OCP": {"ADM": 287.6319548388417, "WCH": 130.02065399997113}}