{"OLY": {"NAC": 96.26370600000001, "KOW": 121.80668201614313}}