{"OLY": {"NAC": 103.36260000000001, "KOW": 121.81134644478485}}