{"SUN": {"DIS": 198.5823335662161, "TUC": 823.8834908567185, "TSY": 690.62292902088}, "SUW": {"KAT": 132.0, "TKW": 132.0}}