{"TIK": {"TKO": 92.38819395210007, "YAT": 141.4216258306729}, "TIS": {"SIH": 389.450832853173}, "TIH": {"CAB": 125.4, "FOH": 132.0}}