{"TKO": {"LHP": 128.593363573181, "TIK": 103.00888086063121, "HAH": 61.823409271866}, "TKW": {"SUW": 125.84}}