{"TUC": {"SUN": 783.498288087362}, "TUM": {"SIH": 154.45566348165374}}