{"TWO": {"TAP": 66.66, "FAN": 412.6406617887754}, "TWH": {"KWH": 198.00000000000003}, "TWW": {"MEF": 351.8210210939409, "KSR": 712.0342164557095}}