{"TWO": {"TAP": 110.07292201044683, "FAN": 412.6313880680442}, "TWH": {"KWH": 157.387496008665, "TSW": 64.86427807455662}, "TWW": {"MEF": 351.87985749213357, "KSR": 712.0189402077565}}