{"WCH": {"LET": 186.9378501193725, "OCP": 147.73271399962297}}