{"YUL": {"KSR": 252.1099646180402, "LOP": 124.52432247123}}