{"YUL": {"KSR": 252.1099646180402, "LOP": 121.86823108152666}}