{"5": {"305": 97.8728355, "6": 143.22483560000003}}