{"HUH": {"MKK": 188.37279639007738, "EXC": 199.6446421245841, "ETS": 84.391831914, "HOM": 26.656817}}