{"JOR": {"YMT": 45.9014028845243, "TST": 32.016148970466}}