{"K73-U080": {"K73-U110": 151.48186865393546, "K73-U090": 311.3}, "K76-D030": {"K76-D040": 60.90528400000001}, "K75A-D010": {"K75A-D020": 235.4}, "K75A-D110": {"K75A-U011": 169.4}, "K73-D040": {"K73-D050": 89.10000000000001}, "K73-U010": {"K73-U020": 66.77000000000001}, "K75P-D070": {"K75P-D080": 85.25000000000001}, "K76-D010": {"K76-D020": 170.46999712774624}, "K73-U040": {"K73-U050": 121.44000000000003}, "K73-U060": {"K73-U070": 148.37966}, "K75A-U010": {"K75A-U020": 64.9}, "K75P-U120": {"K75P-U130": 68.38700000000001}, "K75A-D030": {"K75A-D040": 57.86}, "K75A-D020": {"K75A-D030": 33.55}, "K74-U070": {"K74-U080": 138.60000000000002}, "K76-D020": {"K76-D030": 105.35976000000001}, "K76-U040": {"K76-U050": 49.21400000000001}, "K75P-U100": {"K75P-U110": 72.55644000000001}, "K74-U004": {"K74-U007": 119.79}, "K73-U050": {"K73-U060": 120.08699999999999}, "K73-D130": {"K73-D140": 134.20000000000002}, "K75P-U130": {"K75P-U140": 55.660000000000004}, "K74-D060": {"K74-D070": 94.60000000000001}, "K74-U011": {"K74-D100": 157.3}, "K76-U030": {"K76-U040": 163.08542665805479}, "K75P-D050": {"K75P-D060": 105.60000000000001}, "K74-U060": {"K74-U070": 136.4}, "K73-D110": {"K73-D120": 52.800000000000004}, "K74-D040": {"K74-D050": 90.2}, "K73-U070": {"K73-U080": 171.413}, "K76-U020": {"K76-U030": 121.88}, "K75P-D020": {"K75P-D030": 45.1}, "K75P-D060": {"K75P-D070": 177.10000000000002}, "K75P-U030": {"K75P-U040": 130.9}, "K75P-U090": {"K75P-U100": 40.7}, "K74-D100": {"K74-D110": 82.5}, "K75A-D050": {"K75A-D060": 102.30000000000001}, "K75P-U080": {"K75P-U090": 44.0}, "K74-U090": {"K74-U100": 214.50000000000003}, "K73-U110": {"K73-U120": 228.47000000000003}, "K75A-D070": {"K75A-D080": 50.6}, "K73-D020": {"K73-D030": 75.79}, "K75P-D010": {"K75P-D020": 154.0}}