{"KAT": {"SUW": 97.71150430800002, "DIH": 48.70136}}