{"KF4": {"KF6": 250.95803378335168, "KF2": 1022.6259064203539}, "KF1": {"KF5": 767.8871486028231, "KF3": 686.7721429489259}, "KF3": {"KF1": 686.7716850006868}, "KF2": {"KF4": 1022.6260381396539}, "KF6": {"KF4": 250.95795422204887}, "KF5": {"KF1": 767.8871489236963}}