{"LAK": {"TSY": 180.94396082843076, "NAC": 297.3209870239808, "MEF": 126.00069475086632, "KWF": 198.00000000000003}, "LAT": {"YAT": 13.2, "KWT": 13.23135}}