{"LAK": {"TSY": 180.95036493340567, "NAC": 297.3193955454477, "MEF": 126.00247096719697, "KWF": 198.00000000000003}, "LAT": {"YAT": 13.2, "KWT": 11.908215000000002}}