{"LOP": {"YUL": 40.441968599999996, "TIS": 168.54446555080918}, "LOW": {"SHS": 234.34145045912024}, "LOF": {"WTS": 33.25035710383728, "KOT": 58.98625107305543}}