{"LOP": {"YUL": 6.6, "TIS": 173.91326880124123}, "LOW": {"SHS": 261.7536264530134}, "LOF": {"WTS": 13.2, "KOT": 118.8}}