{"OCP": {"WCH": 124.46217736367666, "ADM": 287.63195981435257}}