{"SHM": {"TSH": 216.41288731000813, "CIO": 99.13717000000001}, "SHT": {"FOT": 155.96284503906435, "TAW": 29.41946568000001}, "SHS": {"FAN": 125.74764289374912, "LOW": 261.75348133959744, "LMC": 525.2472017924194}, "SHW": {"CEN": 0.0, "SYP": 37.620000000000005}}