{"SYP": {"HKU": 64.90381717742781, "SHW": 46.36626041360826}}