{"WCH": {"OCP": 121.24766255389618, "LET": 95.7399771602102}}