{"WCH": {"OCP": 125.19359093999999, "LET": 46.393842706200004}}