{"FOT": {"SHT": 155.97969390889307, "UNI": 186.41909486258012}, "FOH": {"TIH": 68.86, "NOP": 148.5}}