{"LOW": {"SHS": 261.7548826463982}, "LOF": {"KOT": 129.73962444179725, "WTS": 114.87999190170558}, "LOP": {"TIS": 173.93489398620144, "YUL": 129.72}}