{"MKK": {"HUH": 188.35304295031156, "KOT": 137.99808715560704}}