{"OCP": {"WCH": 111.74407208820881, "ADM": 287.6319565601101}}