{"SHS": {"FAN": 133.02471238632603, "LMC": 1015.2136393431065, "LOW": 261.7548641234705}, "SHT": {"FOT": 458.5816434855724, "TAW": 171.97252018379075}, "SHM": {"TSH": 218.15808780103143, "CIO": 132.98000000000002}, "SHW": {"SYP": 119.36965525215717, "CEN": 108.79321246607779}}