{"TIH": {"FOH": 105.743629134, "CAB": 132.0}, "TIK": {"YAT": 141.4218931272515, "TKO": 78.72149999999999}, "TIS": {"SIH": 389.4308670781357, "LOP": 173.92410677260224}}