{"TKO": {"LHP": 128.5904806530177, "HAH": 132.0, "TIK": 82.84932865507828}, "TKW": {"SUW": 132.0}}