{"WTS": {"DIH": 82.874011, "LOF": 121.00000000000001}}