{"WTS": {"DIH": 76.25309999999999, "LOF": 121.00000000000001}}