{"EXC": {"HUH": 199.66341722819013, "ADM": 49.46427758595844}}