{"HKU": {"SYP": 114.02026999999998, "KET": 91.57231614304858}}