{"LAK": {"TSY": 183.44107668463988, "NAC": 260.5291656854112, "KWF": 144.92296000000002, "MEF": 139.5234534811205}, "LAT": {"YAT": 78.38496053028402, "KWT": 104.0}}