{"PRE": {"MOK": 100.15424416957532, "SSP": 122.09999999999998, "SKM": 106.7}}