{"SKM": {"PRE": 105.73000000000002, "KOT": 115.50000000000003}, "SKW": {"SWH": 107.91, "HFC": 201.65000000000003}}