{"TIK": {"TKO": 104.97390160587, "YAT": 141.42207372225045}, "TIS": {"LOP": 173.91326880124123}, "TIH": {"FOH": 99.00000000000001}}