{"TIK": {"TKO": 98.63444642699999, "YAT": 141.42193166988946}, "TIS": {"LOP": 173.90976714657384}, "TIH": {"FOH": 99.00000000000001}}