{"TKO": {"TIK": 268.72226779458543, "LHP": 241.77142997860065, "HAH": 123.26695949865447}, "TKW": {"HOM": 138.6, "SUW": 132.0}}