{"TSY": {"AIR": 1467.4419967686915, "LAK": 180.94021573780213, "KOW": 661.6528062241968, "SUN": 690.6326004179786}, "TST": {"JOR": 129.8, "ADM": 176.3660743231122}, "TSW": {"TWH": 114.40000000000002}, "TSH": {"HEO": 126.50000000000003, "SHM": 216.38983882450867}}