{"YAT": {"QUB": 249.6485056583709, "TIK": 141.42202567538342, "LAT": 143.0}}