{"YAT": {"QUB": 246.11827231000137, "TIK": 178.16076631482036, "LAT": 139.477}}