{"AIR": {"TSY": 1467.4416308990608, "AWE": 121.50387301920009}}