{"DIS": {"SUN": 198.58217930466327}, "DIH": {"HIK": 333.01866721492985, "WTS": 132.0, "KAT": 142.89000000000001, "CHH": 132.0}}