{"HAH": {"TKO": 111.39348, "POA": 123.02756988448425}}