{"HIK": {"DIH": 333.01866721492985, "TAW": 192.77280000000002}}