{"K17-D020": {"K17-D030": 31.60482546813256}, "K17-D010": {"K17-D020": 278.42373527498023}, "K18-U020": {"K18-U030": 65.0678592632418}, "K17-U010": {"K17-U020": 233.99055117938033}, "K18-D020": {"K18-D030": 40.57592504289048}, "K18-D010": {"K18-D020": 210.7260979388772}, "K12-D030": {"K12-D040": 12.08954129104273}, "K17-U020": {"K17-U030": 129.745813504242}, "K12-D020": {"K12-D030": 299.6863320058435}, "K12-U010": {"K12-U020": 216.52159042718876}, "K12-D010": {"K12-D020": 192.69956857471763}, "K18-U010": {"K18-U020": 299.45747008254}, "K12-U020": {"K12-U030": 208.56061581106502}, "K17-U030": {"K17-U040": 29.836791873948407}}