{"K53-U140": {"K53-D010": 96.80000000000001}, "K53-U090": {"K53-U100": 92.4}, "K51-D150": {"K51-D160": 152.9}, "K54-D030": {"K54-D040": 62.07300000000002}, "K51-D020": {"K51-D030": 45.1}, "K53-D090": {"K53-D100": 47.96}, "K51-D030": {"K51-D040": 30.800000000000004}, "K51-U140": {"K51-U150": 55.00000000000001}, "K51-U220": {"K51-U230": 64.9}, "K51-U110": {"K51-U120": 130.9}, "K52-nD260": {"K52-nD270": 51.7}, "K51-D280": {"K51-D290": 77.0}, "K51-U090": {"K51-U100": 157.3}, "K54-U070": {"K54-D010": 170.5}, "K52A-D060": {"K52A-D070": 129.3476831685983}, "K53-U080": {"K53-U090": 80.19000000000001}, "K51-D120": {"K51-D130": 40.7}, "K51-D040": {"K51-D050": 37.400000000000006}, "K52-nD120": {"K52-nD130": 41.800000000000004}, "K52-nU040": {"K52-nU050": 56.1}, "K54-D040": {"K54-D050": 169.4}, "K53-U070": {"K53-U080": 39.269999999999996}, "K51-U010": {"K51-U020": 35.2}, "K52A-D010": {"K52A-D020": 277.21644225633025}, "K51-D140": {"K51-D150": 58.3}, "K53-D110": {"K53-D120": 148.5}, "K51-D230": {"K51-D240": 53.900000000000006}, "K53-U060": {"K53-U070": 91.30000000000001}, "K51-D260": {"K51-D270": 60.50000000000001}, "K51-U100": {"K51-U110": 233.20000000000002}, "K51-D050": {"K51-D060": 53.900000000000006}, "K52-nD220": {"K52-nD230": 140.8}, "K52-nU150": {"K52-nU160": 61.60000000000001}, "K51-U240": {"K51-U250": 112.2}, "K52A-U170": {"K52A-U180": 275.3750320785301}}