{"K73-U110": {"K73-U120": 215.24823375}, "K75P-U070": {"K75P-U080": 114.62}, "K75A-D020": {"K75A-D030": 29.776999999999997}, "K75P-U110": {"K75P-U120": 84.73916000000001}, "K75P-U020": {"K75P-U030": 88.0}, "K76-U030": {"K76-U040": 163.08696940217413}, "K75A-D070": {"K75A-D080": 32.950500000000005}, "K75P-U130": {"K75P-U140": 31.232960000000002}, "K73-U090": {"K73-U100": 100.19716003}, "K75P-U090": {"K75P-U100": 45.07360000000001}, "K76-U040": {"K76-U050": 175.50170000000003}, "K75P-U120": {"K75P-U130": 62.31517890399999}, "K75P-U080": {"K75P-U090": 44.207277399999995}, "K76-D030": {"K76-D040": 91.75758382461}, "K75A-D100": {"K75A-D110": 94.31895}, "K75P-D080": {"K75P-U011": 129.398962}, "K75P-D070": {"K75P-D080": 50.60462}, "K73-U080": {"K73-U090": 257.774, "K73-U110": 151.4854935729857}, "K73-D020": {"K73-D030": 99.33000000000001}, "K73-U030": {"K73-U040": 82.67325}, "K75A-D030": {"K75A-D040": 57.2}, "K76-D020": {"K76-D030": 142.93167279314537}, "K73-U050": {"K73-U060": 94.74939640479543}, "K76-U010": {"K76-U020": 14.815990200000005}, "K75P-D050": {"K75P-D060": 84.925907}, "K73-D010": {"K73-D020": 84.524}, "K73-D140": {"K73-D150": 200.09}, "K73-D090": {"K73-D100": 84.7}, "K75A-D110": {"K75A-U011": 156.53285999999997}, "K73-D040": {"K73-D050": 56.21}, "K75A-D050": {"K75A-D060": 69.96000000000001}, "K76-U020": {"K76-U030": 151.39837923352994}, "K73-D070": {"K73-D080": 163.1212}, "K75P-U050": {"K75P-U060": 130.57000000000002}, "K73-U070": {"K73-U080": 155.48393303228502}, "K73-U040": {"K73-U050": 105.89806371044999, "K73-U060": 195.58}, "K73-U100": {"K73-U110": 239.28509}, "K73-U060": {"K73-U070": 127.67114627209226}, "K73-D110": {"K73-D120": 100.45860000000002}, "K76-D010": {"K76-D020": 170.46462817890105}, "K75A-D080": {"K75A-D090": 79.53}, "K73-D030": {"K73-D040": 112.11684000000002}, "K75P-D060": {"K75P-D070": 169.68633000000003}, "K75P-U140": {"K75P-D010": 155.94821000000002}, "K73-U020": {"K73-U030": 189.01190000000003}, "K75P-U010": {"K75P-U020": 75.24000000000001}, "K75A-D090": {"K75A-D100": 36.006299999999996}, "K75P-D030": {"K75P-D040": 107.87700000000002}, "K75P-D040": {"K75P-D050": 171.38000000000002}, "K75A-D060": {"K75A-D070": 38.72}, "K75A-D010": {"K75A-D020": 165.26399999999998}, "K75A-U030": {"K75A-D010": 256.3}, "K75P-U060": {"K75P-U070": 28.391000000000002}, "K73-D150": {"K73-D160": 48.93878000000001}, "K75P-U100": {"K75P-U110": 60.447199999999995}, "K75A-D040": {"K75A-D050": 48.4}, "K75P-D020": {"K75P-D030": 27.819000000000006}, "K73-D100": {"K73-D110": 152.9}, "K73-U010": {"K73-U020": 72.93}, "K75P-D010": {"K75P-D020": 128.70000000000002}, "K75A-U010": {"K75A-U020": 41.800000000000004}, "K73-D050": {"K73-D070": 105.60000000000001}, "K73-D120": {"K73-D130": 114.4}, "K74-D020": {"K74-D030": 145.02339764528094}, "K73-D130": {"K73-D140": 160.60000000000002}}