{"K73-U110": {"K73-U120": 211.31922616337502}, "K75P-U070": {"K75P-U080": 115.69800000000001}, "K75A-D020": {"K75A-D030": 29.08037}, "K75P-U110": {"K75P-U120": 84.07524400000001}, "K75P-U020": {"K75P-U030": 88.66}, "K76-U030": {"K76-U040": 163.09073215508118}, "K75A-D070": {"K75A-D080": 30.86545000000001}, "K75P-U130": {"K75P-U140": 30.93069760000001}, "K73-U090": {"K73-U100": 101.88251302611471}, "K75P-U090": {"K75P-U100": 45.18624000000001}, "K76-U040": {"K76-U050": 160.03983929999998}, "K75P-U120": {"K75P-U130": 62.31517890399999}, "K75P-U080": {"K75P-U090": 44.794894694}, "K76-D030": {"K76-D040": 81.99814167259397}, "K75A-D100": {"K75A-D110": 94.237055}, "K75P-D080": {"K75P-U011": 128.1190658}, "K75P-D070": {"K75P-D080": 63.88658106380002}, "K73-U080": {"K73-U090": 263.31294, "K73-U110": 151.48842975741633}, "K73-D020": {"K73-D030": 97.91430000000001}, "K73-U030": {"K73-U040": 80.64477932499999}, "K75A-D030": {"K75A-D040": 56.540000000000006}, "K76-D020": {"K76-D030": 143.70850551383086}, "K73-U050": {"K73-U060": 97.57657508306768}, "K76-U010": {"K76-U020": 11.559370053198004}, "K75P-D050": {"K75P-D060": 84.724986203}, "K73-D010": {"K73-D020": 84.524}, "K73-D140": {"K73-D150": 203.951}, "K73-D090": {"K73-D100": 83.468}, "K75A-D110": {"K75A-U011": 154.51957399999998}, "K73-D040": {"K73-D050": 56.21}, "K75A-D050": {"K75A-D060": 69.96000000000001}, "K76-U020": {"K76-U030": 151.98854131017694}, "K73-D070": {"K73-D080": 163.1212}, "K75P-U050": {"K75P-U060": 134.893}, "K73-U070": {"K73-U080": 148.56144461623398}, "K73-U040": {"K73-U050": 103.69428844491802, "K73-U060": 195.58}, "K73-U100": {"K73-U110": 233.88292290000004}, "K73-U060": {"K73-U070": 125.54562848039473}, "K73-D110": {"K73-D120": 97.78274000000002}, "K76-D010": {"K76-D020": 170.44484043472676}, "K75A-D080": {"K75A-D090": 78.727}, "K73-D030": {"K73-D040": 112.01515600000002}, "K75P-D060": {"K75P-D070": 175.0439273}, "K75P-U140": {"K75P-D010": 155.94821000000002}, "K73-U020": {"K73-U030": 189.01190000000003}, "K75P-U010": {"K75P-U020": 75.24000000000001}, "K75A-D090": {"K75A-D100": 37.13567}, "K75P-D030": {"K75P-D040": 106.81737000000003}, "K75P-D040": {"K75P-D050": 170.94327800000005}, "K75A-D060": {"K75A-D070": 39.8222}, "K75A-D010": {"K75A-D020": 168.20759999999999}, "K75A-U030": {"K75A-D010": 252.846}, "K75P-U060": {"K75P-U070": 28.391000000000002}, "K73-D150": {"K73-D160": 48.93878000000001}, "K75P-U100": {"K75P-U110": 60.67247999999999}, "K75A-D040": {"K75A-D050": 48.95}, "K75P-D020": {"K75P-D030": 28.474785900000008}, "K73-D100": {"K73-D110": 156.31}, "K73-U010": {"K73-U020": 71.79700000000001}, "K75P-D010": {"K75P-D020": 124.63770000000004}, "K75A-U010": {"K75A-U020": 41.87700000000001}, "K73-D050": {"K73-D070": 105.60000000000001}, "K73-D120": {"K73-D130": 114.07000000000001}, "K74-D020": {"K74-D030": 145.02339764528094}, "K73-D130": {"K73-D140": 155.727}, "K75P-U030": {"K75P-U040": 121.00000000000001}, "K75A-U020": {"K75A-U030": 163.9}, "K75P-U040": {"K75P-U050": 101.2}}