{"KWH": {"TWH": 191.40000000000003, "KWF": 138.93}, "KWT": {"NTK": 132.0, "LAT": 133.1}, "KWF": {"KWH": 124.30000000000001}}