{"LCK": {"MEF": 118.31886, "CSW": 133.61370000000002}}