{"MKK": {"HUH": 188.3355837707101, "KOT": 137.99267530918365}}