{"OCP": {"ADM": 287.64410852519507, "WCH": 150.80951352619684}}