{"SHT": {"TAW": 112.26599999999999, "FOT": 155.98726948978165}, "SHS": {"FAN": 125.72964287584118, "LOW": 261.7527207161598}, "SHM": {"TSH": 216.41829374487838, "CIO": 66.0}, "SHW": {"CEN": 140.8, "SYP": 198.00000000000003}}