{"STW": {"CKT": 103.54661967671072, "CIO": 139.01771462172002}}