{"SUN": {"DIS": 198.58227399118837, "TSY": 690.6274650845919, "TUC": 823.8810620499144}, "SUW": {"TKW": 139.92000000000002, "KAT": 132.0}}