{"TAW": {"SHT": 57.86132000000001, "KOT": 320.63008229961264, "CKT": 198.00000000000003}, "TAP": {"UNI": 430.1242158814671, "TWO": 0.0}, "TAK": {"QUB": 73.7, "SWH": 116.60000000000001}}