{"TWO": {"FAN": 412.6406617887754, "TAP": 165.98637000000002}, "TWW": {"MEF": 351.8210210939409, "KSR": 712.0309122549204}, "TWH": {"KWH": 174.35000000000002}}