{"5": {"305": 74.62877618120669, "6": 130.86761436162834}}