{"AUS": {"ETS": 148.463459213, "NAC": 215.09989108348674}}