{"DIS": {"SUN": 198.58233387484285}, "DIH": {"HIK": 314.9568507463902, "KAT": 144.9767, "CHH": 125.68665878352638, "WTS": 118.04537806097703}}