{"FOT": {"UNI": 186.42931690460236, "SHT": 155.95991010381204}, "FOH": {"TIH": 125.4, "NOP": 127.88160000000002}}