{"HOK": {"KOW": 177.7398462276094}, "HOM": {"HUH": 132.0, "TKW": 72.6, "YMT": 132.0, "WHA": 66.92513785889696}}