{"HUH": {"ETS": 462.00000000000006, "EXC": 199.7187365304598, "HOM": 141.02, "MKK": 188.3160528963404}}