{"HUH": {"ETS": 248.98630353301692, "EXC": 206.55576342476124, "HOM": 125.90379042757664, "MKK": 141.91405669904424}}