{"K17-U030": {"K17-U040": 33.0680707751999}, "K12-U020": {"K12-U030": 191.30760354569222}, "K18-D020": {"K18-D030": 59.23529929469619}, "K18-D010": {"K18-D020": 222.95661316284108}, "K18-U020": {"K18-U030": 55.510351388456726}, "K18-U010": {"K18-U020": 192.7059844214819}, "K12-D010": {"K12-D020": 135.5251321237145}, "K17-D020": {"K17-D030": 70.92060005791134}, "K12-D020": {"K12-D030": 269.5391655911031}, "K14-D020": {"K14-D030": 14.309525467630497}, "K14-D010": {"K14-D020": 233.44451730934856}, "K17-U010": {"K17-U020": 226.99260041124313}, "K12-U010": {"K12-U020": 206.3237630453752}, "K17-U020": {"K17-U030": 123.20479253451481}, "K17-D010": {"K17-D020": 282.59571152582004}, "K12-D030": {"K12-D040": 15.612455395966487}}