{"K68-U170": {"K68-D010": 163.9}, "K66-U170": {"K66-U180": 19.998000000000005}, "K65-D150": {"K65-D160": 95.7}, "K68-U050": {"K68-U060": 52.800000000000004}, "K68-D150": {"K68-D160": 61.17100000000001}, "K66-D060": {"K66-D070": 52.800000000000004}, "K65-U030": {"K65-U040": 63.428200000000004}, "K65-D040": {"K65-D050": 1.1}, "K68-D170": {"K68-D180": 66.0}, "K65-U190": {"K65-U200": 59.400000000000006}, "K65-U210": {"K65-U220": 70.8928}, "K65-D050": {"K65-D060": 51.3172}, "K66-D080": {"K66-D090": 68.64}, "K66-D140": {"K66-D150": 80.5794}, "K66-D090": {"K66-D100": 51.370000000000005}, "K65A-D060": {"K65A-D070": 80.9325}, "K65-U120": {"K65-U130": 160.27}, "K68-D080": {"K68-D090": 81.73}, "K68-D110": {"K68-D120": 78.54}, "K65-D140": {"K65-D150": 98.01}, "K66-D010": {"K66-D020": 14.3}, "K65A-D010": {"K65A-D020": 203.645706}, "K66-D110": {"K66-D120": 47.6311}, "K66-D070": {"K66-D080": 37.290000000000006}, "K65-U180": {"K65-U190": 44.00110000000001}, "K65A-D020": {"K65A-D030": 69.74}, "K66-U010": {"K66-U020": 115.39000000000001}, "K65-U220": {"K65-U230": 67.43}, "K65A-U070": {"K65A-U080": 41.910000000000004}, "K65A-D070": {"K65A-D080": 118.31710000000002}, "K65-U160": {"K65-U170": 47.49910000000001}, "K66-U190": {"K66-U200": 51.986000000000004}, "K68-D040": {"K68-D050": 100.10000000000001}, "K65A-D090": {"K65A-D100": 125.23499999999999}, "K66-U020": {"K66-U030": 181.72000000000003}, "K68-U120": {"K68-U130": 102.52000000000001}, "K68-D020": {"K68-D030": 64.9}, "K65-D130": {"K65-D140": 83.69900000000001}, "K68-U010": {"K68-U020": 90.31}, "K66-D150": {"K66-D160": 60.50000000000001}, "K65-U130": {"K65-U140": 28.6}, "K66-U200": {"K66-U210": 47.586}, "K65A-D080": {"K65A-D090": 63.723}, "K65-D120": {"K65-D130": 66.88000000000001}, "K65-U040": {"K65-U050": 79.2}, "K65-D110": {"K65-D120": 118.88800000000003}, "K68-D090": {"K68-D100": 147.62}, "K68-U030": {"K68-U040": 22.660000000000004}, "K68-U110": {"K68-U120": 171.985}, "K66-D020": {"K66-D030": 71.94}, "K65-D080": {"K65-D090": 62.799}, "K68-D120": {"K68-D130": 136.4}, "K65A-U020": {"K65A-U030": 183.59}, "K66-D050": {"K66-D060": 50.49}, "K68-D180": {"K68-D190": 48.048}, "K65A-D030": {"K65A-D040": 48.037000000000006}, "K68-D200": {"K68-U011": 84.7}, "K65-D020": {"K65-D030": 78.65}, "K65A-U090": {"K65A-U100": 60.50000000000001}, "K65-U080": {"K65-U090": 144.10000000000002}, "K66-D040": {"K66-D050": 55.00000000000001}, "K68-U040": {"K68-U050": 44.99}, "K68-D140": {"K68-D150": 34.21}, "K65-U150": {"K65-U160": 50.38000000000001}, "K66-D100": {"K66-D110": 37.400000000000006}, "K66-U130": {"K66-U140": 43.230000000000004}, "K66-D230": {"K66-D240": 78.54}, "K65-D170": {"K65-D180": 83.71000000000001}, "K65-U010": {"K65-U020": 188.991}, "K65-D090": {"K65-D100": 101.2}, "K65A-U100": {"K65A-U110": 73.7}, "K65A-U040": {"K65A-U050": 99.00000000000001}, "K65-U110": {"K65-U120": 107.80000000000001}, "K68-U090": {"K68-U100": 122.10000000000001}, "K68-U160": {"K68-U170": 69.3}, "K65A-U010": {"K65A-U020": 28.6}, "K66-D120": {"K66-D130": 53.33900000000001}, "K65-D010": {"K65-D020": 33.0}, "K65-D060": {"K65-D070": 33.5456}, "K66-U100": {"K66-U110": 34.87}, "K65-D100": {"K65-D110": 171.60000000000002}, "K65-U200": {"K65-U210": 76.34}, "K68-U060": {"K68-U070": 59.95}, "K65-U090": {"K65-U100": 57.2}, "K68-U080": {"K68-U090": 43.56}, "K66-U040": {"K66-U050": 133.10000000000002}, "K66-U160": {"K66-U170": 42.0068}, "K68-U020": {"K68-U030": 41.800000000000004}, "K66-U060": {"K66-U070": 136.4}, "K65-U170": {"K65-U180": 20.031}, "K66-D180": {"K66-D190": 74.58}, "K66-D220": {"K66-D230": 59.400000000000006}, "K65-D160": {"K65-D170": 125.4}, "K66-D190": {"K66-D200": 72.60000000000001}, "K65-D070": {"K65-D080": 120.45000000000002}, "K66-D200": {"K66-D210": 100.98000000000002}, "K68-U150": {"K68-U160": 84.7}, "K65-D180": {"K65-D190": 101.2}, "K68-D060": {"K68-D070": 99.00000000000001}, "K66-U180": {"K66-U190": 47.300000000000004}, "K65A-D040": {"K65A-D050": 33.0}, "K68-D130": {"K68-D140": 55.00000000000001}, "K65A-D050": {"K65A-D060": 52.25}, "K65A-U080": {"K65A-U090": 62.260000000000005}, "K65A-U110": {"K65A-U120": 75.9}, "K65A-U030": {"K65A-U040": 45.32000000000001}, "K66-D170": {"K66-D180": 152.9}, "K66-U110": {"K66-U120": 19.470000000000002}, "K66-U120": {"K66-U130": 39.6}, "K65A-D100": {"K65A-D110": 273.90000000000003}, "K66-D210": {"K66-D220": 136.4}}