{"KF4": {"KF6": 250.95614001635417, "KF2": 1022.6250993686663}, "KF3": {"KF1": 686.7637459275604}, "KF2": {"KF4": 1022.6242259671574}, "KF1": {"KF3": 686.7646012373939, "KF5": 767.8870836874813}, "KF5": {"KF1": 767.886934724961}, "KF6": {"KF4": 250.95633145586513}}