{"TAW": {"KOT": 320.63008229961264, "SHT": 72.47459999999998}, "TAP": {"UNI": 430.1252453543801, "TWO": 80.80677}, "TAK": {"QUB": 73.7}}