{"TIK": {"YAT": 141.42155330589975, "TKO": 55.55561431799629}, "TIH": {"CAB": 137.61330000000004, "FOH": 132.0}, "TIS": {"LOP": 173.90587641916562, "SIH": 389.45901890279873}}