{"TIK": {"YAT": 141.42199757780037, "TKO": 108.14060240038334}, "TIH": {"CAB": 125.480773, "FOH": 132.0}, "TIS": {"LOP": 173.91326880124123, "SIH": 389.4434654085098}}