{"TST": {"ADM": 176.36743963073937, "JOR": 121.94160000000002}, "TSY": {"KOW": 661.6695615099304, "SUN": 690.6339937724717, "AIR": 1467.439530515491, "LAK": 180.92629365878497}, "TSH": {"HEO": 125.763, "SHM": 216.41288731000813}, "TSW": {"TWH": 66.0}}