{"TWO": {"TAP": 144.65373079740002, "FAN": 412.63350461507434}, "TWH": {"KWH": 149.922597, "TSW": 88.03443032373609}, "TWW": {"KSR": 712.0295036219525, "MEF": 351.82771904869134}}