{"WCH": {"LET": 164.69108138237613, "OCP": 118.47125420188199}}