{"HOK": {"KOW": 177.74102214130818}, "HOM": {"TKW": 132.77, "HUH": 126.72, "YMT": 50.25833999999999}}