{"K52-nD060": {"K52-nD070": 129.3476831685983}, "K51A-U010": {"K51A-U020": 53.12230000000001}, "K53-D010": {"K53-D015": 109.86800000000001}, "K53-D040": {"K53-D050": 73.161}, "K52-nD020": {"K52-nD030": 21.186}, "K53-U110": {"K53-U120": 97.82231250000001}, "K52A-D070": {"K52A-D080": 120.22999999999999}, "K54-D030": {"K54-D040": 86.33006689999999}, "K53-D050": {"K53-D060": 107.415}, "K58-D020": {"K58-D030": 104.50000000000001}, "K52-nU270": {"K52-nU280": 160.36747851973982}, "K51-D250": {"K51-D260": 203.50000000000003}, "K52-nU040": {"K52-nU050": 59.18000000000001}, "K58-U010": {"K58-U020": 47.080000000000005}, "K52-nD230": {"K52-nD240": 145.34157000000002}, "K51-U010": {"K51-U020": 33.748000000000005}, "K53-D100": {"K53-D110": 73.03120000000001}, "K51A-U200": {"K51A-U210": 57.948000000000015}, "K51-U160": {"K51-U170": 103.00399999999999}, "K51A-U190": {"K51A-U200": 97.9}, "K58-U150": {"K58-U160": 215.94100000000003}, "K58-U140": {"K58-U150": 233.72231849999994}, "K53-D060": {"K53-D070": 171.31400000000002}, "K51A-D240": {"K51A-D250": 67.71379999999999}, "K51A-U240": {"K51A-U250": 79.84900000000002}, "K51A-U210": {"K51A-U220": 92.77400000000003}, "K58-D190": {"K58-D193": 223.19}, "K51A-D110": {"K51A-D120": 57.970000000000006}, "K58-D130": {"K58-D140": 128.125547}, "K58-D080": {"K58-D090": 172.77358999999998}, "K52-nD080": {"K52-nD090": 120.89000000000003}, "K54-U070": {"K54-D010": 187.00000000000003}, "K51-U240": {"K51-U250": 95.04}, "K51-D220": {"K51-D230": 245.74}, "K53-D080": {"K53-D090": 55.00000000000001}, "K51A-U170": {"K51A-U180": 81.5925}, "K54-D050": {"K54-D060": 106.20500000000001}, "K58-U030": {"K58-U040": 303.6}, "K52-nD250": {"K52-nD260": 199.98000000000002}, "K51-D100": {"K51-D110": 165.0}, "K51-D280": {"K51-D290": 76.516}, "K53-U130": {"K53-U140": 65.55397213189}, "K52-nU090": {"K52-nU100": 106.7}, "K51A-D050": {"K51A-D060": 86.87800000000001}, "K52-nD170": {"K52-nD180": 131.13100000000003}, "K53-U050": {"K53-U060": 160.576471}, "K54-D060": {"K54-D070": 173.8825}, "K53-U120": {"K53-U130": 81.25275961}, "K51A-U030": {"K51A-U040": 91.30000000000001}, "K51A-U220": {"K51A-U230": 92.4}, "K54-D040": {"K54-D050": 180.598}, "K58-D010": {"K58-D020": 19.580000000000002}, "K51-U140": {"K51-U150": 60.64080000000001}, "K58-D180": {"K58-D190": 314.27363}, "K51-D020": {"K51-D030": 68.915}, "K53-U060": {"K53-U070": 76.67}, "K58-D110": {"K58-D120": 209.10999999999999}, "K53-U090": {"K53-U100": 115.93011100000004}, "K53-D140": {"K53-D150": 190.24830000000003}, "K51A-U180": {"K51A-U190": 105.60000000000001}, "K52-nD240": {"K52-nD250": 158.4}, "K58-U023": {"K58-U026": 79.2792}, "K58-D030": {"K58-D040": 88.0}, "K51-D180": {"K51-D190": 199.21}, "K52A-U170": {"K52A-U180": 275.37054778116794}, "K54-U050": {"K54-U060": 348.70000000000005}, "K51A-D140": {"K51A-D150": 90.36500000000002}, "K51A-U120": {"K51A-U130": 166.54000000000002}, "K58-U190": {"K58-U200": 155.43}, "K54-U010": {"K54-U020": 78.01200000000001}, "K51A-D260": {"K51A-D270": 81.95}, "K51A-D080": {"K51A-D090": 148.82999999999998}, "K51-D050": {"K51-D060": 71.5}, "K58-D070": {"K58-D080": 117.2413}, "K53-U100": {"K53-U110": 84.30483600000002}, "K51A-D250": {"K51A-D260": 118.80000000000001}, "K52-nU010": {"K52-nU020": 34.32000000000001}, "K52A-D060": {"K52A-D070": 129.34768316859828}, "K51A-U100": {"K51A-U110": 221.21000000000004}, "K51A-D100": {"K51A-D110": 46.09}, "K53-U140": {"K53-D010": 91.09472707500001}, "K51A-D220": {"K51A-D230": 151.668}, "K54-D020": {"K54-D030": 132.84152565833193}, "K58-U090": {"K58-U100": 184.76809999999998}, "K53-U080": {"K53-U090": 91.57287480000002}, "K51A-D090": {"K51A-D100": 70.51}, "K58-U040": {"K58-U050": 93.247}, "K52-nU140": {"K52-nU150": 256.3}, "K51A-U130": {"K51A-U140": 82.06000000000002}, "K58-U060": {"K58-U070": 164.81300000000002}, "K53-D110": {"K53-D120": 167.475}, "K51A-U110": {"K51A-U120": 141.5986}, "K58-U100": {"K58-U110": 95.04}, "K58-D196": {"K58-D200": 102.30000000000001}, "K51A-D070": {"K51A-D080": 103.29}, "K51-D010": {"K51-D020": 99.44000000000001}, "K51A-D210": {"K51A-D220": 80.65200000000002}, "K52-nU120": {"K52-nU140": 119.9}, "K58-D050": {"K58-D060": 211.25390000000002}, "K51A-D230": {"K51A-D240": 179.19}, "K51-D150": {"K51-D160": 162.36}, "K52A-D160": {"K52A-D170": 156.31}, "K51-U090": {"K51-U100": 178.871}, "K52A-D130": {"K52A-D140": 112.2}, "K51-D170": {"K51-D180": 114.4}, "K52-nD260": {"K52-nD270": 60.50000000000001}, "K54-D010": {"K54-D020": 325.88599999999997}, "K52A-D110": {"K52A-D120": 157.3}, "K52-nU210": {"K52-nU220": 85.80000000000001}, "K52-nU020": {"K52-nU030": 107.80000000000001}, "K53-D090": {"K53-D100": 57.36236}, "K53-U010": {"K53-U020": 264.89099999999996}, "K52-nD070": {"K52-nD080": 142.01000000000002}, "K53-D015": {"K53-D020": 55.00000000000001}, "K53-D130": {"K53-D140": 108.77900000000002}, "K52-nD270": {"K52-nD280": 90.2}, "K58-U110": {"K58-U120": 165.2013}, "K51-U230": {"K51-U240": 44.0}, "K51A-D170": {"K51A-D180": 155.10000000000002}, "K51-D270": {"K51-D280": 116.60000000000001}, "K58-U130": {"K58-U140": 76.97800000000001}, "K58-D140": {"K58-D150": 45.650000000000006}, "K52A-U140": {"K52A-U150": 160.36747851973982}, "K54-U060": {"K54-U070": 216.90130000000005}, "K52A-D010": {"K52A-D020": 277.2164422563302}, "K51-D120": {"K51-D130": 58.99300000000001}, "K52-nU280": {"K52-nU290": 48.620000000000005}, "K51-U200": {"K51-U210": 80.30000000000001}, "K52-nD010": {"K52-nD020": 18.48}, "K53-D020": {"K53-D030": 41.800000000000004}, "K53-U030": {"K53-U040": 271.4607500000001}, "K51A-U230": {"K51A-U240": 46.2}, "K51-U070": {"K51-U080": 205.70000000000002}, "K51A-U020": {"K51A-U030": 93.753}, "K58-U080": {"K58-U090": 76.5479}, "K54-U040": {"K54-U050": 170.668663}, "K51-U030": {"K51-U040": 95.7}, "K51-U080": {"K51-U090": 198.55}, "K58-D193": {"K58-D196": 57.717000000000006}, "K51-D140": {"K51-D150": 82.61}, "K51-U220": {"K51-U230": 72.60000000000001}, "K51A-U050": {"K51A-U060": 270.16}, "K52-nU080": {"K52-nU090": 103.4}, "K52-nU190": {"K52-nU200": 153.08700000000002}, "K54-U020": {"K54-U030": 148.62023000000005}, "K51-D230": {"K51-D240": 68.2}, "K51A-U060": {"K51A-U070": 335.5}, "K52-nD030": {"K52-nD040": 30.800000000000004}, "K51-U020": {"K51-U030": 116.75400000000002}, "K51A-D200": {"K51A-D210": 294.8}, "K51-U150": {"K51-U160": 87.07050000000001}, "K58-U160": {"K58-U170": 144.59060000000002}, "K58-U180": {"K58-U190": 154.66000000000003}, "K53-U070": {"K53-U080": 61.04999999999999}, "K58-U120": {"K58-U130": 110.66000000000001}, "K52-nU060": {"K52-nU070": 177.43}, "K58-D120": {"K58-D130": 122.21000000000001}, "K52-nD110": {"K52-nD120": 192.50000000000003}, "K51-U040": {"K51-U050": 128.70000000000002}, "K52-nU030": {"K52-nU040": 116.60000000000001}, "K58-D150": {"K58-D160": 79.31}, "K51-U110": {"K51-U120": 87.34}, "K51A-D060": {"K51A-D070": 76.01}, "K52-nD050": {"K52-nD060": 52.25}, "K53-U040": {"K53-U050": 154.37400000000002}, "K52A-D170": {"K52A-D180": 214.50000000000003}, "K51-D090": {"K51-D100": 107.8}, "K58-U026": {"K58-U030": 125.18000000000002}, "K51A-U040": {"K51A-U050": 140.69}, "K52-nD200": {"K52-nD210": 151.8}, "K52-nD220": {"K52-nD230": 147.18}, "K58-U070": {"K58-U080": 137.06}, "K51-D030": {"K51-D040": 46.2}, "K58-D090": {"K58-D100": 134.62900000000002}, "K51A-D180": {"K51A-D190": 163.46}, "K53-D160": {"K53-D170": 221.10000000000002}, "K52-nD210": {"K52-nD220": 260.26000000000005}, "K51-D200": {"K51-D210": 201.3}, "K52-nU180": {"K52-nU190": 97.9}, "K52-nD160": {"K52-nD170": 162.8}, "K52-nD130": {"K52-nD140": 96.2093}, "K51A-U080": {"K51A-U090": 201.3}, "K52-nU250": {"K52-nU260": 78.10000000000001}, "K51-U130": {"K51-U140": 79.22200000000001}, "K58-D160": {"K58-D170": 207.76800000000003}, "K52A-D180": {"K52A-D190": 251.90000000000003}, "K51-U060": {"K51-U070": 354.20000000000005}, "K51-D070": {"K51-D080": 72.93}, "K51-D060": {"K51-D070": 73.59}, "K51A-D120": {"K51A-D140": 156.20000000000002}, "K54-U030": {"K54-U040": 155.87}, "K51-D110": {"K51-D120": 102.30000000000001}, "K52-nU300": {"K52-nU310": 41.800000000000004},