{"K73-U010": {"K73-U020": 71.5}, "K73-U020": {"K73-U030": 207.46000000000004}, "K75P-D020": {"K75P-D030": 35.2}, "K75P-U120": {"K75P-U130": 72.60000000000001}, "K73-U080": {"K73-U090": 279.0887000000001, "K73-U110": 151.48186865393546}, "K74-D060": {"K74-D070": 161.04000000000002}, "K76-D020": {"K76-D030": 133.79885200000007}, "K73-U060": {"K73-U070": 127.35747552968}, "K73-D010": {"K73-D020": 94.60000000000001}, "K76-U020": {"K76-U030": 44.7359}, "K76-U010": {"K76-U020": 45.350195}, "K75A-U020": {"K75A-U030": 147.851}, "K75P-D080": {"K75P-U011": 155.1}, "K73-D130": {"K73-D140": 165.0}, "K75P-D010": {"K75P-D020": 155.551}, "K73-D100": {"K73-D110": 220.55}, "K73-U040": {"K73-U060": 228.46999999999997, "K73-U050": 125.30319999999999}, "K76-D010": {"K76-D020": 170.46999712774624}, "K75A-U030": {"K75A-D010": 219.56}, "K75P-U110": {"K75P-U120": 99.00000000000001}, "K75A-D050": {"K75A-D060": 70.76938}, "K75A-D070": {"K75A-D080": 44.55}, "K73-U070": {"K73-U080": 175.16279000000003}, "K76-U030": {"K76-U040": 163.08542665805479}, "K74-U030": {"K74-U040": 263.56000000000006}, "K75A-D080": {"K75A-D090": 126.84100000000001}, "K75P-D040": {"K75P-D050": 183.70000000000002}, "K73-U050": {"K73-U060": 106.08482500000002}, "K73-D120": {"K73-D130": 129.8}, "K74-D010": {"K74-D020": 171.6}, "K73-U110": {"K73-U120": 250.91000000000003}, "K73-D030": {"K73-D040": 125.29000000000003}, "K75A-D040": {"K75A-D050": 54.010000000000005}, "K75P-U020": {"K75P-U030": 94.60000000000001}, "K73-U030": {"K73-U040": 100.97999999999999}, "K74-U007": {"K74-U010": 215.60000000000002}, "K73-D040": {"K73-D050": 100.98}, "K73-D150": {"K73-D160": 65.01}, "K74-U090": {"K74-U100": 182.93}, "K75P-D050": {"K75P-D060": 110.22}, "K74-D030": {"K74-D040": 130.031}, "K75P-U090": {"K75P-U100": 45.870000000000005}, "K73-D050": {"K73-D070": 121.00000000000001}, "K75A-D100": {"K75A-D110": 104.28000000000002}, "K75P-U060": {"K75P-U070": 26.400000000000002}, "K75P-U070": {"K75P-U080": 71.5}, "K73-D110": {"K73-D120": 59.400000000000006}, "K75A-D020": {"K75A-D030": 28.71}, "K75A-D010": {"K75A-D020": 195.8}, "K74-U100": {"K74-D010": 119.9}, "K75P-D030": {"K75P-D040": 80.52000000000001}, "K73-U100": {"K73-U110": 275.517}, "K76-D030": {"K76-D040": 43.088100000000004}, "K73-D090": {"K73-D100": 96.80000000000001}, "K75P-U140": {"K75P-D010": 138.60000000000002}, "K74-U011": {"K74-D100": 187.31900000000002}, "K75A-D060": {"K75A-D070": 55.00000000000001}, "K73-U090": {"K73-U100": 147.4}, "K74-U020": {"K74-U030": 146.3}, "K75A-U010": {"K75A-U020": 71.5}, "K75P-U080": {"K75P-U090": 57.2}, "K75A-D030": {"K75A-D040": 57.2}, "K73-D070": {"K73-D080": 185.9}}