{"K73-U010": {"K73-U020": 71.5}, "K73-U020": {"K73-U030": 205.70000000000002}, "K75P-D020": {"K75P-D030": 35.2}, "K75P-U120": {"K75P-U130": 72.60000000000001}, "K73-U080": {"K73-U090": 277.20000000000005, "K73-U110": 151.48186865393546}, "K74-D060": {"K74-D070": 166.10000000000002}, "K76-D020": {"K76-D030": 133.75428000000005}, "K73-U060": {"K73-U070": 133.48719999999997}, "K73-D010": {"K73-D020": 94.60000000000001}, "K76-U020": {"K76-U030": 31.251000000000005}, "K76-U010": {"K76-U020": 57.750000000000014}, "K75A-U020": {"K75A-U030": 145.09}, "K75P-D080": {"K75P-U011": 155.1}, "K73-D130": {"K73-D140": 165.0}, "K75P-D010": {"K75P-D020": 156.09}, "K73-D100": {"K73-D110": 221.10000000000002}, "K73-U040": {"K73-U060": 228.46999999999997, "K73-U050": 122.10000000000001}, "K76-D010": {"K76-D020": 170.46999712774624}, "K75A-U030": {"K75A-D010": 221.10000000000002}, "K75P-U110": {"K75P-U120": 99.00000000000001}, "K75A-D050": {"K75A-D060": 70.62}, "K75A-D070": {"K75A-D080": 44.55}, "K73-U070": {"K73-U080": 173.91000000000003}, "K76-U030": {"K76-U040": 163.08542665805479}, "K74-U030": {"K74-U040": 262.90000000000003}, "K75A-D080": {"K75A-D090": 127.60000000000001}, "K75P-D040": {"K75P-D050": 183.70000000000002}, "K73-U050": {"K73-U060": 108.35}, "K73-D120": {"K73-D130": 129.8}, "K74-D010": {"K74-D020": 171.6}, "K73-U110": {"K73-U120": 250.91000000000003}, "K73-D030": {"K73-D040": 123.20000000000002}, "K75A-D040": {"K75A-D050": 53.900000000000006}, "K75P-U020": {"K75P-U030": 94.60000000000001}, "K73-U030": {"K73-U040": 102.30000000000001}, "K74-U007": {"K74-U010": 215.60000000000002}}