{"KF5": {"KF1": 767.8871469209412}, "KF4": {"KF2": 1022.6259561658942, "KF6": 250.95802611501375}, "KF2": {"KF4": 1022.6260676662718}, "KF1": {"KF5": 767.8871506927392, "KF3": 686.7721585566228}, "KF6": {"KF4": 250.95801128320585}, "KF3": {"KF1": 686.7722668910314}}