{"KSR": {"TWW": 658.8151433327166, "YUL": 250.59519544876562}}