{"KWT": {"NTK": 25.080000000000002, "LAT": 0.0}, "KWH": {"KWF": 87.2652, "TWH": 0.0}, "KWF": {"LAK": 0.0, "KWH": 3.897234000000001}}