{"LAK": {"NAC": 297.31823535759713, "TSY": 180.95975399170942, "MEF": 126.00247096719697, "KWF": 20.46}, "LAT": {"KWT": 0.0, "YAT": 0.0}}