{"LOW": {"SHS": 261.75348133959744}, "LOF": {"WTS": 0.0, "KOT": 109.428}, "LOP": {"TIS": 173.91326880124123, "YUL": 125.4}}