{"NOP": {"QUB": 71.61374119584832, "FOH": 79.50031235609772}}