{"SUN": {"DIS": 198.58184131601394, "TUC": 823.8788572447271, "TSY": 690.6326004179786}, "SUW": {"TKW": 7.92}}