{"WCH": {"LET": 117.55851937957486, "OCP": 110.06630174727957}}