{"CHH": {"KOB": 148.58742276416186, "DIH": 137.524400984962}, "CHW": {"HFC": 175.03114060068324}}