{"DIS": {"SUN": 198.58226733744897}, "DIH": {"CHH": 78.53999999999999, "HIK": 333.0186672149299, "WTS": 130.68}}