{"EXC": {"HUH": 199.67329960166072, "ADM": 66.9128053602175}}