{"FOT": {"UNI": 186.42931690460236, "SHT": 155.96858734975226}, "FOH": {"NOP": 102.0885525, "TIH": 74.8}}