{"FOT": {"UNI": 190.61112396091625, "SHT": 155.94742576988833}, "FOH": {"NOP": 141.48997356598508, "TIH": 90.92927257913621}}