{"K17-U030": {"K17-U040": 21.0606}, "K18-U020": {"K18-U030": 48.84000000000001}, "K17-U020": {"K17-U030": 100.10000000000001}}