{"KF2": {"KF4": 1022.6257061988533}, "KF4": {"KF2": 1022.6255635300371, "KF6": 250.9569239802955}, "KF5": {"KF1": 767.8871391880264}, "KF1": {"KF5": 767.887115607629, "KF3": 686.7703423513407}, "KF6": {"KF4": 250.95751372974027}, "KF3": {"KF1": 686.7714567416589}}