{"KOT": {"TAW": 320.61962553603695, "LOF": 121.76917499999999, "MKK": 137.99808715560704, "SKM": 141.9}, "KOW": {"HOK": 177.73224748063043, "OLY": 121.80668201614313, "TSY": 661.6616284085004}, "KOB": {"CHH": 191.40000000000003, "NTK": 132.0}}