{"KOT": {"TAW": 320.61962553603695, "LOF": 121.76917499999999, "MKK": 137.99693995117474, "SKM": 143.0}, "KOW": {"HOK": 177.73115273204988, "OLY": 121.80668201614313, "TSY": 661.6628994172299}, "KOB": {"CHH": 191.40000000000003, "NTK": 132.0}}