{"NTK": {"KOB": 131.07495390000005, "KWT": 130.90000000000003}}