{"QUB": {"TAK": 93.96200000000002, "YAT": 249.66298453786126, "NOP": 119.90000000000002}}