{"SUN": {"TSY": 690.6249185542516, "DIS": 198.5823315901593, "TUC": 823.8826693528957}, "SUW": {"TKW": 154.0, "KAT": 122.09999999999998}}