{"SUN": {"TSY": 604.3690472211767, "DIS": 198.58233387484285, "TUC": 823.8869879594988}, "SUW": {"TKW": 151.33999999999997, "KAT": 122.09999999999998}}