{"UNI": {"FOT": 186.4367687732366, "TAP": 430.12215946711484}}