{"YMT": {"MOK": 117.60315533051421, "HOM": 170.6094807516, "JOR": 129.502819891511}}