{"1": {"2": 224.515860569, "6": 360.75965889700007}}