{"ETS": {"HUH": 179.71584037000002, "AUS": 180.450945802602}}