{"HOK": {"KOW": 177.73686406933186}, "HOM": {"HUH": 132.0, "TKW": 191.40000000000003}}