{"K53-U090": {"K53-U100": 110.5000325}, "K53-D015": {"K53-D020": 52.461200000000005}, "K53-U140": {"K53-D010": 85.59185800000002}, "K51-U140": {"K51-U150": 58.432}, "K58-D070": {"K58-D080": 56.1}, "K53-D090": {"K53-D100": 66.6644}, "K52-nU050": {"K52-nU060": 228.26100000000002}, "K53-U110": {"K53-U120": 84.546}, "K51-D050": {"K51-D060": 82.5}, "K51-D110": {"K51-D120": 74.14219999999999}, "K52-nD260": {"K52-nD270": 52.14}, "K53-U020": {"K53-U030": 150.0877183641}, "K58-U120": {"K58-U130": 108.46000000000001}, "K58-D020": {"K58-D030": 82.456}, "K58-D130": {"K58-D140": 121.77000000000001}, "K52-nD010": {"K52-nD020": 19.250000000000004}, "K58-D060": {"K58-D070": 155.10000000000002}, "K53-D100": {"K53-D110": 62.348}, "K58-U023": {"K58-U026": 51.22589999999999}, "K51A-D080": {"K51A-D090": 121.20900000000002}, "K51-D160": {"K51-D170": 41.800000000000004}, "K53-U050": {"K53-U060": 120.66667722999998}, "K54-D060": {"K54-D070": 152.3291}, "K51-U210": {"K51-U220": 55.30800000000001}, "K58-U110": {"K58-U120": 182.82}, "K54-U030": {"K54-U040": 131.0056}, "K51-U100": {"K51-U110": 168.52000000000004}, "K52-nD080": {"K52-nD090": 70.4}, "K53-U080": {"K53-U090": 53.348042}, "K58-U190": {"K58-U200": 125.4}, "K51-U170": {"K51-U180": 58.300000000000004}, "K51A-U070": {"K51A-U080": 168.3}, "K53-D060": {"K53-D070": 111.66100000000002}, "K53-U040": {"K53-U050": 106.87600000000002}, "K54-D020": {"K54-D030": 132.83968462117588}, "K51A-U100": {"K51A-U110": 198.11000000000004}, "K51A-U060": {"K51A-U070": 312.97200000000004}, "K58-U200": {"K58-U210": 73.7}, "K53-U060": {"K53-U070": 74.4524}, "K51A-D120": {"K51A-D140": 81.4}, "K58-U050": {"K58-U060": 27.500000000000004}, "K52-nD270": {"K52-nD280": 74.80000000000001}, "K51A-D170": {"K51A-D180": 137.5}, "K53-U070": {"K53-U080": 10.384}, "K58-D200": {"K58-D210": 63.800000000000004}, "K53-U100": {"K53-U110": 69.27159359999997}, "K58-U010": {"K58-U020": 74.80000000000001}, "K52-nD290": {"K52-nD300": 103.17999999999999}, "K53-U130": {"K53-U140": 77.76600062000001}, "K52-nD220": {"K52-nD230": 85.80000000000001}, "K51-U090": {"K51-U100": 144.54000000000002}, "K53-D140": {"K53-D150": 173.51778399999998}, "K52-nU150": {"K52-nU160": 92.91260000000001}, "K54-D030": {"K54-D040": 57.6389}, "K51-U080": {"K51-U090": 156.8919}, "K52-nU190": {"K52-nU200": 112.10100000000003}, "K52-nU180": {"K52-nU190": 68.4816}, "K54-U020": {"K54-U030": 67.11099999999999}, "K51-U240": {"K51-U250": 113.30000000000001}, "K51-D210": {"K51-D220": 167.20000000000002}, "K58-D050": {"K58-D060": 181.50000000000003}, "K52-nD230": {"K52-nD240": 161.70000000000002}, "K52-nD160": {"K52-nD170": 139.59000000000003}, "K52-nU240": {"K52-nU250": 82.27857000000002}, "K58-U090": {"K58-U100": 169.3802}, "K51A-U010": {"K51A-U020": 312.95000000000005}, "K53-U120": {"K53-U130": 64.008274}, "K51-U230": {"K51-U240": 52.8}, "K53-D110": {"K53-D120": 151.58}, "K58-D140": {"K58-D150": 44.0715}, "K51-D030": {"K51-D040": 41.800000000000004}, "K58-D190": {"K58-D193": 146.88299999999998}, "K51-D080": {"K51-D090": 116.49000000000004}, "K51-D170": {"K51-D180": 129.36}, "K51A-U030": {"K51A-U040": 70.4}, "K58-D180": {"K58-D190": 291.7574}, "K53-U030": {"K53-U040": 183.6802}, "K52-nD040": {"K52-nD050": 37.620000000000005}, "K53-D130": {"K53-D140": 126.64299999999999}, "K51A-D150": {"K51A-D160": 122.10000000000001}, "K51-U030": {"K51-U040": 57.8248}, "K51A-D220": {"K51A-D230": 171.60000000000002}, "K51-D090": {"K51-D100": 81.4}, "K51A-D090": {"K51A-D100": 69.19000000000001}, "K51A-U090": {"K51A-U100": 144.10000000000002}, "K58-D010": {"K58-D020": 24.200000000000003}, "K51-U180": {"K51-U190": 97.9}, "K53-D080": {"K53-D090": 53.68000000000001}, "K52-nD280": {"K52-nD290": 82.544}, "K51-D180": {"K51-D190": 169.13600000000002}, "K51A-D240": {"K51A-D250": 91.30000000000001}, "K52-nD060": {"K52-nD070": 129.3476831685983}, "K54-U070": {"K54-D010": 145.79400000000004}, "K54-U060": {"K54-U070": 204.00600000000003}, "K54-D010": {"K54-D020": 90.09}, "K52A-U140": {"K52A-U150": 160.3664834527313}, "K52-nD210": {"K52-nD220": 186.23000000000002}, "K51-U160": {"K51-U170": 122.10000000000001}, "K58-U030": {"K58-U040": 295.90000000000003}, "K52-nU210": {"K52-nU220": 84.7}, "K51-D060": {"K51-D070": 60.28000000000001}, "K58-U160": {"K58-U170": 116.60000000000001}, "K52A-U170": {"K52A-U180": 275.3750320785301}, "K52-nD140": {"K52-nD150": 94.16}, "K52-nD050": {"K52-nD060": 45.1}, "K53-D070": {"K53-D080": 72.60000000000001}, "K51-D200": {"K51-D210": 121.00000000000001}, "K53-D050": {"K53-D060": 59.74100000000002}, "K58-D040": {"K58-D050": 95.7}, "K51-D150": {"K51-D160": 180.4}, "K51-U190": {"K51-U200": 84.7}, "K53-D030": {"K53-D040": 92.4}, "K53-D020": {"K53-D030": 111.43000000000002}, "K52-nU270": {"K52-nU280": 160.3664834527313}, "K58-U130": {"K58-U140": 96.03}, "K52-nU120": {"K52-nU140": 100.54}, "K58-D196": {"K58-D200": 85.80000000000001}, "K51A-D030": {"K51A-D040": 46.2}, "K51A-D070": {"K51A-D080": 89.10000000000001}, "K51-U020": {"K51-U030": 107.58000000000001}, "K58-D110": {"K58-D120": 167.42000000000002}, "K58-D170": {"K58-D180": 143.0}, "K51A-U160": {"K51A-U170": 67.10000000000001}, "K51A-D060": {"K51A-D070": 79.2}, "K51A-U130": {"K51A-U140": 108.9}, "K58-D120": {"K58-D130": 155.65}, "K51-D130": {"K51-D140": 47.872}, "K51-U110": {"K51-U120": 96.32700000000003}, "K54-D050": {"K54-D060": 58.35470299999999}, "K52-nU040": {"K52-nU050": 65.34}, "K58-U140": {"K58-U150": 121.11000000000001}, "K52-nU090": {"K52-nU100": 96.80000000000001}, "K51-U070": {"K51-U080": 152.02}, "K58-U180": {"K58-U190": 101.64000000000001}, "K52-nD120": {"K52-nD130": 39.05}, "K51-D240": {"K51-D250": 123.20000000000002}, "K51-U130": {"K51-U140": 45.65}, "K58-D030": {"K58-D040": 22.0}, "K58-D150": {"K58-D160": 70.4}, "K52-nU060": {"K52-nU070": 100.10000000000001}, "K52-nU300": {"K52-nU310": 29.700000000000003}, "K52-nD100": {"K52-nD110": 61.60000000000001}, "K52-nU220": {"K52-nU230": 89.1}, "K54-D040": {"K54-D050": 89.21000000000001}, "K52-nU030": {"K52-nU040": 124.30000000000001}, "K51-D190": {"K51-D200": 191.4}, "K53-U010": {"K53-U020": 247.93856010000007}, "K54-U010": {"K54-U020": 86.68}, "K54-U050": {"K54-U060": 372.02000000000004}, "K51-D260": {"K51-D270": 67.10000000000001}, "K51A-U040": {"K51A-U050": 136.4}, "K54-U040": {"K54-U050": 154.0}, "K52-nU160": {"K52-nU170": 65.12}, "K52-nU070": {"K52-nU080": 80.08000000000001}, "K51-D120": {"K51-D130": 66.33}, "K58-U026": {"K58-U030": 96.80000000000001}, "K51-D250": {"K51-D260": 130.9}, "K58-U170": {"K58-U180": 217.8}, "K52-nU110": {"K52-nU120": 177.32000000000002}, "K58-U060": {"K58-U070": 166.10000000000002}, "K58-U020": {"K58-U023": 162.8}, "K51-D220": {"K51-D230": 272.69}, "K52A-U130": {"K52A-U140": 60.50000000000001}, "K52A-D010": {"K52A-D020": 277.2173880860822}, "K52A-U090": {"K52A-U100": 90.2}, "K51-U060": {"K51-U070": 258.02700000000004}, "K51-D020": {"K51-D030": 63.51400000000001}, "K52-nU250": {"K52-nU260": 115.50000000000001}, "K52-nD170": {"K52-nD180": 116.6}, "K52-nU290": {"K52-nU300": 24.200000000000003}, "K52-nD250": {"K52-nD260": 220.00000000000003}, "K52-nU200": {"K52-nU210": 101.2}, "K52A-U100": {"K52A-U110": 80.30000000000001}, "K52-nD200": {"K52-nD210": 112.2}, "K51-U150": {"K51-U160": 68.2}, "K52A-U080": {"K52A-U090": 69.30000000000001}, "K51A-D040": {"K51A-D050": 120.01000000000002}, "K51-U010": {"K51-U020": 48.400000000000006}, "K51A-D190": {"K51A-D200": 206.25}, "K53-D120": {"K53-D130": 108.9}, "K51A-D110": {"K51A-D120": 53.9}, "K52-nU010": {"K52-nU020": 34.1}, "K52-nU230": {"K52-nU240": 122.10000000000001}, "K51-D270": {"K51-D280": 91.30000000000001}, "K52-nD190": {"K52-nD200": 114.4}, "K53-D150": {"K53-D160": 104.50000000000001}, "K51A-D100": {"K51A-D110": 55.00000000000001}, "K51-D280": {"K51-D290": 61.60000000000001}, "K52A-D060": {"K52A-D070": 129.3476831685983}, "K51A-U180": {"K51A-U190": 103.4}}