{"KF4": {"KF6": 250.94230800755048, "KF2": 1022.6027215590686}, "KF1": {"KF5": 767.8865292132839, "KF3": 686.738650128146}, "KF6": {"KF4": 250.94529982429398}, "KF3": {"KF1": 686.7349113617295}, "KF5": {"KF1": 767.88620287348}, "KF2": {"KF4": 1022.6107579601387}}