{"LAK": {"TSY": 180.94396082843076, "NAC": 297.32236455084194, "MEF": 125.99872117716559, "KWF": 149.35139999999998}, "LAT": {"YAT": 132.0}}