{"LAK": {"TSY": 180.92058554930682, "NAC": 297.3250597337123, "MEF": 125.99409180675646, "KWF": 137.94}, "LAT": {"YAT": 132.0}}