{"LET": {"WCH": 149.7502051386865, "SOH": 107.84292457451825}}