{"OCP": {"WCH": 122.25935106000001, "ADM": 287.6797689357697}}