{"OCP": {"WCH": 116.63341595400001, "ADM": 287.6749875239911}}