{"OLY": {"NAC": 118.407516414, "KOW": 121.78701197596368}}