{"PRE": {"MOK": 127.44788100000001, "SKM": 131.27829000000003, "SSP": 132.0}}