{"QUB": {"YAT": 249.65149270946054, "NOP": 128.88354365964756, "TAK": 66.0}}