{"QUB": {"YAT": 230.41071387439055, "NOP": 119.93726627003869, "TAK": 120.57816169305461}}