{"SIH": {"TUM": 154.41779610939486, "TIS": 389.450832853173}}