{"SUN": {"DIS": 198.58230523267662, "TUC": 823.8816551506455, "TSY": 690.6254583683307}, "SUW": {"KAT": 141.9, "TKW": 131.505}}