{"SUN": {"DIS": 198.58232578544926, "TUC": 823.8816551506455, "TSY": 690.6249185542516}, "SUW": {"KAT": 141.9, "TKW": 131.505}}