{"TAW": {"SHT": 59.68775648, "KOT": 320.61583510367115, "HIK": 132.66, "CKT": 137.94}, "TAP": {"UNI": 430.1227065712292, "TWO": 148.41542760000002}, "TAK": {"SWH": 125.4, "QUB": 132.0}}