{"TIK": {"TKO": 70.4761423377621, "YAT": 141.42117316156995}, "TIS": {"SIH": 389.45901890279873, "LOP": 173.90155338871207}, "TIH": {"FOH": 125.4, "CAB": 132.0}}