{"TKO": {"LHP": 128.5906187542274, "TIK": 97.233341556123, "HAH": 93.31129446012}, "TKW": {"SUW": 0.0, "HOM": 139.788}}