{"TSY": {"SUN": 690.6339937724717, "LAK": 180.94396082843076, "AIR": 1467.4416308990608, "KOW": 661.6576945093816}, "TST": {"ADM": 176.36743963073937, "JOR": 125.4}, "TSH": {"HEO": 198.00000000000003, "SHM": 216.38983882450867}, "TSW": {"TWH": 6.6}}