{"WCH": {"LET": 189.79026, "OCP": 127.92530552999999}}