{"WCH": {"LET": 172.43955373952232, "OCP": 123.36521035680732}}