{"YAT": {"QUB": 249.65751639704254, "TIK": 141.4216258306729, "LAT": 198.00000000000003}}