{"CIO": {"SHM": 128.03204441457405, "STW": 135.56422151151}}