{"DIS": {"SUN": 198.5823303926243}, "DIH": {"HIK": 333.01866721492985, "KAT": 140.14, "CHH": 127.545, "WTS": 132.0}}