{"HAH": {"TKO": 79.75361255399999, "POA": 139.56307886506414}}