{"HAH": {"TKO": 79.75361255399999, "POA": 140.62727316929983}}