{"HIK": {"DIH": 310.0551631715517, "TAW": 139.01052}}