{"HOK": {"KOW": 177.72858480328063}, "HOM": {"TKW": 139.12800000000001, "YMT": 51.09192}}