{"KWT": {"LAT": 25.080000000000002}, "KWF": {"LAK": 198.00000000000003}, "KWH": {"TWH": 132.0}}