{"NAC": {"LAK": 297.3179232627842, "OLY": 128.4924894, "AUS": 223.93606082404898, "MEF": 173.17114134341952}}