{"OCP": {"WCH": 131.66597399999998, "ADM": 287.6668113098498}}