{"OCP": {"WCH": 131.80276098726, "ADM": 287.6504789868776}}