{"PRE": {"MOK": 53.4772986, "SKM": 133.20999999999998, "SSP": 132.0}}