{"TAW": {"HIK": 132.0, "KOT": 320.63346078934666}, "TAP": {"UNI": 430.12725955667185, "TWO": 132.0}}