{"TKO": {"TIK": 161.70482183765156, "HAH": 115.30860000000003, "LHP": 128.59823683960403}, "TKW": {"SUW": 132.0, "HOM": 132.0}}