{"TKO": {"TIK": 145.62323480000106, "HAH": 131.019966, "LHP": 128.59550100483844}, "TKW": {"SUW": 132.0, "HOM": 132.0}}