{"TKO": {"TIK": 165.00535759739063, "HAH": 115.30860000000003, "LHP": 128.59823683960403}, "TKW": {"SUW": 132.0}}