{"TUC": {"SUN": 823.8846952634728}, "TUM": {"SIH": 154.42917913446368}}