{"WAC": {"ADM": 123.81322819066285, "CAB": 102.5620892554978}}