{"YAT": {"TIK": 141.42199757780037, "QUB": 249.6547215919326, "LAT": 6.9300000000000015}}