{"YAT": {"TIK": 141.4218931272515, "QUB": 249.66096677372153, "LAT": 7.700000000000001}}