{"AIR": {"TSY": 1467.4426355060111, "AWE": 92.4826564706254}}