{"CHW": {"HFC": 112.86000000000001}, "CHH": {"KOB": 198.99000000000004}}