{"CHW": {"HFC": 112.86000000000001}, "CHH": {"KOB": 179.09100000000004}}