{"CKT": {"TAW": 108.0301949414139, "STW": 124.5158604}}