{"K54-U020": {"K54-U030": 216.20500000000007}, "K52-nD150": {"K52-nD160": 53.900000000000006}, "K51-U020": {"K51-U030": 138.60000000000002}, "K53-U050": {"K53-U060": 129.47}, "K51A-U060": {"K51A-U070": 306.90000000000003}, "K52A-D100": {"K52A-D110": 50.160000000000004}, "K52-nU110": {"K52-nU120": 174.9}, "K51-D030": {"K51-D040": 40.7}, "K52-nD200": {"K52-nD210": 150.70000000000002}, "K51-U230": {"K51-U240": 38.5}, "K51-U100": {"K51-U110": 193.60000000000002}, "K51A-D190": {"K51A-D200": 189.20000000000002}, "K52-nU060": {"K52-nU070": 198.12100000000004}, "K53-D160": {"K53-D170": 222.20000000000002}, "K51-D180": {"K51-D190": 191.40000000000003}, "K51-U070": {"K51-U080": 165.22000000000003}, "K51A-D180": {"K51A-D190": 132.0}, "K51-U210": {"K51-U220": 47.55300000000001}, "K53-D140": {"K53-D150": 176.0}, "K53-U130": {"K53-U140": 62.64566}, "K52-nU220": {"K52-nU230": 99.00000000000001}, "K52A-U010": {"K52A-U015": 243.15500000000006}, "K51-D070": {"K51-D080": 61.60000000000001}, "K52A-U080": {"K52A-U090": 56.1}, "K52-nU100": {"K52-nU110": 189.20000000000002}, "K53-U080": {"K53-U090": 62.702200000000005}, "K51-D010": {"K51-D020": 74.80000000000001}, "K51-U040": {"K51-U050": 144.10000000000002}, "K51A-D040": {"K51A-D050": 101.20000000000002}, "K51-D080": {"K51-D090": 117.7}, "K54-D040": {"K54-D050": 159.5}, "K51A-D020": {"K51A-D030": 88.0}, "K51A-U100": {"K51A-U110": 194.865}, "K52A-U150": {"K52A-U160": 12.540000000000001}, "K51-U010": {"K51-U020": 34.934900000000006}, "K51A-U110": {"K51A-U120": 134.20000000000002}, "K51-U170": {"K51-U180": 73.7}, "K52A-U140": {"K52A-U150": 160.3674785197398}, "K51A-D080": {"K51A-D090": 128.70000000000002}, "K51-U190": {"K51-U200": 81.07000000000001}, "K52A-U020": {"K52A-U030": 86.9}, "K54-U010": {"K54-U020": 86.9}, "K54-D050": {"K54-D060": 79.80499999999999}, "K52A-D130": {"K52A-D140": 74.03}, "K54-D060": {"K54-D070": 137.5}, "K53-U110": {"K53-U120": 94.0027}, "K51-U090": {"K51-U100": 139.70000000000002}, "K53-D020": {"K53-D030": 111.10000000000001}, "K51A-U010": {"K51A-U020": 40.7}, "K52-nU180": {"K52-nU190": 58.300000000000004}, "K51A-D050": {"K51A-D060": 81.51}, "K53-D110": {"K53-D120": 173.03000000000003}, "K53-U070": {"K53-U080": 48.510000000000005}, "K51A-U150": {"K51A-U160": 118.80000000000001}, "K52-nU070": {"K52-nU080": 112.2}, "K54-D010": {"K54-D020": 120.89000000000001}, "K53-U120": {"K53-U130": 73.414}, "K51-D060": {"K51-D070": 60.94000000000001}, "K52-nD010": {"K52-nD020": 17.6}, "K52A-D080": {"K52A-D090": 68.32100000000001}, "K51-U180": {"K51-U190": 107.80000000000001}, "K52-nU020": {"K52-nU030": 112.2}, "K58-D190": {"K58-D193": 108.9}, "K52-nD040": {"K52-nD050": 37.400000000000006}, "K53-D080": {"K53-D090": 59.400000000000006}, "K52-nU140": {"K52-nU150": 168.3}, "K53-U020": {"K53-U030": 138.32500000000005}, "K52A-D010": {"K52A-D020": 277.2164422563302}, "K51A-U090": {"K51A-U100": 150.70000000000002}, "K51A-U020": {"K51A-U030": 132.66000000000003}, "K52-nD220": {"K52-nD230": 147.4}, "K51A-U230": {"K51A-U240": 36.300000000000004}, "K52-nD240": {"K52-nD250": 162.8}, "K52A-D040": {"K52A-D050": 12.100000000000001}, "K52-nU250": {"K52-nU260": 77.0}, "K53-D100": {"K53-D110": 91.30000000000001}, "K51A-D160": {"K51A-D170": 206.8}, "K52-nU200": {"K52-nU210": 77.33000000000001}, "K54-U040": {"K54-U050": 172.59}, "K51-D050": {"K51-D060": 68.10100000000001}, "K54-U070": {"K54-D010": 129.25000000000003}, "K52A-U090": {"K52A-U100": 95.15}, "K52-nU260": {"K52-nU270": 48.400000000000006}, "K51-U130": {"K51-U140": 73.59}, "K51-D270": {"K51-D280": 91.30000000000001}, "K52A-U100": {"K52A-U110": 75.46000000000001}, "K52A-D030": {"K52A-D040": 16.5}, "K51A-D170": {"K51A-D180": 163.68}, "K53-U090": {"K53-U100": 112.2}, "K52A-D140": {"K52A-D150": 110.00000000000001}, "K52A-D060": {"K52A-D070": 129.3476831685983}, "K51A-D260": {"K51A-D270": 67.10000000000001}, "K51A-D090": {"K51A-D100": 83.60000000000001}, "K53-U140": {"K53-D010": 81.4}, "K53-D150": {"K53-D160": 160.60000000000002}, "K51-D020": {"K51-D030": 61.60000000000001}, "K52-nU290": {"K52-nU300": 35.2}, "K53-D015": {"K53-D020": 49.50000000000001}, "K53-U010": {"K53-U020": 248.05000000000004}, "K52A-U130": {"K52A-U140": 42.900000000000006}, "K52A-U050": {"K52A-U060": 64.9}, "K51-U160": {"K51-U170": 115.50000000000001}, "K52A-U060": {"K52A-U070": 144.10000000000002}, "K51-D210": {"K51-D220": 185.9}, "K51A-D230": {"K51A-D240": 124.30000000000001}, "K53-U100": {"K53-U110": 92.4}, "K52-nD130": {"K52-nD140": 82.5}, "K52-nD050": {"K52-nD060": 31.900000000000002}, "K54-D030": {"K54-D040": 45.1}, "K51-D280": {"K51-D290": 47.300000000000004}, "K52-nU210": {"K52-nU220": 73.7}, "K53-D040": {"K53-D050": 77.0}, "K53-D010": {"K53-D015": 107.80000000000001}, "K51A-U050": {"K51A-U060": 257.40000000000003}, "K53-U030": {"K53-U040": 187.11}, "K51A-U160": {"K51A-U170": 53.900000000000006}, "K52-nU040": {"K52-nU050": 66.0}, "K51A-D220": {"K51A-D230": 123.20000000000002}, "K51-D040": {"K51-D050": 57.2}, "K52A-U110": {"K52A-U120": 51.7}, "K51A-D100": {"K51A-D110": 52.800000000000004}, "K51-D100": {"K51-D110": 126.50000000000001}, "K53-U040": {"K53-U050": 148.5}, "K52-nU150": {"K52-nU160": 100.10000000000001}}