{"K76-D020": {"K76-D030": 129.15306974310528}, "K73-D120": {"K73-D130": 121.55}, "K76-D010": {"K76-D020": 170.44484043472676}, "K73-U100": {"K73-U110": 242.31408236631196}, "K74-U050": {"K74-U060": 206.8}, "K75P-U070": {"K75P-U080": 109.27222275640001}, "K75A-D100": {"K75A-D110": 89.64161458999999}, "K73-U060": {"K73-U070": 136.11782803522493}, "K74-U080": {"K74-U090": 215.27000000000004}, "K76-U040": {"K76-U050": 219.30871808999996}, "K75P-D010": {"K75P-D020": 143.42571099999998}, "K73-U030": {"K73-U040": 70.66502443000002}, "K73-U040": {"K73-U050": 113.12030849716825, "K73-U060": 238.19285412999994}, "K75P-D020": {"K75P-D030": 36.748163661}, "K75A-D010": {"K75A-D020": 207.13000000000002}, "K75A-D080": {"K75A-D090": 167.50414417}, "K73-D130": {"K73-D140": 112.38934960000002}, "K75P-U130": {"K75P-U140": 46.5124}, "K76-D030": {"K76-D040": 48.84242718081504}, "K74-U004": {"K74-U007": 92.4}, "K73-D040": {"K73-D050": 87.88131000000001}, "K74-D010": {"K74-D020": 146.80599999999998}, "K75A-D050": {"K75A-D060": 80.984453}, "K75A-D070": {"K75A-D080": 74.69}, "K75A-D020": {"K75A-D030": 8.041}, "K75P-D080": {"K75P-U011": 143.84798999999998}, "K73-U070": {"K73-U080": 166.92072840300003}, "K73-U080": {"K73-U110": 151.4854935729857, "K73-U090": 292.0499256400001}, "K76-U030": {"K76-U040": 163.09547488311813}, "K73-U050": {"K73-U060": 114.03878229564745}, "K73-U090": {"K73-U100": 171.68279227000002}, "K75P-D030": {"K75P-D040": 123.188250889}, "K75P-U120": {"K75P-U130": 67.23953928999998}, "K73-D110": {"K73-D120": 86.30787000000002}, "K73-U110": {"K73-U120": 224.16544887004406}, "K73-D150": {"K73-D160": 19.8539}, "K73-D010": {"K73-D020": 72.28034000000001}, "K73-U020": {"K73-U030": 183.4841316}, "K75A-D040": {"K75A-D050": 57.179526800000005}, "K74-U011": {"K74-D100": 167.32100000000003}, "K75P-U100": {"K75P-U110": 60.775560999999996}, "K75P-D070": {"K75P-D080": 94.22754}, "K75A-D110": {"K75A-U011": 173.6757}, "K75A-D060": {"K75A-D070": 47.223}, "K75P-D050": {"K75P-D060": 95.82122000000001}, "K75P-U020": {"K75P-U030": 113.67069999999998}, "K74-U020": {"K74-U030": 122.81389999999999}, "K75A-D030": {"K75A-D040": 49.968391000000004}, "K74-D080": {"K74-D090": 159.65400000000005}, "K76-U020": {"K76-U030": 164.49335737646703}, "K74-U060": {"K74-U070": 160.70999999999998}, "K76-U010": {"K76-U020": 75.27160311}, "K75A-D090": {"K75A-D100": 51.20280000000001}, "K74-D100": {"K74-D110": 77.0}, "K74-U040": {"K74-U050": 189.71590000000003}, "K75P-U110": {"K75P-U120": 91.19580360000002}, "K75A-U020": {"K75A-U030": 127.06210000000002}, "K75P-U060": {"K75P-U070": 38.03470000000001}, "K75P-D060": {"K75P-D070": 172.44527300000001}, "K73-D070": {"K73-D080": 157.74}, "K75P-U090": {"K75P-U100": 39.7978108}, "K74-D040": {"K74-D050": 70.09200000000001}, "K75P-U050": {"K75P-U060": 143.0275}, "K73-D080": {"K73-D090": 272.36462}, "K74-U001": {"K74-U004": 137.28000000000003}, "K73-D030": {"K73-D040": 140.8}, "K75P-U040": {"K75P-U050": 110.638}, "K74-U090": {"K74-U100": 200.30923000000007}, "K74-D090": {"K74-U011": 69.3}, "K73-U010": {"K73-U020": 75.13}, "K75P-U080": {"K75P-U090": 32.208000000000006}, "K75A-U030": {"K75A-D010": 256.04260000000005}, "K73-D050": {"K73-D070": 104.65400000000002}, "K75A-U010": {"K75A-U020": 43.4302}, "K75P-D040": {"K75P-D050": 165.5049}, "K74-U070": {"K74-U080": 123.20000000000002}, "K75P-U010": {"K75P-U020": 91.38602000000002}, "K75P-U140": {"K75P-D010": 153.56}, "K74-D110": {"K74-U002": 169.334}, "K74-D050": {"K74-D060": 79.97}, "K74-U007": {"K74-U010": 204.60000000000002}, "K74-D020": {"K74-D030": 145.02339764528094}, "K73-D140": {"K73-D150": 123.20000000000002}, "K74-D030": {"K74-D040": 129.36}, "K73-D020": {"K73-D030": 103.4}, "K73-D090": {"K73-D100": 75.92200000000001}, "K75P-U030": {"K75P-U040": 111.97999999999999}, "K74-U010": {"K74-U020": 185.9}, "K73-D100": {"K73-D110": 200.20000000000002}}