{"KF1": {"KF3": 686.7666873380778, "KF5": 767.8870677077604}, "KF5": {"KF1": 767.8870236240919}, "KF3": {"KF1": 686.7646012373939}, "KF4": {"KF2": 1022.6170365769161, "KF6": 250.9544521393214}, "KF2": {"KF4": 1022.6212786319265}, "KF6": {"KF4": 250.95592730578642}}