{"KF1": {"KF3": 686.7721429489259, "KF5": 767.8871511509053}, "KF5": {"KF1": 767.8871510774998}, "KF3": {"KF1": 686.7722729966556}, "KF4": {"KF2": 1022.6260381396539, "KF6": 250.9580358461629}, "KF2": {"KF4": 1022.6260676662718}, "KF6": {"KF4": 250.95805131529477}}