{"LAK": {"NAC": 297.3209870239808, "MEF": 126.00406956189457, "KWF": 53.46, "TSY": 180.94021573780213}, "LAT": {"YAT": 115.83, "KWT": 143.0}}