{"LOF": {"KOT": 126.62100000000002, "WTS": 25.080000000000002}, "LOW": {"SHS": 261.7533201024686}, "LOP": {"YUL": 117.18300000000004, "TIS": 173.90587641916562}}