{"NAC": {"OLY": 101.66560238710943, "AUS": 219.84597226624177, "LAK": 260.10968392965043, "MEF": 173.15152126113156}}