{"NAC": {"OLY": 42.76932000000001, "AUS": 223.9326778869337, "LAK": 297.3198712272233, "MEF": 173.17784829852272}}