{"OCP": {"WCH": 126.45974000000004, "ADM": 287.690984593028}}