{"SHT": {"FOT": 155.9735576883733, "TAW": 35.772000000000006}, "SHS": {"FAN": 125.73760593168204, "LOW": 261.7529418919195, "LMC": 525.2467114984994}, "SHM": {"TSH": 216.41829374487838}, "SHW": {"CEN": 0.55, "SYP": 0.0}}