{"SUN": {"DIS": 198.58231508271766, "TUC": 823.8804030491019, "TSY": 690.6326004179786}, "SUW": {"KAT": 66.0}}