{"SYP": {"HKU": 92.92281419454001, "SHW": 107.27755179485003}}