{"TAW": {"KOT": 251.43849179403583, "HIK": 138.52269491700002, "SHT": 88.58456750127748, "CKT": 136.95920106000003}, "TAP": {"UNI": 317.6263174172572, "TWO": 91.20208231994351}, "TAK": {"SWH": 47.970900988770005, "QUB": 129.87399444877002}}