{"TKO": {"LHP": 128.5945093025237, "TIK": 114.30374412699007, "HAH": 73.27934459999999}, "TKW": {"SUW": 132.0}}