{"TWO": {"TAP": 51.30213, "FAN": 412.6358202892763}, "TWW": {"KSR": 712.0295036219525, "MEF": 351.8440553603276}, "TWH": {"KWH": 37.620000000000005, "TSW": 76.22924258496947}}