{"WAC": {"CAB": 65.63700000000001, "ADM": 167.60700000000003}}