{"YAT": {"QUB": 249.66298453786126, "TIK": 141.42076224079005}}