{"1": {"6": 100.35047000000003, "2": 1245.2286000000001}}