{"5": {"305": 100.75510079800002, "6": 169.02589121000008}}