{"CHH": {"KOB": 192.29760000000002, "DIH": 132.0}, "CHW": {"HFC": 81.76223253}}