{"FOT": {"SHT": 155.95478627685682, "UNI": 186.4526873220536}, "FOH": {"TIH": 128.62889259000002, "NOP": 96.924894}}