{"HAH": {"TKO": 112.04325023724122, "POA": 126.25040658789419}}