{"HAH": {"TKO": 118.67061883258857, "POA": 126.25040658789419}}