{"HUH": {"EXC": 199.64458342435353, "MKK": 199.53553967048688, "HOM": 123.98935137922463, "ETS": 193.89398395181917}}