{"K12-D010": {"K12-D020": 187.09900000000002}, "K12-D020": {"K12-D030": 307.090019324}, "K12-U010": {"K12-U020": 284.26090000000005}, "K12-U020": {"K12-U030": 216.17359040347452}, "K12-D030": {"K12-D040": 13.393361265899998}}