{"K51-D030": {"K51-D040": 29.590000000000003}, "K53-D015": {"K53-D020": 60.135118999999996}, "K52-nU020": {"K52-nU030": 71.78600000000002}, "K53-D030": {"K53-D040": 52.03550000000001}, "K53-D050": {"K53-D060": 83.9366}, "K53-U080": {"K53-U090": 90.974973265}, "K53-U050": {"K53-U060": 142.615}, "K52-nD270": {"K52-nD280": 80.4826}, "K51-D230": {"K51-D240": 84.7}, "K53-U020": {"K53-U030": 141.43173}, "K51-U130": {"K51-U140": 83.17529000000002}, "K51-D160": {"K51-D170": 46.035000000000004}, "K54-D050": {"K54-D060": 100.73129000000002}, "K52-nD060": {"K52-nD070": 129.34768316859828}, "K53-D080": {"K53-D090": 42.68}, "K53-U100": {"K53-U110": 85.36665610000001}, "K53-U130": {"K53-U140": 60.233639399999994}, "K53-U040": {"K53-U050": 138.246295}, "K52-nU250": {"K52-nU260": 67.65}, "K54-U030": {"K54-U040": 101.6026}, "K52-nD260": {"K52-nD270": 50.413000000000004}, "K51-U240": {"K51-U250": 104.50000000000001}, "K53-D020": {"K53-D030": 105.23026469999999}, "K52-nD170": {"K52-nD180": 90.8314}, "K52-nU170": {"K52-nU180": 123.75000000000003}, "K52A-U140": {"K52A-U150": 160.3664834527313}, "K51-U100": {"K51-U110": 214.08200000000002}, "K52-nD150": {"K52-nD160": 92.47700000000002}, "K53-D120": {"K53-D130": 25.3762872}, "K53-U120": {"K53-U130": 77.3443}, "K53-D010": {"K53-D015": 111.67662}, "K51-D140": {"K51-D150": 51.370000000000005}, "K53-D130": {"K53-D140": 96.676184}, "K52A-D060": {"K52A-D070": 129.34768316859828}, "K54-U050": {"K54-U060": 318.51930000000004}, "K51-D070": {"K51-D080": 51.307190000000006}, "K52-nU100": {"K52-nU110": 168.3}, "K52A-D010": {"K52A-D020": 277.2164422563302}, "K51-U150": {"K51-U160": 97.81255000000002}, "K52-nU260": {"K52-nU270": 65.34}, "K53-U110": {"K53-U120": 88.10021000000002}, "K54-U040": {"K54-U050": 150.70000000000002}, "K53-D040": {"K53-D050": 73.32270000000001}, "K53-U060": {"K53-U070": 71.60004500000001}, "K52-nD100": {"K52-nD110": 54.21900000000001}, "K52-nD050": {"K52-nD060": 30.580000000000005}, "K52-nU180": {"K52-nU190": 77.11}, "K51-D100": {"K51-D110": 134.86}, "K54-D020": {"K54-D030": 132.83763902433583}, "K51-D270": {"K51-D280": 99.572}, "K51-D110": {"K51-D120": 70.08099999999999}, "K52-nD140": {"K52-nD150": 91.30000000000001}, "K51-U200": {"K51-U210": 94.435}, "K51-D260": {"K51-D270": 60.50000000000001}, "K52-nU230": {"K52-nU240": 69.41}, "K53-U140": {"K53-D010": 79.0988}, "K51-U230": {"K51-U240": 53.72323}, "K53-U010": {"K53-U020": 196.41336}, "K52-nU290": {"K52-nU300": 45.1}, "K51-U190": {"K51-U200": 70.84}, "K54-U010": {"K54-U020": 55.297000000000004}, "K53-U030": {"K53-U040": 215.38109999999998}, "K51-U070": {"K51-U080": 167.09}, "K52-nU060": {"K52-nU070": 155.10000000000002}, "K54-U060": {"K54-U070": 206.18399999999997}, "K51-U030": {"K51-U040": 52.800000000000004}, "K52-nU140": {"K52-nU150": 143.55}, "K51-U080": {"K51-U090": 169.99290000000002}, "K53-D140": {"K53-D150": 157.85}, "K52-nD160": {"K52-nD170": 129.8}, "K52A-U170": {"K52A-U180": 275.3750320785301}, "K51-D120": {"K51-D130": 41.800000000000004}, "K51-D130": {"K51-D140": 46.97}, "K53-D100": {"K53-D110": 71.6365353}, "K51-D020": {"K51-D030": 50.6}, "K51-D210": {"K51-D220": 151.51400000000004}, "K52-nU010": {"K52-nU020": 35.113099999999996}, "K52-nU270": {"K52-nU280": 160.36747851973982}, "K52-nU210": {"K52-nU220": 80.30000000000001}, "K51-U050": {"K51-U060": 270.27000000000004}, "K52-nD070": {"K52-nD080": 97.9}, "K53-U090": {"K53-U100": 106.0869502}, "K54-U020": {"K54-U030": 126.68480000000004}, "K53-D060": {"K53-D070": 130.88350000000003}, "K51-U220": {"K51-U230": 71.5}, "K52-nU160": {"K52-nU170": 38.28}, "K52-nD120": {"K52-nD130": 43.52722}, "K51-D010": {"K51-D020": 85.80000000000001}, "K54-D040": {"K54-D050": 181.83}, "K51-U110": {"K51-U120": 137.874}, "K51-U140": {"K51-U150": 59.400000000000006}, "K52-nU040": {"K52-nU050": 71.57700000000003}, "K52-nD220": {"K52-nD230": 113.30000000000001}, "K51-D190": {"K51-D200": 151.8}, "K53-U070": {"K53-U080": 55.396000000000015}, "K52-nU300": {"K52-nU310": 26.620000000000005}, "K52-nD250": {"K52-nD260": 155.77100000000002}, "K52-nD200": {"K52-nD210": 154.0}, "K52-nD210": {"K52-nD220": 217.8}, "K51-U010": {"K51-U020": 22.000000000000004}, "K53-D090": {"K53-D100": 46.904}, "K51-U040": {"K51-U050": 119.9}, "K52-nU120": {"K52-nU140": 137.5}, "K51-D090": {"K51-D100": 71.5}, "K52-nD280": {"K52-nD290": 93.03800000000001}, "K52-nU090": {"K52-nU100": 149.60000000000002}, "K52-nU150": {"K52-nU160": 76.3015}, "K51-U090": {"K51-U100": 166.10000000000002}, "K51-U060": {"K51-U070": 264.11}, "K51-D200": {"K51-D210": 110.495}, "K52-nU190": {"K52-nU200": 143.77000000000004}, "K52-nU030": {"K52-nU040": 117.7}, "K54-D010": {"K54-D020": 202.73000000000002}, "K52-nU070": {"K52-nU080": 93.50000000000001}, "K54-D030": {"K54-D040": 68.75}, "K51-D040": {"K51-D050": 38.94}, "K52-nU200": {"K52-nU210": 84.7}, "K51-U160": {"K51-U170": 110.33000000000001}, "K54-D060": {"K54-D070": 166.32}, "K51-U210": {"K51-U220": 55.00000000000001}, "K51-D180": {"K51-D190": 157.3}, "K52-nU240": {"K52-nU250": 61.60000000000001}, "K52-nD040": {"K52-nD050": 13.200000000000001}, "K52-nD130": {"K52-nD140": 85.80000000000001}, "K52-nD190": {"K52-nD200": 101.2}, "K52-nD080": {"K52-nD090": 31.900000000000002}, "K52-nU110": {"K52-nU120": 137.5}, "K52-nU220": {"K52-nU230": 82.5}, "K51-U120": {"K51-U130": 141.9}, "K51-D240": {"K51-D250": 116.60000000000001}, "K52-nU050": {"K52-nU060": 227.70000000000002}, "K52-nD240": {"K52-nD250": 143.0}, "K51-D280": {"K51-D290": 82.5}, "K51-U170": {"K51-U180": 79.2}, "K53-D150": {"K53-D160": 138.60000000000002}}