{"K73-U040": {"K73-U050": 90.00989999293631, "K73-U060": 167.71612865557003}, "K76-U010": {"K76-U020": 19.23284949267663}, "K75A-D040": {"K75A-D050": 47.692854990000015}, "K73-D070": {"K73-D080": 123.06598370000002}, "K75P-D020": {"K75P-D030": 28.179823023000004}, "K75P-D080": {"K75P-U011": 125.45721501610574}, "K73-D090": {"K73-D100": 79.67761076}, "K73-U080": {"K73-U110": 151.4927344974101, "K73-U090": 272.96670651811814}, "K76-U040": {"K76-U050": 156.32129207728738}, "K73-U070": {"K73-U080": 154.32595056807602}, "K73-U050": {"K73-U060": 94.24423092863738}, "K75P-U090": {"K75P-U100": 40.287940385}, "K73-U060": {"K73-U070": 127.70227423940985}, "K76-U020": {"K76-U030": 144.22864285849727}, "K73-U110": {"K73-U120": 224.5498153440911}, "K75P-U070": {"K75P-U080": 120.02292203517}, "K76-U030": {"K76-U040": 163.0994867746818}, "K73-D010": {"K73-D020": 71.13861656000002}, "K75A-D100": {"K75A-D110": 109.1075400668}, "K73-D030": {"K73-D040": 107.48850126300002}, "K75P-U110": {"K75P-U120": 94.36225734485001}, "K75P-U010": {"K75P-U020": 89.37390440000001}, "K75P-U130": {"K75P-U140": 33.42947713611001}, "K76-D030": {"K76-D040": 70.68205040509584}, "K75A-U030": {"K75A-D010": 231.87081940000002}, "K75P-U120": {"K75P-U130": 59.60424732801001}, "K73-D040": {"K73-D050": 88.310928937}, "K75P-D030": {"K75P-D040": 103.62886182000003}, "K75A-D010": {"K75A-D020": 183.91048500000002}, "K75P-U040": {"K75P-U050": 99.15301}, "K73-D120": {"K73-D130": 110.501171}, "K75A-D070": {"K75A-D080": 31.65172551199999}, "K75P-D040": {"K75P-D050": 172.45703200000005}, "K75P-U140": {"K75P-D010": 122.80686595320003}, "K75A-D110": {"K75A-U011": 165.0871827}, "K75P-U100": {"K75P-U110": 61.75526444733801}, "K75A-D080": {"K75A-D090": 78.76957}, "K73-U090": {"K73-U100": 101.91391494440322}, "K76-D010": {"K76-D020": 170.42218228884786}, "K74-D020": {"K74-D030": 145.02846596266417}, "K73-D110": {"K73-D120": 101.00846305}, "K73-U100": {"K73-U110": 185.61679400000006}, "K75P-U030": {"K75P-U040": 108.06400000000001}, "K75P-D050": {"K75P-D060": 77.76022573936913}, "K75A-D090": {"K75A-D100": 37.643364}, "K75P-D070": {"K75P-D080": 90.14756221790002}, "K73-U030": {"K73-U040": 85.69341581230113}, "K75A-D030": {"K75A-D040": 48.8164512}, "K73-D100": {"K73-D110": 195.13282470000004}, "K76-D020": {"K76-D030": 134.35980329983394}, "K75P-U060": {"K75P-U070": 27.9576561}, "K73-U020": {"K73-U030": 181.79515812370002}, "K75P-D010": {"K75P-D020": 133.5114}, "K75A-D050": {"K75A-D060": 70.51810227000001}, "K73-D080": {"K73-D090": 258.75553}, "K75P-U080": {"K75P-U090": 48.82883556562}, "K75A-D060": {"K75A-D070": 36.52545160000001}, "K75P-U050": {"K75P-U060": 176.10999999999999}, "K75A-D020": {"K75A-D030": 29.340300000000006}, "K73-D130": {"K73-D140": 141.50322999999997}, "K73-U010": {"K73-U020": 61.68818579000001}, "K75A-U010": {"K75A-U020": 41.11002610000001}, "K73-D140": {"K73-D150": 211.93700000000004}, "K75P-U020": {"K75P-U030": 122.05600000000001}, "K73-D020": {"K73-D030": 86.13000000000001}, "K73-D050": {"K73-D070": 104.50000000000003}, "K75P-D060": {"K75P-D070": 188.35439899099998}, "K73-D150": {"K73-D160": 53.69881}, "K75A-U020": {"K75A-U030": 140.118}}