{"K73-U040": {"K73-U050": 89.12062049004403, "K73-U060": 165.20680961730005}, "K76-U010": {"K76-U020": 19.620956397922004}, "K75A-D040": {"K75A-D050": 47.39117900000001}, "K73-D070": {"K73-D080": 118.75677}, "K75P-D020": {"K75P-D030": 27.369430000000012}, "K75P-D080": {"K75P-U011": 132.93043068655814}, "K73-D090": {"K73-D100": 79.31044}, "K73-U080": {"K73-U110": 151.4854935729857, "K73-U090": 280.6622860330839}, "K76-U040": {"K76-U050": 156.01023713245357}, "K73-U070": {"K73-U080": 154.74426589455538}, "K73-U050": {"K73-U060": 90.8206232718143}, "K75P-U090": {"K75P-U100": 38.7653585}, "K73-U060": {"K73-U070": 125.85682560214022}, "K76-U020": {"K76-U030": 140.29338624505834}, "K73-U110": {"K73-U120": 222.55935637198095}, "K75P-U070": {"K75P-U080": 119.9351197}, "K76-U030": {"K76-U040": 163.09767772591556}, "K73-D010": {"K73-D020": 70.41557600000002}, "K75A-D100": {"K75A-D110": 113.66486428}, "K73-D030": {"K73-D040": 108.43166807}, "K75P-U110": {"K75P-U120": 100.00488850000002}, "K75P-U010": {"K75P-U020": 90.89124000000001}, "K75P-U130": {"K75P-U140": 33.774663131000004}, "K76-D030": {"K76-D040": 79.91179766820069}, "K75A-U030": {"K75A-D010": 231.35646600000004}, "K75P-U120": {"K75P-U130": 58.87808312100001}, "K73-D040": {"K73-D050": 86.99867769999999}, "K75P-D030": {"K75P-D040": 104.59242200000001}, "K75A-D010": {"K75A-D020": 186.065}, "K75P-U040": {"K75P-U050": 99.15301}, "K73-D120": {"K73-D130": 112.2891}, "K75A-D070": {"K75A-D080": 31.981927999999993}, "K75P-D040": {"K75P-D050": 172.67448000000005}, "K75P-U140": {"K75P-D010": 122.07637772000002}, "K75A-D110": {"K75A-U011": 166.930203}, "K75P-U100": {"K75P-U110": 61.8052647498}, "K75A-D080": {"K75A-D090": 81.69699999999999}, "K73-U090": {"K73-U100": 103.78982616126079}, "K76-D010": {"K76-D020": 170.43315596966931}, "K74-D020": {"K74-D030": 145.02965482723556}, "K73-D110": {"K73-D120": 105.93390500000002}, "K73-U100": {"K73-U110": 179.71866000000006}, "K75P-U030": {"K75P-U040": 111.76000000000002}, "K75P-D050": {"K75P-D060": 80.7743849}, "K75A-D090": {"K75A-D100": 37.643364}, "K75P-D070": {"K75P-D080": 89.72785459000002}, "K73-U030": {"K73-U040": 85.27458742259398}, "K75A-D030": {"K75A-D040": 51.26352000000001}, "K73-D100": {"K73-D110": 195.54758300000003}, "K76-D020": {"K76-D030": 132.87630037016538}, "K75P-U060": {"K75P-U070": 27.9576561}, "K73-U020": {"K73-U030": 180.71570000000003}, "K75P-D010": {"K75P-D020": 133.5114}, "K75A-D050": {"K75A-D060": 70.640867}, "K73-D080": {"K73-D090": 263.6700000000001}, "K75P-U080": {"K75P-U090": 48.8764839618}, "K75A-D060": {"K75A-D070": 37.93636000000001}, "K75P-U050": {"K75P-U060": 176.0}, "K75A-D020": {"K75A-D030": 32.230000000000004}, "K73-D130": {"K73-D140": 141.2147}, "K73-U010": {"K73-U020": 56.771}, "K75A-U010": {"K75A-U020": 41.47781000000001}, "K73-D140": {"K73-D150": 211.93700000000004}, "K75P-U020": {"K75P-U030": 122.54}, "K73-D020": {"K73-D030": 86.13000000000001}, "K73-D050": {"K73-D070": 104.50000000000003}, "K75P-D060": {"K75P-D070": 186.87667900000002}, "K73-D150": {"K73-D160": 53.9209}, "K75A-U020": {"K75A-U030": 137.72}}