{"K73-U040": {"K73-U050": 92.44401899427842, "K73-U060": 170.52451579001303}, "K76-U010": {"K76-U020": 19.23284949267663}, "K75A-D040": {"K75A-D050": 47.21356949100001}, "K73-D070": {"K73-D080": 125.40144679699999}, "K75P-D020": {"K75P-D030": 28.179823023000004}, "K75P-D080": {"K75P-U011": 125.45721501610574}, "K73-D090": {"K73-D100": 79.67761076}, "K73-U080": {"K73-U110": 151.49355576519434, "K73-U090": 275.0400358663063}, "K76-U040": {"K76-U050": 157.68424658260278}, "K73-U070": {"K73-U080": 151.29401996014158}, "K73-U050": {"K73-U060": 94.16980783577364}, "K75P-U090": {"K75P-U100": 40.8791463465}, "K73-U060": {"K73-U070": 127.58204681546886}, "K76-U020": {"K76-U030": 144.98577857264755}, "K73-U110": {"K73-U120": 203.96483380968198}, "K75P-U070": {"K75P-U080": 120.8245668484877}, "K76-U030": {"K76-U040": 163.09985731963928}, "K73-D010": {"K73-D020": 71.13861656000002}, "K75A-D100": {"K75A-D110": 106.99678606011999}, "K73-D030": {"K73-D040": 107.73965113670002}, "K75P-U110": {"K75P-U120": 94.36225734485001}, "K75P-U010": {"K75P-U020": 89.37390440000001}, "K75P-U130": {"K75P-U140": 34.3158764802491}, "K76-D030": {"K76-D040": 73.61521474531486}, "K75A-U030": {"K75A-D010": 232.11373746000004}, "K75P-U120": {"K75P-U130": 59.60424732801001}, "K73-D040": {"K73-D050": 88.310928937}, "K75P-D030": {"K75P-D040": 104.87237807420001}, "K75A-D010": {"K75A-D020": 183.91048500000002}, "K75P-U040": {"K75P-U050": 99.15301}, "K73-D120": {"K73-D130": 110.501171}, "K75A-D070": {"K75A-D080": 31.65172551199999}, "K75P-D040": {"K75P-D050": 172.45703200000005}, "K75P-U140": {"K75P-D010": 122.80686595320003}, "K75A-D110": {"K75A-U011": 164.96846443}, "K75P-U100": {"K75P-U110": 61.75526444733801}, "K75A-D080": {"K75A-D090": 81.0403517}, "K73-U090": {"K73-U100": 101.91391494440322}, "K76-D010": {"K76-D020": 170.42106610543271}, "K74-D020": {"K74-D030": 145.02846596266417}, "K73-D110": {"K73-D120": 101.00846305}, "K73-U100": {"K73-U110": 192.02511460000005}, "K75P-U030": {"K75P-U040": 108.06400000000001}, "K75P-D050": {"K75P-D060": 77.76022573936913}, "K75A-D090": {"K75A-D100": 37.643364}, "K75P-D070": {"K75P-D080": 90.14756221790002}, "K73-U030": {"K73-U040": 85.69341581230113}, "K75A-D030": {"K75A-D040": 48.8164512}, "K73-D100": {"K73-D110": 195.13282470000004}, "K76-D020": {"K76-D030": 132.74544067286547}, "K75P-U060": {"K75P-U070": 27.91189049}, "K73-U020": {"K73-U030": 181.79515812370002}, "K75P-D010": {"K75P-D020": 133.5114}, "K75A-D050": {"K75A-D060": 70.51810227000001}, "K73-D080": {"K73-D090": 258.75553}, "K75P-U080": {"K75P-U090": 49.225952009058}, "K75A-D060": {"K75A-D070": 36.52545160000001}, "K75P-U050": {"K75P-U060": 176.10999999999999}, "K75A-D020": {"K75A-D030": 28.166270000000008}, "K73-D130": {"K73-D140": 141.50322999999997}, "K73-U010": {"K73-U020": 61.68818579000001}, "K75A-U010": {"K75A-U020": 41.11002610000001}, "K73-D140": {"K73-D150": 211.93700000000004}, "K75P-U020": {"K75P-U030": 122.05600000000001}, "K73-D020": {"K73-D030": 86.13000000000001}, "K73-D050": {"K73-D070": 103.88400000000001}, "K75P-D060": {"K75P-D070": 188.35439899099998}, "K73-D150": {"K73-D160": 53.69881}, "K75A-U020": {"K75A-U030": 140.118}}