{"MEF": {"LAK": 126.0055082971224, "TWW": 351.8210210939409, "LCK": 132.0}}