{"OLY": {"NAC": 198.00000000000003, "KOW": 121.82868609035286}}