{"QUB": {"NOP": 131.85816218531824, "YAT": 249.64984240499115}}