{"STW": {"CKT": 126.45599999999999, "CIO": 192.50000000000003}}