{"TST": {"ADM": 176.37319717532768, "JOR": 96.34271459999998}, "TSY": {"AIR": 1467.4429522457126, "LAK": 180.96154525694732, "SUN": 690.6254583683307, "KOW": 661.6506257541457}, "TSW": {"TWH": 26.53266}, "TSH": {"HEO": 132.0, "SHM": 216.38983882450867}}