{"TST": {"ADM": 176.37166539437624, "JOR": 87.97865999999998}, "TSY": {"AIR": 1467.4406215650697, "LAK": 180.94021573780213, "SUN": 690.6282878464866, "KOW": 661.654177890005}, "TSW": {"TWH": 22.1474}, "TSH": {"HEO": 132.0, "SHM": 216.38983882450867}}