{"WAC": {"ADM": 126.85587000983014, "CAB": 183.9182186813222}}