{"YAT": {"TIK": 141.42180271859456, "QUB": 249.65915078599573, "LAT": 196.77141000000003}}