{"DIS": {"SUN": 198.58172577752316}, "DIH": {"CHH": 132.0, "HIK": 333.0259456863267, "WTS": 13.2}}