{"DIS": {"SUN": 198.58229458517718}, "DIH": {"CHH": 132.0, "HIK": 333.0324963105838, "WTS": 25.080000000000002, "KAT": 132.0}}