{"KOW": {"HOK": 177.73323275435294, "OLY": 121.81134644478485, "TSY": 661.6643116491516}, "KOT": {"LOF": 128.436, "TAW": 320.61962553603695, "MKK": 137.99424897781506, "SKM": 11.0}, "KOB": {"NTK": 0.0, "CHH": 118.8}}