{"KOW": {"HOK": 177.73563583696213, "OLY": 121.81134644478485, "TSY": 661.6616284085004}, "KOT": {"LOF": 128.436, "TAW": 320.61583510367115, "MKK": 137.9956652795833, "SKM": 23.1}, "KOB": {"NTK": 25.080000000000002, "CHH": 126.72}}