{"LAK": {"MEF": 125.9965283174981, "NAC": 297.32236455084194, "TSY": 180.95036493340567}, "LAT": {"KWT": 126.39000000000001, "YAT": 132.0}}