{"MOK": {"YMT": 132.0, "PRE": 119.23791000000001}, "MOS": {"HEO": 129.55316}}