{"NAC": {"LAK": 297.3240652012878, "OLY": 119.46000000000001}}