{"SKM": {"KOT": 171.93934000000004, "PRE": 119.6972}, "SKW": {"HFC": 166.29627545500003, "SWH": 128.06108358599997}}