{"SUN": {"TSY": 690.626058161752, "TUC": 823.8816551506455, "DIS": 198.58231865322148}, "SUW": {"KAT": 126.95100000000002}}