{"TIK": {"TKO": 59.09011762864255, "YAT": 141.4214727228185}, "TIS": {"LOP": 173.90155338871207, "SIH": 389.45901890279873}, "TIH": {"FOH": 132.0, "CAB": 131.23}}