{"FOT": {"UNI": 186.43206667162605, "SHT": 155.9764643191458}, "FOH": {"TIH": 87.68166, "NOP": 84.84828000000002}}