{"HEO": {"TSH": 132.90260977653, "MOS": 104.51078853186002}}