{"HUH": {"MKK": 265.2624337644258, "ETS": 223.1190661680001, "HOM": 127.89237103850219, "EXC": 182.21943426686062}}