{"KWT": {"LAT": 89.28545999999999, "NTK": 127.53741000000002}, "KWH": {"KWF": 126.753, "TWH": 138.6}, "KWF": {"LAK": 137.98235, "KWH": 137.61330000000004}}