{"LAK": {"TSY": 180.9205855493068, "NAC": 297.3250597337123, "KWF": 132.0, "MEF": 125.99409180675647}}