{"MOK": {"PRE": 77.4114, "YMT": 88.69739999999999}, "MOS": {"HEO": 191.84000000000003}}