{"OCP": {"WCH": 148.25934135527496, "ADM": 287.6319565601101}}