{"OLY": {"NAC": 119.46000000000001, "KOW": 121.80668201614313}}