{"TKO": {"HAH": 195.4242676944606, "LHP": 228.0025901689095, "TIK": 192.96326658644904}, "TKW": {"SUW": 131.3, "HOM": 130.80415041400002}}