{"WCH": {"OCP": 189.91500000000002, "LET": 198.00000000000003}}