{"EXC": {"HUH": 199.6678397268151, "ADM": 80.44265182552724}}