{"EXC": {"HUH": 199.66341722819013, "ADM": 76.77153822669098}}