{"HOK": {"KOW": 155.0605194737899}, "HOM": {"YMT": 159.14184107457342, "WHA": 83.80140577670998, "TKW": 151.33999999999997, "HUH": 127.0}}