{"HOK": {"KOW": 177.73738768418423}, "HOM": {"YMT": 189.71671400000002}}