{"KWF": {"KWH": 120.838993, "LAK": 168.11508999999995}, "KWT": {"NTK": 103.62, "LAT": 121.8019}, "KWH": {"KWF": 117.568759, "TWH": 135.07999999999998}}