{"NAC": {"LAK": 297.3209870239808, "OLY": 150.89841954000002, "MEF": 173.1817704944895, "AUS": 223.9326778869337}}