{"SYP": {"HKU": 107.0029145126534, "SHW": 135.28538}}