{"TAK": {"SWH": 90.48593158000001, "QUB": 117.7}, "TAP": {"UNI": 430.12302651515574, "TWO": 146.3}, "TAW": {"KOT": 320.61763057163387, "HIK": 172.70000000000002, "SHT": 17.6, "CKT": 143.0}}