{"UNI": {"FOT": 186.45678539660474, "TAP": 430.1198301313707}}