{"FOH": {"NOP": 10.282799999999998, "TIH": 125.4}, "FOT": {"SHT": 155.95478627685682, "UNI": 186.44057747554112}}