{"K75P-U130": {"K75P-U140": 50.296449153379015}, "K76-U030": {"K76-U040": 163.09799536324883}, "K75P-U080": {"K75P-U090": 49.412726638}, "K74-U100": {"K74-D010": 121.49116099999999}, "K73-U030": {"K73-U040": 92.35699407}, "K75A-D070": {"K75A-D080": 58.971000000000004}, "K73-D010": {"K73-D020": 77.57310000000001}, "K76-D030": {"K76-D040": 48.630790288942535}, "K73-D050": {"K73-D070": 108.4235328}, "K75P-D040": {"K75P-D050": 163.92899211183}, "K73-U040": {"K73-U050": 107.29912587122794, "K73-U060": 229.018070424}, "K75P-U090": {"K75P-U100": 39.70046100830699}, "K75A-D100": {"K75A-D110": 98.21697849942002}, "K75A-U020": {"K75A-U030": 151.75050000000002}, "K73-U100": {"K73-U110": 246.83281695143387}, "K73-D070": {"K73-D080": 149.88949121300004}, "K74-D110": {"K74-U002": 160.63201}, "K74-U011": {"K74-D100": 156.695}, "K75A-D060": {"K75A-D070": 40.94120970280001}, "K76-D020": {"K76-D030": 123.044333270178}, "K74-D030": {"K74-D040": 152.93300000000002}, "K75P-U120": {"K75P-U130": 62.84059794220999}, "K76-D010": {"K76-D020": 170.41883648329744}, "K75A-D080": {"K75A-D090": 145.94635}, "K74-D100": {"K74-D110": 85.14}, "K75P-U070": {"K75P-U080": 119.57649626999998}, "K75P-D070": {"K75P-D080": 102.01338367759003}, "K75P-D080": {"K75P-U011": 145.20224950000005}, "K73-U090": {"K73-U100": 150.6058367788268}, "K75A-D040": {"K75A-D050": 58.55932881700001}, "K73-U070": {"K73-U080": 158.75557523789416}, "K73-D090": {"K73-D100": 84.45841910000003}, "K73-D040": {"K73-D050": 83.40024110000002}, "K73-U060": {"K73-U070": 133.95642294008036}, "K74-U030": {"K74-U040": 267.0108100000001}, "K75A-D090": {"K75A-D100": 55.46861896400001}, "K74-U040": {"K74-U050": 135.63000000000002}, "K73-D120": {"K73-D130": 112.01323319779999}, "K73-U050": {"K73-U060": 106.42860241849807}, "K73-U080": {"K73-U090": 278.38207126168993, "K73-U110": 151.497411886735}, "K73-D080": {"K73-D090": 267.46259100000003}, "K75A-D030": {"K75A-D040": 39.023655506}, "K75P-D030": {"K75P-D040": 138.89288039000002}, "K75P-U110": {"K75P-U120": 83.80042035860001}, "K75P-D050": {"K75P-D060": 90.58426412200001}, "K75P-U100": {"K75P-U110": 66.18323800110002}, "K75P-D010": {"K75P-D020": 131.69534851000006}, "K75P-D060": {"K75P-D070": 180.453389402}, "K75P-U020": {"K75P-U030": 115.44047899999998}, "K76-U020": {"K76-U030": 162.28838785627698}, "K76-U010": {"K76-U020": 8.88810346137461}, "K73-U020": {"K73-U030": 177.33408045100003}, "K74-D060": {"K74-D070": 144.28150000000002}, "K75P-D020": {"K75P-D030": 38.4962913397491}, "K75A-D110": {"K75A-U011": 187.97944}, "K73-U110": {"K73-U120": 221.920172863871}, "K76-U040": {"K76-U050": 237.01724595120032}, "K74-D010": {"K74-D020": 140.88124599999998}, "K75P-U060": {"K75P-U070": 34.55672}, "K74-U010": {"K74-U020": 191.334}, "K73-U010": {"K73-U020": 64.00751212878001}, "K75P-U040": {"K75P-U050": 119.42700000000002}, "K75A-U010": {"K75A-U020": 42.57773768984781}, "K74-U090": {"K74-U100": 195.68813}, "K75A-D010": {"K75A-D020": 193.8466463252}, "K75A-D050": {"K75A-D060": 101.7302}, "K73-D140": {"K73-D150": 178.49589999999998}, "K74-U060": {"K74-U070": 131.86337999999998}, "K73-D110": {"K73-D120": 92.10883}, "K73-D030": {"K73-D040": 128.85898300000002}, "K73-D100": {"K73-D110": 177.10000000000002}, "K74-U070": {"K74-U080": 164.8316769}, "K75A-D020": {"K75A-D030": 20.590283999999997}, "K74-D040": {"K74-D050": 54.010000000000005}, "K73-D020": {"K73-D030": 98.7305}, "K74-D050": {"K74-D060": 92.021281}, "K75P-U140": {"K75P-D010": 156.01752474}, "K74-U080": {"K74-U090": 236.94000000000005}, "K74-U001": {"K74-U004": 163.1311}, "K75P-U010": {"K75P-U020": 98.25860000000003}, "K75A-U030": {"K75A-D010": 227.68217999999996}, "K75P-U030": {"K75P-U040": 122.98000000000002}, "K74-D080": {"K74-D090": 159.83}, "K74-D070": {"K74-D080": 260.52598}, "K74-U004": {"K74-U007": 99.44000000000001}, "K74-D020": {"K74-D030": 145.02339764528094}, "K73-D130": {"K73-D140": 110.77000000000001}, "K75P-U050": {"K75P-U060": 114.3406}, "K73-D150": {"K73-D160": 43.466390000000004}, "K74-D090": {"K74-U011": 69.30000000000001}}