{"LCK": {"CSW": 124.86950520000002, "MEF": 31.8031388268}}