{"LET": {"WCH": 160.482973768854, "SOH": 109.02147841806618}}