{"MKK": {"HUH": 188.35084269997748, "KOT": 138.003473656585}}