{"OLY": {"KOW": 121.76564789737635, "NAC": 131.2346001941085}}