{"QUB": {"YAT": 249.65149270946054, "TAK": 132.0, "NOP": 137.61632642933134}}