{"SUN": {"DIS": 198.58217930466327, "TUC": 823.8758328206019, "TSY": 690.6302177817952}, "SUW": {"KAT": 132.0, "TKW": 132.0}}