{"SUN": {"DIS": 198.58233335218065, "TUC": 823.8816551506455, "TSY": 690.6282878464866}, "SUW": {"KAT": 126.05999999999999, "TKW": 132.0}}