{"SUN": {"DIS": 198.58204302378005, "TUC": 823.8758328206019, "TSY": 690.6326004179786}, "SUW": {"KAT": 132.0, "TKW": 132.0}}