{"YAT": {"LAT": 165.45690414, "TIK": 141.42227749797613, "QUB": 241.81074939559502}}