{"YAT": {"LAT": 138.6, "TIK": 141.4218931272515, "QUB": 249.6524577997935}}