{"AIR": {"TSY": 1007.2071450534155, "AWE": 131.34459981989636}}