{"HUH": {"MKK": 188.3456816189469, "EXC": 199.67649251092718, "ETS": 132.0}}