{"K65A-U050": {"K65A-U060": 47.9632923}, "K66-D030": {"K66-D040": 73.79900000000002}, "K66-D160": {"K66-D170": 175.67000000000002}, "K66-U070": {"K66-U080": 281.215}, "K68-D160": {"K68-D170": 90.85999999999999}, "K65-U010": {"K65-U020": 288.98177000000004}, "K68-U040": {"K68-U050": 56.638999999999996}, "K68-U120": {"K68-U130": 188.10000000000002}, "K65A-U070": {"K65A-U080": 49.92900000000001}, "K66-D060": {"K66-D070": 31.636000000000003}, "K65A-U080": {"K65A-U090": 75.999}, "K68-U130": {"K68-U140": 204.95200000000006}, "K66-D120": {"K66-D130": 54.230000000000004}, "K65-U190": {"K65-U200": 53.46}, "K68-D070": {"K68-D080": 224.73000000000002}, "K68-U010": {"K68-U020": 90.2}, "K66-D080": {"K66-D090": 50.90974900000001}, "K65-U110": {"K65-U120": 119.98799999999999}, "K65-U050": {"K65-U060": 123.01300000000003}, "K66-U020": {"K66-U030": 188.7149}, "K66-U160": {"K66-U170": 59.07000000000001}, "K65A-U020": {"K65A-U030": 180.18}, "K68-D040": {"K68-D050": 120.67}, "K65-D020": {"K65-D030": 84.15}, "K66-D040": {"K66-D050": 24.211000000000002}, "K68-D100": {"K68-D110": 110.77000000000001}, "K66-D020": {"K66-D030": 68.2}, "K68-U140": {"K68-U150": 51.150000000000006}, "K68-D200": {"K68-U011": 61.60000000000001}, "K65A-U120": {"K65A-U130": 81.4}, "K68-U100": {"K68-U110": 195.8}, "K66-D210": {"K66-D220": 136.95}, "K65-D050": {"K65-D060": 75.1322}, "K65-U020": {"K65-U030": 172.81}, "K65-U160": {"K65-U170": 63.402900000000024}, "K65-U210": {"K65-U220": 91.3693}, "K65-U060": {"K65-U070": 30.800000000000004}, "K65A-U110": {"K65A-U120": 83.732}, "K68-U020": {"K68-U030": 55.00000000000001}, "K66-U190": {"K66-U200": 74.217}, "K68-U090": {"K68-U100": 136.55620000000005}, "K65-D100": {"K65-D110": 250.42600000000002}, "K65-U130": {"K65-U140": 40.051}, "K66-U180": {"K66-U190": 79.20000000000002}, "K65-D060": {"K65-D070": 85.5811}, "K68-D140": {"K68-D150": 41.294}, "K65-D030": {"K65-D040": 66.0}, "K65-D130": {"K65-D140": 120.351}, "K68-D010": {"K68-D020": 52.800000000000004}, "K65-U180": {"K65-U190": 81.78390000000002}, "K66-D090": {"K66-D100": 26.631}, "K66-D170": {"K66-D180": 203.58800000000002}, "K65-D170": {"K65-D180": 118.30500000000002}, "K65A-U090": {"K65A-U100": 37.073145999999994}, "K66-D200": {"K66-D210": 133.188}, "K66-D110": {"K66-D120": 33.11}, "K66-U090": {"K66-U100": 69.30000000000001}, "K65-D070": {"K65-D080": 115.83000000000001}, "K65-D110": {"K65-D120": 104.50000000000001}, "K68-D090": {"K68-D100": 154.0}, "K66-D140": {"K66-D150": 99.79596000000001}, "K65-D180": {"K65-D190": 108.9}, "K65A-U030": {"K65A-U040": 29.7}, "K66-U210": {"K66-U220": 48.807}, "K66-U130": {"K66-U140": 62.7}, "K66-U110": {"K66-U120": 38.83}, "K68-D030": {"K68-D040": 111.10000000000001}, "K66-U120": {"K66-U130": 62.41400000000001}, "K65A-U100": {"K65A-U110": 47.863640000000004}, "K68-U050": {"K68-U060": 68.2}, "K65-U040": {"K65-U050": 45.1}, "K65A-U060": {"K65A-U070": 55.44000000000001}, "K65-U200": {"K65-U210": 67.001}, "K65-D160": {"K65-D170": 163.9}, "K66-D100": {"K66-D110": 38.665000000000006}, "K66-U100": {"K66-U110": 82.951}, "K65A-U010": {"K65A-U020": 63.67900000000001}, "K65-U090": {"K65-U100": 64.13000000000001}, "K65-U070": {"K65-U080": 79.19120000000001}, "K68-U150": {"K68-U160": 95.26000000000002}, "K66-U040": {"K66-U050": 143.0}, "K68-U060": {"K68-U070": 28.831}, "K65-D010": {"K65-D020": 29.48}, "K65-U030": {"K65-U040": 122.10000000000001}, "K65-D040": {"K65-D050": 49.50000000000001}, "K68-D190": {"K68-D200": 54.339999999999996}, "K66-U170": {"K66-U180": 39.16330000000001}, "K66-D190": {"K66-D200": 110.33000000000001}, "K66-D010": {"K66-D020": 15.400000000000002}, "K68-U080": {"K68-U090": 65.23}, "K66-U200": {"K66-U210": 64.35}, "K66-D050": {"K66-D060": 29.700000000000003}, "K65-D140": {"K65-D150": 130.9}, "K66-U140": {"K66-U150": 58.3}, "K66-D130": {"K66-D140": 38.5}, "K68-D110": {"K68-D120": 105.60000000000001}, "K66-U030": {"K66-U040": 233.20000000000002}, "K66-D180": {"K66-D190": 80.96000000000001}, "K65-U120": {"K65-U130": 211.20000000000002}, "K65-D150": {"K65-D160": 105.60000000000001}, "K66-D230": {"K66-D240": 107.91000000000001}, "K65-U170": {"K65-U180": 67.21000000000001}, "K68-D150": {"K68-D160": 33.0}, "K65-U100": {"K65-U110": 190.3}, "K65-U150": {"K65-U160": 68.75}, "K68-D020": {"K68-D030": 145.20000000000002}, "K68-D120": {"K68-D130": 216.26000000000005}, "K68-D080": {"K68-D090": 107.80000000000001}}