{"K75P-U070": {"K75P-U080": 123.24400000000003}, "K76-D020": {"K76-D030": 46.707100000000004}, "K75P-U060": {"K75P-U070": 30.360000000000007}, "K73-U010": {"K73-U020": 65.57881}, "K75P-D010": {"K75P-D020": 154.671}, "K73-D110": {"K73-D120": 109.15300000000002}, "K73-D140": {"K73-D150": 162.35999999999999}, "K75A-D080": {"K75A-D090": 83.82000000000001}, "K73-U050": {"K73-U060": 104.04096999999999}, "K75A-D040": {"K75A-D050": 58.300000000000004}, "K73-U040": {"K73-U050": 118.26335675, "K73-U060": 226.70999999999998}, "K73-U070": {"K73-U080": 177.0237756309}, "K74-D050": {"K74-D060": 139.70000000000002}, "K76-D030": {"K76-D040": 44.086929541600014}, "K75A-U020": {"K75A-U030": 186.978}, "K75P-D050": {"K75P-D060": 82.4813}, "K73-U060": {"K73-U070": 144.90537215}, "K75A-D070": {"K75A-D080": 45.21}, "K76-U030": {"K76-U040": 163.08542665805479}, "K75P-U100": {"K75P-U110": 63.14}, "K75P-U090": {"K75P-U100": 46.09}, "K73-U100": {"K73-U110": 253.00000000000003}, "K76-U010": {"K76-U020": 13.008798109999997}, "K73-D070": {"K73-D080": 156.76100000000002}, "K73-D010": {"K73-D020": 91.30000000000001}, "K75P-D030": {"K75P-D040": 121.09900000000002}, "K73-U080": {"K73-U110": 151.48186865393546, "K73-U090": 276.1}, "K75P-U050": {"K75P-U060": 209.00000000000003}, "K75A-D090": {"K75A-D100": 44.0}, "K75P-D020": {"K75P-D030": 38.39}, "K76-U040": {"K76-U050": 197.01000000000002}, "K73-D100": {"K73-D110": 209.00000000000003}, "K74-D020": {"K74-D030": 145.03112256127426}, "K75A-D020": {"K75A-D030": 31.89241}, "K75A-D110": {"K75A-U011": 155.10000000000002}, "K75A-D010": {"K75A-D020": 203.50000000000003}, "K76-D010": {"K76-D020": 170.46999712774624}, "K73-D020": {"K73-D030": 126.83000000000001}, "K75P-U110": {"K75P-U120": 88.154}, "K73-U110": {"K73-U120": 244.497}, "K75P-U080": {"K75P-U090": 50.193000000000005}, "K73-D150": {"K73-D160": 63.36}, "K73-D120": {"K73-D130": 119.46000000000001}, "K73-U090": {"K73-U100": 132.0}, "K75P-U140": {"K75P-D010": 139.70000000000002}, "K73-D050": {"K73-D070": 115.39000000000003}, "K75A-D060": {"K75A-D070": 46.970000000000006}, "K75P-D080": {"K75P-U011": 140.59528999999998}, "K73-D030": {"K73-D040": 111.10000000000001}, "K73-D040": {"K73-D050": 97.57000000000001}, "K76-U020": {"K76-U030": 148.98290000000003}, "K75P-U130": {"K75P-U140": 30.580000000000002}, "K75A-D100": {"K75A-D110": 83.60000000000001}, "K73-D090": {"K73-D100": 97.9}, "K73-U020": {"K73-U030": 233.20000000000002}, "K74-D060": {"K74-D070": 155.21}, "K74-U100": {"K74-D010": 122.10000000000001}, "K74-D080": {"K74-D090": 209.00000000000003}, "K75A-U030": {"K75A-D010": 241.56000000000003}, "K73-D080": {"K73-D090": 279.40000000000003}, "K74-D070": {"K74-D080": 276.1}, "K74-D030": {"K74-D040": 123.20000000000002}, "K75P-U030": {"K75P-U040": 135.3}, "K75A-D050": {"K75A-D060": 70.4}, "K75P-U040": {"K75P-U050": 115.50000000000001}, "K75P-U010": {"K75P-U020": 85.80000000000001}}