{"K75P-U070": {"K75P-U080": 118.15484630400002}, "K76-D020": {"K76-D030": 51.66867852810126}, "K75P-U060": {"K75P-U070": 29.572659160000008}, "K73-U010": {"K73-U020": 70.5260615169}, "K75P-D010": {"K75P-D020": 140.31858124691004}, "K73-D110": {"K73-D120": 100.74152746570003}, "K73-D140": {"K73-D150": 164.60399999999998}, "K75A-D080": {"K75A-D090": 88.28135600020002}, "K73-U050": {"K73-U060": 100.8780241466209}, "K75A-D040": {"K75A-D050": 57.84473200000001}, "K73-U040": {"K73-U050": 108.58021025202375, "K73-U060": 228.74923389999998}, "K73-U070": {"K73-U080": 167.1260933434999}, "K74-D050": {"K74-D060": 126.78567000000005}, "K76-D030": {"K76-D040": 38.55815498422372}, "K75A-U020": {"K75A-U030": 180.11247009800005}, "K75P-D050": {"K75P-D060": 87.585004837}, "K73-U060": {"K73-U070": 131.10809241652203}, "K75A-D070": {"K75A-D080": 44.650099999999995}, "K76-U030": {"K76-U040": 163.09799536324883}, "K75P-U100": {"K75P-U110": 61.1312526}, "K75P-U090": {"K75P-U100": 45.01888975100002}, "K73-U100": {"K73-U110": 262.9558191700001}, "K76-U010": {"K76-U020": 16.173751809492476}, "K73-D070": {"K73-D080": 161.171769}, "K73-D010": {"K73-D020": 92.81899}, "K75P-D030": {"K75P-D040": 122.39240945679}, "K73-U080": {"K73-U110": 151.497411886735, "K73-U090": 279.9877861}, "K75P-U050": {"K75P-U060": 209.66000000000003}, "K75A-D090": {"K75A-D100": 44.69901216000001}, "K75P-D020": {"K75P-D030": 37.842629}, "K76-U040": {"K76-U050": 197.48627811}, "K73-D100": {"K73-D110": 211.50799999999998}, "K74-D020": {"K74-D030": 145.0290291090401}, "K75A-D020": {"K75A-D030": 32.192130201}, "K75A-D110": {"K75A-U011": 157.1446877}, "K75A-D010": {"K75A-D020": 206.64904700000002}, "K76-D010": {"K76-D020": 170.42159482389252}, "K73-D020": {"K73-D030": 118.14502454700002}, "K75P-U110": {"K75P-U120": 90.64009905116544}, "K73-U110": {"K73-U120": 244.41960387823693}, "K75P-U080": {"K75P-U090": 49.75489620982838}, "K73-D150": {"K73-D160": 57.70300139999999}, "K73-D120": {"K73-D130": 109.65773126000002}, "K73-U090": {"K73-U100": 126.68566786788001}, "K75P-U140": {"K75P-D010": 143.58520000000004}, "K73-D050": {"K73-D070": 115.544099}, "K75A-D060": {"K75A-D070": 46.07317957000001}, "K75P-D080": {"K75P-U011": 142.66952012160095}, "K73-D030": {"K73-D040": 110.949223}, "K73-D040": {"K73-D050": 97.42953000000001}, "K76-U020": {"K76-U030": 148.35717222761141}, "K75P-U130": {"K75P-U140": 32.536271680000006}, "K75A-D100": {"K75A-D110": 96.42644000000001}, "K73-D090": {"K73-D100": 96.138251}, "K73-U020": {"K73-U030": 229.977}, "K74-D060": {"K74-D070": 153.94610000000003}, "K74-U100": {"K74-D010": 119.68000000000002}, "K74-D080": {"K74-D090": 206.47000000000003}, "K75A-U030": {"K75A-D010": 247.34427806000002}, "K73-D080": {"K73-D090": 280.57700000000006}, "K74-D070": {"K74-D080": 276.5400000000001}, "K74-D030": {"K74-D040": 121.77000000000002}, "K75P-U030": {"K75P-U040": 133.661}, "K75A-D050": {"K75A-D060": 70.308541523}, "K75P-U040": {"K75P-U050": 113.47600000000003}, "K75P-U010": {"K75P-U020": 85.80000000000001}, "K73-U030": {"K73-U040": 97.851424}, "K75A-D030": {"K75A-D040": 43.56}, "K74-D090": {"K74-U011": 89.10000000000001}, "K74-D040": {"K74-D050": 97.13000000000001}, "K75A-U010": {"K75A-U020": 46.09}, "K74-D100": {"K74-D110": 78.62800000000001}, "K73-D130": {"K73-D140": 169.4}, "K74-U050": {"K74-U060": 227.15}, "K75P-D060": {"K75P-D070": 224.90948402538007}, "K75P-U120": {"K75P-U130": 70.84602855000003}, "K74-D010": {"K74-D020": 160.60000000000002}, "K75P-D040": {"K75P-D050": 198.33}, "K74-D110": {"K74-U002": 199.10000000000002}, "K74-U090": {"K74-U100": 186.89000000000001}, "K75P-D070": {"K75P-D080": 70.05900000000001}, "K74-U080": {"K74-U090": 213.51000000000005}, "K74-U070": {"K74-U080": 143.0}, "K75P-U020": {"K75P-U030": 100.595}}