{"K75P-U070": {"K75P-U080": 114.28417380074089}, "K76-D020": {"K76-D030": 82.96106824989147}, "K75P-U060": {"K75P-U070": 30.38869829736651}, "K73-U010": {"K73-U020": 71.39341943025987}, "K75P-D010": {"K75P-D020": 141.90067465644162}, "K73-D110": {"K73-D120": 89.44065352998705}, "K73-D140": {"K73-D150": 200.93737149839063}, "K75A-D080": {"K75A-D090": 86.42509444240693}, "K73-U050": {"K73-U060": 96.69078595041594}, "K75A-D040": {"K75A-D050": 57.15103577841866}, "K73-U040": {"K73-U050": 105.19899217433456, "K73-U060": 204.76013409446247}, "K73-U070": {"K73-U080": 155.44541351443206}, "K74-D050": {"K74-D060": 123.83965527830006}, "K76-D030": {"K76-D040": 65.56020510786172}, "K75A-U020": {"K75A-U030": 177.05353005222702}, "K75P-D050": {"K75P-D060": 84.32298354814031}, "K73-U060": {"K73-U070": 128.1666985151303}, "K75A-D070": {"K75A-D080": 41.455197741039775}, "K76-U030": {"K76-U040": 254.4884948795625}, "K75P-U100": {"K75P-U110": 66.35102985080503}, "K75P-U090": {"K75P-U100": 47.940316475776434}, "K73-U100": {"K73-U110": 251.31863581197317}, "K76-U010": {"K76-U020": 30.355531162749493}, "K73-D070": {"K73-D080": 172.56174514771675}, "K73-D010": {"K73-D020": 82.43383248238612}, "K75P-D030": {"K75P-D040": 113.4198194610822}, "K73-U080": {"K73-U110": 138.06573635608507, "K73-U090": 274.30771113511753}, "K75P-U050": {"K75P-U060": 183.54252801267268}, "K75A-D090": {"K75A-D100": 46.57794200467176}, "K75P-D020": {"K75P-D030": 108.5761609196383}, "K76-U040": {"K76-U050": 172.50079289510603}, "K73-D100": {"K73-D110": 203.69785605099452}, "K74-D020": {"K74-D030": 155.6232396251962}, "K75A-D020": {"K75A-D030": 28.600865858134842}, "K75A-D110": {"K75A-U011": 157.66335283456263}, "K75A-D010": {"K75A-D020": 213.1179589987818}, "K76-D010": {"K76-D020": 196.74535371402325}, "K73-D020": {"K73-D030": 120.98675531331108}, "K75P-U110": {"K75P-U120": 90.0068136132001}, "K73-U110": {"K73-U120": 226.66650943643336}, "K75P-U080": {"K75P-U090": 45.45334648913408}, "K73-D150": {"K73-D160": 60.735298326109366}, "K73-D120": {"K73-D130": 107.86196563327182}, "K73-U090": {"K73-U100": 113.36019890152863}, "K75P-U140": {"K75P-D010": 152.68997167003127}, "K73-D050": {"K73-D070": 98.88334180418124}, "K75A-D060": {"K75A-D070": 46.42629630534769}, "K75P-D080": {"K75P-U011": 146.80785110452862}, "K73-D030": {"K73-D040": 120.43277460619939}, "K73-D040": {"K73-D050": 87.981345642654}, "K76-U020": {"K76-U030": 143.08711507519317}, "K75P-U130": {"K75P-U140": 40.20889693198361}, "K75A-D100": {"K75A-D110": 94.72526695586522}, "K73-D090": {"K73-D100": 87.00295505873444}, "K73-U020": {"K73-U030": 208.25192409171132}, "K74-D060": {"K74-D070": 153.53912106504293}, "K74-U100": {"K74-D010": 119.2954590008}, "K74-D080": {"K74-D090": 178.12004022839602}, "K75A-U030": {"K75A-D010": 242.5743110535969}, "K73-D080": {"K73-D090": 257.4730962058531}, "K74-D070": {"K74-D080": 261.53100225576}, "K74-D030": {"K74-D040": 124.81256491265007}, "K75P-U030": {"K75P-U040": 126.36393968269724}, "K75A-D050": {"K75A-D060": 67.50005141892521}, "K75P-U040": {"K75P-U050": 105.2456717289615}, "K75P-U010": {"K75P-U020": 91.21341566100003}, "K73-U030": {"K73-U040": 85.1728577178203}, "K75A-D030": {"K75A-D040": 50.35226083339239}, "K74-D090": {"K74-U011": 88.444172755587}, "K74-D040": {"K74-D050": 92.369491963523}, "K75A-U010": {"K75A-U020": 45.4238618572816}, "K74-D100": {"K74-D110": 86.55643172}, "K73-D130": {"K73-D140": 145.93130732473512}, "K74-U050": {"K74-U060": 232.64065}, "K75P-D060": {"K75P-D070": 204.87219633011674}, "K75P-U120": {"K75P-U130": 71.54939296055579}, "K74-D010": {"K74-D020": 163.493}, "K75P-D040": {"K75P-D050": 167.6940945045297}, "K74-D110": {"K74-U002": 214.72106923888435}, "K74-U090": {"K74-U100": 204.80954953190002}, "K75P-D070": {"K75P-D080": 97.90130207682498}, "K74-U080": {"K74-U090": 225.19959000000003}, "K74-U070": {"K74-U080": 148.59666999999996}, "K75P-U020": {"K75P-U030": 103.02450524635496}, "K74-U004": {"K74-U007": 74.80000000000001}, "K74-U020": {"K74-U030": 157.3}, "K74-U060": {"K74-U070": 156.1391614}, "K74-U011": {"K74-D100": 176.19701918430002}, "K74-U010": {"K74-U020": 143.88000000000002}}