{"KF5": {"KF1": 767.8871457737603}, "KF3": {"KF1": 686.7721726035501}, "KF4": {"KF6": 250.95779580507156, "KF2": 1022.6259064203539}, "KF2": {"KF4": 1022.6259064203539}, "KF6": {"KF4": 250.95794308989167}, "KF1": {"KF3": 686.7721966237957, "KF5": 767.8871482462974}}