{"KOT": {"MKK": 137.99693995117474, "SKM": 132.0, "TAW": 320.61276485345485}, "KOW": {"HOK": 177.73785893755138, "OLY": 121.80248403036558, "TSY": 661.6562685252867}, "KOB": {"CHH": 0.0}}