{"LAK": {"TSY": 180.95555225843535, "NAC": 297.3171620635353, "MEF": 126.00247096719697, "KWF": 0.0}, "LAT": {"YAT": 10.591019999999999, "KWT": 96.228}}