{"MKK": {"KOT": 138.00481194643032, "HUH": 188.35680537838283}}