{"MOK": {"YMT": 76.1074751084866, "PRE": 58.34189582585259}, "MOS": {"HEO": 133.09464024999997, "WKS": 147.5489473899583}}