{"NAC": {"LAK": 297.32163953670454, "AUS": 223.93445838015228, "MEF": 173.17114134341952, "OLY": 100.64208}}