{"NOP": {"QUB": 65.87319645587999, "FOH": 40.92939312}}