{"SUN": {"TSY": 690.6313463989347, "DIS": 198.58229021965877, "TUC": 823.8779532655604}, "SUW": {"KAT": 13.2}}