{"TAW": {"SHT": 81.74069772, "KOT": 320.61276485345485, "CKT": 84.37, "HIK": 6.6000000000000005}, "TAP": {"TWO": 86.01644938847349, "UNI": 430.1219262279924}, "TAK": {"SWH": 12.557754, "QUB": 138.93}}